[0.050s] DEBUG:colcon:Command line arguments: ['/usr/bin/colcon', 'build', '--symlink-install', '--packages-select', 'mir100_navigation', 'nav_to_goal']
[0.050s] DEBUG:colcon:Parsed command line arguments: Namespace(log_base=None, log_level=None, verb_name='build', build_base='build', install_base='install', merge_install=False, symlink_install=True, test_result_base=None, continue_on_error=False, executor='parallel', parallel_workers=24, event_handlers=None, ignore_user_meta=False, metas=['./colcon.meta'], base_paths=['.'], packages_ignore=None, packages_ignore_regex=None, paths=None, packages_up_to=None, packages_up_to_regex=None, packages_above=None, packages_above_and_dependencies=None, packages_above_depth=None, packages_select_by_dep=None, packages_skip_by_dep=None, packages_skip_up_to=None, packages_select_build_failed=False, packages_skip_build_finished=False, packages_select_test_failures=False, packages_skip_test_passed=False, packages_select=['mir100_navigation', 'nav_to_goal'], packages_skip=None, packages_select_regex=None, packages_skip_regex=None, packages_start=None, packages_end=None, allow_overriding=[], cmake_args=None, cmake_target=None, cmake_target_skip_unavailable=False, cmake_clean_cache=False, cmake_clean_first=False, cmake_force_configure=False, ament_cmake_args=None, catkin_cmake_args=None, catkin_skip_building_tests=False, verb_parser=<colcon_defaults.argument_parser.defaults.DefaultArgumentsDecorator object at 0x7ffa3bc7e6c0>, verb_extension=<colcon_core.verb.build.BuildVerb object at 0x7ffa3bc7e510>, main=<bound method BuildVerb.main of <colcon_core.verb.build.BuildVerb object at 0x7ffa3bc7e510>>)
[0.066s] Level 1:colcon.colcon_core.package_discovery:discover_packages(colcon_meta) check parameters
[0.066s] Level 1:colcon.colcon_core.package_discovery:discover_packages(recursive) check parameters
[0.066s] Level 1:colcon.colcon_core.package_discovery:discover_packages(ignore) check parameters
[0.066s] Level 1:colcon.colcon_core.package_discovery:discover_packages(path) check parameters
[0.066s] Level 1:colcon.colcon_core.package_discovery:discover_packages(colcon_meta) discover
[0.066s] Level 1:colcon.colcon_core.package_discovery:discover_packages(recursive) discover
[0.066s] INFO:colcon.colcon_core.package_discovery:Crawling recursively for packages in '/home/rokey/ROKEY_P3_A1/cobot3_ws'
[0.066s] Level 1:colcon.colcon_core.package_identification:_identify(.) by extensions ['ignore', 'ignore_ament_install']
[0.066s] Level 1:colcon.colcon_core.package_identification:_identify(.) by extension 'ignore'
[0.066s] Level 1:colcon.colcon_core.package_identification:_identify(.) by extension 'ignore_ament_install'
[0.066s] Level 1:colcon.colcon_core.package_identification:_identify(.) by extensions ['colcon_pkg']
[0.066s] Level 1:colcon.colcon_core.package_identification:_identify(.) by extension 'colcon_pkg'
[0.066s] Level 1:colcon.colcon_core.package_identification:_identify(.) by extensions ['colcon_meta']
[0.066s] Level 1:colcon.colcon_core.package_identification:_identify(.) by extension 'colcon_meta'
[0.066s] Level 1:colcon.colcon_core.package_identification:_identify(.) by extensions ['ros']
[0.066s] Level 1:colcon.colcon_core.package_identification:_identify(.) by extension 'ros'
[0.078s] Level 1:colcon.colcon_core.package_identification:_identify(.) by extensions ['cmake', 'python']
[0.078s] Level 1:colcon.colcon_core.package_identification:_identify(.) by extension 'cmake'
[0.078s] Level 1:colcon.colcon_core.package_identification:_identify(.) by extension 'python'
[0.078s] Level 1:colcon.colcon_core.package_identification:_identify(.) by extensions ['python_setup_py']
[0.078s] Level 1:colcon.colcon_core.package_identification:_identify(.) by extension 'python_setup_py'
[0.078s] Level 1:colcon.colcon_core.package_identification:_identify(build) by extensions ['ignore', 'ignore_ament_install']
[0.078s] Level 1:colcon.colcon_core.package_identification:_identify(build) by extension 'ignore'
[0.078s] Level 1:colcon.colcon_core.package_identification:_identify(build) ignored
[0.078s] Level 1:colcon.colcon_core.package_identification:_identify(install) by extensions ['ignore', 'ignore_ament_install']
[0.078s] Level 1:colcon.colcon_core.package_identification:_identify(install) by extension 'ignore'
[0.078s] Level 1:colcon.colcon_core.package_identification:_identify(install) ignored
[0.078s] Level 1:colcon.colcon_core.package_identification:_identify(isaacpjt) by extensions ['ignore', 'ignore_ament_install']
[0.078s] Level 1:colcon.colcon_core.package_identification:_identify(isaacpjt) by extension 'ignore'
[0.078s] Level 1:colcon.colcon_core.package_identification:_identify(isaacpjt) by extension 'ignore_ament_install'
[0.078s] Level 1:colcon.colcon_core.package_identification:_identify(isaacpjt) by extensions ['colcon_pkg']
[0.078s] Level 1:colcon.colcon_core.package_identification:_identify(isaacpjt) by extension 'colcon_pkg'
[0.078s] Level 1:colcon.colcon_core.package_identification:_identify(isaacpjt) by extensions ['colcon_meta']
[0.078s] Level 1:colcon.colcon_core.package_identification:_identify(isaacpjt) by extension 'colcon_meta'
[0.078s] Level 1:colcon.colcon_core.package_identification:_identify(isaacpjt) by extensions ['ros']
[0.078s] Level 1:colcon.colcon_core.package_identification:_identify(isaacpjt) by extension 'ros'
[0.078s] Level 1:colcon.colcon_core.package_identification:_identify(isaacpjt) by extensions ['cmake', 'python']
[0.078s] Level 1:colcon.colcon_core.package_identification:_identify(isaacpjt) by extension 'cmake'
[0.078s] Level 1:colcon.colcon_core.package_identification:_identify(isaacpjt) by extension 'python'
[0.078s] Level 1:colcon.colcon_core.package_identification:_identify(isaacpjt) by extensions ['python_setup_py']
[0.078s] Level 1:colcon.colcon_core.package_identification:_identify(isaacpjt) by extension 'python_setup_py'
[0.078s] Level 1:colcon.colcon_core.package_identification:_identify(isaacpjt/M0609) by extensions ['ignore', 'ignore_ament_install']
[0.078s] Level 1:colcon.colcon_core.package_identification:_identify(isaacpjt/M0609) by extension 'ignore'
[0.078s] Level 1:colcon.colcon_core.package_identification:_identify(isaacpjt/M0609) by extension 'ignore_ament_install'
[0.078s] Level 1:colcon.colcon_core.package_identification:_identify(isaacpjt/M0609) by extensions ['colcon_pkg']
[0.078s] Level 1:colcon.colcon_core.package_identification:_identify(isaacpjt/M0609) by extension 'colcon_pkg'
[0.078s] Level 1:colcon.colcon_core.package_identification:_identify(isaacpjt/M0609) by extensions ['colcon_meta']
[0.078s] Level 1:colcon.colcon_core.package_identification:_identify(isaacpjt/M0609) by extension 'colcon_meta'
[0.078s] Level 1:colcon.colcon_core.package_identification:_identify(isaacpjt/M0609) by extensions ['ros']
[0.078s] Level 1:colcon.colcon_core.package_identification:_identify(isaacpjt/M0609) by extension 'ros'
[0.078s] Level 1:colcon.colcon_core.package_identification:_identify(isaacpjt/M0609) by extensions ['cmake', 'python']
[0.078s] Level 1:colcon.colcon_core.package_identification:_identify(isaacpjt/M0609) by extension 'cmake'
[0.078s] Level 1:colcon.colcon_core.package_identification:_identify(isaacpjt/M0609) by extension 'python'
[0.078s] Level 1:colcon.colcon_core.package_identification:_identify(isaacpjt/M0609) by extensions ['python_setup_py']
[0.078s] Level 1:colcon.colcon_core.package_identification:_identify(isaacpjt/M0609) by extension 'python_setup_py'
[0.078s] Level 1:colcon.colcon_core.package_identification:_identify(isaacpjt/M0609/Collected_Clock) by extensions ['ignore', 'ignore_ament_install']
[0.078s] Level 1:colcon.colcon_core.package_identification:_identify(isaacpjt/M0609/Collected_Clock) by extension 'ignore'
[0.078s] Level 1:colcon.colcon_core.package_identification:_identify(isaacpjt/M0609/Collected_Clock) by extension 'ignore_ament_install'
[0.078s] Level 1:colcon.colcon_core.package_identification:_identify(isaacpjt/M0609/Collected_Clock) by extensions ['colcon_pkg']
[0.078s] Level 1:colcon.colcon_core.package_identification:_identify(isaacpjt/M0609/Collected_Clock) by extension 'colcon_pkg'
[0.079s] Level 1:colcon.colcon_core.package_identification:_identify(isaacpjt/M0609/Collected_Clock) by extensions ['colcon_meta']
[0.079s] Level 1:colcon.colcon_core.package_identification:_identify(isaacpjt/M0609/Collected_Clock) by extension 'colcon_meta'
[0.079s] Level 1:colcon.colcon_core.package_identification:_identify(isaacpjt/M0609/Collected_Clock) by extensions ['ros']
[0.079s] Level 1:colcon.colcon_core.package_identification:_identify(isaacpjt/M0609/Collected_Clock) by extension 'ros'
[0.079s] Level 1:colcon.colcon_core.package_identification:_identify(isaacpjt/M0609/Collected_Clock) by extensions ['cmake', 'python']
[0.079s] Level 1:colcon.colcon_core.package_identification:_identify(isaacpjt/M0609/Collected_Clock) by extension 'cmake'
[0.079s] Level 1:colcon.colcon_core.package_identification:_identify(isaacpjt/M0609/Collected_Clock) by extension 'python'
[0.079s] Level 1:colcon.colcon_core.package_identification:_identify(isaacpjt/M0609/Collected_Clock) by extensions ['python_setup_py']
[0.079s] Level 1:colcon.colcon_core.package_identification:_identify(isaacpjt/M0609/Collected_Clock) by extension 'python_setup_py'
[0.079s] Level 1:colcon.colcon_core.package_identification:_identify(isaacpjt/M0609/Collected_m0609_camera) by extensions ['ignore', 'ignore_ament_install']
[0.079s] Level 1:colcon.colcon_core.package_identification:_identify(isaacpjt/M0609/Collected_m0609_camera) by extension 'ignore'
[0.079s] Level 1:colcon.colcon_core.package_identification:_identify(isaacpjt/M0609/Collected_m0609_camera) by extension 'ignore_ament_install'
[0.079s] Level 1:colcon.colcon_core.package_identification:_identify(isaacpjt/M0609/Collected_m0609_camera) by extensions ['colcon_pkg']
[0.079s] Level 1:colcon.colcon_core.package_identification:_identify(isaacpjt/M0609/Collected_m0609_camera) by extension 'colcon_pkg'
[0.079s] Level 1:colcon.colcon_core.package_identification:_identify(isaacpjt/M0609/Collected_m0609_camera) by extensions ['colcon_meta']
[0.079s] Level 1:colcon.colcon_core.package_identification:_identify(isaacpjt/M0609/Collected_m0609_camera) by extension 'colcon_meta'
[0.079s] Level 1:colcon.colcon_core.package_identification:_identify(isaacpjt/M0609/Collected_m0609_camera) by extensions ['ros']
[0.079s] Level 1:colcon.colcon_core.package_identification:_identify(isaacpjt/M0609/Collected_m0609_camera) by extension 'ros'
[0.079s] Level 1:colcon.colcon_core.package_identification:_identify(isaacpjt/M0609/Collected_m0609_camera) by extensions ['cmake', 'python']
[0.079s] Level 1:colcon.colcon_core.package_identification:_identify(isaacpjt/M0609/Collected_m0609_camera) by extension 'cmake'
[0.079s] Level 1:colcon.colcon_core.package_identification:_identify(isaacpjt/M0609/Collected_m0609_camera) by extension 'python'
[0.079s] Level 1:colcon.colcon_core.package_identification:_identify(isaacpjt/M0609/Collected_m0609_camera) by extensions ['python_setup_py']
[0.079s] Level 1:colcon.colcon_core.package_identification:_identify(isaacpjt/M0609/Collected_m0609_camera) by extension 'python_setup_py'
[0.079s] Level 1:colcon.colcon_core.package_identification:_identify(isaacpjt/M0609/Collected_m0609_camera/doosan-robot2) by extensions ['ignore', 'ignore_ament_install']
[0.079s] Level 1:colcon.colcon_core.package_identification:_identify(isaacpjt/M0609/Collected_m0609_camera/doosan-robot2) by extension 'ignore'
[0.079s] Level 1:colcon.colcon_core.package_identification:_identify(isaacpjt/M0609/Collected_m0609_camera/doosan-robot2) by extension 'ignore_ament_install'
[0.079s] Level 1:colcon.colcon_core.package_identification:_identify(isaacpjt/M0609/Collected_m0609_camera/doosan-robot2) by extensions ['colcon_pkg']
[0.079s] Level 1:colcon.colcon_core.package_identification:_identify(isaacpjt/M0609/Collected_m0609_camera/doosan-robot2) by extension 'colcon_pkg'
[0.079s] Level 1:colcon.colcon_core.package_identification:_identify(isaacpjt/M0609/Collected_m0609_camera/doosan-robot2) by extensions ['colcon_meta']
[0.079s] Level 1:colcon.colcon_core.package_identification:_identify(isaacpjt/M0609/Collected_m0609_camera/doosan-robot2) by extension 'colcon_meta'
[0.079s] Level 1:colcon.colcon_core.package_identification:_identify(isaacpjt/M0609/Collected_m0609_camera/doosan-robot2) by extensions ['ros']
[0.079s] Level 1:colcon.colcon_core.package_identification:_identify(isaacpjt/M0609/Collected_m0609_camera/doosan-robot2) by extension 'ros'
[0.079s] Level 1:colcon.colcon_core.package_identification:_identify(isaacpjt/M0609/Collected_m0609_camera/doosan-robot2) by extensions ['cmake', 'python']
[0.079s] Level 1:colcon.colcon_core.package_identification:_identify(isaacpjt/M0609/Collected_m0609_camera/doosan-robot2) by extension 'cmake'
[0.079s] Level 1:colcon.colcon_core.package_identification:_identify(isaacpjt/M0609/Collected_m0609_camera/doosan-robot2) by extension 'python'
[0.079s] Level 1:colcon.colcon_core.package_identification:_identify(isaacpjt/M0609/Collected_m0609_camera/doosan-robot2) by extensions ['python_setup_py']
[0.079s] Level 1:colcon.colcon_core.package_identification:_identify(isaacpjt/M0609/Collected_m0609_camera/doosan-robot2) by extension 'python_setup_py'
[0.079s] Level 1:colcon.colcon_core.package_identification:_identify(isaacpjt/M0609/Collected_m0609_camera/doosan-robot2/urdf) by extensions ['ignore', 'ignore_ament_install']
[0.079s] Level 1:colcon.colcon_core.package_identification:_identify(isaacpjt/M0609/Collected_m0609_camera/doosan-robot2/urdf) by extension 'ignore'
[0.079s] Level 1:colcon.colcon_core.package_identification:_identify(isaacpjt/M0609/Collected_m0609_camera/doosan-robot2/urdf) by extension 'ignore_ament_install'
[0.079s] Level 1:colcon.colcon_core.package_identification:_identify(isaacpjt/M0609/Collected_m0609_camera/doosan-robot2/urdf) by extensions ['colcon_pkg']
[0.079s] Level 1:colcon.colcon_core.package_identification:_identify(isaacpjt/M0609/Collected_m0609_camera/doosan-robot2/urdf) by extension 'colcon_pkg'
[0.079s] Level 1:colcon.colcon_core.package_identification:_identify(isaacpjt/M0609/Collected_m0609_camera/doosan-robot2/urdf) by extensions ['colcon_meta']
[0.079s] Level 1:colcon.colcon_core.package_identification:_identify(isaacpjt/M0609/Collected_m0609_camera/doosan-robot2/urdf) by extension 'colcon_meta'
[0.079s] Level 1:colcon.colcon_core.package_identification:_identify(isaacpjt/M0609/Collected_m0609_camera/doosan-robot2/urdf) by extensions ['ros']
[0.079s] Level 1:colcon.colcon_core.package_identification:_identify(isaacpjt/M0609/Collected_m0609_camera/doosan-robot2/urdf) by extension 'ros'
[0.079s] Level 1:colcon.colcon_core.package_identification:_identify(isaacpjt/M0609/Collected_m0609_camera/doosan-robot2/urdf) by extensions ['cmake', 'python']
[0.079s] Level 1:colcon.colcon_core.package_identification:_identify(isaacpjt/M0609/Collected_m0609_camera/doosan-robot2/urdf) by extension 'cmake'
[0.079s] Level 1:colcon.colcon_core.package_identification:_identify(isaacpjt/M0609/Collected_m0609_camera/doosan-robot2/urdf) by extension 'python'
[0.079s] Level 1:colcon.colcon_core.package_identification:_identify(isaacpjt/M0609/Collected_m0609_camera/doosan-robot2/urdf) by extensions ['python_setup_py']
[0.079s] Level 1:colcon.colcon_core.package_identification:_identify(isaacpjt/M0609/Collected_m0609_camera/doosan-robot2/urdf) by extension 'python_setup_py'
[0.079s] Level 1:colcon.colcon_core.package_identification:_identify(isaacpjt/M0609/Collected_m0609_camera/doosan-robot2/urdf/m0609_isaac_sim) by extensions ['ignore', 'ignore_ament_install']
[0.079s] Level 1:colcon.colcon_core.package_identification:_identify(isaacpjt/M0609/Collected_m0609_camera/doosan-robot2/urdf/m0609_isaac_sim) by extension 'ignore'
[0.080s] Level 1:colcon.colcon_core.package_identification:_identify(isaacpjt/M0609/Collected_m0609_camera/doosan-robot2/urdf/m0609_isaac_sim) by extension 'ignore_ament_install'
[0.080s] Level 1:colcon.colcon_core.package_identification:_identify(isaacpjt/M0609/Collected_m0609_camera/doosan-robot2/urdf/m0609_isaac_sim) by extensions ['colcon_pkg']
[0.080s] Level 1:colcon.colcon_core.package_identification:_identify(isaacpjt/M0609/Collected_m0609_camera/doosan-robot2/urdf/m0609_isaac_sim) by extension 'colcon_pkg'
[0.080s] Level 1:colcon.colcon_core.package_identification:_identify(isaacpjt/M0609/Collected_m0609_camera/doosan-robot2/urdf/m0609_isaac_sim) by extensions ['colcon_meta']
[0.080s] Level 1:colcon.colcon_core.package_identification:_identify(isaacpjt/M0609/Collected_m0609_camera/doosan-robot2/urdf/m0609_isaac_sim) by extension 'colcon_meta'
[0.080s] Level 1:colcon.colcon_core.package_identification:_identify(isaacpjt/M0609/Collected_m0609_camera/doosan-robot2/urdf/m0609_isaac_sim) by extensions ['ros']
[0.080s] Level 1:colcon.colcon_core.package_identification:_identify(isaacpjt/M0609/Collected_m0609_camera/doosan-robot2/urdf/m0609_isaac_sim) by extension 'ros'
[0.080s] Level 1:colcon.colcon_core.package_identification:_identify(isaacpjt/M0609/Collected_m0609_camera/doosan-robot2/urdf/m0609_isaac_sim) by extensions ['cmake', 'python']
[0.080s] Level 1:colcon.colcon_core.package_identification:_identify(isaacpjt/M0609/Collected_m0609_camera/doosan-robot2/urdf/m0609_isaac_sim) by extension 'cmake'
[0.080s] Level 1:colcon.colcon_core.package_identification:_identify(isaacpjt/M0609/Collected_m0609_camera/doosan-robot2/urdf/m0609_isaac_sim) by extension 'python'
[0.080s] Level 1:colcon.colcon_core.package_identification:_identify(isaacpjt/M0609/Collected_m0609_camera/doosan-robot2/urdf/m0609_isaac_sim) by extensions ['python_setup_py']
[0.080s] Level 1:colcon.colcon_core.package_identification:_identify(isaacpjt/M0609/Collected_m0609_camera/doosan-robot2/urdf/m0609_isaac_sim) by extension 'python_setup_py'
[0.080s] Level 1:colcon.colcon_core.package_identification:_identify(isaacpjt/M0609/Collected_m0609_camera/doosan-robot2/urdf/m0609_isaac_sim/configuration) by extensions ['ignore', 'ignore_ament_install']
[0.080s] Level 1:colcon.colcon_core.package_identification:_identify(isaacpjt/M0609/Collected_m0609_camera/doosan-robot2/urdf/m0609_isaac_sim/configuration) by extension 'ignore'
[0.080s] Level 1:colcon.colcon_core.package_identification:_identify(isaacpjt/M0609/Collected_m0609_camera/doosan-robot2/urdf/m0609_isaac_sim/configuration) by extension 'ignore_ament_install'
[0.080s] Level 1:colcon.colcon_core.package_identification:_identify(isaacpjt/M0609/Collected_m0609_camera/doosan-robot2/urdf/m0609_isaac_sim/configuration) by extensions ['colcon_pkg']
[0.080s] Level 1:colcon.colcon_core.package_identification:_identify(isaacpjt/M0609/Collected_m0609_camera/doosan-robot2/urdf/m0609_isaac_sim/configuration) by extension 'colcon_pkg'
[0.080s] Level 1:colcon.colcon_core.package_identification:_identify(isaacpjt/M0609/Collected_m0609_camera/doosan-robot2/urdf/m0609_isaac_sim/configuration) by extensions ['colcon_meta']
[0.080s] Level 1:colcon.colcon_core.package_identification:_identify(isaacpjt/M0609/Collected_m0609_camera/doosan-robot2/urdf/m0609_isaac_sim/configuration) by extension 'colcon_meta'
[0.080s] Level 1:colcon.colcon_core.package_identification:_identify(isaacpjt/M0609/Collected_m0609_camera/doosan-robot2/urdf/m0609_isaac_sim/configuration) by extensions ['ros']
[0.080s] Level 1:colcon.colcon_core.package_identification:_identify(isaacpjt/M0609/Collected_m0609_camera/doosan-robot2/urdf/m0609_isaac_sim/configuration) by extension 'ros'
[0.080s] Level 1:colcon.colcon_core.package_identification:_identify(isaacpjt/M0609/Collected_m0609_camera/doosan-robot2/urdf/m0609_isaac_sim/configuration) by extensions ['cmake', 'python']
[0.080s] Level 1:colcon.colcon_core.package_identification:_identify(isaacpjt/M0609/Collected_m0609_camera/doosan-robot2/urdf/m0609_isaac_sim/configuration) by extension 'cmake'
[0.080s] Level 1:colcon.colcon_core.package_identification:_identify(isaacpjt/M0609/Collected_m0609_camera/doosan-robot2/urdf/m0609_isaac_sim/configuration) by extension 'python'
[0.080s] Level 1:colcon.colcon_core.package_identification:_identify(isaacpjt/M0609/Collected_m0609_camera/doosan-robot2/urdf/m0609_isaac_sim/configuration) by extensions ['python_setup_py']
[0.080s] Level 1:colcon.colcon_core.package_identification:_identify(isaacpjt/M0609/Collected_m0609_camera/doosan-robot2/urdf/m0609_isaac_sim/configuration) by extension 'python_setup_py'
[0.080s] Level 1:colcon.colcon_core.package_identification:_identify(isaacpjt/M0609/Collected_m0609_camera/omniverse-content-production.s3-us-west-2.amazonaws.com) by extensions ['ignore', 'ignore_ament_install']
[0.080s] Level 1:colcon.colcon_core.package_identification:_identify(isaacpjt/M0609/Collected_m0609_camera/omniverse-content-production.s3-us-west-2.amazonaws.com) by extension 'ignore'
[0.080s] Level 1:colcon.colcon_core.package_identification:_identify(isaacpjt/M0609/Collected_m0609_camera/omniverse-content-production.s3-us-west-2.amazonaws.com) by extension 'ignore_ament_install'
[0.080s] Level 1:colcon.colcon_core.package_identification:_identify(isaacpjt/M0609/Collected_m0609_camera/omniverse-content-production.s3-us-west-2.amazonaws.com) by extensions ['colcon_pkg']
[0.080s] Level 1:colcon.colcon_core.package_identification:_identify(isaacpjt/M0609/Collected_m0609_camera/omniverse-content-production.s3-us-west-2.amazonaws.com) by extension 'colcon_pkg'
[0.080s] Level 1:colcon.colcon_core.package_identification:_identify(isaacpjt/M0609/Collected_m0609_camera/omniverse-content-production.s3-us-west-2.amazonaws.com) by extensions ['colcon_meta']
[0.080s] Level 1:colcon.colcon_core.package_identification:_identify(isaacpjt/M0609/Collected_m0609_camera/omniverse-content-production.s3-us-west-2.amazonaws.com) by extension 'colcon_meta'
[0.080s] Level 1:colcon.colcon_core.package_identification:_identify(isaacpjt/M0609/Collected_m0609_camera/omniverse-content-production.s3-us-west-2.amazonaws.com) by extensions ['ros']
[0.080s] Level 1:colcon.colcon_core.package_identification:_identify(isaacpjt/M0609/Collected_m0609_camera/omniverse-content-production.s3-us-west-2.amazonaws.com) by extension 'ros'
[0.080s] Level 1:colcon.colcon_core.package_identification:_identify(isaacpjt/M0609/Collected_m0609_camera/omniverse-content-production.s3-us-west-2.amazonaws.com) by extensions ['cmake', 'python']
[0.080s] Level 1:colcon.colcon_core.package_identification:_identify(isaacpjt/M0609/Collected_m0609_camera/omniverse-content-production.s3-us-west-2.amazonaws.com) by extension 'cmake'
[0.080s] Level 1:colcon.colcon_core.package_identification:_identify(isaacpjt/M0609/Collected_m0609_camera/omniverse-content-production.s3-us-west-2.amazonaws.com) by extension 'python'
[0.080s] Level 1:colcon.colcon_core.package_identification:_identify(isaacpjt/M0609/Collected_m0609_camera/omniverse-content-production.s3-us-west-2.amazonaws.com) by extensions ['python_setup_py']
[0.080s] Level 1:colcon.colcon_core.package_identification:_identify(isaacpjt/M0609/Collected_m0609_camera/omniverse-content-production.s3-us-west-2.amazonaws.com) by extension 'python_setup_py'
[0.080s] Level 1:colcon.colcon_core.package_identification:_identify(isaacpjt/M0609/Collected_m0609_camera/omniverse-content-production.s3-us-west-2.amazonaws.com/Assets) by extensions ['ignore', 'ignore_ament_install']
[0.080s] Level 1:colcon.colcon_core.package_identification:_identify(isaacpjt/M0609/Collected_m0609_camera/omniverse-content-production.s3-us-west-2.amazonaws.com/Assets) by extension 'ignore'
[0.080s] Level 1:colcon.colcon_core.package_identification:_identify(isaacpjt/M0609/Collected_m0609_camera/omniverse-content-production.s3-us-west-2.amazonaws.com/Assets) by extension 'ignore_ament_install'
[0.080s] Level 1:colcon.colcon_core.package_identification:_identify(isaacpjt/M0609/Collected_m0609_camera/omniverse-content-production.s3-us-west-2.amazonaws.com/Assets) by extensions ['colcon_pkg']
[0.080s] Level 1:colcon.colcon_core.package_identification:_identify(isaacpjt/M0609/Collected_m0609_camera/omniverse-content-production.s3-us-west-2.amazonaws.com/Assets) by extension 'colcon_pkg'
[0.080s] Level 1:colcon.colcon_core.package_identification:_identify(isaacpjt/M0609/Collected_m0609_camera/omniverse-content-production.s3-us-west-2.amazonaws.com/Assets) by extensions ['colcon_meta']
[0.080s] Level 1:colcon.colcon_core.package_identification:_identify(isaacpjt/M0609/Collected_m0609_camera/omniverse-content-production.s3-us-west-2.amazonaws.com/Assets) by extension 'colcon_meta'
[0.080s] Level 1:colcon.colcon_core.package_identification:_identify(isaacpjt/M0609/Collected_m0609_camera/omniverse-content-production.s3-us-west-2.amazonaws.com/Assets) by extensions ['ros']
[0.080s] Level 1:colcon.colcon_core.package_identification:_identify(isaacpjt/M0609/Collected_m0609_camera/omniverse-content-production.s3-us-west-2.amazonaws.com/Assets) by extension 'ros'
[0.080s] Level 1:colcon.colcon_core.package_identification:_identify(isaacpjt/M0609/Collected_m0609_camera/omniverse-content-production.s3-us-west-2.amazonaws.com/Assets) by extensions ['cmake', 'python']
[0.080s] Level 1:colcon.colcon_core.package_identification:_identify(isaacpjt/M0609/Collected_m0609_camera/omniverse-content-production.s3-us-west-2.amazonaws.com/Assets) by extension 'cmake'
[0.080s] Level 1:colcon.colcon_core.package_identification:_identify(isaacpjt/M0609/Collected_m0609_camera/omniverse-content-production.s3-us-west-2.amazonaws.com/Assets) by extension 'python'
[0.081s] Level 1:colcon.colcon_core.package_identification:_identify(isaacpjt/M0609/Collected_m0609_camera/omniverse-content-production.s3-us-west-2.amazonaws.com/Assets) by extensions ['python_setup_py']
[0.081s] Level 1:colcon.colcon_core.package_identification:_identify(isaacpjt/M0609/Collected_m0609_camera/omniverse-content-production.s3-us-west-2.amazonaws.com/Assets) by extension 'python_setup_py'
[0.081s] Level 1:colcon.colcon_core.package_identification:_identify(isaacpjt/M0609/Collected_m0609_camera/omniverse-content-production.s3-us-west-2.amazonaws.com/Assets/Isaac) by extensions ['ignore', 'ignore_ament_install']
[0.081s] Level 1:colcon.colcon_core.package_identification:_identify(isaacpjt/M0609/Collected_m0609_camera/omniverse-content-production.s3-us-west-2.amazonaws.com/Assets/Isaac) by extension 'ignore'
[0.081s] Level 1:colcon.colcon_core.package_identification:_identify(isaacpjt/M0609/Collected_m0609_camera/omniverse-content-production.s3-us-west-2.amazonaws.com/Assets/Isaac) by extension 'ignore_ament_install'
[0.081s] Level 1:colcon.colcon_core.package_identification:_identify(isaacpjt/M0609/Collected_m0609_camera/omniverse-content-production.s3-us-west-2.amazonaws.com/Assets/Isaac) by extensions ['colcon_pkg']
[0.081s] Level 1:colcon.colcon_core.package_identification:_identify(isaacpjt/M0609/Collected_m0609_camera/omniverse-content-production.s3-us-west-2.amazonaws.com/Assets/Isaac) by extension 'colcon_pkg'
[0.081s] Level 1:colcon.colcon_core.package_identification:_identify(isaacpjt/M0609/Collected_m0609_camera/omniverse-content-production.s3-us-west-2.amazonaws.com/Assets/Isaac) by extensions ['colcon_meta']
[0.081s] Level 1:colcon.colcon_core.package_identification:_identify(isaacpjt/M0609/Collected_m0609_camera/omniverse-content-production.s3-us-west-2.amazonaws.com/Assets/Isaac) by extension 'colcon_meta'
[0.081s] Level 1:colcon.colcon_core.package_identification:_identify(isaacpjt/M0609/Collected_m0609_camera/omniverse-content-production.s3-us-west-2.amazonaws.com/Assets/Isaac) by extensions ['ros']
[0.081s] Level 1:colcon.colcon_core.package_identification:_identify(isaacpjt/M0609/Collected_m0609_camera/omniverse-content-production.s3-us-west-2.amazonaws.com/Assets/Isaac) by extension 'ros'
[0.081s] Level 1:colcon.colcon_core.package_identification:_identify(isaacpjt/M0609/Collected_m0609_camera/omniverse-content-production.s3-us-west-2.amazonaws.com/Assets/Isaac) by extensions ['cmake', 'python']
[0.081s] Level 1:colcon.colcon_core.package_identification:_identify(isaacpjt/M0609/Collected_m0609_camera/omniverse-content-production.s3-us-west-2.amazonaws.com/Assets/Isaac) by extension 'cmake'
[0.081s] Level 1:colcon.colcon_core.package_identification:_identify(isaacpjt/M0609/Collected_m0609_camera/omniverse-content-production.s3-us-west-2.amazonaws.com/Assets/Isaac) by extension 'python'
[0.081s] Level 1:colcon.colcon_core.package_identification:_identify(isaacpjt/M0609/Collected_m0609_camera/omniverse-content-production.s3-us-west-2.amazonaws.com/Assets/Isaac) by extensions ['python_setup_py']
[0.081s] Level 1:colcon.colcon_core.package_identification:_identify(isaacpjt/M0609/Collected_m0609_camera/omniverse-content-production.s3-us-west-2.amazonaws.com/Assets/Isaac) by extension 'python_setup_py'
[0.081s] Level 1:colcon.colcon_core.package_identification:_identify(isaacpjt/M0609/Collected_m0609_camera/omniverse-content-production.s3-us-west-2.amazonaws.com/Assets/Isaac/5.1) by extensions ['ignore', 'ignore_ament_install']
[0.081s] Level 1:colcon.colcon_core.package_identification:_identify(isaacpjt/M0609/Collected_m0609_camera/omniverse-content-production.s3-us-west-2.amazonaws.com/Assets/Isaac/5.1) by extension 'ignore'
[0.081s] Level 1:colcon.colcon_core.package_identification:_identify(isaacpjt/M0609/Collected_m0609_camera/omniverse-content-production.s3-us-west-2.amazonaws.com/Assets/Isaac/5.1) by extension 'ignore_ament_install'
[0.081s] Level 1:colcon.colcon_core.package_identification:_identify(isaacpjt/M0609/Collected_m0609_camera/omniverse-content-production.s3-us-west-2.amazonaws.com/Assets/Isaac/5.1) by extensions ['colcon_pkg']
[0.081s] Level 1:colcon.colcon_core.package_identification:_identify(isaacpjt/M0609/Collected_m0609_camera/omniverse-content-production.s3-us-west-2.amazonaws.com/Assets/Isaac/5.1) by extension 'colcon_pkg'
[0.081s] Level 1:colcon.colcon_core.package_identification:_identify(isaacpjt/M0609/Collected_m0609_camera/omniverse-content-production.s3-us-west-2.amazonaws.com/Assets/Isaac/5.1) by extensions ['colcon_meta']
[0.081s] Level 1:colcon.colcon_core.package_identification:_identify(isaacpjt/M0609/Collected_m0609_camera/omniverse-content-production.s3-us-west-2.amazonaws.com/Assets/Isaac/5.1) by extension 'colcon_meta'
[0.081s] Level 1:colcon.colcon_core.package_identification:_identify(isaacpjt/M0609/Collected_m0609_camera/omniverse-content-production.s3-us-west-2.amazonaws.com/Assets/Isaac/5.1) by extensions ['ros']
[0.081s] Level 1:colcon.colcon_core.package_identification:_identify(isaacpjt/M0609/Collected_m0609_camera/omniverse-content-production.s3-us-west-2.amazonaws.com/Assets/Isaac/5.1) by extension 'ros'
[0.081s] Level 1:colcon.colcon_core.package_identification:_identify(isaacpjt/M0609/Collected_m0609_camera/omniverse-content-production.s3-us-west-2.amazonaws.com/Assets/Isaac/5.1) by extensions ['cmake', 'python']
[0.081s] Level 1:colcon.colcon_core.package_identification:_identify(isaacpjt/M0609/Collected_m0609_camera/omniverse-content-production.s3-us-west-2.amazonaws.com/Assets/Isaac/5.1) by extension 'cmake'
[0.081s] Level 1:colcon.colcon_core.package_identification:_identify(isaacpjt/M0609/Collected_m0609_camera/omniverse-content-production.s3-us-west-2.amazonaws.com/Assets/Isaac/5.1) by extension 'python'
[0.081s] Level 1:colcon.colcon_core.package_identification:_identify(isaacpjt/M0609/Collected_m0609_camera/omniverse-content-production.s3-us-west-2.amazonaws.com/Assets/Isaac/5.1) by extensions ['python_setup_py']
[0.081s] Level 1:colcon.colcon_core.package_identification:_identify(isaacpjt/M0609/Collected_m0609_camera/omniverse-content-production.s3-us-west-2.amazonaws.com/Assets/Isaac/5.1) by extension 'python_setup_py'
[0.081s] Level 1:colcon.colcon_core.package_identification:_identify(isaacpjt/M0609/Collected_m0609_camera/omniverse-content-production.s3-us-west-2.amazonaws.com/Assets/Isaac/5.1/Isaac) by extensions ['ignore', 'ignore_ament_install']
[0.081s] Level 1:colcon.colcon_core.package_identification:_identify(isaacpjt/M0609/Collected_m0609_camera/omniverse-content-production.s3-us-west-2.amazonaws.com/Assets/Isaac/5.1/Isaac) by extension 'ignore'
[0.081s] Level 1:colcon.colcon_core.package_identification:_identify(isaacpjt/M0609/Collected_m0609_camera/omniverse-content-production.s3-us-west-2.amazonaws.com/Assets/Isaac/5.1/Isaac) by extension 'ignore_ament_install'
[0.081s] Level 1:colcon.colcon_core.package_identification:_identify(isaacpjt/M0609/Collected_m0609_camera/omniverse-content-production.s3-us-west-2.amazonaws.com/Assets/Isaac/5.1/Isaac) by extensions ['colcon_pkg']
[0.081s] Level 1:colcon.colcon_core.package_identification:_identify(isaacpjt/M0609/Collected_m0609_camera/omniverse-content-production.s3-us-west-2.amazonaws.com/Assets/Isaac/5.1/Isaac) by extension 'colcon_pkg'
[0.081s] Level 1:colcon.colcon_core.package_identification:_identify(isaacpjt/M0609/Collected_m0609_camera/omniverse-content-production.s3-us-west-2.amazonaws.com/Assets/Isaac/5.1/Isaac) by extensions ['colcon_meta']
[0.081s] Level 1:colcon.colcon_core.package_identification:_identify(isaacpjt/M0609/Collected_m0609_camera/omniverse-content-production.s3-us-west-2.amazonaws.com/Assets/Isaac/5.1/Isaac) by extension 'colcon_meta'
[0.081s] Level 1:colcon.colcon_core.package_identification:_identify(isaacpjt/M0609/Collected_m0609_camera/omniverse-content-production.s3-us-west-2.amazonaws.com/Assets/Isaac/5.1/Isaac) by extensions ['ros']
[0.081s] Level 1:colcon.colcon_core.package_identification:_identify(isaacpjt/M0609/Collected_m0609_camera/omniverse-content-production.s3-us-west-2.amazonaws.com/Assets/Isaac/5.1/Isaac) by extension 'ros'
[0.081s] Level 1:colcon.colcon_core.package_identification:_identify(isaacpjt/M0609/Collected_m0609_camera/omniverse-content-production.s3-us-west-2.amazonaws.com/Assets/Isaac/5.1/Isaac) by extensions ['cmake', 'python']
[0.081s] Level 1:colcon.colcon_core.package_identification:_identify(isaacpjt/M0609/Collected_m0609_camera/omniverse-content-production.s3-us-west-2.amazonaws.com/Assets/Isaac/5.1/Isaac) by extension 'cmake'
[0.081s] Level 1:colcon.colcon_core.package_identification:_identify(isaacpjt/M0609/Collected_m0609_camera/omniverse-content-production.s3-us-west-2.amazonaws.com/Assets/Isaac/5.1/Isaac) by extension 'python'
[0.081s] Level 1:colcon.colcon_core.package_identification:_identify(isaacpjt/M0609/Collected_m0609_camera/omniverse-content-production.s3-us-west-2.amazonaws.com/Assets/Isaac/5.1/Isaac) by extensions ['python_setup_py']
[0.081s] Level 1:colcon.colcon_core.package_identification:_identify(isaacpjt/M0609/Collected_m0609_camera/omniverse-content-production.s3-us-west-2.amazonaws.com/Assets/Isaac/5.1/Isaac) by extension 'python_setup_py'
[0.081s] Level 1:colcon.colcon_core.package_identification:_identify(isaacpjt/M0609/Collected_m0609_camera/omniverse-content-production.s3-us-west-2.amazonaws.com/Assets/Isaac/5.1/Isaac/Materials) by extensions ['ignore', 'ignore_ament_install']
[0.081s] Level 1:colcon.colcon_core.package_identification:_identify(isaacpjt/M0609/Collected_m0609_camera/omniverse-content-production.s3-us-west-2.amazonaws.com/Assets/Isaac/5.1/Isaac/Materials) by extension 'ignore'
[0.081s] Level 1:colcon.colcon_core.package_identification:_identify(isaacpjt/M0609/Collected_m0609_camera/omniverse-content-production.s3-us-west-2.amazonaws.com/Assets/Isaac/5.1/Isaac/Materials) by extension 'ignore_ament_install'
[0.081s] Level 1:colcon.colcon_core.package_identification:_identify(isaacpjt/M0609/Collected_m0609_camera/omniverse-content-production.s3-us-west-2.amazonaws.com/Assets/Isaac/5.1/Isaac/Materials) by extensions ['colcon_pkg']
[0.082s] Level 1:colcon.colcon_core.package_identification:_identify(isaacpjt/M0609/Collected_m0609_camera/omniverse-content-production.s3-us-west-2.amazonaws.com/Assets/Isaac/5.1/Isaac/Materials) by extension 'colcon_pkg'
[0.082s] Level 1:colcon.colcon_core.package_identification:_identify(isaacpjt/M0609/Collected_m0609_camera/omniverse-content-production.s3-us-west-2.amazonaws.com/Assets/Isaac/5.1/Isaac/Materials) by extensions ['colcon_meta']
[0.082s] Level 1:colcon.colcon_core.package_identification:_identify(isaacpjt/M0609/Collected_m0609_camera/omniverse-content-production.s3-us-west-2.amazonaws.com/Assets/Isaac/5.1/Isaac/Materials) by extension 'colcon_meta'
[0.082s] Level 1:colcon.colcon_core.package_identification:_identify(isaacpjt/M0609/Collected_m0609_camera/omniverse-content-production.s3-us-west-2.amazonaws.com/Assets/Isaac/5.1/Isaac/Materials) by extensions ['ros']
[0.082s] Level 1:colcon.colcon_core.package_identification:_identify(isaacpjt/M0609/Collected_m0609_camera/omniverse-content-production.s3-us-west-2.amazonaws.com/Assets/Isaac/5.1/Isaac/Materials) by extension 'ros'
[0.082s] Level 1:colcon.colcon_core.package_identification:_identify(isaacpjt/M0609/Collected_m0609_camera/omniverse-content-production.s3-us-west-2.amazonaws.com/Assets/Isaac/5.1/Isaac/Materials) by extensions ['cmake', 'python']
[0.082s] Level 1:colcon.colcon_core.package_identification:_identify(isaacpjt/M0609/Collected_m0609_camera/omniverse-content-production.s3-us-west-2.amazonaws.com/Assets/Isaac/5.1/Isaac/Materials) by extension 'cmake'
[0.082s] Level 1:colcon.colcon_core.package_identification:_identify(isaacpjt/M0609/Collected_m0609_camera/omniverse-content-production.s3-us-west-2.amazonaws.com/Assets/Isaac/5.1/Isaac/Materials) by extension 'python'
[0.082s] Level 1:colcon.colcon_core.package_identification:_identify(isaacpjt/M0609/Collected_m0609_camera/omniverse-content-production.s3-us-west-2.amazonaws.com/Assets/Isaac/5.1/Isaac/Materials) by extensions ['python_setup_py']
[0.082s] Level 1:colcon.colcon_core.package_identification:_identify(isaacpjt/M0609/Collected_m0609_camera/omniverse-content-production.s3-us-west-2.amazonaws.com/Assets/Isaac/5.1/Isaac/Materials) by extension 'python_setup_py'
[0.082s] Level 1:colcon.colcon_core.package_identification:_identify(isaacpjt/M0609/Collected_m0609_camera/omniverse-content-production.s3-us-west-2.amazonaws.com/Assets/Isaac/5.1/Isaac/Materials/Base) by extensions ['ignore', 'ignore_ament_install']
[0.082s] Level 1:colcon.colcon_core.package_identification:_identify(isaacpjt/M0609/Collected_m0609_camera/omniverse-content-production.s3-us-west-2.amazonaws.com/Assets/Isaac/5.1/Isaac/Materials/Base) by extension 'ignore'
[0.082s] Level 1:colcon.colcon_core.package_identification:_identify(isaacpjt/M0609/Collected_m0609_camera/omniverse-content-production.s3-us-west-2.amazonaws.com/Assets/Isaac/5.1/Isaac/Materials/Base) by extension 'ignore_ament_install'
[0.082s] Level 1:colcon.colcon_core.package_identification:_identify(isaacpjt/M0609/Collected_m0609_camera/omniverse-content-production.s3-us-west-2.amazonaws.com/Assets/Isaac/5.1/Isaac/Materials/Base) by extensions ['colcon_pkg']
[0.082s] Level 1:colcon.colcon_core.package_identification:_identify(isaacpjt/M0609/Collected_m0609_camera/omniverse-content-production.s3-us-west-2.amazonaws.com/Assets/Isaac/5.1/Isaac/Materials/Base) by extension 'colcon_pkg'
[0.082s] Level 1:colcon.colcon_core.package_identification:_identify(isaacpjt/M0609/Collected_m0609_camera/omniverse-content-production.s3-us-west-2.amazonaws.com/Assets/Isaac/5.1/Isaac/Materials/Base) by extensions ['colcon_meta']
[0.082s] Level 1:colcon.colcon_core.package_identification:_identify(isaacpjt/M0609/Collected_m0609_camera/omniverse-content-production.s3-us-west-2.amazonaws.com/Assets/Isaac/5.1/Isaac/Materials/Base) by extension 'colcon_meta'
[0.082s] Level 1:colcon.colcon_core.package_identification:_identify(isaacpjt/M0609/Collected_m0609_camera/omniverse-content-production.s3-us-west-2.amazonaws.com/Assets/Isaac/5.1/Isaac/Materials/Base) by extensions ['ros']
[0.082s] Level 1:colcon.colcon_core.package_identification:_identify(isaacpjt/M0609/Collected_m0609_camera/omniverse-content-production.s3-us-west-2.amazonaws.com/Assets/Isaac/5.1/Isaac/Materials/Base) by extension 'ros'
[0.082s] Level 1:colcon.colcon_core.package_identification:_identify(isaacpjt/M0609/Collected_m0609_camera/omniverse-content-production.s3-us-west-2.amazonaws.com/Assets/Isaac/5.1/Isaac/Materials/Base) by extensions ['cmake', 'python']
[0.082s] Level 1:colcon.colcon_core.package_identification:_identify(isaacpjt/M0609/Collected_m0609_camera/omniverse-content-production.s3-us-west-2.amazonaws.com/Assets/Isaac/5.1/Isaac/Materials/Base) by extension 'cmake'
[0.082s] Level 1:colcon.colcon_core.package_identification:_identify(isaacpjt/M0609/Collected_m0609_camera/omniverse-content-production.s3-us-west-2.amazonaws.com/Assets/Isaac/5.1/Isaac/Materials/Base) by extension 'python'
[0.082s] Level 1:colcon.colcon_core.package_identification:_identify(isaacpjt/M0609/Collected_m0609_camera/omniverse-content-production.s3-us-west-2.amazonaws.com/Assets/Isaac/5.1/Isaac/Materials/Base) by extensions ['python_setup_py']
[0.082s] Level 1:colcon.colcon_core.package_identification:_identify(isaacpjt/M0609/Collected_m0609_camera/omniverse-content-production.s3-us-west-2.amazonaws.com/Assets/Isaac/5.1/Isaac/Materials/Base) by extension 'python_setup_py'
[0.082s] Level 1:colcon.colcon_core.package_identification:_identify(isaacpjt/M0609/Collected_m0609_camera/omniverse-content-production.s3-us-west-2.amazonaws.com/Assets/Isaac/5.1/Isaac/Materials/Base/Metals) by extensions ['ignore', 'ignore_ament_install']
[0.082s] Level 1:colcon.colcon_core.package_identification:_identify(isaacpjt/M0609/Collected_m0609_camera/omniverse-content-production.s3-us-west-2.amazonaws.com/Assets/Isaac/5.1/Isaac/Materials/Base/Metals) by extension 'ignore'
[0.082s] Level 1:colcon.colcon_core.package_identification:_identify(isaacpjt/M0609/Collected_m0609_camera/omniverse-content-production.s3-us-west-2.amazonaws.com/Assets/Isaac/5.1/Isaac/Materials/Base/Metals) by extension 'ignore_ament_install'
[0.082s] Level 1:colcon.colcon_core.package_identification:_identify(isaacpjt/M0609/Collected_m0609_camera/omniverse-content-production.s3-us-west-2.amazonaws.com/Assets/Isaac/5.1/Isaac/Materials/Base/Metals) by extensions ['colcon_pkg']
[0.082s] Level 1:colcon.colcon_core.package_identification:_identify(isaacpjt/M0609/Collected_m0609_camera/omniverse-content-production.s3-us-west-2.amazonaws.com/Assets/Isaac/5.1/Isaac/Materials/Base/Metals) by extension 'colcon_pkg'
[0.082s] Level 1:colcon.colcon_core.package_identification:_identify(isaacpjt/M0609/Collected_m0609_camera/omniverse-content-production.s3-us-west-2.amazonaws.com/Assets/Isaac/5.1/Isaac/Materials/Base/Metals) by extensions ['colcon_meta']
[0.082s] Level 1:colcon.colcon_core.package_identification:_identify(isaacpjt/M0609/Collected_m0609_camera/omniverse-content-production.s3-us-west-2.amazonaws.com/Assets/Isaac/5.1/Isaac/Materials/Base/Metals) by extension 'colcon_meta'
[0.082s] Level 1:colcon.colcon_core.package_identification:_identify(isaacpjt/M0609/Collected_m0609_camera/omniverse-content-production.s3-us-west-2.amazonaws.com/Assets/Isaac/5.1/Isaac/Materials/Base/Metals) by extensions ['ros']
[0.082s] Level 1:colcon.colcon_core.package_identification:_identify(isaacpjt/M0609/Collected_m0609_camera/omniverse-content-production.s3-us-west-2.amazonaws.com/Assets/Isaac/5.1/Isaac/Materials/Base/Metals) by extension 'ros'
[0.082s] Level 1:colcon.colcon_core.package_identification:_identify(isaacpjt/M0609/Collected_m0609_camera/omniverse-content-production.s3-us-west-2.amazonaws.com/Assets/Isaac/5.1/Isaac/Materials/Base/Metals) by extensions ['cmake', 'python']
[0.082s] Level 1:colcon.colcon_core.package_identification:_identify(isaacpjt/M0609/Collected_m0609_camera/omniverse-content-production.s3-us-west-2.amazonaws.com/Assets/Isaac/5.1/Isaac/Materials/Base/Metals) by extension 'cmake'
[0.082s] Level 1:colcon.colcon_core.package_identification:_identify(isaacpjt/M0609/Collected_m0609_camera/omniverse-content-production.s3-us-west-2.amazonaws.com/Assets/Isaac/5.1/Isaac/Materials/Base/Metals) by extension 'python'
[0.082s] Level 1:colcon.colcon_core.package_identification:_identify(isaacpjt/M0609/Collected_m0609_camera/omniverse-content-production.s3-us-west-2.amazonaws.com/Assets/Isaac/5.1/Isaac/Materials/Base/Metals) by extensions ['python_setup_py']
[0.082s] Level 1:colcon.colcon_core.package_identification:_identify(isaacpjt/M0609/Collected_m0609_camera/omniverse-content-production.s3-us-west-2.amazonaws.com/Assets/Isaac/5.1/Isaac/Materials/Base/Metals) by extension 'python_setup_py'
[0.082s] Level 1:colcon.colcon_core.package_identification:_identify(isaacpjt/M0609/Collected_m0609_camera/omniverse-content-production.s3-us-west-2.amazonaws.com/Assets/Isaac/5.1/Isaac/Materials/Base/Metals/Aluminum_Anodized) by extensions ['ignore', 'ignore_ament_install']
[0.082s] Level 1:colcon.colcon_core.package_identification:_identify(isaacpjt/M0609/Collected_m0609_camera/omniverse-content-production.s3-us-west-2.amazonaws.com/Assets/Isaac/5.1/Isaac/Materials/Base/Metals/Aluminum_Anodized) by extension 'ignore'
[0.082s] Level 1:colcon.colcon_core.package_identification:_identify(isaacpjt/M0609/Collected_m0609_camera/omniverse-content-production.s3-us-west-2.amazonaws.com/Assets/Isaac/5.1/Isaac/Materials/Base/Metals/Aluminum_Anodized) by extension 'ignore_ament_install'
[0.082s] Level 1:colcon.colcon_core.package_identification:_identify(isaacpjt/M0609/Collected_m0609_camera/omniverse-content-production.s3-us-west-2.amazonaws.com/Assets/Isaac/5.1/Isaac/Materials/Base/Metals/Aluminum_Anodized) by extensions ['colcon_pkg']
[0.082s] Level 1:colcon.colcon_core.package_identification:_identify(isaacpjt/M0609/Collected_m0609_camera/omniverse-content-production.s3-us-west-2.amazonaws.com/Assets/Isaac/5.1/Isaac/Materials/Base/Metals/Aluminum_Anodized) by extension 'colcon_pkg'
[0.082s] Level 1:colcon.colcon_core.package_identification:_identify(isaacpjt/M0609/Collected_m0609_camera/omniverse-content-production.s3-us-west-2.amazonaws.com/Assets/Isaac/5.1/Isaac/Materials/Base/Metals/Aluminum_Anodized) by extensions ['colcon_meta']
[0.082s] Level 1:colcon.colcon_core.package_identification:_identify(isaacpjt/M0609/Collected_m0609_camera/omniverse-content-production.s3-us-west-2.amazonaws.com/Assets/Isaac/5.1/Isaac/Materials/Base/Metals/Aluminum_Anodized) by extension 'colcon_meta'
[0.082s] Level 1:colcon.colcon_core.package_identification:_identify(isaacpjt/M0609/Collected_m0609_camera/omniverse-content-production.s3-us-west-2.amazonaws.com/Assets/Isaac/5.1/Isaac/Materials/Base/Metals/Aluminum_Anodized) by extensions ['ros']
[0.082s] Level 1:colcon.colcon_core.package_identification:_identify(isaacpjt/M0609/Collected_m0609_camera/omniverse-content-production.s3-us-west-2.amazonaws.com/Assets/Isaac/5.1/Isaac/Materials/Base/Metals/Aluminum_Anodized) by extension 'ros'
[0.082s] Level 1:colcon.colcon_core.package_identification:_identify(isaacpjt/M0609/Collected_m0609_camera/omniverse-content-production.s3-us-west-2.amazonaws.com/Assets/Isaac/5.1/Isaac/Materials/Base/Metals/Aluminum_Anodized) by extensions ['cmake', 'python']
[0.082s] Level 1:colcon.colcon_core.package_identification:_identify(isaacpjt/M0609/Collected_m0609_camera/omniverse-content-production.s3-us-west-2.amazonaws.com/Assets/Isaac/5.1/Isaac/Materials/Base/Metals/Aluminum_Anodized) by extension 'cmake'
[0.083s] Level 1:colcon.colcon_core.package_identification:_identify(isaacpjt/M0609/Collected_m0609_camera/omniverse-content-production.s3-us-west-2.amazonaws.com/Assets/Isaac/5.1/Isaac/Materials/Base/Metals/Aluminum_Anodized) by extension 'python'
[0.083s] Level 1:colcon.colcon_core.package_identification:_identify(isaacpjt/M0609/Collected_m0609_camera/omniverse-content-production.s3-us-west-2.amazonaws.com/Assets/Isaac/5.1/Isaac/Materials/Base/Metals/Aluminum_Anodized) by extensions ['python_setup_py']
[0.083s] Level 1:colcon.colcon_core.package_identification:_identify(isaacpjt/M0609/Collected_m0609_camera/omniverse-content-production.s3-us-west-2.amazonaws.com/Assets/Isaac/5.1/Isaac/Materials/Base/Metals/Aluminum_Anodized) by extension 'python_setup_py'
[0.083s] Level 1:colcon.colcon_core.package_identification:_identify(isaacpjt/M0609/Collected_m0609_camera/omniverse-content-production.s3-us-west-2.amazonaws.com/Assets/Isaac/5.1/Isaac/Materials/Base/Metals/Aluminum_Cast) by extensions ['ignore', 'ignore_ament_install']
[0.083s] Level 1:colcon.colcon_core.package_identification:_identify(isaacpjt/M0609/Collected_m0609_camera/omniverse-content-production.s3-us-west-2.amazonaws.com/Assets/Isaac/5.1/Isaac/Materials/Base/Metals/Aluminum_Cast) by extension 'ignore'
[0.083s] Level 1:colcon.colcon_core.package_identification:_identify(isaacpjt/M0609/Collected_m0609_camera/omniverse-content-production.s3-us-west-2.amazonaws.com/Assets/Isaac/5.1/Isaac/Materials/Base/Metals/Aluminum_Cast) by extension 'ignore_ament_install'
[0.083s] Level 1:colcon.colcon_core.package_identification:_identify(isaacpjt/M0609/Collected_m0609_camera/omniverse-content-production.s3-us-west-2.amazonaws.com/Assets/Isaac/5.1/Isaac/Materials/Base/Metals/Aluminum_Cast) by extensions ['colcon_pkg']
[0.083s] Level 1:colcon.colcon_core.package_identification:_identify(isaacpjt/M0609/Collected_m0609_camera/omniverse-content-production.s3-us-west-2.amazonaws.com/Assets/Isaac/5.1/Isaac/Materials/Base/Metals/Aluminum_Cast) by extension 'colcon_pkg'
[0.083s] Level 1:colcon.colcon_core.package_identification:_identify(isaacpjt/M0609/Collected_m0609_camera/omniverse-content-production.s3-us-west-2.amazonaws.com/Assets/Isaac/5.1/Isaac/Materials/Base/Metals/Aluminum_Cast) by extensions ['colcon_meta']
[0.083s] Level 1:colcon.colcon_core.package_identification:_identify(isaacpjt/M0609/Collected_m0609_camera/omniverse-content-production.s3-us-west-2.amazonaws.com/Assets/Isaac/5.1/Isaac/Materials/Base/Metals/Aluminum_Cast) by extension 'colcon_meta'
[0.083s] Level 1:colcon.colcon_core.package_identification:_identify(isaacpjt/M0609/Collected_m0609_camera/omniverse-content-production.s3-us-west-2.amazonaws.com/Assets/Isaac/5.1/Isaac/Materials/Base/Metals/Aluminum_Cast) by extensions ['ros']
[0.083s] Level 1:colcon.colcon_core.package_identification:_identify(isaacpjt/M0609/Collected_m0609_camera/omniverse-content-production.s3-us-west-2.amazonaws.com/Assets/Isaac/5.1/Isaac/Materials/Base/Metals/Aluminum_Cast) by extension 'ros'
[0.083s] Level 1:colcon.colcon_core.package_identification:_identify(isaacpjt/M0609/Collected_m0609_camera/omniverse-content-production.s3-us-west-2.amazonaws.com/Assets/Isaac/5.1/Isaac/Materials/Base/Metals/Aluminum_Cast) by extensions ['cmake', 'python']
[0.083s] Level 1:colcon.colcon_core.package_identification:_identify(isaacpjt/M0609/Collected_m0609_camera/omniverse-content-production.s3-us-west-2.amazonaws.com/Assets/Isaac/5.1/Isaac/Materials/Base/Metals/Aluminum_Cast) by extension 'cmake'
[0.083s] Level 1:colcon.colcon_core.package_identification:_identify(isaacpjt/M0609/Collected_m0609_camera/omniverse-content-production.s3-us-west-2.amazonaws.com/Assets/Isaac/5.1/Isaac/Materials/Base/Metals/Aluminum_Cast) by extension 'python'
[0.083s] Level 1:colcon.colcon_core.package_identification:_identify(isaacpjt/M0609/Collected_m0609_camera/omniverse-content-production.s3-us-west-2.amazonaws.com/Assets/Isaac/5.1/Isaac/Materials/Base/Metals/Aluminum_Cast) by extensions ['python_setup_py']
[0.083s] Level 1:colcon.colcon_core.package_identification:_identify(isaacpjt/M0609/Collected_m0609_camera/omniverse-content-production.s3-us-west-2.amazonaws.com/Assets/Isaac/5.1/Isaac/Materials/Base/Metals/Aluminum_Cast) by extension 'python_setup_py'
[0.083s] Level 1:colcon.colcon_core.package_identification:_identify(isaacpjt/M0609/Collected_m0609_camera/omniverse-content-production.s3-us-west-2.amazonaws.com/Assets/Isaac/5.1/Isaac/Materials/Base/Plastics) by extensions ['ignore', 'ignore_ament_install']
[0.083s] Level 1:colcon.colcon_core.package_identification:_identify(isaacpjt/M0609/Collected_m0609_camera/omniverse-content-production.s3-us-west-2.amazonaws.com/Assets/Isaac/5.1/Isaac/Materials/Base/Plastics) by extension 'ignore'
[0.083s] Level 1:colcon.colcon_core.package_identification:_identify(isaacpjt/M0609/Collected_m0609_camera/omniverse-content-production.s3-us-west-2.amazonaws.com/Assets/Isaac/5.1/Isaac/Materials/Base/Plastics) by extension 'ignore_ament_install'
[0.083s] Level 1:colcon.colcon_core.package_identification:_identify(isaacpjt/M0609/Collected_m0609_camera/omniverse-content-production.s3-us-west-2.amazonaws.com/Assets/Isaac/5.1/Isaac/Materials/Base/Plastics) by extensions ['colcon_pkg']
[0.083s] Level 1:colcon.colcon_core.package_identification:_identify(isaacpjt/M0609/Collected_m0609_camera/omniverse-content-production.s3-us-west-2.amazonaws.com/Assets/Isaac/5.1/Isaac/Materials/Base/Plastics) by extension 'colcon_pkg'
[0.083s] Level 1:colcon.colcon_core.package_identification:_identify(isaacpjt/M0609/Collected_m0609_camera/omniverse-content-production.s3-us-west-2.amazonaws.com/Assets/Isaac/5.1/Isaac/Materials/Base/Plastics) by extensions ['colcon_meta']
[0.083s] Level 1:colcon.colcon_core.package_identification:_identify(isaacpjt/M0609/Collected_m0609_camera/omniverse-content-production.s3-us-west-2.amazonaws.com/Assets/Isaac/5.1/Isaac/Materials/Base/Plastics) by extension 'colcon_meta'
[0.083s] Level 1:colcon.colcon_core.package_identification:_identify(isaacpjt/M0609/Collected_m0609_camera/omniverse-content-production.s3-us-west-2.amazonaws.com/Assets/Isaac/5.1/Isaac/Materials/Base/Plastics) by extensions ['ros']
[0.083s] Level 1:colcon.colcon_core.package_identification:_identify(isaacpjt/M0609/Collected_m0609_camera/omniverse-content-production.s3-us-west-2.amazonaws.com/Assets/Isaac/5.1/Isaac/Materials/Base/Plastics) by extension 'ros'
[0.083s] Level 1:colcon.colcon_core.package_identification:_identify(isaacpjt/M0609/Collected_m0609_camera/omniverse-content-production.s3-us-west-2.amazonaws.com/Assets/Isaac/5.1/Isaac/Materials/Base/Plastics) by extensions ['cmake', 'python']
[0.083s] Level 1:colcon.colcon_core.package_identification:_identify(isaacpjt/M0609/Collected_m0609_camera/omniverse-content-production.s3-us-west-2.amazonaws.com/Assets/Isaac/5.1/Isaac/Materials/Base/Plastics) by extension 'cmake'
[0.083s] Level 1:colcon.colcon_core.package_identification:_identify(isaacpjt/M0609/Collected_m0609_camera/omniverse-content-production.s3-us-west-2.amazonaws.com/Assets/Isaac/5.1/Isaac/Materials/Base/Plastics) by extension 'python'
[0.083s] Level 1:colcon.colcon_core.package_identification:_identify(isaacpjt/M0609/Collected_m0609_camera/omniverse-content-production.s3-us-west-2.amazonaws.com/Assets/Isaac/5.1/Isaac/Materials/Base/Plastics) by extensions ['python_setup_py']
[0.083s] Level 1:colcon.colcon_core.package_identification:_identify(isaacpjt/M0609/Collected_m0609_camera/omniverse-content-production.s3-us-west-2.amazonaws.com/Assets/Isaac/5.1/Isaac/Materials/Base/Plastics) by extension 'python_setup_py'
[0.083s] Level 1:colcon.colcon_core.package_identification:_identify(isaacpjt/M0609/Collected_m0609_camera/omniverse-content-production.s3-us-west-2.amazonaws.com/Assets/Isaac/5.1/Isaac/Sensors) by extensions ['ignore', 'ignore_ament_install']
[0.083s] Level 1:colcon.colcon_core.package_identification:_identify(isaacpjt/M0609/Collected_m0609_camera/omniverse-content-production.s3-us-west-2.amazonaws.com/Assets/Isaac/5.1/Isaac/Sensors) by extension 'ignore'
[0.083s] Level 1:colcon.colcon_core.package_identification:_identify(isaacpjt/M0609/Collected_m0609_camera/omniverse-content-production.s3-us-west-2.amazonaws.com/Assets/Isaac/5.1/Isaac/Sensors) by extension 'ignore_ament_install'
[0.083s] Level 1:colcon.colcon_core.package_identification:_identify(isaacpjt/M0609/Collected_m0609_camera/omniverse-content-production.s3-us-west-2.amazonaws.com/Assets/Isaac/5.1/Isaac/Sensors) by extensions ['colcon_pkg']
[0.083s] Level 1:colcon.colcon_core.package_identification:_identify(isaacpjt/M0609/Collected_m0609_camera/omniverse-content-production.s3-us-west-2.amazonaws.com/Assets/Isaac/5.1/Isaac/Sensors) by extension 'colcon_pkg'
[0.083s] Level 1:colcon.colcon_core.package_identification:_identify(isaacpjt/M0609/Collected_m0609_camera/omniverse-content-production.s3-us-west-2.amazonaws.com/Assets/Isaac/5.1/Isaac/Sensors) by extensions ['colcon_meta']
[0.083s] Level 1:colcon.colcon_core.package_identification:_identify(isaacpjt/M0609/Collected_m0609_camera/omniverse-content-production.s3-us-west-2.amazonaws.com/Assets/Isaac/5.1/Isaac/Sensors) by extension 'colcon_meta'
[0.083s] Level 1:colcon.colcon_core.package_identification:_identify(isaacpjt/M0609/Collected_m0609_camera/omniverse-content-production.s3-us-west-2.amazonaws.com/Assets/Isaac/5.1/Isaac/Sensors) by extensions ['ros']
[0.083s] Level 1:colcon.colcon_core.package_identification:_identify(isaacpjt/M0609/Collected_m0609_camera/omniverse-content-production.s3-us-west-2.amazonaws.com/Assets/Isaac/5.1/Isaac/Sensors) by extension 'ros'
[0.083s] Level 1:colcon.colcon_core.package_identification:_identify(isaacpjt/M0609/Collected_m0609_camera/omniverse-content-production.s3-us-west-2.amazonaws.com/Assets/Isaac/5.1/Isaac/Sensors) by extensions ['cmake', 'python']
[0.083s] Level 1:colcon.colcon_core.package_identification:_identify(isaacpjt/M0609/Collected_m0609_camera/omniverse-content-production.s3-us-west-2.amazonaws.com/Assets/Isaac/5.1/Isaac/Sensors) by extension 'cmake'
[0.083s] Level 1:colcon.colcon_core.package_identification:_identify(isaacpjt/M0609/Collected_m0609_camera/omniverse-content-production.s3-us-west-2.amazonaws.com/Assets/Isaac/5.1/Isaac/Sensors) by extension 'python'
[0.083s] Level 1:colcon.colcon_core.package_identification:_identify(isaacpjt/M0609/Collected_m0609_camera/omniverse-content-production.s3-us-west-2.amazonaws.com/Assets/Isaac/5.1/Isaac/Sensors) by extensions ['python_setup_py']
[0.083s] Level 1:colcon.colcon_core.package_identification:_identify(isaacpjt/M0609/Collected_m0609_camera/omniverse-content-production.s3-us-west-2.amazonaws.com/Assets/Isaac/5.1/Isaac/Sensors) by extension 'python_setup_py'
[0.083s] Level 1:colcon.colcon_core.package_identification:_identify(isaacpjt/M0609/Collected_m0609_camera/omniverse-content-production.s3-us-west-2.amazonaws.com/Assets/Isaac/5.1/Isaac/Sensors/Intel) by extensions ['ignore', 'ignore_ament_install']
[0.083s] Level 1:colcon.colcon_core.package_identification:_identify(isaacpjt/M0609/Collected_m0609_camera/omniverse-content-production.s3-us-west-2.amazonaws.com/Assets/Isaac/5.1/Isaac/Sensors/Intel) by extension 'ignore'
[0.083s] Level 1:colcon.colcon_core.package_identification:_identify(isaacpjt/M0609/Collected_m0609_camera/omniverse-content-production.s3-us-west-2.amazonaws.com/Assets/Isaac/5.1/Isaac/Sensors/Intel) by extension 'ignore_ament_install'
[0.084s] Level 1:colcon.colcon_core.package_identification:_identify(isaacpjt/M0609/Collected_m0609_camera/omniverse-content-production.s3-us-west-2.amazonaws.com/Assets/Isaac/5.1/Isaac/Sensors/Intel) by extensions ['colcon_pkg']
[0.084s] Level 1:colcon.colcon_core.package_identification:_identify(isaacpjt/M0609/Collected_m0609_camera/omniverse-content-production.s3-us-west-2.amazonaws.com/Assets/Isaac/5.1/Isaac/Sensors/Intel) by extension 'colcon_pkg'
[0.084s] Level 1:colcon.colcon_core.package_identification:_identify(isaacpjt/M0609/Collected_m0609_camera/omniverse-content-production.s3-us-west-2.amazonaws.com/Assets/Isaac/5.1/Isaac/Sensors/Intel) by extensions ['colcon_meta']
[0.084s] Level 1:colcon.colcon_core.package_identification:_identify(isaacpjt/M0609/Collected_m0609_camera/omniverse-content-production.s3-us-west-2.amazonaws.com/Assets/Isaac/5.1/Isaac/Sensors/Intel) by extension 'colcon_meta'
[0.084s] Level 1:colcon.colcon_core.package_identification:_identify(isaacpjt/M0609/Collected_m0609_camera/omniverse-content-production.s3-us-west-2.amazonaws.com/Assets/Isaac/5.1/Isaac/Sensors/Intel) by extensions ['ros']
[0.084s] Level 1:colcon.colcon_core.package_identification:_identify(isaacpjt/M0609/Collected_m0609_camera/omniverse-content-production.s3-us-west-2.amazonaws.com/Assets/Isaac/5.1/Isaac/Sensors/Intel) by extension 'ros'
[0.084s] Level 1:colcon.colcon_core.package_identification:_identify(isaacpjt/M0609/Collected_m0609_camera/omniverse-content-production.s3-us-west-2.amazonaws.com/Assets/Isaac/5.1/Isaac/Sensors/Intel) by extensions ['cmake', 'python']
[0.084s] Level 1:colcon.colcon_core.package_identification:_identify(isaacpjt/M0609/Collected_m0609_camera/omniverse-content-production.s3-us-west-2.amazonaws.com/Assets/Isaac/5.1/Isaac/Sensors/Intel) by extension 'cmake'
[0.084s] Level 1:colcon.colcon_core.package_identification:_identify(isaacpjt/M0609/Collected_m0609_camera/omniverse-content-production.s3-us-west-2.amazonaws.com/Assets/Isaac/5.1/Isaac/Sensors/Intel) by extension 'python'
[0.084s] Level 1:colcon.colcon_core.package_identification:_identify(isaacpjt/M0609/Collected_m0609_camera/omniverse-content-production.s3-us-west-2.amazonaws.com/Assets/Isaac/5.1/Isaac/Sensors/Intel) by extensions ['python_setup_py']
[0.084s] Level 1:colcon.colcon_core.package_identification:_identify(isaacpjt/M0609/Collected_m0609_camera/omniverse-content-production.s3-us-west-2.amazonaws.com/Assets/Isaac/5.1/Isaac/Sensors/Intel) by extension 'python_setup_py'
[0.084s] Level 1:colcon.colcon_core.package_identification:_identify(isaacpjt/M0609/Collected_m0609_camera/omniverse-content-production.s3-us-west-2.amazonaws.com/Assets/Isaac/5.1/Isaac/Sensors/Intel/RealSense) by extensions ['ignore', 'ignore_ament_install']
[0.084s] Level 1:colcon.colcon_core.package_identification:_identify(isaacpjt/M0609/Collected_m0609_camera/omniverse-content-production.s3-us-west-2.amazonaws.com/Assets/Isaac/5.1/Isaac/Sensors/Intel/RealSense) by extension 'ignore'
[0.084s] Level 1:colcon.colcon_core.package_identification:_identify(isaacpjt/M0609/Collected_m0609_camera/omniverse-content-production.s3-us-west-2.amazonaws.com/Assets/Isaac/5.1/Isaac/Sensors/Intel/RealSense) by extension 'ignore_ament_install'
[0.084s] Level 1:colcon.colcon_core.package_identification:_identify(isaacpjt/M0609/Collected_m0609_camera/omniverse-content-production.s3-us-west-2.amazonaws.com/Assets/Isaac/5.1/Isaac/Sensors/Intel/RealSense) by extensions ['colcon_pkg']
[0.084s] Level 1:colcon.colcon_core.package_identification:_identify(isaacpjt/M0609/Collected_m0609_camera/omniverse-content-production.s3-us-west-2.amazonaws.com/Assets/Isaac/5.1/Isaac/Sensors/Intel/RealSense) by extension 'colcon_pkg'
[0.084s] Level 1:colcon.colcon_core.package_identification:_identify(isaacpjt/M0609/Collected_m0609_camera/omniverse-content-production.s3-us-west-2.amazonaws.com/Assets/Isaac/5.1/Isaac/Sensors/Intel/RealSense) by extensions ['colcon_meta']
[0.084s] Level 1:colcon.colcon_core.package_identification:_identify(isaacpjt/M0609/Collected_m0609_camera/omniverse-content-production.s3-us-west-2.amazonaws.com/Assets/Isaac/5.1/Isaac/Sensors/Intel/RealSense) by extension 'colcon_meta'
[0.084s] Level 1:colcon.colcon_core.package_identification:_identify(isaacpjt/M0609/Collected_m0609_camera/omniverse-content-production.s3-us-west-2.amazonaws.com/Assets/Isaac/5.1/Isaac/Sensors/Intel/RealSense) by extensions ['ros']
[0.084s] Level 1:colcon.colcon_core.package_identification:_identify(isaacpjt/M0609/Collected_m0609_camera/omniverse-content-production.s3-us-west-2.amazonaws.com/Assets/Isaac/5.1/Isaac/Sensors/Intel/RealSense) by extension 'ros'
[0.084s] Level 1:colcon.colcon_core.package_identification:_identify(isaacpjt/M0609/Collected_m0609_camera/omniverse-content-production.s3-us-west-2.amazonaws.com/Assets/Isaac/5.1/Isaac/Sensors/Intel/RealSense) by extensions ['cmake', 'python']
[0.084s] Level 1:colcon.colcon_core.package_identification:_identify(isaacpjt/M0609/Collected_m0609_camera/omniverse-content-production.s3-us-west-2.amazonaws.com/Assets/Isaac/5.1/Isaac/Sensors/Intel/RealSense) by extension 'cmake'
[0.084s] Level 1:colcon.colcon_core.package_identification:_identify(isaacpjt/M0609/Collected_m0609_camera/omniverse-content-production.s3-us-west-2.amazonaws.com/Assets/Isaac/5.1/Isaac/Sensors/Intel/RealSense) by extension 'python'
[0.084s] Level 1:colcon.colcon_core.package_identification:_identify(isaacpjt/M0609/Collected_m0609_camera/omniverse-content-production.s3-us-west-2.amazonaws.com/Assets/Isaac/5.1/Isaac/Sensors/Intel/RealSense) by extensions ['python_setup_py']
[0.084s] Level 1:colcon.colcon_core.package_identification:_identify(isaacpjt/M0609/Collected_m0609_camera/omniverse-content-production.s3-us-west-2.amazonaws.com/Assets/Isaac/5.1/Isaac/Sensors/Intel/RealSense) by extension 'python_setup_py'
[0.084s] Level 1:colcon.colcon_core.package_identification:_identify(isaacpjt/M0609/Collected_m0609_camera/onrobot_rg2) by extensions ['ignore', 'ignore_ament_install']
[0.084s] Level 1:colcon.colcon_core.package_identification:_identify(isaacpjt/M0609/Collected_m0609_camera/onrobot_rg2) by extension 'ignore'
[0.084s] Level 1:colcon.colcon_core.package_identification:_identify(isaacpjt/M0609/Collected_m0609_camera/onrobot_rg2) by extension 'ignore_ament_install'
[0.084s] Level 1:colcon.colcon_core.package_identification:_identify(isaacpjt/M0609/Collected_m0609_camera/onrobot_rg2) by extensions ['colcon_pkg']
[0.084s] Level 1:colcon.colcon_core.package_identification:_identify(isaacpjt/M0609/Collected_m0609_camera/onrobot_rg2) by extension 'colcon_pkg'
[0.084s] Level 1:colcon.colcon_core.package_identification:_identify(isaacpjt/M0609/Collected_m0609_camera/onrobot_rg2) by extensions ['colcon_meta']
[0.084s] Level 1:colcon.colcon_core.package_identification:_identify(isaacpjt/M0609/Collected_m0609_camera/onrobot_rg2) by extension 'colcon_meta'
[0.084s] Level 1:colcon.colcon_core.package_identification:_identify(isaacpjt/M0609/Collected_m0609_camera/onrobot_rg2) by extensions ['ros']
[0.084s] Level 1:colcon.colcon_core.package_identification:_identify(isaacpjt/M0609/Collected_m0609_camera/onrobot_rg2) by extension 'ros'
[0.084s] Level 1:colcon.colcon_core.package_identification:_identify(isaacpjt/M0609/Collected_m0609_camera/onrobot_rg2) by extensions ['cmake', 'python']
[0.084s] Level 1:colcon.colcon_core.package_identification:_identify(isaacpjt/M0609/Collected_m0609_camera/onrobot_rg2) by extension 'cmake'
[0.084s] Level 1:colcon.colcon_core.package_identification:_identify(isaacpjt/M0609/Collected_m0609_camera/onrobot_rg2) by extension 'python'
[0.084s] Level 1:colcon.colcon_core.package_identification:_identify(isaacpjt/M0609/Collected_m0609_camera/onrobot_rg2) by extensions ['python_setup_py']
[0.084s] Level 1:colcon.colcon_core.package_identification:_identify(isaacpjt/M0609/Collected_m0609_camera/onrobot_rg2) by extension 'python_setup_py'
[0.084s] Level 1:colcon.colcon_core.package_identification:_identify(isaacpjt/M0609/Collected_m0609_camera/onrobot_rg2/urdf) by extensions ['ignore', 'ignore_ament_install']
[0.084s] Level 1:colcon.colcon_core.package_identification:_identify(isaacpjt/M0609/Collected_m0609_camera/onrobot_rg2/urdf) by extension 'ignore'
[0.084s] Level 1:colcon.colcon_core.package_identification:_identify(isaacpjt/M0609/Collected_m0609_camera/onrobot_rg2/urdf) by extension 'ignore_ament_install'
[0.084s] Level 1:colcon.colcon_core.package_identification:_identify(isaacpjt/M0609/Collected_m0609_camera/onrobot_rg2/urdf) by extensions ['colcon_pkg']
[0.084s] Level 1:colcon.colcon_core.package_identification:_identify(isaacpjt/M0609/Collected_m0609_camera/onrobot_rg2/urdf) by extension 'colcon_pkg'
[0.084s] Level 1:colcon.colcon_core.package_identification:_identify(isaacpjt/M0609/Collected_m0609_camera/onrobot_rg2/urdf) by extensions ['colcon_meta']
[0.084s] Level 1:colcon.colcon_core.package_identification:_identify(isaacpjt/M0609/Collected_m0609_camera/onrobot_rg2/urdf) by extension 'colcon_meta'
[0.084s] Level 1:colcon.colcon_core.package_identification:_identify(isaacpjt/M0609/Collected_m0609_camera/onrobot_rg2/urdf) by extensions ['ros']
[0.084s] Level 1:colcon.colcon_core.package_identification:_identify(isaacpjt/M0609/Collected_m0609_camera/onrobot_rg2/urdf) by extension 'ros'
[0.084s] Level 1:colcon.colcon_core.package_identification:_identify(isaacpjt/M0609/Collected_m0609_camera/onrobot_rg2/urdf) by extensions ['cmake', 'python']
[0.084s] Level 1:colcon.colcon_core.package_identification:_identify(isaacpjt/M0609/Collected_m0609_camera/onrobot_rg2/urdf) by extension 'cmake'
[0.084s] Level 1:colcon.colcon_core.package_identification:_identify(isaacpjt/M0609/Collected_m0609_camera/onrobot_rg2/urdf) by extension 'python'
[0.084s] Level 1:colcon.colcon_core.package_identification:_identify(isaacpjt/M0609/Collected_m0609_camera/onrobot_rg2/urdf) by extensions ['python_setup_py']
[0.084s] Level 1:colcon.colcon_core.package_identification:_identify(isaacpjt/M0609/Collected_m0609_camera/onrobot_rg2/urdf) by extension 'python_setup_py'
[0.085s] Level 1:colcon.colcon_core.package_identification:_identify(isaacpjt/M0609/Collected_m0609_camera/onrobot_rg2/urdf/onrobot_rg2) by extensions ['ignore', 'ignore_ament_install']
[0.085s] Level 1:colcon.colcon_core.package_identification:_identify(isaacpjt/M0609/Collected_m0609_camera/onrobot_rg2/urdf/onrobot_rg2) by extension 'ignore'
[0.085s] Level 1:colcon.colcon_core.package_identification:_identify(isaacpjt/M0609/Collected_m0609_camera/onrobot_rg2/urdf/onrobot_rg2) by extension 'ignore_ament_install'
[0.085s] Level 1:colcon.colcon_core.package_identification:_identify(isaacpjt/M0609/Collected_m0609_camera/onrobot_rg2/urdf/onrobot_rg2) by extensions ['colcon_pkg']
[0.085s] Level 1:colcon.colcon_core.package_identification:_identify(isaacpjt/M0609/Collected_m0609_camera/onrobot_rg2/urdf/onrobot_rg2) by extension 'colcon_pkg'
[0.085s] Level 1:colcon.colcon_core.package_identification:_identify(isaacpjt/M0609/Collected_m0609_camera/onrobot_rg2/urdf/onrobot_rg2) by extensions ['colcon_meta']
[0.085s] Level 1:colcon.colcon_core.package_identification:_identify(isaacpjt/M0609/Collected_m0609_camera/onrobot_rg2/urdf/onrobot_rg2) by extension 'colcon_meta'
[0.085s] Level 1:colcon.colcon_core.package_identification:_identify(isaacpjt/M0609/Collected_m0609_camera/onrobot_rg2/urdf/onrobot_rg2) by extensions ['ros']
[0.085s] Level 1:colcon.colcon_core.package_identification:_identify(isaacpjt/M0609/Collected_m0609_camera/onrobot_rg2/urdf/onrobot_rg2) by extension 'ros'
[0.085s] Level 1:colcon.colcon_core.package_identification:_identify(isaacpjt/M0609/Collected_m0609_camera/onrobot_rg2/urdf/onrobot_rg2) by extensions ['cmake', 'python']
[0.085s] Level 1:colcon.colcon_core.package_identification:_identify(isaacpjt/M0609/Collected_m0609_camera/onrobot_rg2/urdf/onrobot_rg2) by extension 'cmake'
[0.085s] Level 1:colcon.colcon_core.package_identification:_identify(isaacpjt/M0609/Collected_m0609_camera/onrobot_rg2/urdf/onrobot_rg2) by extension 'python'
[0.085s] Level 1:colcon.colcon_core.package_identification:_identify(isaacpjt/M0609/Collected_m0609_camera/onrobot_rg2/urdf/onrobot_rg2) by extensions ['python_setup_py']
[0.085s] Level 1:colcon.colcon_core.package_identification:_identify(isaacpjt/M0609/Collected_m0609_camera/onrobot_rg2/urdf/onrobot_rg2) by extension 'python_setup_py'
[0.085s] Level 1:colcon.colcon_core.package_identification:_identify(isaacpjt/M0609/Collected_m0609_camera/onrobot_rg2/urdf/onrobot_rg2/configuration) by extensions ['ignore', 'ignore_ament_install']
[0.085s] Level 1:colcon.colcon_core.package_identification:_identify(isaacpjt/M0609/Collected_m0609_camera/onrobot_rg2/urdf/onrobot_rg2/configuration) by extension 'ignore'
[0.085s] Level 1:colcon.colcon_core.package_identification:_identify(isaacpjt/M0609/Collected_m0609_camera/onrobot_rg2/urdf/onrobot_rg2/configuration) by extension 'ignore_ament_install'
[0.085s] Level 1:colcon.colcon_core.package_identification:_identify(isaacpjt/M0609/Collected_m0609_camera/onrobot_rg2/urdf/onrobot_rg2/configuration) by extensions ['colcon_pkg']
[0.085s] Level 1:colcon.colcon_core.package_identification:_identify(isaacpjt/M0609/Collected_m0609_camera/onrobot_rg2/urdf/onrobot_rg2/configuration) by extension 'colcon_pkg'
[0.085s] Level 1:colcon.colcon_core.package_identification:_identify(isaacpjt/M0609/Collected_m0609_camera/onrobot_rg2/urdf/onrobot_rg2/configuration) by extensions ['colcon_meta']
[0.085s] Level 1:colcon.colcon_core.package_identification:_identify(isaacpjt/M0609/Collected_m0609_camera/onrobot_rg2/urdf/onrobot_rg2/configuration) by extension 'colcon_meta'
[0.085s] Level 1:colcon.colcon_core.package_identification:_identify(isaacpjt/M0609/Collected_m0609_camera/onrobot_rg2/urdf/onrobot_rg2/configuration) by extensions ['ros']
[0.085s] Level 1:colcon.colcon_core.package_identification:_identify(isaacpjt/M0609/Collected_m0609_camera/onrobot_rg2/urdf/onrobot_rg2/configuration) by extension 'ros'
[0.085s] Level 1:colcon.colcon_core.package_identification:_identify(isaacpjt/M0609/Collected_m0609_camera/onrobot_rg2/urdf/onrobot_rg2/configuration) by extensions ['cmake', 'python']
[0.085s] Level 1:colcon.colcon_core.package_identification:_identify(isaacpjt/M0609/Collected_m0609_camera/onrobot_rg2/urdf/onrobot_rg2/configuration) by extension 'cmake'
[0.085s] Level 1:colcon.colcon_core.package_identification:_identify(isaacpjt/M0609/Collected_m0609_camera/onrobot_rg2/urdf/onrobot_rg2/configuration) by extension 'python'
[0.085s] Level 1:colcon.colcon_core.package_identification:_identify(isaacpjt/M0609/Collected_m0609_camera/onrobot_rg2/urdf/onrobot_rg2/configuration) by extensions ['python_setup_py']
[0.085s] Level 1:colcon.colcon_core.package_identification:_identify(isaacpjt/M0609/Collected_m0609_camera/onrobot_rg2/urdf/onrobot_rg2/configuration) by extension 'python_setup_py'
[0.085s] Level 1:colcon.colcon_core.package_identification:_identify(isaacpjt/M0609/Collected_m0609_camera_cube) by extensions ['ignore', 'ignore_ament_install']
[0.085s] Level 1:colcon.colcon_core.package_identification:_identify(isaacpjt/M0609/Collected_m0609_camera_cube) by extension 'ignore'
[0.085s] Level 1:colcon.colcon_core.package_identification:_identify(isaacpjt/M0609/Collected_m0609_camera_cube) by extension 'ignore_ament_install'
[0.085s] Level 1:colcon.colcon_core.package_identification:_identify(isaacpjt/M0609/Collected_m0609_camera_cube) by extensions ['colcon_pkg']
[0.085s] Level 1:colcon.colcon_core.package_identification:_identify(isaacpjt/M0609/Collected_m0609_camera_cube) by extension 'colcon_pkg'
[0.085s] Level 1:colcon.colcon_core.package_identification:_identify(isaacpjt/M0609/Collected_m0609_camera_cube) by extensions ['colcon_meta']
[0.085s] Level 1:colcon.colcon_core.package_identification:_identify(isaacpjt/M0609/Collected_m0609_camera_cube) by extension 'colcon_meta'
[0.085s] Level 1:colcon.colcon_core.package_identification:_identify(isaacpjt/M0609/Collected_m0609_camera_cube) by extensions ['ros']
[0.085s] Level 1:colcon.colcon_core.package_identification:_identify(isaacpjt/M0609/Collected_m0609_camera_cube) by extension 'ros'
[0.085s] Level 1:colcon.colcon_core.package_identification:_identify(isaacpjt/M0609/Collected_m0609_camera_cube) by extensions ['cmake', 'python']
[0.085s] Level 1:colcon.colcon_core.package_identification:_identify(isaacpjt/M0609/Collected_m0609_camera_cube) by extension 'cmake'
[0.085s] Level 1:colcon.colcon_core.package_identification:_identify(isaacpjt/M0609/Collected_m0609_camera_cube) by extension 'python'
[0.085s] Level 1:colcon.colcon_core.package_identification:_identify(isaacpjt/M0609/Collected_m0609_camera_cube) by extensions ['python_setup_py']
[0.085s] Level 1:colcon.colcon_core.package_identification:_identify(isaacpjt/M0609/Collected_m0609_camera_cube) by extension 'python_setup_py'
[0.085s] Level 1:colcon.colcon_core.package_identification:_identify(isaacpjt/M0609/Collected_m0609_camera_cube/doosan-robot2) by extensions ['ignore', 'ignore_ament_install']
[0.085s] Level 1:colcon.colcon_core.package_identification:_identify(isaacpjt/M0609/Collected_m0609_camera_cube/doosan-robot2) by extension 'ignore'
[0.085s] Level 1:colcon.colcon_core.package_identification:_identify(isaacpjt/M0609/Collected_m0609_camera_cube/doosan-robot2) by extension 'ignore_ament_install'
[0.085s] Level 1:colcon.colcon_core.package_identification:_identify(isaacpjt/M0609/Collected_m0609_camera_cube/doosan-robot2) by extensions ['colcon_pkg']
[0.085s] Level 1:colcon.colcon_core.package_identification:_identify(isaacpjt/M0609/Collected_m0609_camera_cube/doosan-robot2) by extension 'colcon_pkg'
[0.085s] Level 1:colcon.colcon_core.package_identification:_identify(isaacpjt/M0609/Collected_m0609_camera_cube/doosan-robot2) by extensions ['colcon_meta']
[0.085s] Level 1:colcon.colcon_core.package_identification:_identify(isaacpjt/M0609/Collected_m0609_camera_cube/doosan-robot2) by extension 'colcon_meta'
[0.085s] Level 1:colcon.colcon_core.package_identification:_identify(isaacpjt/M0609/Collected_m0609_camera_cube/doosan-robot2) by extensions ['ros']
[0.085s] Level 1:colcon.colcon_core.package_identification:_identify(isaacpjt/M0609/Collected_m0609_camera_cube/doosan-robot2) by extension 'ros'
[0.085s] Level 1:colcon.colcon_core.package_identification:_identify(isaacpjt/M0609/Collected_m0609_camera_cube/doosan-robot2) by extensions ['cmake', 'python']
[0.085s] Level 1:colcon.colcon_core.package_identification:_identify(isaacpjt/M0609/Collected_m0609_camera_cube/doosan-robot2) by extension 'cmake'
[0.085s] Level 1:colcon.colcon_core.package_identification:_identify(isaacpjt/M0609/Collected_m0609_camera_cube/doosan-robot2) by extension 'python'
[0.086s] Level 1:colcon.colcon_core.package_identification:_identify(isaacpjt/M0609/Collected_m0609_camera_cube/doosan-robot2) by extensions ['python_setup_py']
[0.086s] Level 1:colcon.colcon_core.package_identification:_identify(isaacpjt/M0609/Collected_m0609_camera_cube/doosan-robot2) by extension 'python_setup_py'
[0.086s] Level 1:colcon.colcon_core.package_identification:_identify(isaacpjt/M0609/Collected_m0609_camera_cube/doosan-robot2/urdf) by extensions ['ignore', 'ignore_ament_install']
[0.086s] Level 1:colcon.colcon_core.package_identification:_identify(isaacpjt/M0609/Collected_m0609_camera_cube/doosan-robot2/urdf) by extension 'ignore'
[0.086s] Level 1:colcon.colcon_core.package_identification:_identify(isaacpjt/M0609/Collected_m0609_camera_cube/doosan-robot2/urdf) by extension 'ignore_ament_install'
[0.086s] Level 1:colcon.colcon_core.package_identification:_identify(isaacpjt/M0609/Collected_m0609_camera_cube/doosan-robot2/urdf) by extensions ['colcon_pkg']
[0.086s] Level 1:colcon.colcon_core.package_identification:_identify(isaacpjt/M0609/Collected_m0609_camera_cube/doosan-robot2/urdf) by extension 'colcon_pkg'
[0.086s] Level 1:colcon.colcon_core.package_identification:_identify(isaacpjt/M0609/Collected_m0609_camera_cube/doosan-robot2/urdf) by extensions ['colcon_meta']
[0.086s] Level 1:colcon.colcon_core.package_identification:_identify(isaacpjt/M0609/Collected_m0609_camera_cube/doosan-robot2/urdf) by extension 'colcon_meta'
[0.086s] Level 1:colcon.colcon_core.package_identification:_identify(isaacpjt/M0609/Collected_m0609_camera_cube/doosan-robot2/urdf) by extensions ['ros']
[0.086s] Level 1:colcon.colcon_core.package_identification:_identify(isaacpjt/M0609/Collected_m0609_camera_cube/doosan-robot2/urdf) by extension 'ros'
[0.086s] Level 1:colcon.colcon_core.package_identification:_identify(isaacpjt/M0609/Collected_m0609_camera_cube/doosan-robot2/urdf) by extensions ['cmake', 'python']
[0.086s] Level 1:colcon.colcon_core.package_identification:_identify(isaacpjt/M0609/Collected_m0609_camera_cube/doosan-robot2/urdf) by extension 'cmake'
[0.086s] Level 1:colcon.colcon_core.package_identification:_identify(isaacpjt/M0609/Collected_m0609_camera_cube/doosan-robot2/urdf) by extension 'python'
[0.086s] Level 1:colcon.colcon_core.package_identification:_identify(isaacpjt/M0609/Collected_m0609_camera_cube/doosan-robot2/urdf) by extensions ['python_setup_py']
[0.086s] Level 1:colcon.colcon_core.package_identification:_identify(isaacpjt/M0609/Collected_m0609_camera_cube/doosan-robot2/urdf) by extension 'python_setup_py'
[0.086s] Level 1:colcon.colcon_core.package_identification:_identify(isaacpjt/M0609/Collected_m0609_camera_cube/doosan-robot2/urdf/m0609_isaac_sim) by extensions ['ignore', 'ignore_ament_install']
[0.086s] Level 1:colcon.colcon_core.package_identification:_identify(isaacpjt/M0609/Collected_m0609_camera_cube/doosan-robot2/urdf/m0609_isaac_sim) by extension 'ignore'
[0.086s] Level 1:colcon.colcon_core.package_identification:_identify(isaacpjt/M0609/Collected_m0609_camera_cube/doosan-robot2/urdf/m0609_isaac_sim) by extension 'ignore_ament_install'
[0.086s] Level 1:colcon.colcon_core.package_identification:_identify(isaacpjt/M0609/Collected_m0609_camera_cube/doosan-robot2/urdf/m0609_isaac_sim) by extensions ['colcon_pkg']
[0.086s] Level 1:colcon.colcon_core.package_identification:_identify(isaacpjt/M0609/Collected_m0609_camera_cube/doosan-robot2/urdf/m0609_isaac_sim) by extension 'colcon_pkg'
[0.086s] Level 1:colcon.colcon_core.package_identification:_identify(isaacpjt/M0609/Collected_m0609_camera_cube/doosan-robot2/urdf/m0609_isaac_sim) by extensions ['colcon_meta']
[0.086s] Level 1:colcon.colcon_core.package_identification:_identify(isaacpjt/M0609/Collected_m0609_camera_cube/doosan-robot2/urdf/m0609_isaac_sim) by extension 'colcon_meta'
[0.086s] Level 1:colcon.colcon_core.package_identification:_identify(isaacpjt/M0609/Collected_m0609_camera_cube/doosan-robot2/urdf/m0609_isaac_sim) by extensions ['ros']
[0.086s] Level 1:colcon.colcon_core.package_identification:_identify(isaacpjt/M0609/Collected_m0609_camera_cube/doosan-robot2/urdf/m0609_isaac_sim) by extension 'ros'
[0.086s] Level 1:colcon.colcon_core.package_identification:_identify(isaacpjt/M0609/Collected_m0609_camera_cube/doosan-robot2/urdf/m0609_isaac_sim) by extensions ['cmake', 'python']
[0.086s] Level 1:colcon.colcon_core.package_identification:_identify(isaacpjt/M0609/Collected_m0609_camera_cube/doosan-robot2/urdf/m0609_isaac_sim) by extension 'cmake'
[0.086s] Level 1:colcon.colcon_core.package_identification:_identify(isaacpjt/M0609/Collected_m0609_camera_cube/doosan-robot2/urdf/m0609_isaac_sim) by extension 'python'
[0.086s] Level 1:colcon.colcon_core.package_identification:_identify(isaacpjt/M0609/Collected_m0609_camera_cube/doosan-robot2/urdf/m0609_isaac_sim) by extensions ['python_setup_py']
[0.086s] Level 1:colcon.colcon_core.package_identification:_identify(isaacpjt/M0609/Collected_m0609_camera_cube/doosan-robot2/urdf/m0609_isaac_sim) by extension 'python_setup_py'
[0.086s] Level 1:colcon.colcon_core.package_identification:_identify(isaacpjt/M0609/Collected_m0609_camera_cube/doosan-robot2/urdf/m0609_isaac_sim/configuration) by extensions ['ignore', 'ignore_ament_install']
[0.086s] Level 1:colcon.colcon_core.package_identification:_identify(isaacpjt/M0609/Collected_m0609_camera_cube/doosan-robot2/urdf/m0609_isaac_sim/configuration) by extension 'ignore'
[0.086s] Level 1:colcon.colcon_core.package_identification:_identify(isaacpjt/M0609/Collected_m0609_camera_cube/doosan-robot2/urdf/m0609_isaac_sim/configuration) by extension 'ignore_ament_install'
[0.086s] Level 1:colcon.colcon_core.package_identification:_identify(isaacpjt/M0609/Collected_m0609_camera_cube/doosan-robot2/urdf/m0609_isaac_sim/configuration) by extensions ['colcon_pkg']
[0.086s] Level 1:colcon.colcon_core.package_identification:_identify(isaacpjt/M0609/Collected_m0609_camera_cube/doosan-robot2/urdf/m0609_isaac_sim/configuration) by extension 'colcon_pkg'
[0.086s] Level 1:colcon.colcon_core.package_identification:_identify(isaacpjt/M0609/Collected_m0609_camera_cube/doosan-robot2/urdf/m0609_isaac_sim/configuration) by extensions ['colcon_meta']
[0.086s] Level 1:colcon.colcon_core.package_identification:_identify(isaacpjt/M0609/Collected_m0609_camera_cube/doosan-robot2/urdf/m0609_isaac_sim/configuration) by extension 'colcon_meta'
[0.086s] Level 1:colcon.colcon_core.package_identification:_identify(isaacpjt/M0609/Collected_m0609_camera_cube/doosan-robot2/urdf/m0609_isaac_sim/configuration) by extensions ['ros']
[0.086s] Level 1:colcon.colcon_core.package_identification:_identify(isaacpjt/M0609/Collected_m0609_camera_cube/doosan-robot2/urdf/m0609_isaac_sim/configuration) by extension 'ros'
[0.086s] Level 1:colcon.colcon_core.package_identification:_identify(isaacpjt/M0609/Collected_m0609_camera_cube/doosan-robot2/urdf/m0609_isaac_sim/configuration) by extensions ['cmake', 'python']
[0.086s] Level 1:colcon.colcon_core.package_identification:_identify(isaacpjt/M0609/Collected_m0609_camera_cube/doosan-robot2/urdf/m0609_isaac_sim/configuration) by extension 'cmake'
[0.086s] Level 1:colcon.colcon_core.package_identification:_identify(isaacpjt/M0609/Collected_m0609_camera_cube/doosan-robot2/urdf/m0609_isaac_sim/configuration) by extension 'python'
[0.086s] Level 1:colcon.colcon_core.package_identification:_identify(isaacpjt/M0609/Collected_m0609_camera_cube/doosan-robot2/urdf/m0609_isaac_sim/configuration) by extensions ['python_setup_py']
[0.086s] Level 1:colcon.colcon_core.package_identification:_identify(isaacpjt/M0609/Collected_m0609_camera_cube/doosan-robot2/urdf/m0609_isaac_sim/configuration) by extension 'python_setup_py'
[0.086s] Level 1:colcon.colcon_core.package_identification:_identify(isaacpjt/M0609/Collected_m0609_camera_cube/omniverse-content-production.s3-us-west-2.amazonaws.com) by extensions ['ignore', 'ignore_ament_install']
[0.086s] Level 1:colcon.colcon_core.package_identification:_identify(isaacpjt/M0609/Collected_m0609_camera_cube/omniverse-content-production.s3-us-west-2.amazonaws.com) by extension 'ignore'
[0.086s] Level 1:colcon.colcon_core.package_identification:_identify(isaacpjt/M0609/Collected_m0609_camera_cube/omniverse-content-production.s3-us-west-2.amazonaws.com) by extension 'ignore_ament_install'
[0.086s] Level 1:colcon.colcon_core.package_identification:_identify(isaacpjt/M0609/Collected_m0609_camera_cube/omniverse-content-production.s3-us-west-2.amazonaws.com) by extensions ['colcon_pkg']
[0.086s] Level 1:colcon.colcon_core.package_identification:_identify(isaacpjt/M0609/Collected_m0609_camera_cube/omniverse-content-production.s3-us-west-2.amazonaws.com) by extension 'colcon_pkg'
[0.086s] Level 1:colcon.colcon_core.package_identification:_identify(isaacpjt/M0609/Collected_m0609_camera_cube/omniverse-content-production.s3-us-west-2.amazonaws.com) by extensions ['colcon_meta']
[0.086s] Level 1:colcon.colcon_core.package_identification:_identify(isaacpjt/M0609/Collected_m0609_camera_cube/omniverse-content-production.s3-us-west-2.amazonaws.com) by extension 'colcon_meta'
[0.086s] Level 1:colcon.colcon_core.package_identification:_identify(isaacpjt/M0609/Collected_m0609_camera_cube/omniverse-content-production.s3-us-west-2.amazonaws.com) by extensions ['ros']
[0.086s] Level 1:colcon.colcon_core.package_identification:_identify(isaacpjt/M0609/Collected_m0609_camera_cube/omniverse-content-production.s3-us-west-2.amazonaws.com) by extension 'ros'
[0.087s] Level 1:colcon.colcon_core.package_identification:_identify(isaacpjt/M0609/Collected_m0609_camera_cube/omniverse-content-production.s3-us-west-2.amazonaws.com) by extensions ['cmake', 'python']
[0.087s] Level 1:colcon.colcon_core.package_identification:_identify(isaacpjt/M0609/Collected_m0609_camera_cube/omniverse-content-production.s3-us-west-2.amazonaws.com) by extension 'cmake'
[0.087s] Level 1:colcon.colcon_core.package_identification:_identify(isaacpjt/M0609/Collected_m0609_camera_cube/omniverse-content-production.s3-us-west-2.amazonaws.com) by extension 'python'
[0.087s] Level 1:colcon.colcon_core.package_identification:_identify(isaacpjt/M0609/Collected_m0609_camera_cube/omniverse-content-production.s3-us-west-2.amazonaws.com) by extensions ['python_setup_py']
[0.087s] Level 1:colcon.colcon_core.package_identification:_identify(isaacpjt/M0609/Collected_m0609_camera_cube/omniverse-content-production.s3-us-west-2.amazonaws.com) by extension 'python_setup_py'
[0.087s] Level 1:colcon.colcon_core.package_identification:_identify(isaacpjt/M0609/Collected_m0609_camera_cube/omniverse-content-production.s3-us-west-2.amazonaws.com/Assets) by extensions ['ignore', 'ignore_ament_install']
[0.087s] Level 1:colcon.colcon_core.package_identification:_identify(isaacpjt/M0609/Collected_m0609_camera_cube/omniverse-content-production.s3-us-west-2.amazonaws.com/Assets) by extension 'ignore'
[0.087s] Level 1:colcon.colcon_core.package_identification:_identify(isaacpjt/M0609/Collected_m0609_camera_cube/omniverse-content-production.s3-us-west-2.amazonaws.com/Assets) by extension 'ignore_ament_install'
[0.087s] Level 1:colcon.colcon_core.package_identification:_identify(isaacpjt/M0609/Collected_m0609_camera_cube/omniverse-content-production.s3-us-west-2.amazonaws.com/Assets) by extensions ['colcon_pkg']
[0.087s] Level 1:colcon.colcon_core.package_identification:_identify(isaacpjt/M0609/Collected_m0609_camera_cube/omniverse-content-production.s3-us-west-2.amazonaws.com/Assets) by extension 'colcon_pkg'
[0.087s] Level 1:colcon.colcon_core.package_identification:_identify(isaacpjt/M0609/Collected_m0609_camera_cube/omniverse-content-production.s3-us-west-2.amazonaws.com/Assets) by extensions ['colcon_meta']
[0.087s] Level 1:colcon.colcon_core.package_identification:_identify(isaacpjt/M0609/Collected_m0609_camera_cube/omniverse-content-production.s3-us-west-2.amazonaws.com/Assets) by extension 'colcon_meta'
[0.087s] Level 1:colcon.colcon_core.package_identification:_identify(isaacpjt/M0609/Collected_m0609_camera_cube/omniverse-content-production.s3-us-west-2.amazonaws.com/Assets) by extensions ['ros']
[0.087s] Level 1:colcon.colcon_core.package_identification:_identify(isaacpjt/M0609/Collected_m0609_camera_cube/omniverse-content-production.s3-us-west-2.amazonaws.com/Assets) by extension 'ros'
[0.087s] Level 1:colcon.colcon_core.package_identification:_identify(isaacpjt/M0609/Collected_m0609_camera_cube/omniverse-content-production.s3-us-west-2.amazonaws.com/Assets) by extensions ['cmake', 'python']
[0.087s] Level 1:colcon.colcon_core.package_identification:_identify(isaacpjt/M0609/Collected_m0609_camera_cube/omniverse-content-production.s3-us-west-2.amazonaws.com/Assets) by extension 'cmake'
[0.087s] Level 1:colcon.colcon_core.package_identification:_identify(isaacpjt/M0609/Collected_m0609_camera_cube/omniverse-content-production.s3-us-west-2.amazonaws.com/Assets) by extension 'python'
[0.087s] Level 1:colcon.colcon_core.package_identification:_identify(isaacpjt/M0609/Collected_m0609_camera_cube/omniverse-content-production.s3-us-west-2.amazonaws.com/Assets) by extensions ['python_setup_py']
[0.087s] Level 1:colcon.colcon_core.package_identification:_identify(isaacpjt/M0609/Collected_m0609_camera_cube/omniverse-content-production.s3-us-west-2.amazonaws.com/Assets) by extension 'python_setup_py'
[0.087s] Level 1:colcon.colcon_core.package_identification:_identify(isaacpjt/M0609/Collected_m0609_camera_cube/omniverse-content-production.s3-us-west-2.amazonaws.com/Assets/Isaac) by extensions ['ignore', 'ignore_ament_install']
[0.087s] Level 1:colcon.colcon_core.package_identification:_identify(isaacpjt/M0609/Collected_m0609_camera_cube/omniverse-content-production.s3-us-west-2.amazonaws.com/Assets/Isaac) by extension 'ignore'
[0.087s] Level 1:colcon.colcon_core.package_identification:_identify(isaacpjt/M0609/Collected_m0609_camera_cube/omniverse-content-production.s3-us-west-2.amazonaws.com/Assets/Isaac) by extension 'ignore_ament_install'
[0.087s] Level 1:colcon.colcon_core.package_identification:_identify(isaacpjt/M0609/Collected_m0609_camera_cube/omniverse-content-production.s3-us-west-2.amazonaws.com/Assets/Isaac) by extensions ['colcon_pkg']
[0.087s] Level 1:colcon.colcon_core.package_identification:_identify(isaacpjt/M0609/Collected_m0609_camera_cube/omniverse-content-production.s3-us-west-2.amazonaws.com/Assets/Isaac) by extension 'colcon_pkg'
[0.087s] Level 1:colcon.colcon_core.package_identification:_identify(isaacpjt/M0609/Collected_m0609_camera_cube/omniverse-content-production.s3-us-west-2.amazonaws.com/Assets/Isaac) by extensions ['colcon_meta']
[0.087s] Level 1:colcon.colcon_core.package_identification:_identify(isaacpjt/M0609/Collected_m0609_camera_cube/omniverse-content-production.s3-us-west-2.amazonaws.com/Assets/Isaac) by extension 'colcon_meta'
[0.087s] Level 1:colcon.colcon_core.package_identification:_identify(isaacpjt/M0609/Collected_m0609_camera_cube/omniverse-content-production.s3-us-west-2.amazonaws.com/Assets/Isaac) by extensions ['ros']
[0.087s] Level 1:colcon.colcon_core.package_identification:_identify(isaacpjt/M0609/Collected_m0609_camera_cube/omniverse-content-production.s3-us-west-2.amazonaws.com/Assets/Isaac) by extension 'ros'
[0.087s] Level 1:colcon.colcon_core.package_identification:_identify(isaacpjt/M0609/Collected_m0609_camera_cube/omniverse-content-production.s3-us-west-2.amazonaws.com/Assets/Isaac) by extensions ['cmake', 'python']
[0.087s] Level 1:colcon.colcon_core.package_identification:_identify(isaacpjt/M0609/Collected_m0609_camera_cube/omniverse-content-production.s3-us-west-2.amazonaws.com/Assets/Isaac) by extension 'cmake'
[0.087s] Level 1:colcon.colcon_core.package_identification:_identify(isaacpjt/M0609/Collected_m0609_camera_cube/omniverse-content-production.s3-us-west-2.amazonaws.com/Assets/Isaac) by extension 'python'
[0.087s] Level 1:colcon.colcon_core.package_identification:_identify(isaacpjt/M0609/Collected_m0609_camera_cube/omniverse-content-production.s3-us-west-2.amazonaws.com/Assets/Isaac) by extensions ['python_setup_py']
[0.087s] Level 1:colcon.colcon_core.package_identification:_identify(isaacpjt/M0609/Collected_m0609_camera_cube/omniverse-content-production.s3-us-west-2.amazonaws.com/Assets/Isaac) by extension 'python_setup_py'
[0.087s] Level 1:colcon.colcon_core.package_identification:_identify(isaacpjt/M0609/Collected_m0609_camera_cube/omniverse-content-production.s3-us-west-2.amazonaws.com/Assets/Isaac/5.1) by extensions ['ignore', 'ignore_ament_install']
[0.087s] Level 1:colcon.colcon_core.package_identification:_identify(isaacpjt/M0609/Collected_m0609_camera_cube/omniverse-content-production.s3-us-west-2.amazonaws.com/Assets/Isaac/5.1) by extension 'ignore'
[0.087s] Level 1:colcon.colcon_core.package_identification:_identify(isaacpjt/M0609/Collected_m0609_camera_cube/omniverse-content-production.s3-us-west-2.amazonaws.com/Assets/Isaac/5.1) by extension 'ignore_ament_install'
[0.087s] Level 1:colcon.colcon_core.package_identification:_identify(isaacpjt/M0609/Collected_m0609_camera_cube/omniverse-content-production.s3-us-west-2.amazonaws.com/Assets/Isaac/5.1) by extensions ['colcon_pkg']
[0.087s] Level 1:colcon.colcon_core.package_identification:_identify(isaacpjt/M0609/Collected_m0609_camera_cube/omniverse-content-production.s3-us-west-2.amazonaws.com/Assets/Isaac/5.1) by extension 'colcon_pkg'
[0.087s] Level 1:colcon.colcon_core.package_identification:_identify(isaacpjt/M0609/Collected_m0609_camera_cube/omniverse-content-production.s3-us-west-2.amazonaws.com/Assets/Isaac/5.1) by extensions ['colcon_meta']
[0.087s] Level 1:colcon.colcon_core.package_identification:_identify(isaacpjt/M0609/Collected_m0609_camera_cube/omniverse-content-production.s3-us-west-2.amazonaws.com/Assets/Isaac/5.1) by extension 'colcon_meta'
[0.087s] Level 1:colcon.colcon_core.package_identification:_identify(isaacpjt/M0609/Collected_m0609_camera_cube/omniverse-content-production.s3-us-west-2.amazonaws.com/Assets/Isaac/5.1) by extensions ['ros']
[0.087s] Level 1:colcon.colcon_core.package_identification:_identify(isaacpjt/M0609/Collected_m0609_camera_cube/omniverse-content-production.s3-us-west-2.amazonaws.com/Assets/Isaac/5.1) by extension 'ros'
[0.087s] Level 1:colcon.colcon_core.package_identification:_identify(isaacpjt/M0609/Collected_m0609_camera_cube/omniverse-content-production.s3-us-west-2.amazonaws.com/Assets/Isaac/5.1) by extensions ['cmake', 'python']
[0.087s] Level 1:colcon.colcon_core.package_identification:_identify(isaacpjt/M0609/Collected_m0609_camera_cube/omniverse-content-production.s3-us-west-2.amazonaws.com/Assets/Isaac/5.1) by extension 'cmake'
[0.087s] Level 1:colcon.colcon_core.package_identification:_identify(isaacpjt/M0609/Collected_m0609_camera_cube/omniverse-content-production.s3-us-west-2.amazonaws.com/Assets/Isaac/5.1) by extension 'python'
[0.087s] Level 1:colcon.colcon_core.package_identification:_identify(isaacpjt/M0609/Collected_m0609_camera_cube/omniverse-content-production.s3-us-west-2.amazonaws.com/Assets/Isaac/5.1) by extensions ['python_setup_py']
[0.087s] Level 1:colcon.colcon_core.package_identification:_identify(isaacpjt/M0609/Collected_m0609_camera_cube/omniverse-content-production.s3-us-west-2.amazonaws.com/Assets/Isaac/5.1) by extension 'python_setup_py'
[0.087s] Level 1:colcon.colcon_core.package_identification:_identify(isaacpjt/M0609/Collected_m0609_camera_cube/omniverse-content-production.s3-us-west-2.amazonaws.com/Assets/Isaac/5.1/Isaac) by extensions ['ignore', 'ignore_ament_install']
[0.087s] Level 1:colcon.colcon_core.package_identification:_identify(isaacpjt/M0609/Collected_m0609_camera_cube/omniverse-content-production.s3-us-west-2.amazonaws.com/Assets/Isaac/5.1/Isaac) by extension 'ignore'
[0.087s] Level 1:colcon.colcon_core.package_identification:_identify(isaacpjt/M0609/Collected_m0609_camera_cube/omniverse-content-production.s3-us-west-2.amazonaws.com/Assets/Isaac/5.1/Isaac) by extension 'ignore_ament_install'
[0.087s] Level 1:colcon.colcon_core.package_identification:_identify(isaacpjt/M0609/Collected_m0609_camera_cube/omniverse-content-production.s3-us-west-2.amazonaws.com/Assets/Isaac/5.1/Isaac) by extensions ['colcon_pkg']
[0.087s] Level 1:colcon.colcon_core.package_identification:_identify(isaacpjt/M0609/Collected_m0609_camera_cube/omniverse-content-production.s3-us-west-2.amazonaws.com/Assets/Isaac/5.1/Isaac) by extension 'colcon_pkg'
[0.088s] Level 1:colcon.colcon_core.package_identification:_identify(isaacpjt/M0609/Collected_m0609_camera_cube/omniverse-content-production.s3-us-west-2.amazonaws.com/Assets/Isaac/5.1/Isaac) by extensions ['colcon_meta']
[0.088s] Level 1:colcon.colcon_core.package_identification:_identify(isaacpjt/M0609/Collected_m0609_camera_cube/omniverse-content-production.s3-us-west-2.amazonaws.com/Assets/Isaac/5.1/Isaac) by extension 'colcon_meta'
[0.088s] Level 1:colcon.colcon_core.package_identification:_identify(isaacpjt/M0609/Collected_m0609_camera_cube/omniverse-content-production.s3-us-west-2.amazonaws.com/Assets/Isaac/5.1/Isaac) by extensions ['ros']
[0.088s] Level 1:colcon.colcon_core.package_identification:_identify(isaacpjt/M0609/Collected_m0609_camera_cube/omniverse-content-production.s3-us-west-2.amazonaws.com/Assets/Isaac/5.1/Isaac) by extension 'ros'
[0.088s] Level 1:colcon.colcon_core.package_identification:_identify(isaacpjt/M0609/Collected_m0609_camera_cube/omniverse-content-production.s3-us-west-2.amazonaws.com/Assets/Isaac/5.1/Isaac) by extensions ['cmake', 'python']
[0.088s] Level 1:colcon.colcon_core.package_identification:_identify(isaacpjt/M0609/Collected_m0609_camera_cube/omniverse-content-production.s3-us-west-2.amazonaws.com/Assets/Isaac/5.1/Isaac) by extension 'cmake'
[0.088s] Level 1:colcon.colcon_core.package_identification:_identify(isaacpjt/M0609/Collected_m0609_camera_cube/omniverse-content-production.s3-us-west-2.amazonaws.com/Assets/Isaac/5.1/Isaac) by extension 'python'
[0.088s] Level 1:colcon.colcon_core.package_identification:_identify(isaacpjt/M0609/Collected_m0609_camera_cube/omniverse-content-production.s3-us-west-2.amazonaws.com/Assets/Isaac/5.1/Isaac) by extensions ['python_setup_py']
[0.088s] Level 1:colcon.colcon_core.package_identification:_identify(isaacpjt/M0609/Collected_m0609_camera_cube/omniverse-content-production.s3-us-west-2.amazonaws.com/Assets/Isaac/5.1/Isaac) by extension 'python_setup_py'
[0.088s] Level 1:colcon.colcon_core.package_identification:_identify(isaacpjt/M0609/Collected_m0609_camera_cube/omniverse-content-production.s3-us-west-2.amazonaws.com/Assets/Isaac/5.1/Isaac/Materials) by extensions ['ignore', 'ignore_ament_install']
[0.088s] Level 1:colcon.colcon_core.package_identification:_identify(isaacpjt/M0609/Collected_m0609_camera_cube/omniverse-content-production.s3-us-west-2.amazonaws.com/Assets/Isaac/5.1/Isaac/Materials) by extension 'ignore'
[0.088s] Level 1:colcon.colcon_core.package_identification:_identify(isaacpjt/M0609/Collected_m0609_camera_cube/omniverse-content-production.s3-us-west-2.amazonaws.com/Assets/Isaac/5.1/Isaac/Materials) by extension 'ignore_ament_install'
[0.088s] Level 1:colcon.colcon_core.package_identification:_identify(isaacpjt/M0609/Collected_m0609_camera_cube/omniverse-content-production.s3-us-west-2.amazonaws.com/Assets/Isaac/5.1/Isaac/Materials) by extensions ['colcon_pkg']
[0.088s] Level 1:colcon.colcon_core.package_identification:_identify(isaacpjt/M0609/Collected_m0609_camera_cube/omniverse-content-production.s3-us-west-2.amazonaws.com/Assets/Isaac/5.1/Isaac/Materials) by extension 'colcon_pkg'
[0.088s] Level 1:colcon.colcon_core.package_identification:_identify(isaacpjt/M0609/Collected_m0609_camera_cube/omniverse-content-production.s3-us-west-2.amazonaws.com/Assets/Isaac/5.1/Isaac/Materials) by extensions ['colcon_meta']
[0.088s] Level 1:colcon.colcon_core.package_identification:_identify(isaacpjt/M0609/Collected_m0609_camera_cube/omniverse-content-production.s3-us-west-2.amazonaws.com/Assets/Isaac/5.1/Isaac/Materials) by extension 'colcon_meta'
[0.088s] Level 1:colcon.colcon_core.package_identification:_identify(isaacpjt/M0609/Collected_m0609_camera_cube/omniverse-content-production.s3-us-west-2.amazonaws.com/Assets/Isaac/5.1/Isaac/Materials) by extensions ['ros']
[0.088s] Level 1:colcon.colcon_core.package_identification:_identify(isaacpjt/M0609/Collected_m0609_camera_cube/omniverse-content-production.s3-us-west-2.amazonaws.com/Assets/Isaac/5.1/Isaac/Materials) by extension 'ros'
[0.088s] Level 1:colcon.colcon_core.package_identification:_identify(isaacpjt/M0609/Collected_m0609_camera_cube/omniverse-content-production.s3-us-west-2.amazonaws.com/Assets/Isaac/5.1/Isaac/Materials) by extensions ['cmake', 'python']
[0.088s] Level 1:colcon.colcon_core.package_identification:_identify(isaacpjt/M0609/Collected_m0609_camera_cube/omniverse-content-production.s3-us-west-2.amazonaws.com/Assets/Isaac/5.1/Isaac/Materials) by extension 'cmake'
[0.088s] Level 1:colcon.colcon_core.package_identification:_identify(isaacpjt/M0609/Collected_m0609_camera_cube/omniverse-content-production.s3-us-west-2.amazonaws.com/Assets/Isaac/5.1/Isaac/Materials) by extension 'python'
[0.088s] Level 1:colcon.colcon_core.package_identification:_identify(isaacpjt/M0609/Collected_m0609_camera_cube/omniverse-content-production.s3-us-west-2.amazonaws.com/Assets/Isaac/5.1/Isaac/Materials) by extensions ['python_setup_py']
[0.088s] Level 1:colcon.colcon_core.package_identification:_identify(isaacpjt/M0609/Collected_m0609_camera_cube/omniverse-content-production.s3-us-west-2.amazonaws.com/Assets/Isaac/5.1/Isaac/Materials) by extension 'python_setup_py'
[0.088s] Level 1:colcon.colcon_core.package_identification:_identify(isaacpjt/M0609/Collected_m0609_camera_cube/omniverse-content-production.s3-us-west-2.amazonaws.com/Assets/Isaac/5.1/Isaac/Materials/Base) by extensions ['ignore', 'ignore_ament_install']
[0.088s] Level 1:colcon.colcon_core.package_identification:_identify(isaacpjt/M0609/Collected_m0609_camera_cube/omniverse-content-production.s3-us-west-2.amazonaws.com/Assets/Isaac/5.1/Isaac/Materials/Base) by extension 'ignore'
[0.088s] Level 1:colcon.colcon_core.package_identification:_identify(isaacpjt/M0609/Collected_m0609_camera_cube/omniverse-content-production.s3-us-west-2.amazonaws.com/Assets/Isaac/5.1/Isaac/Materials/Base) by extension 'ignore_ament_install'
[0.088s] Level 1:colcon.colcon_core.package_identification:_identify(isaacpjt/M0609/Collected_m0609_camera_cube/omniverse-content-production.s3-us-west-2.amazonaws.com/Assets/Isaac/5.1/Isaac/Materials/Base) by extensions ['colcon_pkg']
[0.088s] Level 1:colcon.colcon_core.package_identification:_identify(isaacpjt/M0609/Collected_m0609_camera_cube/omniverse-content-production.s3-us-west-2.amazonaws.com/Assets/Isaac/5.1/Isaac/Materials/Base) by extension 'colcon_pkg'
[0.088s] Level 1:colcon.colcon_core.package_identification:_identify(isaacpjt/M0609/Collected_m0609_camera_cube/omniverse-content-production.s3-us-west-2.amazonaws.com/Assets/Isaac/5.1/Isaac/Materials/Base) by extensions ['colcon_meta']
[0.088s] Level 1:colcon.colcon_core.package_identification:_identify(isaacpjt/M0609/Collected_m0609_camera_cube/omniverse-content-production.s3-us-west-2.amazonaws.com/Assets/Isaac/5.1/Isaac/Materials/Base) by extension 'colcon_meta'
[0.088s] Level 1:colcon.colcon_core.package_identification:_identify(isaacpjt/M0609/Collected_m0609_camera_cube/omniverse-content-production.s3-us-west-2.amazonaws.com/Assets/Isaac/5.1/Isaac/Materials/Base) by extensions ['ros']
[0.088s] Level 1:colcon.colcon_core.package_identification:_identify(isaacpjt/M0609/Collected_m0609_camera_cube/omniverse-content-production.s3-us-west-2.amazonaws.com/Assets/Isaac/5.1/Isaac/Materials/Base) by extension 'ros'
[0.088s] Level 1:colcon.colcon_core.package_identification:_identify(isaacpjt/M0609/Collected_m0609_camera_cube/omniverse-content-production.s3-us-west-2.amazonaws.com/Assets/Isaac/5.1/Isaac/Materials/Base) by extensions ['cmake', 'python']
[0.088s] Level 1:colcon.colcon_core.package_identification:_identify(isaacpjt/M0609/Collected_m0609_camera_cube/omniverse-content-production.s3-us-west-2.amazonaws.com/Assets/Isaac/5.1/Isaac/Materials/Base) by extension 'cmake'
[0.088s] Level 1:colcon.colcon_core.package_identification:_identify(isaacpjt/M0609/Collected_m0609_camera_cube/omniverse-content-production.s3-us-west-2.amazonaws.com/Assets/Isaac/5.1/Isaac/Materials/Base) by extension 'python'
[0.088s] Level 1:colcon.colcon_core.package_identification:_identify(isaacpjt/M0609/Collected_m0609_camera_cube/omniverse-content-production.s3-us-west-2.amazonaws.com/Assets/Isaac/5.1/Isaac/Materials/Base) by extensions ['python_setup_py']
[0.088s] Level 1:colcon.colcon_core.package_identification:_identify(isaacpjt/M0609/Collected_m0609_camera_cube/omniverse-content-production.s3-us-west-2.amazonaws.com/Assets/Isaac/5.1/Isaac/Materials/Base) by extension 'python_setup_py'
[0.088s] Level 1:colcon.colcon_core.package_identification:_identify(isaacpjt/M0609/Collected_m0609_camera_cube/omniverse-content-production.s3-us-west-2.amazonaws.com/Assets/Isaac/5.1/Isaac/Materials/Base/Metals) by extensions ['ignore', 'ignore_ament_install']
[0.088s] Level 1:colcon.colcon_core.package_identification:_identify(isaacpjt/M0609/Collected_m0609_camera_cube/omniverse-content-production.s3-us-west-2.amazonaws.com/Assets/Isaac/5.1/Isaac/Materials/Base/Metals) by extension 'ignore'
[0.088s] Level 1:colcon.colcon_core.package_identification:_identify(isaacpjt/M0609/Collected_m0609_camera_cube/omniverse-content-production.s3-us-west-2.amazonaws.com/Assets/Isaac/5.1/Isaac/Materials/Base/Metals) by extension 'ignore_ament_install'
[0.088s] Level 1:colcon.colcon_core.package_identification:_identify(isaacpjt/M0609/Collected_m0609_camera_cube/omniverse-content-production.s3-us-west-2.amazonaws.com/Assets/Isaac/5.1/Isaac/Materials/Base/Metals) by extensions ['colcon_pkg']
[0.088s] Level 1:colcon.colcon_core.package_identification:_identify(isaacpjt/M0609/Collected_m0609_camera_cube/omniverse-content-production.s3-us-west-2.amazonaws.com/Assets/Isaac/5.1/Isaac/Materials/Base/Metals) by extension 'colcon_pkg'
[0.088s] Level 1:colcon.colcon_core.package_identification:_identify(isaacpjt/M0609/Collected_m0609_camera_cube/omniverse-content-production.s3-us-west-2.amazonaws.com/Assets/Isaac/5.1/Isaac/Materials/Base/Metals) by extensions ['colcon_meta']
[0.088s] Level 1:colcon.colcon_core.package_identification:_identify(isaacpjt/M0609/Collected_m0609_camera_cube/omniverse-content-production.s3-us-west-2.amazonaws.com/Assets/Isaac/5.1/Isaac/Materials/Base/Metals) by extension 'colcon_meta'
[0.088s] Level 1:colcon.colcon_core.package_identification:_identify(isaacpjt/M0609/Collected_m0609_camera_cube/omniverse-content-production.s3-us-west-2.amazonaws.com/Assets/Isaac/5.1/Isaac/Materials/Base/Metals) by extensions ['ros']
[0.088s] Level 1:colcon.colcon_core.package_identification:_identify(isaacpjt/M0609/Collected_m0609_camera_cube/omniverse-content-production.s3-us-west-2.amazonaws.com/Assets/Isaac/5.1/Isaac/Materials/Base/Metals) by extension 'ros'
[0.088s] Level 1:colcon.colcon_core.package_identification:_identify(isaacpjt/M0609/Collected_m0609_camera_cube/omniverse-content-production.s3-us-west-2.amazonaws.com/Assets/Isaac/5.1/Isaac/Materials/Base/Metals) by extensions ['cmake', 'python']
[0.088s] Level 1:colcon.colcon_core.package_identification:_identify(isaacpjt/M0609/Collected_m0609_camera_cube/omniverse-content-production.s3-us-west-2.amazonaws.com/Assets/Isaac/5.1/Isaac/Materials/Base/Metals) by extension 'cmake'
[0.088s] Level 1:colcon.colcon_core.package_identification:_identify(isaacpjt/M0609/Collected_m0609_camera_cube/omniverse-content-production.s3-us-west-2.amazonaws.com/Assets/Isaac/5.1/Isaac/Materials/Base/Metals) by extension 'python'
[0.088s] Level 1:colcon.colcon_core.package_identification:_identify(isaacpjt/M0609/Collected_m0609_camera_cube/omniverse-content-production.s3-us-west-2.amazonaws.com/Assets/Isaac/5.1/Isaac/Materials/Base/Metals) by extensions ['python_setup_py']
[0.088s] Level 1:colcon.colcon_core.package_identification:_identify(isaacpjt/M0609/Collected_m0609_camera_cube/omniverse-content-production.s3-us-west-2.amazonaws.com/Assets/Isaac/5.1/Isaac/Materials/Base/Metals) by extension 'python_setup_py'
[0.089s] Level 1:colcon.colcon_core.package_identification:_identify(isaacpjt/M0609/Collected_m0609_camera_cube/omniverse-content-production.s3-us-west-2.amazonaws.com/Assets/Isaac/5.1/Isaac/Materials/Base/Metals/Aluminum_Anodized) by extensions ['ignore', 'ignore_ament_install']
[0.089s] Level 1:colcon.colcon_core.package_identification:_identify(isaacpjt/M0609/Collected_m0609_camera_cube/omniverse-content-production.s3-us-west-2.amazonaws.com/Assets/Isaac/5.1/Isaac/Materials/Base/Metals/Aluminum_Anodized) by extension 'ignore'
[0.089s] Level 1:colcon.colcon_core.package_identification:_identify(isaacpjt/M0609/Collected_m0609_camera_cube/omniverse-content-production.s3-us-west-2.amazonaws.com/Assets/Isaac/5.1/Isaac/Materials/Base/Metals/Aluminum_Anodized) by extension 'ignore_ament_install'
[0.089s] Level 1:colcon.colcon_core.package_identification:_identify(isaacpjt/M0609/Collected_m0609_camera_cube/omniverse-content-production.s3-us-west-2.amazonaws.com/Assets/Isaac/5.1/Isaac/Materials/Base/Metals/Aluminum_Anodized) by extensions ['colcon_pkg']
[0.089s] Level 1:colcon.colcon_core.package_identification:_identify(isaacpjt/M0609/Collected_m0609_camera_cube/omniverse-content-production.s3-us-west-2.amazonaws.com/Assets/Isaac/5.1/Isaac/Materials/Base/Metals/Aluminum_Anodized) by extension 'colcon_pkg'
[0.089s] Level 1:colcon.colcon_core.package_identification:_identify(isaacpjt/M0609/Collected_m0609_camera_cube/omniverse-content-production.s3-us-west-2.amazonaws.com/Assets/Isaac/5.1/Isaac/Materials/Base/Metals/Aluminum_Anodized) by extensions ['colcon_meta']
[0.089s] Level 1:colcon.colcon_core.package_identification:_identify(isaacpjt/M0609/Collected_m0609_camera_cube/omniverse-content-production.s3-us-west-2.amazonaws.com/Assets/Isaac/5.1/Isaac/Materials/Base/Metals/Aluminum_Anodized) by extension 'colcon_meta'
[0.089s] Level 1:colcon.colcon_core.package_identification:_identify(isaacpjt/M0609/Collected_m0609_camera_cube/omniverse-content-production.s3-us-west-2.amazonaws.com/Assets/Isaac/5.1/Isaac/Materials/Base/Metals/Aluminum_Anodized) by extensions ['ros']
[0.089s] Level 1:colcon.colcon_core.package_identification:_identify(isaacpjt/M0609/Collected_m0609_camera_cube/omniverse-content-production.s3-us-west-2.amazonaws.com/Assets/Isaac/5.1/Isaac/Materials/Base/Metals/Aluminum_Anodized) by extension 'ros'
[0.089s] Level 1:colcon.colcon_core.package_identification:_identify(isaacpjt/M0609/Collected_m0609_camera_cube/omniverse-content-production.s3-us-west-2.amazonaws.com/Assets/Isaac/5.1/Isaac/Materials/Base/Metals/Aluminum_Anodized) by extensions ['cmake', 'python']
[0.089s] Level 1:colcon.colcon_core.package_identification:_identify(isaacpjt/M0609/Collected_m0609_camera_cube/omniverse-content-production.s3-us-west-2.amazonaws.com/Assets/Isaac/5.1/Isaac/Materials/Base/Metals/Aluminum_Anodized) by extension 'cmake'
[0.089s] Level 1:colcon.colcon_core.package_identification:_identify(isaacpjt/M0609/Collected_m0609_camera_cube/omniverse-content-production.s3-us-west-2.amazonaws.com/Assets/Isaac/5.1/Isaac/Materials/Base/Metals/Aluminum_Anodized) by extension 'python'
[0.089s] Level 1:colcon.colcon_core.package_identification:_identify(isaacpjt/M0609/Collected_m0609_camera_cube/omniverse-content-production.s3-us-west-2.amazonaws.com/Assets/Isaac/5.1/Isaac/Materials/Base/Metals/Aluminum_Anodized) by extensions ['python_setup_py']
[0.089s] Level 1:colcon.colcon_core.package_identification:_identify(isaacpjt/M0609/Collected_m0609_camera_cube/omniverse-content-production.s3-us-west-2.amazonaws.com/Assets/Isaac/5.1/Isaac/Materials/Base/Metals/Aluminum_Anodized) by extension 'python_setup_py'
[0.089s] Level 1:colcon.colcon_core.package_identification:_identify(isaacpjt/M0609/Collected_m0609_camera_cube/omniverse-content-production.s3-us-west-2.amazonaws.com/Assets/Isaac/5.1/Isaac/Materials/Base/Metals/Aluminum_Cast) by extensions ['ignore', 'ignore_ament_install']
[0.089s] Level 1:colcon.colcon_core.package_identification:_identify(isaacpjt/M0609/Collected_m0609_camera_cube/omniverse-content-production.s3-us-west-2.amazonaws.com/Assets/Isaac/5.1/Isaac/Materials/Base/Metals/Aluminum_Cast) by extension 'ignore'
[0.089s] Level 1:colcon.colcon_core.package_identification:_identify(isaacpjt/M0609/Collected_m0609_camera_cube/omniverse-content-production.s3-us-west-2.amazonaws.com/Assets/Isaac/5.1/Isaac/Materials/Base/Metals/Aluminum_Cast) by extension 'ignore_ament_install'
[0.089s] Level 1:colcon.colcon_core.package_identification:_identify(isaacpjt/M0609/Collected_m0609_camera_cube/omniverse-content-production.s3-us-west-2.amazonaws.com/Assets/Isaac/5.1/Isaac/Materials/Base/Metals/Aluminum_Cast) by extensions ['colcon_pkg']
[0.089s] Level 1:colcon.colcon_core.package_identification:_identify(isaacpjt/M0609/Collected_m0609_camera_cube/omniverse-content-production.s3-us-west-2.amazonaws.com/Assets/Isaac/5.1/Isaac/Materials/Base/Metals/Aluminum_Cast) by extension 'colcon_pkg'
[0.089s] Level 1:colcon.colcon_core.package_identification:_identify(isaacpjt/M0609/Collected_m0609_camera_cube/omniverse-content-production.s3-us-west-2.amazonaws.com/Assets/Isaac/5.1/Isaac/Materials/Base/Metals/Aluminum_Cast) by extensions ['colcon_meta']
[0.089s] Level 1:colcon.colcon_core.package_identification:_identify(isaacpjt/M0609/Collected_m0609_camera_cube/omniverse-content-production.s3-us-west-2.amazonaws.com/Assets/Isaac/5.1/Isaac/Materials/Base/Metals/Aluminum_Cast) by extension 'colcon_meta'
[0.089s] Level 1:colcon.colcon_core.package_identification:_identify(isaacpjt/M0609/Collected_m0609_camera_cube/omniverse-content-production.s3-us-west-2.amazonaws.com/Assets/Isaac/5.1/Isaac/Materials/Base/Metals/Aluminum_Cast) by extensions ['ros']
[0.089s] Level 1:colcon.colcon_core.package_identification:_identify(isaacpjt/M0609/Collected_m0609_camera_cube/omniverse-content-production.s3-us-west-2.amazonaws.com/Assets/Isaac/5.1/Isaac/Materials/Base/Metals/Aluminum_Cast) by extension 'ros'
[0.089s] Level 1:colcon.colcon_core.package_identification:_identify(isaacpjt/M0609/Collected_m0609_camera_cube/omniverse-content-production.s3-us-west-2.amazonaws.com/Assets/Isaac/5.1/Isaac/Materials/Base/Metals/Aluminum_Cast) by extensions ['cmake', 'python']
[0.089s] Level 1:colcon.colcon_core.package_identification:_identify(isaacpjt/M0609/Collected_m0609_camera_cube/omniverse-content-production.s3-us-west-2.amazonaws.com/Assets/Isaac/5.1/Isaac/Materials/Base/Metals/Aluminum_Cast) by extension 'cmake'
[0.089s] Level 1:colcon.colcon_core.package_identification:_identify(isaacpjt/M0609/Collected_m0609_camera_cube/omniverse-content-production.s3-us-west-2.amazonaws.com/Assets/Isaac/5.1/Isaac/Materials/Base/Metals/Aluminum_Cast) by extension 'python'
[0.089s] Level 1:colcon.colcon_core.package_identification:_identify(isaacpjt/M0609/Collected_m0609_camera_cube/omniverse-content-production.s3-us-west-2.amazonaws.com/Assets/Isaac/5.1/Isaac/Materials/Base/Metals/Aluminum_Cast) by extensions ['python_setup_py']
[0.089s] Level 1:colcon.colcon_core.package_identification:_identify(isaacpjt/M0609/Collected_m0609_camera_cube/omniverse-content-production.s3-us-west-2.amazonaws.com/Assets/Isaac/5.1/Isaac/Materials/Base/Metals/Aluminum_Cast) by extension 'python_setup_py'
[0.089s] Level 1:colcon.colcon_core.package_identification:_identify(isaacpjt/M0609/Collected_m0609_camera_cube/omniverse-content-production.s3-us-west-2.amazonaws.com/Assets/Isaac/5.1/Isaac/Materials/Base/Plastics) by extensions ['ignore', 'ignore_ament_install']
[0.089s] Level 1:colcon.colcon_core.package_identification:_identify(isaacpjt/M0609/Collected_m0609_camera_cube/omniverse-content-production.s3-us-west-2.amazonaws.com/Assets/Isaac/5.1/Isaac/Materials/Base/Plastics) by extension 'ignore'
[0.089s] Level 1:colcon.colcon_core.package_identification:_identify(isaacpjt/M0609/Collected_m0609_camera_cube/omniverse-content-production.s3-us-west-2.amazonaws.com/Assets/Isaac/5.1/Isaac/Materials/Base/Plastics) by extension 'ignore_ament_install'
[0.089s] Level 1:colcon.colcon_core.package_identification:_identify(isaacpjt/M0609/Collected_m0609_camera_cube/omniverse-content-production.s3-us-west-2.amazonaws.com/Assets/Isaac/5.1/Isaac/Materials/Base/Plastics) by extensions ['colcon_pkg']
[0.089s] Level 1:colcon.colcon_core.package_identification:_identify(isaacpjt/M0609/Collected_m0609_camera_cube/omniverse-content-production.s3-us-west-2.amazonaws.com/Assets/Isaac/5.1/Isaac/Materials/Base/Plastics) by extension 'colcon_pkg'
[0.089s] Level 1:colcon.colcon_core.package_identification:_identify(isaacpjt/M0609/Collected_m0609_camera_cube/omniverse-content-production.s3-us-west-2.amazonaws.com/Assets/Isaac/5.1/Isaac/Materials/Base/Plastics) by extensions ['colcon_meta']
[0.089s] Level 1:colcon.colcon_core.package_identification:_identify(isaacpjt/M0609/Collected_m0609_camera_cube/omniverse-content-production.s3-us-west-2.amazonaws.com/Assets/Isaac/5.1/Isaac/Materials/Base/Plastics) by extension 'colcon_meta'
[0.089s] Level 1:colcon.colcon_core.package_identification:_identify(isaacpjt/M0609/Collected_m0609_camera_cube/omniverse-content-production.s3-us-west-2.amazonaws.com/Assets/Isaac/5.1/Isaac/Materials/Base/Plastics) by extensions ['ros']
[0.089s] Level 1:colcon.colcon_core.package_identification:_identify(isaacpjt/M0609/Collected_m0609_camera_cube/omniverse-content-production.s3-us-west-2.amazonaws.com/Assets/Isaac/5.1/Isaac/Materials/Base/Plastics) by extension 'ros'
[0.089s] Level 1:colcon.colcon_core.package_identification:_identify(isaacpjt/M0609/Collected_m0609_camera_cube/omniverse-content-production.s3-us-west-2.amazonaws.com/Assets/Isaac/5.1/Isaac/Materials/Base/Plastics) by extensions ['cmake', 'python']
[0.089s] Level 1:colcon.colcon_core.package_identification:_identify(isaacpjt/M0609/Collected_m0609_camera_cube/omniverse-content-production.s3-us-west-2.amazonaws.com/Assets/Isaac/5.1/Isaac/Materials/Base/Plastics) by extension 'cmake'
[0.089s] Level 1:colcon.colcon_core.package_identification:_identify(isaacpjt/M0609/Collected_m0609_camera_cube/omniverse-content-production.s3-us-west-2.amazonaws.com/Assets/Isaac/5.1/Isaac/Materials/Base/Plastics) by extension 'python'
[0.089s] Level 1:colcon.colcon_core.package_identification:_identify(isaacpjt/M0609/Collected_m0609_camera_cube/omniverse-content-production.s3-us-west-2.amazonaws.com/Assets/Isaac/5.1/Isaac/Materials/Base/Plastics) by extensions ['python_setup_py']
[0.089s] Level 1:colcon.colcon_core.package_identification:_identify(isaacpjt/M0609/Collected_m0609_camera_cube/omniverse-content-production.s3-us-west-2.amazonaws.com/Assets/Isaac/5.1/Isaac/Materials/Base/Plastics) by extension 'python_setup_py'
[0.089s] Level 1:colcon.colcon_core.package_identification:_identify(isaacpjt/M0609/Collected_m0609_camera_cube/omniverse-content-production.s3-us-west-2.amazonaws.com/Assets/Isaac/5.1/Isaac/Props) by extensions ['ignore', 'ignore_ament_install']
[0.089s] Level 1:colcon.colcon_core.package_identification:_identify(isaacpjt/M0609/Collected_m0609_camera_cube/omniverse-content-production.s3-us-west-2.amazonaws.com/Assets/Isaac/5.1/Isaac/Props) by extension 'ignore'
[0.089s] Level 1:colcon.colcon_core.package_identification:_identify(isaacpjt/M0609/Collected_m0609_camera_cube/omniverse-content-production.s3-us-west-2.amazonaws.com/Assets/Isaac/5.1/Isaac/Props) by extension 'ignore_ament_install'
[0.089s] Level 1:colcon.colcon_core.package_identification:_identify(isaacpjt/M0609/Collected_m0609_camera_cube/omniverse-content-production.s3-us-west-2.amazonaws.com/Assets/Isaac/5.1/Isaac/Props) by extensions ['colcon_pkg']
[0.089s] Level 1:colcon.colcon_core.package_identification:_identify(isaacpjt/M0609/Collected_m0609_camera_cube/omniverse-content-production.s3-us-west-2.amazonaws.com/Assets/Isaac/5.1/Isaac/Props) by extension 'colcon_pkg'
[0.090s] Level 1:colcon.colcon_core.package_identification:_identify(isaacpjt/M0609/Collected_m0609_camera_cube/omniverse-content-production.s3-us-west-2.amazonaws.com/Assets/Isaac/5.1/Isaac/Props) by extensions ['colcon_meta']
[0.090s] Level 1:colcon.colcon_core.package_identification:_identify(isaacpjt/M0609/Collected_m0609_camera_cube/omniverse-content-production.s3-us-west-2.amazonaws.com/Assets/Isaac/5.1/Isaac/Props) by extension 'colcon_meta'
[0.090s] Level 1:colcon.colcon_core.package_identification:_identify(isaacpjt/M0609/Collected_m0609_camera_cube/omniverse-content-production.s3-us-west-2.amazonaws.com/Assets/Isaac/5.1/Isaac/Props) by extensions ['ros']
[0.090s] Level 1:colcon.colcon_core.package_identification:_identify(isaacpjt/M0609/Collected_m0609_camera_cube/omniverse-content-production.s3-us-west-2.amazonaws.com/Assets/Isaac/5.1/Isaac/Props) by extension 'ros'
[0.090s] Level 1:colcon.colcon_core.package_identification:_identify(isaacpjt/M0609/Collected_m0609_camera_cube/omniverse-content-production.s3-us-west-2.amazonaws.com/Assets/Isaac/5.1/Isaac/Props) by extensions ['cmake', 'python']
[0.090s] Level 1:colcon.colcon_core.package_identification:_identify(isaacpjt/M0609/Collected_m0609_camera_cube/omniverse-content-production.s3-us-west-2.amazonaws.com/Assets/Isaac/5.1/Isaac/Props) by extension 'cmake'
[0.090s] Level 1:colcon.colcon_core.package_identification:_identify(isaacpjt/M0609/Collected_m0609_camera_cube/omniverse-content-production.s3-us-west-2.amazonaws.com/Assets/Isaac/5.1/Isaac/Props) by extension 'python'
[0.090s] Level 1:colcon.colcon_core.package_identification:_identify(isaacpjt/M0609/Collected_m0609_camera_cube/omniverse-content-production.s3-us-west-2.amazonaws.com/Assets/Isaac/5.1/Isaac/Props) by extensions ['python_setup_py']
[0.090s] Level 1:colcon.colcon_core.package_identification:_identify(isaacpjt/M0609/Collected_m0609_camera_cube/omniverse-content-production.s3-us-west-2.amazonaws.com/Assets/Isaac/5.1/Isaac/Props) by extension 'python_setup_py'
[0.090s] Level 1:colcon.colcon_core.package_identification:_identify(isaacpjt/M0609/Collected_m0609_camera_cube/omniverse-content-production.s3-us-west-2.amazonaws.com/Assets/Isaac/5.1/Isaac/Props/Blocks) by extensions ['ignore', 'ignore_ament_install']
[0.090s] Level 1:colcon.colcon_core.package_identification:_identify(isaacpjt/M0609/Collected_m0609_camera_cube/omniverse-content-production.s3-us-west-2.amazonaws.com/Assets/Isaac/5.1/Isaac/Props/Blocks) by extension 'ignore'
[0.090s] Level 1:colcon.colcon_core.package_identification:_identify(isaacpjt/M0609/Collected_m0609_camera_cube/omniverse-content-production.s3-us-west-2.amazonaws.com/Assets/Isaac/5.1/Isaac/Props/Blocks) by extension 'ignore_ament_install'
[0.090s] Level 1:colcon.colcon_core.package_identification:_identify(isaacpjt/M0609/Collected_m0609_camera_cube/omniverse-content-production.s3-us-west-2.amazonaws.com/Assets/Isaac/5.1/Isaac/Props/Blocks) by extensions ['colcon_pkg']
[0.090s] Level 1:colcon.colcon_core.package_identification:_identify(isaacpjt/M0609/Collected_m0609_camera_cube/omniverse-content-production.s3-us-west-2.amazonaws.com/Assets/Isaac/5.1/Isaac/Props/Blocks) by extension 'colcon_pkg'
[0.090s] Level 1:colcon.colcon_core.package_identification:_identify(isaacpjt/M0609/Collected_m0609_camera_cube/omniverse-content-production.s3-us-west-2.amazonaws.com/Assets/Isaac/5.1/Isaac/Props/Blocks) by extensions ['colcon_meta']
[0.090s] Level 1:colcon.colcon_core.package_identification:_identify(isaacpjt/M0609/Collected_m0609_camera_cube/omniverse-content-production.s3-us-west-2.amazonaws.com/Assets/Isaac/5.1/Isaac/Props/Blocks) by extension 'colcon_meta'
[0.090s] Level 1:colcon.colcon_core.package_identification:_identify(isaacpjt/M0609/Collected_m0609_camera_cube/omniverse-content-production.s3-us-west-2.amazonaws.com/Assets/Isaac/5.1/Isaac/Props/Blocks) by extensions ['ros']
[0.090s] Level 1:colcon.colcon_core.package_identification:_identify(isaacpjt/M0609/Collected_m0609_camera_cube/omniverse-content-production.s3-us-west-2.amazonaws.com/Assets/Isaac/5.1/Isaac/Props/Blocks) by extension 'ros'
[0.090s] Level 1:colcon.colcon_core.package_identification:_identify(isaacpjt/M0609/Collected_m0609_camera_cube/omniverse-content-production.s3-us-west-2.amazonaws.com/Assets/Isaac/5.1/Isaac/Props/Blocks) by extensions ['cmake', 'python']
[0.090s] Level 1:colcon.colcon_core.package_identification:_identify(isaacpjt/M0609/Collected_m0609_camera_cube/omniverse-content-production.s3-us-west-2.amazonaws.com/Assets/Isaac/5.1/Isaac/Props/Blocks) by extension 'cmake'
[0.090s] Level 1:colcon.colcon_core.package_identification:_identify(isaacpjt/M0609/Collected_m0609_camera_cube/omniverse-content-production.s3-us-west-2.amazonaws.com/Assets/Isaac/5.1/Isaac/Props/Blocks) by extension 'python'
[0.090s] Level 1:colcon.colcon_core.package_identification:_identify(isaacpjt/M0609/Collected_m0609_camera_cube/omniverse-content-production.s3-us-west-2.amazonaws.com/Assets/Isaac/5.1/Isaac/Props/Blocks) by extensions ['python_setup_py']
[0.090s] Level 1:colcon.colcon_core.package_identification:_identify(isaacpjt/M0609/Collected_m0609_camera_cube/omniverse-content-production.s3-us-west-2.amazonaws.com/Assets/Isaac/5.1/Isaac/Props/Blocks) by extension 'python_setup_py'
[0.090s] Level 1:colcon.colcon_core.package_identification:_identify(isaacpjt/M0609/Collected_m0609_camera_cube/omniverse-content-production.s3-us-west-2.amazonaws.com/Assets/Isaac/5.1/Isaac/Props/Blocks/DexCube) by extensions ['ignore', 'ignore_ament_install']
[0.090s] Level 1:colcon.colcon_core.package_identification:_identify(isaacpjt/M0609/Collected_m0609_camera_cube/omniverse-content-production.s3-us-west-2.amazonaws.com/Assets/Isaac/5.1/Isaac/Props/Blocks/DexCube) by extension 'ignore'
[0.090s] Level 1:colcon.colcon_core.package_identification:_identify(isaacpjt/M0609/Collected_m0609_camera_cube/omniverse-content-production.s3-us-west-2.amazonaws.com/Assets/Isaac/5.1/Isaac/Props/Blocks/DexCube) by extension 'ignore_ament_install'
[0.090s] Level 1:colcon.colcon_core.package_identification:_identify(isaacpjt/M0609/Collected_m0609_camera_cube/omniverse-content-production.s3-us-west-2.amazonaws.com/Assets/Isaac/5.1/Isaac/Props/Blocks/DexCube) by extensions ['colcon_pkg']
[0.090s] Level 1:colcon.colcon_core.package_identification:_identify(isaacpjt/M0609/Collected_m0609_camera_cube/omniverse-content-production.s3-us-west-2.amazonaws.com/Assets/Isaac/5.1/Isaac/Props/Blocks/DexCube) by extension 'colcon_pkg'
[0.090s] Level 1:colcon.colcon_core.package_identification:_identify(isaacpjt/M0609/Collected_m0609_camera_cube/omniverse-content-production.s3-us-west-2.amazonaws.com/Assets/Isaac/5.1/Isaac/Props/Blocks/DexCube) by extensions ['colcon_meta']
[0.090s] Level 1:colcon.colcon_core.package_identification:_identify(isaacpjt/M0609/Collected_m0609_camera_cube/omniverse-content-production.s3-us-west-2.amazonaws.com/Assets/Isaac/5.1/Isaac/Props/Blocks/DexCube) by extension 'colcon_meta'
[0.090s] Level 1:colcon.colcon_core.package_identification:_identify(isaacpjt/M0609/Collected_m0609_camera_cube/omniverse-content-production.s3-us-west-2.amazonaws.com/Assets/Isaac/5.1/Isaac/Props/Blocks/DexCube) by extensions ['ros']
[0.090s] Level 1:colcon.colcon_core.package_identification:_identify(isaacpjt/M0609/Collected_m0609_camera_cube/omniverse-content-production.s3-us-west-2.amazonaws.com/Assets/Isaac/5.1/Isaac/Props/Blocks/DexCube) by extension 'ros'
[0.090s] Level 1:colcon.colcon_core.package_identification:_identify(isaacpjt/M0609/Collected_m0609_camera_cube/omniverse-content-production.s3-us-west-2.amazonaws.com/Assets/Isaac/5.1/Isaac/Props/Blocks/DexCube) by extensions ['cmake', 'python']
[0.090s] Level 1:colcon.colcon_core.package_identification:_identify(isaacpjt/M0609/Collected_m0609_camera_cube/omniverse-content-production.s3-us-west-2.amazonaws.com/Assets/Isaac/5.1/Isaac/Props/Blocks/DexCube) by extension 'cmake'
[0.090s] Level 1:colcon.colcon_core.package_identification:_identify(isaacpjt/M0609/Collected_m0609_camera_cube/omniverse-content-production.s3-us-west-2.amazonaws.com/Assets/Isaac/5.1/Isaac/Props/Blocks/DexCube) by extension 'python'
[0.090s] Level 1:colcon.colcon_core.package_identification:_identify(isaacpjt/M0609/Collected_m0609_camera_cube/omniverse-content-production.s3-us-west-2.amazonaws.com/Assets/Isaac/5.1/Isaac/Props/Blocks/DexCube) by extensions ['python_setup_py']
[0.090s] Level 1:colcon.colcon_core.package_identification:_identify(isaacpjt/M0609/Collected_m0609_camera_cube/omniverse-content-production.s3-us-west-2.amazonaws.com/Assets/Isaac/5.1/Isaac/Props/Blocks/DexCube) by extension 'python_setup_py'
[0.090s] Level 1:colcon.colcon_core.package_identification:_identify(isaacpjt/M0609/Collected_m0609_camera_cube/omniverse-content-production.s3-us-west-2.amazonaws.com/Assets/Isaac/5.1/Isaac/Props/Blocks/DexCube/Materials) by extensions ['ignore', 'ignore_ament_install']
[0.090s] Level 1:colcon.colcon_core.package_identification:_identify(isaacpjt/M0609/Collected_m0609_camera_cube/omniverse-content-production.s3-us-west-2.amazonaws.com/Assets/Isaac/5.1/Isaac/Props/Blocks/DexCube/Materials) by extension 'ignore'
[0.090s] Level 1:colcon.colcon_core.package_identification:_identify(isaacpjt/M0609/Collected_m0609_camera_cube/omniverse-content-production.s3-us-west-2.amazonaws.com/Assets/Isaac/5.1/Isaac/Props/Blocks/DexCube/Materials) by extension 'ignore_ament_install'
[0.090s] Level 1:colcon.colcon_core.package_identification:_identify(isaacpjt/M0609/Collected_m0609_camera_cube/omniverse-content-production.s3-us-west-2.amazonaws.com/Assets/Isaac/5.1/Isaac/Props/Blocks/DexCube/Materials) by extensions ['colcon_pkg']
[0.090s] Level 1:colcon.colcon_core.package_identification:_identify(isaacpjt/M0609/Collected_m0609_camera_cube/omniverse-content-production.s3-us-west-2.amazonaws.com/Assets/Isaac/5.1/Isaac/Props/Blocks/DexCube/Materials) by extension 'colcon_pkg'
[0.090s] Level 1:colcon.colcon_core.package_identification:_identify(isaacpjt/M0609/Collected_m0609_camera_cube/omniverse-content-production.s3-us-west-2.amazonaws.com/Assets/Isaac/5.1/Isaac/Props/Blocks/DexCube/Materials) by extensions ['colcon_meta']
[0.090s] Level 1:colcon.colcon_core.package_identification:_identify(isaacpjt/M0609/Collected_m0609_camera_cube/omniverse-content-production.s3-us-west-2.amazonaws.com/Assets/Isaac/5.1/Isaac/Props/Blocks/DexCube/Materials) by extension 'colcon_meta'
[0.090s] Level 1:colcon.colcon_core.package_identification:_identify(isaacpjt/M0609/Collected_m0609_camera_cube/omniverse-content-production.s3-us-west-2.amazonaws.com/Assets/Isaac/5.1/Isaac/Props/Blocks/DexCube/Materials) by extensions ['ros']
[0.090s] Level 1:colcon.colcon_core.package_identification:_identify(isaacpjt/M0609/Collected_m0609_camera_cube/omniverse-content-production.s3-us-west-2.amazonaws.com/Assets/Isaac/5.1/Isaac/Props/Blocks/DexCube/Materials) by extension 'ros'
[0.090s] Level 1:colcon.colcon_core.package_identification:_identify(isaacpjt/M0609/Collected_m0609_camera_cube/omniverse-content-production.s3-us-west-2.amazonaws.com/Assets/Isaac/5.1/Isaac/Props/Blocks/DexCube/Materials) by extensions ['cmake', 'python']
[0.090s] Level 1:colcon.colcon_core.package_identification:_identify(isaacpjt/M0609/Collected_m0609_camera_cube/omniverse-content-production.s3-us-west-2.amazonaws.com/Assets/Isaac/5.1/Isaac/Props/Blocks/DexCube/Materials) by extension 'cmake'
[0.090s] Level 1:colcon.colcon_core.package_identification:_identify(isaacpjt/M0609/Collected_m0609_camera_cube/omniverse-content-production.s3-us-west-2.amazonaws.com/Assets/Isaac/5.1/Isaac/Props/Blocks/DexCube/Materials) by extension 'python'
[0.090s] Level 1:colcon.colcon_core.package_identification:_identify(isaacpjt/M0609/Collected_m0609_camera_cube/omniverse-content-production.s3-us-west-2.amazonaws.com/Assets/Isaac/5.1/Isaac/Props/Blocks/DexCube/Materials) by extensions ['python_setup_py']
[0.091s] Level 1:colcon.colcon_core.package_identification:_identify(isaacpjt/M0609/Collected_m0609_camera_cube/omniverse-content-production.s3-us-west-2.amazonaws.com/Assets/Isaac/5.1/Isaac/Props/Blocks/DexCube/Materials) by extension 'python_setup_py'
[0.091s] Level 1:colcon.colcon_core.package_identification:_identify(isaacpjt/M0609/Collected_m0609_camera_cube/omniverse-content-production.s3-us-west-2.amazonaws.com/Assets/Isaac/5.1/Isaac/Props/Blocks/DexCube/Props) by extensions ['ignore', 'ignore_ament_install']
[0.091s] Level 1:colcon.colcon_core.package_identification:_identify(isaacpjt/M0609/Collected_m0609_camera_cube/omniverse-content-production.s3-us-west-2.amazonaws.com/Assets/Isaac/5.1/Isaac/Props/Blocks/DexCube/Props) by extension 'ignore'
[0.091s] Level 1:colcon.colcon_core.package_identification:_identify(isaacpjt/M0609/Collected_m0609_camera_cube/omniverse-content-production.s3-us-west-2.amazonaws.com/Assets/Isaac/5.1/Isaac/Props/Blocks/DexCube/Props) by extension 'ignore_ament_install'
[0.091s] Level 1:colcon.colcon_core.package_identification:_identify(isaacpjt/M0609/Collected_m0609_camera_cube/omniverse-content-production.s3-us-west-2.amazonaws.com/Assets/Isaac/5.1/Isaac/Props/Blocks/DexCube/Props) by extensions ['colcon_pkg']
[0.091s] Level 1:colcon.colcon_core.package_identification:_identify(isaacpjt/M0609/Collected_m0609_camera_cube/omniverse-content-production.s3-us-west-2.amazonaws.com/Assets/Isaac/5.1/Isaac/Props/Blocks/DexCube/Props) by extension 'colcon_pkg'
[0.091s] Level 1:colcon.colcon_core.package_identification:_identify(isaacpjt/M0609/Collected_m0609_camera_cube/omniverse-content-production.s3-us-west-2.amazonaws.com/Assets/Isaac/5.1/Isaac/Props/Blocks/DexCube/Props) by extensions ['colcon_meta']
[0.091s] Level 1:colcon.colcon_core.package_identification:_identify(isaacpjt/M0609/Collected_m0609_camera_cube/omniverse-content-production.s3-us-west-2.amazonaws.com/Assets/Isaac/5.1/Isaac/Props/Blocks/DexCube/Props) by extension 'colcon_meta'
[0.091s] Level 1:colcon.colcon_core.package_identification:_identify(isaacpjt/M0609/Collected_m0609_camera_cube/omniverse-content-production.s3-us-west-2.amazonaws.com/Assets/Isaac/5.1/Isaac/Props/Blocks/DexCube/Props) by extensions ['ros']
[0.091s] Level 1:colcon.colcon_core.package_identification:_identify(isaacpjt/M0609/Collected_m0609_camera_cube/omniverse-content-production.s3-us-west-2.amazonaws.com/Assets/Isaac/5.1/Isaac/Props/Blocks/DexCube/Props) by extension 'ros'
[0.091s] Level 1:colcon.colcon_core.package_identification:_identify(isaacpjt/M0609/Collected_m0609_camera_cube/omniverse-content-production.s3-us-west-2.amazonaws.com/Assets/Isaac/5.1/Isaac/Props/Blocks/DexCube/Props) by extensions ['cmake', 'python']
[0.091s] Level 1:colcon.colcon_core.package_identification:_identify(isaacpjt/M0609/Collected_m0609_camera_cube/omniverse-content-production.s3-us-west-2.amazonaws.com/Assets/Isaac/5.1/Isaac/Props/Blocks/DexCube/Props) by extension 'cmake'
[0.091s] Level 1:colcon.colcon_core.package_identification:_identify(isaacpjt/M0609/Collected_m0609_camera_cube/omniverse-content-production.s3-us-west-2.amazonaws.com/Assets/Isaac/5.1/Isaac/Props/Blocks/DexCube/Props) by extension 'python'
[0.091s] Level 1:colcon.colcon_core.package_identification:_identify(isaacpjt/M0609/Collected_m0609_camera_cube/omniverse-content-production.s3-us-west-2.amazonaws.com/Assets/Isaac/5.1/Isaac/Props/Blocks/DexCube/Props) by extensions ['python_setup_py']
[0.091s] Level 1:colcon.colcon_core.package_identification:_identify(isaacpjt/M0609/Collected_m0609_camera_cube/omniverse-content-production.s3-us-west-2.amazonaws.com/Assets/Isaac/5.1/Isaac/Props/Blocks/DexCube/Props) by extension 'python_setup_py'
[0.091s] Level 1:colcon.colcon_core.package_identification:_identify(isaacpjt/M0609/Collected_m0609_camera_cube/omniverse-content-production.s3-us-west-2.amazonaws.com/Assets/Isaac/5.1/Isaac/Sensors) by extensions ['ignore', 'ignore_ament_install']
[0.091s] Level 1:colcon.colcon_core.package_identification:_identify(isaacpjt/M0609/Collected_m0609_camera_cube/omniverse-content-production.s3-us-west-2.amazonaws.com/Assets/Isaac/5.1/Isaac/Sensors) by extension 'ignore'
[0.091s] Level 1:colcon.colcon_core.package_identification:_identify(isaacpjt/M0609/Collected_m0609_camera_cube/omniverse-content-production.s3-us-west-2.amazonaws.com/Assets/Isaac/5.1/Isaac/Sensors) by extension 'ignore_ament_install'
[0.091s] Level 1:colcon.colcon_core.package_identification:_identify(isaacpjt/M0609/Collected_m0609_camera_cube/omniverse-content-production.s3-us-west-2.amazonaws.com/Assets/Isaac/5.1/Isaac/Sensors) by extensions ['colcon_pkg']
[0.091s] Level 1:colcon.colcon_core.package_identification:_identify(isaacpjt/M0609/Collected_m0609_camera_cube/omniverse-content-production.s3-us-west-2.amazonaws.com/Assets/Isaac/5.1/Isaac/Sensors) by extension 'colcon_pkg'
[0.091s] Level 1:colcon.colcon_core.package_identification:_identify(isaacpjt/M0609/Collected_m0609_camera_cube/omniverse-content-production.s3-us-west-2.amazonaws.com/Assets/Isaac/5.1/Isaac/Sensors) by extensions ['colcon_meta']
[0.091s] Level 1:colcon.colcon_core.package_identification:_identify(isaacpjt/M0609/Collected_m0609_camera_cube/omniverse-content-production.s3-us-west-2.amazonaws.com/Assets/Isaac/5.1/Isaac/Sensors) by extension 'colcon_meta'
[0.091s] Level 1:colcon.colcon_core.package_identification:_identify(isaacpjt/M0609/Collected_m0609_camera_cube/omniverse-content-production.s3-us-west-2.amazonaws.com/Assets/Isaac/5.1/Isaac/Sensors) by extensions ['ros']
[0.091s] Level 1:colcon.colcon_core.package_identification:_identify(isaacpjt/M0609/Collected_m0609_camera_cube/omniverse-content-production.s3-us-west-2.amazonaws.com/Assets/Isaac/5.1/Isaac/Sensors) by extension 'ros'
[0.091s] Level 1:colcon.colcon_core.package_identification:_identify(isaacpjt/M0609/Collected_m0609_camera_cube/omniverse-content-production.s3-us-west-2.amazonaws.com/Assets/Isaac/5.1/Isaac/Sensors) by extensions ['cmake', 'python']
[0.091s] Level 1:colcon.colcon_core.package_identification:_identify(isaacpjt/M0609/Collected_m0609_camera_cube/omniverse-content-production.s3-us-west-2.amazonaws.com/Assets/Isaac/5.1/Isaac/Sensors) by extension 'cmake'
[0.091s] Level 1:colcon.colcon_core.package_identification:_identify(isaacpjt/M0609/Collected_m0609_camera_cube/omniverse-content-production.s3-us-west-2.amazonaws.com/Assets/Isaac/5.1/Isaac/Sensors) by extension 'python'
[0.091s] Level 1:colcon.colcon_core.package_identification:_identify(isaacpjt/M0609/Collected_m0609_camera_cube/omniverse-content-production.s3-us-west-2.amazonaws.com/Assets/Isaac/5.1/Isaac/Sensors) by extensions ['python_setup_py']
[0.091s] Level 1:colcon.colcon_core.package_identification:_identify(isaacpjt/M0609/Collected_m0609_camera_cube/omniverse-content-production.s3-us-west-2.amazonaws.com/Assets/Isaac/5.1/Isaac/Sensors) by extension 'python_setup_py'
[0.091s] Level 1:colcon.colcon_core.package_identification:_identify(isaacpjt/M0609/Collected_m0609_camera_cube/omniverse-content-production.s3-us-west-2.amazonaws.com/Assets/Isaac/5.1/Isaac/Sensors/Intel) by extensions ['ignore', 'ignore_ament_install']
[0.091s] Level 1:colcon.colcon_core.package_identification:_identify(isaacpjt/M0609/Collected_m0609_camera_cube/omniverse-content-production.s3-us-west-2.amazonaws.com/Assets/Isaac/5.1/Isaac/Sensors/Intel) by extension 'ignore'
[0.091s] Level 1:colcon.colcon_core.package_identification:_identify(isaacpjt/M0609/Collected_m0609_camera_cube/omniverse-content-production.s3-us-west-2.amazonaws.com/Assets/Isaac/5.1/Isaac/Sensors/Intel) by extension 'ignore_ament_install'
[0.091s] Level 1:colcon.colcon_core.package_identification:_identify(isaacpjt/M0609/Collected_m0609_camera_cube/omniverse-content-production.s3-us-west-2.amazonaws.com/Assets/Isaac/5.1/Isaac/Sensors/Intel) by extensions ['colcon_pkg']
[0.091s] Level 1:colcon.colcon_core.package_identification:_identify(isaacpjt/M0609/Collected_m0609_camera_cube/omniverse-content-production.s3-us-west-2.amazonaws.com/Assets/Isaac/5.1/Isaac/Sensors/Intel) by extension 'colcon_pkg'
[0.091s] Level 1:colcon.colcon_core.package_identification:_identify(isaacpjt/M0609/Collected_m0609_camera_cube/omniverse-content-production.s3-us-west-2.amazonaws.com/Assets/Isaac/5.1/Isaac/Sensors/Intel) by extensions ['colcon_meta']
[0.091s] Level 1:colcon.colcon_core.package_identification:_identify(isaacpjt/M0609/Collected_m0609_camera_cube/omniverse-content-production.s3-us-west-2.amazonaws.com/Assets/Isaac/5.1/Isaac/Sensors/Intel) by extension 'colcon_meta'
[0.091s] Level 1:colcon.colcon_core.package_identification:_identify(isaacpjt/M0609/Collected_m0609_camera_cube/omniverse-content-production.s3-us-west-2.amazonaws.com/Assets/Isaac/5.1/Isaac/Sensors/Intel) by extensions ['ros']
[0.091s] Level 1:colcon.colcon_core.package_identification:_identify(isaacpjt/M0609/Collected_m0609_camera_cube/omniverse-content-production.s3-us-west-2.amazonaws.com/Assets/Isaac/5.1/Isaac/Sensors/Intel) by extension 'ros'
[0.091s] Level 1:colcon.colcon_core.package_identification:_identify(isaacpjt/M0609/Collected_m0609_camera_cube/omniverse-content-production.s3-us-west-2.amazonaws.com/Assets/Isaac/5.1/Isaac/Sensors/Intel) by extensions ['cmake', 'python']
[0.091s] Level 1:colcon.colcon_core.package_identification:_identify(isaacpjt/M0609/Collected_m0609_camera_cube/omniverse-content-production.s3-us-west-2.amazonaws.com/Assets/Isaac/5.1/Isaac/Sensors/Intel) by extension 'cmake'
[0.091s] Level 1:colcon.colcon_core.package_identification:_identify(isaacpjt/M0609/Collected_m0609_camera_cube/omniverse-content-production.s3-us-west-2.amazonaws.com/Assets/Isaac/5.1/Isaac/Sensors/Intel) by extension 'python'
[0.091s] Level 1:colcon.colcon_core.package_identification:_identify(isaacpjt/M0609/Collected_m0609_camera_cube/omniverse-content-production.s3-us-west-2.amazonaws.com/Assets/Isaac/5.1/Isaac/Sensors/Intel) by extensions ['python_setup_py']
[0.091s] Level 1:colcon.colcon_core.package_identification:_identify(isaacpjt/M0609/Collected_m0609_camera_cube/omniverse-content-production.s3-us-west-2.amazonaws.com/Assets/Isaac/5.1/Isaac/Sensors/Intel) by extension 'python_setup_py'
[0.091s] Level 1:colcon.colcon_core.package_identification:_identify(isaacpjt/M0609/Collected_m0609_camera_cube/omniverse-content-production.s3-us-west-2.amazonaws.com/Assets/Isaac/5.1/Isaac/Sensors/Intel/RealSense) by extensions ['ignore', 'ignore_ament_install']
[0.091s] Level 1:colcon.colcon_core.package_identification:_identify(isaacpjt/M0609/Collected_m0609_camera_cube/omniverse-content-production.s3-us-west-2.amazonaws.com/Assets/Isaac/5.1/Isaac/Sensors/Intel/RealSense) by extension 'ignore'
[0.091s] Level 1:colcon.colcon_core.package_identification:_identify(isaacpjt/M0609/Collected_m0609_camera_cube/omniverse-content-production.s3-us-west-2.amazonaws.com/Assets/Isaac/5.1/Isaac/Sensors/Intel/RealSense) by extension 'ignore_ament_install'
[0.092s] Level 1:colcon.colcon_core.package_identification:_identify(isaacpjt/M0609/Collected_m0609_camera_cube/omniverse-content-production.s3-us-west-2.amazonaws.com/Assets/Isaac/5.1/Isaac/Sensors/Intel/RealSense) by extensions ['colcon_pkg']
[0.092s] Level 1:colcon.colcon_core.package_identification:_identify(isaacpjt/M0609/Collected_m0609_camera_cube/omniverse-content-production.s3-us-west-2.amazonaws.com/Assets/Isaac/5.1/Isaac/Sensors/Intel/RealSense) by extension 'colcon_pkg'
[0.092s] Level 1:colcon.colcon_core.package_identification:_identify(isaacpjt/M0609/Collected_m0609_camera_cube/omniverse-content-production.s3-us-west-2.amazonaws.com/Assets/Isaac/5.1/Isaac/Sensors/Intel/RealSense) by extensions ['colcon_meta']
[0.092s] Level 1:colcon.colcon_core.package_identification:_identify(isaacpjt/M0609/Collected_m0609_camera_cube/omniverse-content-production.s3-us-west-2.amazonaws.com/Assets/Isaac/5.1/Isaac/Sensors/Intel/RealSense) by extension 'colcon_meta'
[0.092s] Level 1:colcon.colcon_core.package_identification:_identify(isaacpjt/M0609/Collected_m0609_camera_cube/omniverse-content-production.s3-us-west-2.amazonaws.com/Assets/Isaac/5.1/Isaac/Sensors/Intel/RealSense) by extensions ['ros']
[0.092s] Level 1:colcon.colcon_core.package_identification:_identify(isaacpjt/M0609/Collected_m0609_camera_cube/omniverse-content-production.s3-us-west-2.amazonaws.com/Assets/Isaac/5.1/Isaac/Sensors/Intel/RealSense) by extension 'ros'
[0.092s] Level 1:colcon.colcon_core.package_identification:_identify(isaacpjt/M0609/Collected_m0609_camera_cube/omniverse-content-production.s3-us-west-2.amazonaws.com/Assets/Isaac/5.1/Isaac/Sensors/Intel/RealSense) by extensions ['cmake', 'python']
[0.092s] Level 1:colcon.colcon_core.package_identification:_identify(isaacpjt/M0609/Collected_m0609_camera_cube/omniverse-content-production.s3-us-west-2.amazonaws.com/Assets/Isaac/5.1/Isaac/Sensors/Intel/RealSense) by extension 'cmake'
[0.092s] Level 1:colcon.colcon_core.package_identification:_identify(isaacpjt/M0609/Collected_m0609_camera_cube/omniverse-content-production.s3-us-west-2.amazonaws.com/Assets/Isaac/5.1/Isaac/Sensors/Intel/RealSense) by extension 'python'
[0.092s] Level 1:colcon.colcon_core.package_identification:_identify(isaacpjt/M0609/Collected_m0609_camera_cube/omniverse-content-production.s3-us-west-2.amazonaws.com/Assets/Isaac/5.1/Isaac/Sensors/Intel/RealSense) by extensions ['python_setup_py']
[0.092s] Level 1:colcon.colcon_core.package_identification:_identify(isaacpjt/M0609/Collected_m0609_camera_cube/omniverse-content-production.s3-us-west-2.amazonaws.com/Assets/Isaac/5.1/Isaac/Sensors/Intel/RealSense) by extension 'python_setup_py'
[0.092s] Level 1:colcon.colcon_core.package_identification:_identify(isaacpjt/M0609/Collected_m0609_camera_cube/onrobot_rg2) by extensions ['ignore', 'ignore_ament_install']
[0.092s] Level 1:colcon.colcon_core.package_identification:_identify(isaacpjt/M0609/Collected_m0609_camera_cube/onrobot_rg2) by extension 'ignore'
[0.092s] Level 1:colcon.colcon_core.package_identification:_identify(isaacpjt/M0609/Collected_m0609_camera_cube/onrobot_rg2) by extension 'ignore_ament_install'
[0.092s] Level 1:colcon.colcon_core.package_identification:_identify(isaacpjt/M0609/Collected_m0609_camera_cube/onrobot_rg2) by extensions ['colcon_pkg']
[0.092s] Level 1:colcon.colcon_core.package_identification:_identify(isaacpjt/M0609/Collected_m0609_camera_cube/onrobot_rg2) by extension 'colcon_pkg'
[0.092s] Level 1:colcon.colcon_core.package_identification:_identify(isaacpjt/M0609/Collected_m0609_camera_cube/onrobot_rg2) by extensions ['colcon_meta']
[0.092s] Level 1:colcon.colcon_core.package_identification:_identify(isaacpjt/M0609/Collected_m0609_camera_cube/onrobot_rg2) by extension 'colcon_meta'
[0.092s] Level 1:colcon.colcon_core.package_identification:_identify(isaacpjt/M0609/Collected_m0609_camera_cube/onrobot_rg2) by extensions ['ros']
[0.092s] Level 1:colcon.colcon_core.package_identification:_identify(isaacpjt/M0609/Collected_m0609_camera_cube/onrobot_rg2) by extension 'ros'
[0.092s] Level 1:colcon.colcon_core.package_identification:_identify(isaacpjt/M0609/Collected_m0609_camera_cube/onrobot_rg2) by extensions ['cmake', 'python']
[0.092s] Level 1:colcon.colcon_core.package_identification:_identify(isaacpjt/M0609/Collected_m0609_camera_cube/onrobot_rg2) by extension 'cmake'
[0.092s] Level 1:colcon.colcon_core.package_identification:_identify(isaacpjt/M0609/Collected_m0609_camera_cube/onrobot_rg2) by extension 'python'
[0.092s] Level 1:colcon.colcon_core.package_identification:_identify(isaacpjt/M0609/Collected_m0609_camera_cube/onrobot_rg2) by extensions ['python_setup_py']
[0.092s] Level 1:colcon.colcon_core.package_identification:_identify(isaacpjt/M0609/Collected_m0609_camera_cube/onrobot_rg2) by extension 'python_setup_py'
[0.092s] Level 1:colcon.colcon_core.package_identification:_identify(isaacpjt/M0609/Collected_m0609_camera_cube/onrobot_rg2/urdf) by extensions ['ignore', 'ignore_ament_install']
[0.092s] Level 1:colcon.colcon_core.package_identification:_identify(isaacpjt/M0609/Collected_m0609_camera_cube/onrobot_rg2/urdf) by extension 'ignore'
[0.092s] Level 1:colcon.colcon_core.package_identification:_identify(isaacpjt/M0609/Collected_m0609_camera_cube/onrobot_rg2/urdf) by extension 'ignore_ament_install'
[0.092s] Level 1:colcon.colcon_core.package_identification:_identify(isaacpjt/M0609/Collected_m0609_camera_cube/onrobot_rg2/urdf) by extensions ['colcon_pkg']
[0.092s] Level 1:colcon.colcon_core.package_identification:_identify(isaacpjt/M0609/Collected_m0609_camera_cube/onrobot_rg2/urdf) by extension 'colcon_pkg'
[0.092s] Level 1:colcon.colcon_core.package_identification:_identify(isaacpjt/M0609/Collected_m0609_camera_cube/onrobot_rg2/urdf) by extensions ['colcon_meta']
[0.092s] Level 1:colcon.colcon_core.package_identification:_identify(isaacpjt/M0609/Collected_m0609_camera_cube/onrobot_rg2/urdf) by extension 'colcon_meta'
[0.092s] Level 1:colcon.colcon_core.package_identification:_identify(isaacpjt/M0609/Collected_m0609_camera_cube/onrobot_rg2/urdf) by extensions ['ros']
[0.092s] Level 1:colcon.colcon_core.package_identification:_identify(isaacpjt/M0609/Collected_m0609_camera_cube/onrobot_rg2/urdf) by extension 'ros'
[0.092s] Level 1:colcon.colcon_core.package_identification:_identify(isaacpjt/M0609/Collected_m0609_camera_cube/onrobot_rg2/urdf) by extensions ['cmake', 'python']
[0.092s] Level 1:colcon.colcon_core.package_identification:_identify(isaacpjt/M0609/Collected_m0609_camera_cube/onrobot_rg2/urdf) by extension 'cmake'
[0.092s] Level 1:colcon.colcon_core.package_identification:_identify(isaacpjt/M0609/Collected_m0609_camera_cube/onrobot_rg2/urdf) by extension 'python'
[0.092s] Level 1:colcon.colcon_core.package_identification:_identify(isaacpjt/M0609/Collected_m0609_camera_cube/onrobot_rg2/urdf) by extensions ['python_setup_py']
[0.092s] Level 1:colcon.colcon_core.package_identification:_identify(isaacpjt/M0609/Collected_m0609_camera_cube/onrobot_rg2/urdf) by extension 'python_setup_py'
[0.092s] Level 1:colcon.colcon_core.package_identification:_identify(isaacpjt/M0609/Collected_m0609_camera_cube/onrobot_rg2/urdf/onrobot_rg2) by extensions ['ignore', 'ignore_ament_install']
[0.092s] Level 1:colcon.colcon_core.package_identification:_identify(isaacpjt/M0609/Collected_m0609_camera_cube/onrobot_rg2/urdf/onrobot_rg2) by extension 'ignore'
[0.092s] Level 1:colcon.colcon_core.package_identification:_identify(isaacpjt/M0609/Collected_m0609_camera_cube/onrobot_rg2/urdf/onrobot_rg2) by extension 'ignore_ament_install'
[0.092s] Level 1:colcon.colcon_core.package_identification:_identify(isaacpjt/M0609/Collected_m0609_camera_cube/onrobot_rg2/urdf/onrobot_rg2) by extensions ['colcon_pkg']
[0.092s] Level 1:colcon.colcon_core.package_identification:_identify(isaacpjt/M0609/Collected_m0609_camera_cube/onrobot_rg2/urdf/onrobot_rg2) by extension 'colcon_pkg'
[0.092s] Level 1:colcon.colcon_core.package_identification:_identify(isaacpjt/M0609/Collected_m0609_camera_cube/onrobot_rg2/urdf/onrobot_rg2) by extensions ['colcon_meta']
[0.092s] Level 1:colcon.colcon_core.package_identification:_identify(isaacpjt/M0609/Collected_m0609_camera_cube/onrobot_rg2/urdf/onrobot_rg2) by extension 'colcon_meta'
[0.092s] Level 1:colcon.colcon_core.package_identification:_identify(isaacpjt/M0609/Collected_m0609_camera_cube/onrobot_rg2/urdf/onrobot_rg2) by extensions ['ros']
[0.092s] Level 1:colcon.colcon_core.package_identification:_identify(isaacpjt/M0609/Collected_m0609_camera_cube/onrobot_rg2/urdf/onrobot_rg2) by extension 'ros'
[0.092s] Level 1:colcon.colcon_core.package_identification:_identify(isaacpjt/M0609/Collected_m0609_camera_cube/onrobot_rg2/urdf/onrobot_rg2) by extensions ['cmake', 'python']
[0.092s] Level 1:colcon.colcon_core.package_identification:_identify(isaacpjt/M0609/Collected_m0609_camera_cube/onrobot_rg2/urdf/onrobot_rg2) by extension 'cmake'
[0.092s] Level 1:colcon.colcon_core.package_identification:_identify(isaacpjt/M0609/Collected_m0609_camera_cube/onrobot_rg2/urdf/onrobot_rg2) by extension 'python'
[0.092s] Level 1:colcon.colcon_core.package_identification:_identify(isaacpjt/M0609/Collected_m0609_camera_cube/onrobot_rg2/urdf/onrobot_rg2) by extensions ['python_setup_py']
[0.092s] Level 1:colcon.colcon_core.package_identification:_identify(isaacpjt/M0609/Collected_m0609_camera_cube/onrobot_rg2/urdf/onrobot_rg2) by extension 'python_setup_py'
[0.093s] Level 1:colcon.colcon_core.package_identification:_identify(isaacpjt/M0609/Collected_m0609_camera_cube/onrobot_rg2/urdf/onrobot_rg2/configuration) by extensions ['ignore', 'ignore_ament_install']
[0.093s] Level 1:colcon.colcon_core.package_identification:_identify(isaacpjt/M0609/Collected_m0609_camera_cube/onrobot_rg2/urdf/onrobot_rg2/configuration) by extension 'ignore'
[0.093s] Level 1:colcon.colcon_core.package_identification:_identify(isaacpjt/M0609/Collected_m0609_camera_cube/onrobot_rg2/urdf/onrobot_rg2/configuration) by extension 'ignore_ament_install'
[0.093s] Level 1:colcon.colcon_core.package_identification:_identify(isaacpjt/M0609/Collected_m0609_camera_cube/onrobot_rg2/urdf/onrobot_rg2/configuration) by extensions ['colcon_pkg']
[0.093s] Level 1:colcon.colcon_core.package_identification:_identify(isaacpjt/M0609/Collected_m0609_camera_cube/onrobot_rg2/urdf/onrobot_rg2/configuration) by extension 'colcon_pkg'
[0.093s] Level 1:colcon.colcon_core.package_identification:_identify(isaacpjt/M0609/Collected_m0609_camera_cube/onrobot_rg2/urdf/onrobot_rg2/configuration) by extensions ['colcon_meta']
[0.093s] Level 1:colcon.colcon_core.package_identification:_identify(isaacpjt/M0609/Collected_m0609_camera_cube/onrobot_rg2/urdf/onrobot_rg2/configuration) by extension 'colcon_meta'
[0.093s] Level 1:colcon.colcon_core.package_identification:_identify(isaacpjt/M0609/Collected_m0609_camera_cube/onrobot_rg2/urdf/onrobot_rg2/configuration) by extensions ['ros']
[0.093s] Level 1:colcon.colcon_core.package_identification:_identify(isaacpjt/M0609/Collected_m0609_camera_cube/onrobot_rg2/urdf/onrobot_rg2/configuration) by extension 'ros'
[0.093s] Level 1:colcon.colcon_core.package_identification:_identify(isaacpjt/M0609/Collected_m0609_camera_cube/onrobot_rg2/urdf/onrobot_rg2/configuration) by extensions ['cmake', 'python']
[0.093s] Level 1:colcon.colcon_core.package_identification:_identify(isaacpjt/M0609/Collected_m0609_camera_cube/onrobot_rg2/urdf/onrobot_rg2/configuration) by extension 'cmake'
[0.093s] Level 1:colcon.colcon_core.package_identification:_identify(isaacpjt/M0609/Collected_m0609_camera_cube/onrobot_rg2/urdf/onrobot_rg2/configuration) by extension 'python'
[0.093s] Level 1:colcon.colcon_core.package_identification:_identify(isaacpjt/M0609/Collected_m0609_camera_cube/onrobot_rg2/urdf/onrobot_rg2/configuration) by extensions ['python_setup_py']
[0.093s] Level 1:colcon.colcon_core.package_identification:_identify(isaacpjt/M0609/Collected_m0609_camera_cube/onrobot_rg2/urdf/onrobot_rg2/configuration) by extension 'python_setup_py'
[0.093s] Level 1:colcon.colcon_core.package_identification:_identify(isaacpjt/M0609/Collected_m0609_color_zone) by extensions ['ignore', 'ignore_ament_install']
[0.093s] Level 1:colcon.colcon_core.package_identification:_identify(isaacpjt/M0609/Collected_m0609_color_zone) by extension 'ignore'
[0.093s] Level 1:colcon.colcon_core.package_identification:_identify(isaacpjt/M0609/Collected_m0609_color_zone) by extension 'ignore_ament_install'
[0.093s] Level 1:colcon.colcon_core.package_identification:_identify(isaacpjt/M0609/Collected_m0609_color_zone) by extensions ['colcon_pkg']
[0.093s] Level 1:colcon.colcon_core.package_identification:_identify(isaacpjt/M0609/Collected_m0609_color_zone) by extension 'colcon_pkg'
[0.093s] Level 1:colcon.colcon_core.package_identification:_identify(isaacpjt/M0609/Collected_m0609_color_zone) by extensions ['colcon_meta']
[0.093s] Level 1:colcon.colcon_core.package_identification:_identify(isaacpjt/M0609/Collected_m0609_color_zone) by extension 'colcon_meta'
[0.093s] Level 1:colcon.colcon_core.package_identification:_identify(isaacpjt/M0609/Collected_m0609_color_zone) by extensions ['ros']
[0.093s] Level 1:colcon.colcon_core.package_identification:_identify(isaacpjt/M0609/Collected_m0609_color_zone) by extension 'ros'
[0.093s] Level 1:colcon.colcon_core.package_identification:_identify(isaacpjt/M0609/Collected_m0609_color_zone) by extensions ['cmake', 'python']
[0.093s] Level 1:colcon.colcon_core.package_identification:_identify(isaacpjt/M0609/Collected_m0609_color_zone) by extension 'cmake'
[0.093s] Level 1:colcon.colcon_core.package_identification:_identify(isaacpjt/M0609/Collected_m0609_color_zone) by extension 'python'
[0.093s] Level 1:colcon.colcon_core.package_identification:_identify(isaacpjt/M0609/Collected_m0609_color_zone) by extensions ['python_setup_py']
[0.093s] Level 1:colcon.colcon_core.package_identification:_identify(isaacpjt/M0609/Collected_m0609_color_zone) by extension 'python_setup_py'
[0.093s] Level 1:colcon.colcon_core.package_identification:_identify(isaacpjt/M0609/Collected_m0609_color_zone/doosan-robot2) by extensions ['ignore', 'ignore_ament_install']
[0.093s] Level 1:colcon.colcon_core.package_identification:_identify(isaacpjt/M0609/Collected_m0609_color_zone/doosan-robot2) by extension 'ignore'
[0.093s] Level 1:colcon.colcon_core.package_identification:_identify(isaacpjt/M0609/Collected_m0609_color_zone/doosan-robot2) by extension 'ignore_ament_install'
[0.093s] Level 1:colcon.colcon_core.package_identification:_identify(isaacpjt/M0609/Collected_m0609_color_zone/doosan-robot2) by extensions ['colcon_pkg']
[0.093s] Level 1:colcon.colcon_core.package_identification:_identify(isaacpjt/M0609/Collected_m0609_color_zone/doosan-robot2) by extension 'colcon_pkg'
[0.093s] Level 1:colcon.colcon_core.package_identification:_identify(isaacpjt/M0609/Collected_m0609_color_zone/doosan-robot2) by extensions ['colcon_meta']
[0.093s] Level 1:colcon.colcon_core.package_identification:_identify(isaacpjt/M0609/Collected_m0609_color_zone/doosan-robot2) by extension 'colcon_meta'
[0.093s] Level 1:colcon.colcon_core.package_identification:_identify(isaacpjt/M0609/Collected_m0609_color_zone/doosan-robot2) by extensions ['ros']
[0.093s] Level 1:colcon.colcon_core.package_identification:_identify(isaacpjt/M0609/Collected_m0609_color_zone/doosan-robot2) by extension 'ros'
[0.093s] Level 1:colcon.colcon_core.package_identification:_identify(isaacpjt/M0609/Collected_m0609_color_zone/doosan-robot2) by extensions ['cmake', 'python']
[0.093s] Level 1:colcon.colcon_core.package_identification:_identify(isaacpjt/M0609/Collected_m0609_color_zone/doosan-robot2) by extension 'cmake'
[0.093s] Level 1:colcon.colcon_core.package_identification:_identify(isaacpjt/M0609/Collected_m0609_color_zone/doosan-robot2) by extension 'python'
[0.093s] Level 1:colcon.colcon_core.package_identification:_identify(isaacpjt/M0609/Collected_m0609_color_zone/doosan-robot2) by extensions ['python_setup_py']
[0.093s] Level 1:colcon.colcon_core.package_identification:_identify(isaacpjt/M0609/Collected_m0609_color_zone/doosan-robot2) by extension 'python_setup_py'
[0.093s] Level 1:colcon.colcon_core.package_identification:_identify(isaacpjt/M0609/Collected_m0609_color_zone/doosan-robot2/urdf) by extensions ['ignore', 'ignore_ament_install']
[0.093s] Level 1:colcon.colcon_core.package_identification:_identify(isaacpjt/M0609/Collected_m0609_color_zone/doosan-robot2/urdf) by extension 'ignore'
[0.093s] Level 1:colcon.colcon_core.package_identification:_identify(isaacpjt/M0609/Collected_m0609_color_zone/doosan-robot2/urdf) by extension 'ignore_ament_install'
[0.093s] Level 1:colcon.colcon_core.package_identification:_identify(isaacpjt/M0609/Collected_m0609_color_zone/doosan-robot2/urdf) by extensions ['colcon_pkg']
[0.093s] Level 1:colcon.colcon_core.package_identification:_identify(isaacpjt/M0609/Collected_m0609_color_zone/doosan-robot2/urdf) by extension 'colcon_pkg'
[0.093s] Level 1:colcon.colcon_core.package_identification:_identify(isaacpjt/M0609/Collected_m0609_color_zone/doosan-robot2/urdf) by extensions ['colcon_meta']
[0.093s] Level 1:colcon.colcon_core.package_identification:_identify(isaacpjt/M0609/Collected_m0609_color_zone/doosan-robot2/urdf) by extension 'colcon_meta'
[0.093s] Level 1:colcon.colcon_core.package_identification:_identify(isaacpjt/M0609/Collected_m0609_color_zone/doosan-robot2/urdf) by extensions ['ros']
[0.093s] Level 1:colcon.colcon_core.package_identification:_identify(isaacpjt/M0609/Collected_m0609_color_zone/doosan-robot2/urdf) by extension 'ros'
[0.093s] Level 1:colcon.colcon_core.package_identification:_identify(isaacpjt/M0609/Collected_m0609_color_zone/doosan-robot2/urdf) by extensions ['cmake', 'python']
[0.093s] Level 1:colcon.colcon_core.package_identification:_identify(isaacpjt/M0609/Collected_m0609_color_zone/doosan-robot2/urdf) by extension 'cmake'
[0.094s] Level 1:colcon.colcon_core.package_identification:_identify(isaacpjt/M0609/Collected_m0609_color_zone/doosan-robot2/urdf) by extension 'python'
[0.094s] Level 1:colcon.colcon_core.package_identification:_identify(isaacpjt/M0609/Collected_m0609_color_zone/doosan-robot2/urdf) by extensions ['python_setup_py']
[0.094s] Level 1:colcon.colcon_core.package_identification:_identify(isaacpjt/M0609/Collected_m0609_color_zone/doosan-robot2/urdf) by extension 'python_setup_py'
[0.094s] Level 1:colcon.colcon_core.package_identification:_identify(isaacpjt/M0609/Collected_m0609_color_zone/doosan-robot2/urdf/m0609_isaac_sim) by extensions ['ignore', 'ignore_ament_install']
[0.094s] Level 1:colcon.colcon_core.package_identification:_identify(isaacpjt/M0609/Collected_m0609_color_zone/doosan-robot2/urdf/m0609_isaac_sim) by extension 'ignore'
[0.094s] Level 1:colcon.colcon_core.package_identification:_identify(isaacpjt/M0609/Collected_m0609_color_zone/doosan-robot2/urdf/m0609_isaac_sim) by extension 'ignore_ament_install'
[0.094s] Level 1:colcon.colcon_core.package_identification:_identify(isaacpjt/M0609/Collected_m0609_color_zone/doosan-robot2/urdf/m0609_isaac_sim) by extensions ['colcon_pkg']
[0.094s] Level 1:colcon.colcon_core.package_identification:_identify(isaacpjt/M0609/Collected_m0609_color_zone/doosan-robot2/urdf/m0609_isaac_sim) by extension 'colcon_pkg'
[0.094s] Level 1:colcon.colcon_core.package_identification:_identify(isaacpjt/M0609/Collected_m0609_color_zone/doosan-robot2/urdf/m0609_isaac_sim) by extensions ['colcon_meta']
[0.094s] Level 1:colcon.colcon_core.package_identification:_identify(isaacpjt/M0609/Collected_m0609_color_zone/doosan-robot2/urdf/m0609_isaac_sim) by extension 'colcon_meta'
[0.094s] Level 1:colcon.colcon_core.package_identification:_identify(isaacpjt/M0609/Collected_m0609_color_zone/doosan-robot2/urdf/m0609_isaac_sim) by extensions ['ros']
[0.094s] Level 1:colcon.colcon_core.package_identification:_identify(isaacpjt/M0609/Collected_m0609_color_zone/doosan-robot2/urdf/m0609_isaac_sim) by extension 'ros'
[0.094s] Level 1:colcon.colcon_core.package_identification:_identify(isaacpjt/M0609/Collected_m0609_color_zone/doosan-robot2/urdf/m0609_isaac_sim) by extensions ['cmake', 'python']
[0.094s] Level 1:colcon.colcon_core.package_identification:_identify(isaacpjt/M0609/Collected_m0609_color_zone/doosan-robot2/urdf/m0609_isaac_sim) by extension 'cmake'
[0.094s] Level 1:colcon.colcon_core.package_identification:_identify(isaacpjt/M0609/Collected_m0609_color_zone/doosan-robot2/urdf/m0609_isaac_sim) by extension 'python'
[0.094s] Level 1:colcon.colcon_core.package_identification:_identify(isaacpjt/M0609/Collected_m0609_color_zone/doosan-robot2/urdf/m0609_isaac_sim) by extensions ['python_setup_py']
[0.094s] Level 1:colcon.colcon_core.package_identification:_identify(isaacpjt/M0609/Collected_m0609_color_zone/doosan-robot2/urdf/m0609_isaac_sim) by extension 'python_setup_py'
[0.094s] Level 1:colcon.colcon_core.package_identification:_identify(isaacpjt/M0609/Collected_m0609_color_zone/doosan-robot2/urdf/m0609_isaac_sim/configuration) by extensions ['ignore', 'ignore_ament_install']
[0.094s] Level 1:colcon.colcon_core.package_identification:_identify(isaacpjt/M0609/Collected_m0609_color_zone/doosan-robot2/urdf/m0609_isaac_sim/configuration) by extension 'ignore'
[0.094s] Level 1:colcon.colcon_core.package_identification:_identify(isaacpjt/M0609/Collected_m0609_color_zone/doosan-robot2/urdf/m0609_isaac_sim/configuration) by extension 'ignore_ament_install'
[0.094s] Level 1:colcon.colcon_core.package_identification:_identify(isaacpjt/M0609/Collected_m0609_color_zone/doosan-robot2/urdf/m0609_isaac_sim/configuration) by extensions ['colcon_pkg']
[0.094s] Level 1:colcon.colcon_core.package_identification:_identify(isaacpjt/M0609/Collected_m0609_color_zone/doosan-robot2/urdf/m0609_isaac_sim/configuration) by extension 'colcon_pkg'
[0.094s] Level 1:colcon.colcon_core.package_identification:_identify(isaacpjt/M0609/Collected_m0609_color_zone/doosan-robot2/urdf/m0609_isaac_sim/configuration) by extensions ['colcon_meta']
[0.094s] Level 1:colcon.colcon_core.package_identification:_identify(isaacpjt/M0609/Collected_m0609_color_zone/doosan-robot2/urdf/m0609_isaac_sim/configuration) by extension 'colcon_meta'
[0.094s] Level 1:colcon.colcon_core.package_identification:_identify(isaacpjt/M0609/Collected_m0609_color_zone/doosan-robot2/urdf/m0609_isaac_sim/configuration) by extensions ['ros']
[0.094s] Level 1:colcon.colcon_core.package_identification:_identify(isaacpjt/M0609/Collected_m0609_color_zone/doosan-robot2/urdf/m0609_isaac_sim/configuration) by extension 'ros'
[0.094s] Level 1:colcon.colcon_core.package_identification:_identify(isaacpjt/M0609/Collected_m0609_color_zone/doosan-robot2/urdf/m0609_isaac_sim/configuration) by extensions ['cmake', 'python']
[0.094s] Level 1:colcon.colcon_core.package_identification:_identify(isaacpjt/M0609/Collected_m0609_color_zone/doosan-robot2/urdf/m0609_isaac_sim/configuration) by extension 'cmake'
[0.094s] Level 1:colcon.colcon_core.package_identification:_identify(isaacpjt/M0609/Collected_m0609_color_zone/doosan-robot2/urdf/m0609_isaac_sim/configuration) by extension 'python'
[0.094s] Level 1:colcon.colcon_core.package_identification:_identify(isaacpjt/M0609/Collected_m0609_color_zone/doosan-robot2/urdf/m0609_isaac_sim/configuration) by extensions ['python_setup_py']
[0.094s] Level 1:colcon.colcon_core.package_identification:_identify(isaacpjt/M0609/Collected_m0609_color_zone/doosan-robot2/urdf/m0609_isaac_sim/configuration) by extension 'python_setup_py'
[0.094s] Level 1:colcon.colcon_core.package_identification:_identify(isaacpjt/M0609/Collected_m0609_color_zone/omniverse-content-production.s3-us-west-2.amazonaws.com) by extensions ['ignore', 'ignore_ament_install']
[0.094s] Level 1:colcon.colcon_core.package_identification:_identify(isaacpjt/M0609/Collected_m0609_color_zone/omniverse-content-production.s3-us-west-2.amazonaws.com) by extension 'ignore'
[0.094s] Level 1:colcon.colcon_core.package_identification:_identify(isaacpjt/M0609/Collected_m0609_color_zone/omniverse-content-production.s3-us-west-2.amazonaws.com) by extension 'ignore_ament_install'
[0.094s] Level 1:colcon.colcon_core.package_identification:_identify(isaacpjt/M0609/Collected_m0609_color_zone/omniverse-content-production.s3-us-west-2.amazonaws.com) by extensions ['colcon_pkg']
[0.094s] Level 1:colcon.colcon_core.package_identification:_identify(isaacpjt/M0609/Collected_m0609_color_zone/omniverse-content-production.s3-us-west-2.amazonaws.com) by extension 'colcon_pkg'
[0.094s] Level 1:colcon.colcon_core.package_identification:_identify(isaacpjt/M0609/Collected_m0609_color_zone/omniverse-content-production.s3-us-west-2.amazonaws.com) by extensions ['colcon_meta']
[0.094s] Level 1:colcon.colcon_core.package_identification:_identify(isaacpjt/M0609/Collected_m0609_color_zone/omniverse-content-production.s3-us-west-2.amazonaws.com) by extension 'colcon_meta'
[0.094s] Level 1:colcon.colcon_core.package_identification:_identify(isaacpjt/M0609/Collected_m0609_color_zone/omniverse-content-production.s3-us-west-2.amazonaws.com) by extensions ['ros']
[0.094s] Level 1:colcon.colcon_core.package_identification:_identify(isaacpjt/M0609/Collected_m0609_color_zone/omniverse-content-production.s3-us-west-2.amazonaws.com) by extension 'ros'
[0.094s] Level 1:colcon.colcon_core.package_identification:_identify(isaacpjt/M0609/Collected_m0609_color_zone/omniverse-content-production.s3-us-west-2.amazonaws.com) by extensions ['cmake', 'python']
[0.094s] Level 1:colcon.colcon_core.package_identification:_identify(isaacpjt/M0609/Collected_m0609_color_zone/omniverse-content-production.s3-us-west-2.amazonaws.com) by extension 'cmake'
[0.094s] Level 1:colcon.colcon_core.package_identification:_identify(isaacpjt/M0609/Collected_m0609_color_zone/omniverse-content-production.s3-us-west-2.amazonaws.com) by extension 'python'
[0.094s] Level 1:colcon.colcon_core.package_identification:_identify(isaacpjt/M0609/Collected_m0609_color_zone/omniverse-content-production.s3-us-west-2.amazonaws.com) by extensions ['python_setup_py']
[0.094s] Level 1:colcon.colcon_core.package_identification:_identify(isaacpjt/M0609/Collected_m0609_color_zone/omniverse-content-production.s3-us-west-2.amazonaws.com) by extension 'python_setup_py'
[0.094s] Level 1:colcon.colcon_core.package_identification:_identify(isaacpjt/M0609/Collected_m0609_color_zone/omniverse-content-production.s3-us-west-2.amazonaws.com/Assets) by extensions ['ignore', 'ignore_ament_install']
[0.094s] Level 1:colcon.colcon_core.package_identification:_identify(isaacpjt/M0609/Collected_m0609_color_zone/omniverse-content-production.s3-us-west-2.amazonaws.com/Assets) by extension 'ignore'
[0.094s] Level 1:colcon.colcon_core.package_identification:_identify(isaacpjt/M0609/Collected_m0609_color_zone/omniverse-content-production.s3-us-west-2.amazonaws.com/Assets) by extension 'ignore_ament_install'
[0.094s] Level 1:colcon.colcon_core.package_identification:_identify(isaacpjt/M0609/Collected_m0609_color_zone/omniverse-content-production.s3-us-west-2.amazonaws.com/Assets) by extensions ['colcon_pkg']
[0.094s] Level 1:colcon.colcon_core.package_identification:_identify(isaacpjt/M0609/Collected_m0609_color_zone/omniverse-content-production.s3-us-west-2.amazonaws.com/Assets) by extension 'colcon_pkg'
[0.094s] Level 1:colcon.colcon_core.package_identification:_identify(isaacpjt/M0609/Collected_m0609_color_zone/omniverse-content-production.s3-us-west-2.amazonaws.com/Assets) by extensions ['colcon_meta']
[0.094s] Level 1:colcon.colcon_core.package_identification:_identify(isaacpjt/M0609/Collected_m0609_color_zone/omniverse-content-production.s3-us-west-2.amazonaws.com/Assets) by extension 'colcon_meta'
[0.094s] Level 1:colcon.colcon_core.package_identification:_identify(isaacpjt/M0609/Collected_m0609_color_zone/omniverse-content-production.s3-us-west-2.amazonaws.com/Assets) by extensions ['ros']
[0.094s] Level 1:colcon.colcon_core.package_identification:_identify(isaacpjt/M0609/Collected_m0609_color_zone/omniverse-content-production.s3-us-west-2.amazonaws.com/Assets) by extension 'ros'
[0.095s] Level 1:colcon.colcon_core.package_identification:_identify(isaacpjt/M0609/Collected_m0609_color_zone/omniverse-content-production.s3-us-west-2.amazonaws.com/Assets) by extensions ['cmake', 'python']
[0.095s] Level 1:colcon.colcon_core.package_identification:_identify(isaacpjt/M0609/Collected_m0609_color_zone/omniverse-content-production.s3-us-west-2.amazonaws.com/Assets) by extension 'cmake'
[0.095s] Level 1:colcon.colcon_core.package_identification:_identify(isaacpjt/M0609/Collected_m0609_color_zone/omniverse-content-production.s3-us-west-2.amazonaws.com/Assets) by extension 'python'
[0.095s] Level 1:colcon.colcon_core.package_identification:_identify(isaacpjt/M0609/Collected_m0609_color_zone/omniverse-content-production.s3-us-west-2.amazonaws.com/Assets) by extensions ['python_setup_py']
[0.095s] Level 1:colcon.colcon_core.package_identification:_identify(isaacpjt/M0609/Collected_m0609_color_zone/omniverse-content-production.s3-us-west-2.amazonaws.com/Assets) by extension 'python_setup_py'
[0.095s] Level 1:colcon.colcon_core.package_identification:_identify(isaacpjt/M0609/Collected_m0609_color_zone/omniverse-content-production.s3-us-west-2.amazonaws.com/Assets/Isaac) by extensions ['ignore', 'ignore_ament_install']
[0.095s] Level 1:colcon.colcon_core.package_identification:_identify(isaacpjt/M0609/Collected_m0609_color_zone/omniverse-content-production.s3-us-west-2.amazonaws.com/Assets/Isaac) by extension 'ignore'
[0.095s] Level 1:colcon.colcon_core.package_identification:_identify(isaacpjt/M0609/Collected_m0609_color_zone/omniverse-content-production.s3-us-west-2.amazonaws.com/Assets/Isaac) by extension 'ignore_ament_install'
[0.095s] Level 1:colcon.colcon_core.package_identification:_identify(isaacpjt/M0609/Collected_m0609_color_zone/omniverse-content-production.s3-us-west-2.amazonaws.com/Assets/Isaac) by extensions ['colcon_pkg']
[0.095s] Level 1:colcon.colcon_core.package_identification:_identify(isaacpjt/M0609/Collected_m0609_color_zone/omniverse-content-production.s3-us-west-2.amazonaws.com/Assets/Isaac) by extension 'colcon_pkg'
[0.095s] Level 1:colcon.colcon_core.package_identification:_identify(isaacpjt/M0609/Collected_m0609_color_zone/omniverse-content-production.s3-us-west-2.amazonaws.com/Assets/Isaac) by extensions ['colcon_meta']
[0.095s] Level 1:colcon.colcon_core.package_identification:_identify(isaacpjt/M0609/Collected_m0609_color_zone/omniverse-content-production.s3-us-west-2.amazonaws.com/Assets/Isaac) by extension 'colcon_meta'
[0.095s] Level 1:colcon.colcon_core.package_identification:_identify(isaacpjt/M0609/Collected_m0609_color_zone/omniverse-content-production.s3-us-west-2.amazonaws.com/Assets/Isaac) by extensions ['ros']
[0.095s] Level 1:colcon.colcon_core.package_identification:_identify(isaacpjt/M0609/Collected_m0609_color_zone/omniverse-content-production.s3-us-west-2.amazonaws.com/Assets/Isaac) by extension 'ros'
[0.095s] Level 1:colcon.colcon_core.package_identification:_identify(isaacpjt/M0609/Collected_m0609_color_zone/omniverse-content-production.s3-us-west-2.amazonaws.com/Assets/Isaac) by extensions ['cmake', 'python']
[0.095s] Level 1:colcon.colcon_core.package_identification:_identify(isaacpjt/M0609/Collected_m0609_color_zone/omniverse-content-production.s3-us-west-2.amazonaws.com/Assets/Isaac) by extension 'cmake'
[0.095s] Level 1:colcon.colcon_core.package_identification:_identify(isaacpjt/M0609/Collected_m0609_color_zone/omniverse-content-production.s3-us-west-2.amazonaws.com/Assets/Isaac) by extension 'python'
[0.095s] Level 1:colcon.colcon_core.package_identification:_identify(isaacpjt/M0609/Collected_m0609_color_zone/omniverse-content-production.s3-us-west-2.amazonaws.com/Assets/Isaac) by extensions ['python_setup_py']
[0.095s] Level 1:colcon.colcon_core.package_identification:_identify(isaacpjt/M0609/Collected_m0609_color_zone/omniverse-content-production.s3-us-west-2.amazonaws.com/Assets/Isaac) by extension 'python_setup_py'
[0.095s] Level 1:colcon.colcon_core.package_identification:_identify(isaacpjt/M0609/Collected_m0609_color_zone/omniverse-content-production.s3-us-west-2.amazonaws.com/Assets/Isaac/5.1) by extensions ['ignore', 'ignore_ament_install']
[0.095s] Level 1:colcon.colcon_core.package_identification:_identify(isaacpjt/M0609/Collected_m0609_color_zone/omniverse-content-production.s3-us-west-2.amazonaws.com/Assets/Isaac/5.1) by extension 'ignore'
[0.095s] Level 1:colcon.colcon_core.package_identification:_identify(isaacpjt/M0609/Collected_m0609_color_zone/omniverse-content-production.s3-us-west-2.amazonaws.com/Assets/Isaac/5.1) by extension 'ignore_ament_install'
[0.095s] Level 1:colcon.colcon_core.package_identification:_identify(isaacpjt/M0609/Collected_m0609_color_zone/omniverse-content-production.s3-us-west-2.amazonaws.com/Assets/Isaac/5.1) by extensions ['colcon_pkg']
[0.095s] Level 1:colcon.colcon_core.package_identification:_identify(isaacpjt/M0609/Collected_m0609_color_zone/omniverse-content-production.s3-us-west-2.amazonaws.com/Assets/Isaac/5.1) by extension 'colcon_pkg'
[0.095s] Level 1:colcon.colcon_core.package_identification:_identify(isaacpjt/M0609/Collected_m0609_color_zone/omniverse-content-production.s3-us-west-2.amazonaws.com/Assets/Isaac/5.1) by extensions ['colcon_meta']
[0.095s] Level 1:colcon.colcon_core.package_identification:_identify(isaacpjt/M0609/Collected_m0609_color_zone/omniverse-content-production.s3-us-west-2.amazonaws.com/Assets/Isaac/5.1) by extension 'colcon_meta'
[0.095s] Level 1:colcon.colcon_core.package_identification:_identify(isaacpjt/M0609/Collected_m0609_color_zone/omniverse-content-production.s3-us-west-2.amazonaws.com/Assets/Isaac/5.1) by extensions ['ros']
[0.095s] Level 1:colcon.colcon_core.package_identification:_identify(isaacpjt/M0609/Collected_m0609_color_zone/omniverse-content-production.s3-us-west-2.amazonaws.com/Assets/Isaac/5.1) by extension 'ros'
[0.095s] Level 1:colcon.colcon_core.package_identification:_identify(isaacpjt/M0609/Collected_m0609_color_zone/omniverse-content-production.s3-us-west-2.amazonaws.com/Assets/Isaac/5.1) by extensions ['cmake', 'python']
[0.095s] Level 1:colcon.colcon_core.package_identification:_identify(isaacpjt/M0609/Collected_m0609_color_zone/omniverse-content-production.s3-us-west-2.amazonaws.com/Assets/Isaac/5.1) by extension 'cmake'
[0.095s] Level 1:colcon.colcon_core.package_identification:_identify(isaacpjt/M0609/Collected_m0609_color_zone/omniverse-content-production.s3-us-west-2.amazonaws.com/Assets/Isaac/5.1) by extension 'python'
[0.095s] Level 1:colcon.colcon_core.package_identification:_identify(isaacpjt/M0609/Collected_m0609_color_zone/omniverse-content-production.s3-us-west-2.amazonaws.com/Assets/Isaac/5.1) by extensions ['python_setup_py']
[0.095s] Level 1:colcon.colcon_core.package_identification:_identify(isaacpjt/M0609/Collected_m0609_color_zone/omniverse-content-production.s3-us-west-2.amazonaws.com/Assets/Isaac/5.1) by extension 'python_setup_py'
[0.095s] Level 1:colcon.colcon_core.package_identification:_identify(isaacpjt/M0609/Collected_m0609_color_zone/omniverse-content-production.s3-us-west-2.amazonaws.com/Assets/Isaac/5.1/Isaac) by extensions ['ignore', 'ignore_ament_install']
[0.095s] Level 1:colcon.colcon_core.package_identification:_identify(isaacpjt/M0609/Collected_m0609_color_zone/omniverse-content-production.s3-us-west-2.amazonaws.com/Assets/Isaac/5.1/Isaac) by extension 'ignore'
[0.095s] Level 1:colcon.colcon_core.package_identification:_identify(isaacpjt/M0609/Collected_m0609_color_zone/omniverse-content-production.s3-us-west-2.amazonaws.com/Assets/Isaac/5.1/Isaac) by extension 'ignore_ament_install'
[0.095s] Level 1:colcon.colcon_core.package_identification:_identify(isaacpjt/M0609/Collected_m0609_color_zone/omniverse-content-production.s3-us-west-2.amazonaws.com/Assets/Isaac/5.1/Isaac) by extensions ['colcon_pkg']
[0.095s] Level 1:colcon.colcon_core.package_identification:_identify(isaacpjt/M0609/Collected_m0609_color_zone/omniverse-content-production.s3-us-west-2.amazonaws.com/Assets/Isaac/5.1/Isaac) by extension 'colcon_pkg'
[0.095s] Level 1:colcon.colcon_core.package_identification:_identify(isaacpjt/M0609/Collected_m0609_color_zone/omniverse-content-production.s3-us-west-2.amazonaws.com/Assets/Isaac/5.1/Isaac) by extensions ['colcon_meta']
[0.095s] Level 1:colcon.colcon_core.package_identification:_identify(isaacpjt/M0609/Collected_m0609_color_zone/omniverse-content-production.s3-us-west-2.amazonaws.com/Assets/Isaac/5.1/Isaac) by extension 'colcon_meta'
[0.095s] Level 1:colcon.colcon_core.package_identification:_identify(isaacpjt/M0609/Collected_m0609_color_zone/omniverse-content-production.s3-us-west-2.amazonaws.com/Assets/Isaac/5.1/Isaac) by extensions ['ros']
[0.095s] Level 1:colcon.colcon_core.package_identification:_identify(isaacpjt/M0609/Collected_m0609_color_zone/omniverse-content-production.s3-us-west-2.amazonaws.com/Assets/Isaac/5.1/Isaac) by extension 'ros'
[0.095s] Level 1:colcon.colcon_core.package_identification:_identify(isaacpjt/M0609/Collected_m0609_color_zone/omniverse-content-production.s3-us-west-2.amazonaws.com/Assets/Isaac/5.1/Isaac) by extensions ['cmake', 'python']
[0.095s] Level 1:colcon.colcon_core.package_identification:_identify(isaacpjt/M0609/Collected_m0609_color_zone/omniverse-content-production.s3-us-west-2.amazonaws.com/Assets/Isaac/5.1/Isaac) by extension 'cmake'
[0.095s] Level 1:colcon.colcon_core.package_identification:_identify(isaacpjt/M0609/Collected_m0609_color_zone/omniverse-content-production.s3-us-west-2.amazonaws.com/Assets/Isaac/5.1/Isaac) by extension 'python'
[0.095s] Level 1:colcon.colcon_core.package_identification:_identify(isaacpjt/M0609/Collected_m0609_color_zone/omniverse-content-production.s3-us-west-2.amazonaws.com/Assets/Isaac/5.1/Isaac) by extensions ['python_setup_py']
[0.095s] Level 1:colcon.colcon_core.package_identification:_identify(isaacpjt/M0609/Collected_m0609_color_zone/omniverse-content-production.s3-us-west-2.amazonaws.com/Assets/Isaac/5.1/Isaac) by extension 'python_setup_py'
[0.095s] Level 1:colcon.colcon_core.package_identification:_identify(isaacpjt/M0609/Collected_m0609_color_zone/omniverse-content-production.s3-us-west-2.amazonaws.com/Assets/Isaac/5.1/Isaac/Sensors) by extensions ['ignore', 'ignore_ament_install']
[0.095s] Level 1:colcon.colcon_core.package_identification:_identify(isaacpjt/M0609/Collected_m0609_color_zone/omniverse-content-production.s3-us-west-2.amazonaws.com/Assets/Isaac/5.1/Isaac/Sensors) by extension 'ignore'
[0.095s] Level 1:colcon.colcon_core.package_identification:_identify(isaacpjt/M0609/Collected_m0609_color_zone/omniverse-content-production.s3-us-west-2.amazonaws.com/Assets/Isaac/5.1/Isaac/Sensors) by extension 'ignore_ament_install'
[0.095s] Level 1:colcon.colcon_core.package_identification:_identify(isaacpjt/M0609/Collected_m0609_color_zone/omniverse-content-production.s3-us-west-2.amazonaws.com/Assets/Isaac/5.1/Isaac/Sensors) by extensions ['colcon_pkg']
[0.096s] Level 1:colcon.colcon_core.package_identification:_identify(isaacpjt/M0609/Collected_m0609_color_zone/omniverse-content-production.s3-us-west-2.amazonaws.com/Assets/Isaac/5.1/Isaac/Sensors) by extension 'colcon_pkg'
[0.096s] Level 1:colcon.colcon_core.package_identification:_identify(isaacpjt/M0609/Collected_m0609_color_zone/omniverse-content-production.s3-us-west-2.amazonaws.com/Assets/Isaac/5.1/Isaac/Sensors) by extensions ['colcon_meta']
[0.096s] Level 1:colcon.colcon_core.package_identification:_identify(isaacpjt/M0609/Collected_m0609_color_zone/omniverse-content-production.s3-us-west-2.amazonaws.com/Assets/Isaac/5.1/Isaac/Sensors) by extension 'colcon_meta'
[0.096s] Level 1:colcon.colcon_core.package_identification:_identify(isaacpjt/M0609/Collected_m0609_color_zone/omniverse-content-production.s3-us-west-2.amazonaws.com/Assets/Isaac/5.1/Isaac/Sensors) by extensions ['ros']
[0.096s] Level 1:colcon.colcon_core.package_identification:_identify(isaacpjt/M0609/Collected_m0609_color_zone/omniverse-content-production.s3-us-west-2.amazonaws.com/Assets/Isaac/5.1/Isaac/Sensors) by extension 'ros'
[0.096s] Level 1:colcon.colcon_core.package_identification:_identify(isaacpjt/M0609/Collected_m0609_color_zone/omniverse-content-production.s3-us-west-2.amazonaws.com/Assets/Isaac/5.1/Isaac/Sensors) by extensions ['cmake', 'python']
[0.096s] Level 1:colcon.colcon_core.package_identification:_identify(isaacpjt/M0609/Collected_m0609_color_zone/omniverse-content-production.s3-us-west-2.amazonaws.com/Assets/Isaac/5.1/Isaac/Sensors) by extension 'cmake'
[0.096s] Level 1:colcon.colcon_core.package_identification:_identify(isaacpjt/M0609/Collected_m0609_color_zone/omniverse-content-production.s3-us-west-2.amazonaws.com/Assets/Isaac/5.1/Isaac/Sensors) by extension 'python'
[0.096s] Level 1:colcon.colcon_core.package_identification:_identify(isaacpjt/M0609/Collected_m0609_color_zone/omniverse-content-production.s3-us-west-2.amazonaws.com/Assets/Isaac/5.1/Isaac/Sensors) by extensions ['python_setup_py']
[0.096s] Level 1:colcon.colcon_core.package_identification:_identify(isaacpjt/M0609/Collected_m0609_color_zone/omniverse-content-production.s3-us-west-2.amazonaws.com/Assets/Isaac/5.1/Isaac/Sensors) by extension 'python_setup_py'
[0.096s] Level 1:colcon.colcon_core.package_identification:_identify(isaacpjt/M0609/Collected_m0609_color_zone/omniverse-content-production.s3-us-west-2.amazonaws.com/Assets/Isaac/5.1/Isaac/Sensors/Intel) by extensions ['ignore', 'ignore_ament_install']
[0.096s] Level 1:colcon.colcon_core.package_identification:_identify(isaacpjt/M0609/Collected_m0609_color_zone/omniverse-content-production.s3-us-west-2.amazonaws.com/Assets/Isaac/5.1/Isaac/Sensors/Intel) by extension 'ignore'
[0.096s] Level 1:colcon.colcon_core.package_identification:_identify(isaacpjt/M0609/Collected_m0609_color_zone/omniverse-content-production.s3-us-west-2.amazonaws.com/Assets/Isaac/5.1/Isaac/Sensors/Intel) by extension 'ignore_ament_install'
[0.096s] Level 1:colcon.colcon_core.package_identification:_identify(isaacpjt/M0609/Collected_m0609_color_zone/omniverse-content-production.s3-us-west-2.amazonaws.com/Assets/Isaac/5.1/Isaac/Sensors/Intel) by extensions ['colcon_pkg']
[0.096s] Level 1:colcon.colcon_core.package_identification:_identify(isaacpjt/M0609/Collected_m0609_color_zone/omniverse-content-production.s3-us-west-2.amazonaws.com/Assets/Isaac/5.1/Isaac/Sensors/Intel) by extension 'colcon_pkg'
[0.096s] Level 1:colcon.colcon_core.package_identification:_identify(isaacpjt/M0609/Collected_m0609_color_zone/omniverse-content-production.s3-us-west-2.amazonaws.com/Assets/Isaac/5.1/Isaac/Sensors/Intel) by extensions ['colcon_meta']
[0.096s] Level 1:colcon.colcon_core.package_identification:_identify(isaacpjt/M0609/Collected_m0609_color_zone/omniverse-content-production.s3-us-west-2.amazonaws.com/Assets/Isaac/5.1/Isaac/Sensors/Intel) by extension 'colcon_meta'
[0.096s] Level 1:colcon.colcon_core.package_identification:_identify(isaacpjt/M0609/Collected_m0609_color_zone/omniverse-content-production.s3-us-west-2.amazonaws.com/Assets/Isaac/5.1/Isaac/Sensors/Intel) by extensions ['ros']
[0.096s] Level 1:colcon.colcon_core.package_identification:_identify(isaacpjt/M0609/Collected_m0609_color_zone/omniverse-content-production.s3-us-west-2.amazonaws.com/Assets/Isaac/5.1/Isaac/Sensors/Intel) by extension 'ros'
[0.096s] Level 1:colcon.colcon_core.package_identification:_identify(isaacpjt/M0609/Collected_m0609_color_zone/omniverse-content-production.s3-us-west-2.amazonaws.com/Assets/Isaac/5.1/Isaac/Sensors/Intel) by extensions ['cmake', 'python']
[0.096s] Level 1:colcon.colcon_core.package_identification:_identify(isaacpjt/M0609/Collected_m0609_color_zone/omniverse-content-production.s3-us-west-2.amazonaws.com/Assets/Isaac/5.1/Isaac/Sensors/Intel) by extension 'cmake'
[0.096s] Level 1:colcon.colcon_core.package_identification:_identify(isaacpjt/M0609/Collected_m0609_color_zone/omniverse-content-production.s3-us-west-2.amazonaws.com/Assets/Isaac/5.1/Isaac/Sensors/Intel) by extension 'python'
[0.096s] Level 1:colcon.colcon_core.package_identification:_identify(isaacpjt/M0609/Collected_m0609_color_zone/omniverse-content-production.s3-us-west-2.amazonaws.com/Assets/Isaac/5.1/Isaac/Sensors/Intel) by extensions ['python_setup_py']
[0.096s] Level 1:colcon.colcon_core.package_identification:_identify(isaacpjt/M0609/Collected_m0609_color_zone/omniverse-content-production.s3-us-west-2.amazonaws.com/Assets/Isaac/5.1/Isaac/Sensors/Intel) by extension 'python_setup_py'
[0.096s] Level 1:colcon.colcon_core.package_identification:_identify(isaacpjt/M0609/Collected_m0609_color_zone/omniverse-content-production.s3-us-west-2.amazonaws.com/Assets/Isaac/5.1/Isaac/Sensors/Intel/RealSense) by extensions ['ignore', 'ignore_ament_install']
[0.096s] Level 1:colcon.colcon_core.package_identification:_identify(isaacpjt/M0609/Collected_m0609_color_zone/omniverse-content-production.s3-us-west-2.amazonaws.com/Assets/Isaac/5.1/Isaac/Sensors/Intel/RealSense) by extension 'ignore'
[0.096s] Level 1:colcon.colcon_core.package_identification:_identify(isaacpjt/M0609/Collected_m0609_color_zone/omniverse-content-production.s3-us-west-2.amazonaws.com/Assets/Isaac/5.1/Isaac/Sensors/Intel/RealSense) by extension 'ignore_ament_install'
[0.096s] Level 1:colcon.colcon_core.package_identification:_identify(isaacpjt/M0609/Collected_m0609_color_zone/omniverse-content-production.s3-us-west-2.amazonaws.com/Assets/Isaac/5.1/Isaac/Sensors/Intel/RealSense) by extensions ['colcon_pkg']
[0.096s] Level 1:colcon.colcon_core.package_identification:_identify(isaacpjt/M0609/Collected_m0609_color_zone/omniverse-content-production.s3-us-west-2.amazonaws.com/Assets/Isaac/5.1/Isaac/Sensors/Intel/RealSense) by extension 'colcon_pkg'
[0.096s] Level 1:colcon.colcon_core.package_identification:_identify(isaacpjt/M0609/Collected_m0609_color_zone/omniverse-content-production.s3-us-west-2.amazonaws.com/Assets/Isaac/5.1/Isaac/Sensors/Intel/RealSense) by extensions ['colcon_meta']
[0.096s] Level 1:colcon.colcon_core.package_identification:_identify(isaacpjt/M0609/Collected_m0609_color_zone/omniverse-content-production.s3-us-west-2.amazonaws.com/Assets/Isaac/5.1/Isaac/Sensors/Intel/RealSense) by extension 'colcon_meta'
[0.096s] Level 1:colcon.colcon_core.package_identification:_identify(isaacpjt/M0609/Collected_m0609_color_zone/omniverse-content-production.s3-us-west-2.amazonaws.com/Assets/Isaac/5.1/Isaac/Sensors/Intel/RealSense) by extensions ['ros']
[0.096s] Level 1:colcon.colcon_core.package_identification:_identify(isaacpjt/M0609/Collected_m0609_color_zone/omniverse-content-production.s3-us-west-2.amazonaws.com/Assets/Isaac/5.1/Isaac/Sensors/Intel/RealSense) by extension 'ros'
[0.096s] Level 1:colcon.colcon_core.package_identification:_identify(isaacpjt/M0609/Collected_m0609_color_zone/omniverse-content-production.s3-us-west-2.amazonaws.com/Assets/Isaac/5.1/Isaac/Sensors/Intel/RealSense) by extensions ['cmake', 'python']
[0.096s] Level 1:colcon.colcon_core.package_identification:_identify(isaacpjt/M0609/Collected_m0609_color_zone/omniverse-content-production.s3-us-west-2.amazonaws.com/Assets/Isaac/5.1/Isaac/Sensors/Intel/RealSense) by extension 'cmake'
[0.096s] Level 1:colcon.colcon_core.package_identification:_identify(isaacpjt/M0609/Collected_m0609_color_zone/omniverse-content-production.s3-us-west-2.amazonaws.com/Assets/Isaac/5.1/Isaac/Sensors/Intel/RealSense) by extension 'python'
[0.096s] Level 1:colcon.colcon_core.package_identification:_identify(isaacpjt/M0609/Collected_m0609_color_zone/omniverse-content-production.s3-us-west-2.amazonaws.com/Assets/Isaac/5.1/Isaac/Sensors/Intel/RealSense) by extensions ['python_setup_py']
[0.096s] Level 1:colcon.colcon_core.package_identification:_identify(isaacpjt/M0609/Collected_m0609_color_zone/omniverse-content-production.s3-us-west-2.amazonaws.com/Assets/Isaac/5.1/Isaac/Sensors/Intel/RealSense) by extension 'python_setup_py'
[0.096s] Level 1:colcon.colcon_core.package_identification:_identify(isaacpjt/M0609/Collected_m0609_color_zone/onrobot_rg2) by extensions ['ignore', 'ignore_ament_install']
[0.096s] Level 1:colcon.colcon_core.package_identification:_identify(isaacpjt/M0609/Collected_m0609_color_zone/onrobot_rg2) by extension 'ignore'
[0.096s] Level 1:colcon.colcon_core.package_identification:_identify(isaacpjt/M0609/Collected_m0609_color_zone/onrobot_rg2) by extension 'ignore_ament_install'
[0.096s] Level 1:colcon.colcon_core.package_identification:_identify(isaacpjt/M0609/Collected_m0609_color_zone/onrobot_rg2) by extensions ['colcon_pkg']
[0.096s] Level 1:colcon.colcon_core.package_identification:_identify(isaacpjt/M0609/Collected_m0609_color_zone/onrobot_rg2) by extension 'colcon_pkg'
[0.096s] Level 1:colcon.colcon_core.package_identification:_identify(isaacpjt/M0609/Collected_m0609_color_zone/onrobot_rg2) by extensions ['colcon_meta']
[0.096s] Level 1:colcon.colcon_core.package_identification:_identify(isaacpjt/M0609/Collected_m0609_color_zone/onrobot_rg2) by extension 'colcon_meta'
[0.096s] Level 1:colcon.colcon_core.package_identification:_identify(isaacpjt/M0609/Collected_m0609_color_zone/onrobot_rg2) by extensions ['ros']
[0.096s] Level 1:colcon.colcon_core.package_identification:_identify(isaacpjt/M0609/Collected_m0609_color_zone/onrobot_rg2) by extension 'ros'
[0.096s] Level 1:colcon.colcon_core.package_identification:_identify(isaacpjt/M0609/Collected_m0609_color_zone/onrobot_rg2) by extensions ['cmake', 'python']
[0.096s] Level 1:colcon.colcon_core.package_identification:_identify(isaacpjt/M0609/Collected_m0609_color_zone/onrobot_rg2) by extension 'cmake'
[0.096s] Level 1:colcon.colcon_core.package_identification:_identify(isaacpjt/M0609/Collected_m0609_color_zone/onrobot_rg2) by extension 'python'
[0.096s] Level 1:colcon.colcon_core.package_identification:_identify(isaacpjt/M0609/Collected_m0609_color_zone/onrobot_rg2) by extensions ['python_setup_py']
[0.096s] Level 1:colcon.colcon_core.package_identification:_identify(isaacpjt/M0609/Collected_m0609_color_zone/onrobot_rg2) by extension 'python_setup_py'
[0.097s] Level 1:colcon.colcon_core.package_identification:_identify(isaacpjt/M0609/Collected_m0609_color_zone/onrobot_rg2/urdf) by extensions ['ignore', 'ignore_ament_install']
[0.097s] Level 1:colcon.colcon_core.package_identification:_identify(isaacpjt/M0609/Collected_m0609_color_zone/onrobot_rg2/urdf) by extension 'ignore'
[0.097s] Level 1:colcon.colcon_core.package_identification:_identify(isaacpjt/M0609/Collected_m0609_color_zone/onrobot_rg2/urdf) by extension 'ignore_ament_install'
[0.097s] Level 1:colcon.colcon_core.package_identification:_identify(isaacpjt/M0609/Collected_m0609_color_zone/onrobot_rg2/urdf) by extensions ['colcon_pkg']
[0.097s] Level 1:colcon.colcon_core.package_identification:_identify(isaacpjt/M0609/Collected_m0609_color_zone/onrobot_rg2/urdf) by extension 'colcon_pkg'
[0.097s] Level 1:colcon.colcon_core.package_identification:_identify(isaacpjt/M0609/Collected_m0609_color_zone/onrobot_rg2/urdf) by extensions ['colcon_meta']
[0.097s] Level 1:colcon.colcon_core.package_identification:_identify(isaacpjt/M0609/Collected_m0609_color_zone/onrobot_rg2/urdf) by extension 'colcon_meta'
[0.097s] Level 1:colcon.colcon_core.package_identification:_identify(isaacpjt/M0609/Collected_m0609_color_zone/onrobot_rg2/urdf) by extensions ['ros']
[0.097s] Level 1:colcon.colcon_core.package_identification:_identify(isaacpjt/M0609/Collected_m0609_color_zone/onrobot_rg2/urdf) by extension 'ros'
[0.097s] Level 1:colcon.colcon_core.package_identification:_identify(isaacpjt/M0609/Collected_m0609_color_zone/onrobot_rg2/urdf) by extensions ['cmake', 'python']
[0.097s] Level 1:colcon.colcon_core.package_identification:_identify(isaacpjt/M0609/Collected_m0609_color_zone/onrobot_rg2/urdf) by extension 'cmake'
[0.097s] Level 1:colcon.colcon_core.package_identification:_identify(isaacpjt/M0609/Collected_m0609_color_zone/onrobot_rg2/urdf) by extension 'python'
[0.097s] Level 1:colcon.colcon_core.package_identification:_identify(isaacpjt/M0609/Collected_m0609_color_zone/onrobot_rg2/urdf) by extensions ['python_setup_py']
[0.097s] Level 1:colcon.colcon_core.package_identification:_identify(isaacpjt/M0609/Collected_m0609_color_zone/onrobot_rg2/urdf) by extension 'python_setup_py'
[0.097s] Level 1:colcon.colcon_core.package_identification:_identify(isaacpjt/M0609/Collected_m0609_color_zone/onrobot_rg2/urdf/onrobot_rg2) by extensions ['ignore', 'ignore_ament_install']
[0.097s] Level 1:colcon.colcon_core.package_identification:_identify(isaacpjt/M0609/Collected_m0609_color_zone/onrobot_rg2/urdf/onrobot_rg2) by extension 'ignore'
[0.097s] Level 1:colcon.colcon_core.package_identification:_identify(isaacpjt/M0609/Collected_m0609_color_zone/onrobot_rg2/urdf/onrobot_rg2) by extension 'ignore_ament_install'
[0.097s] Level 1:colcon.colcon_core.package_identification:_identify(isaacpjt/M0609/Collected_m0609_color_zone/onrobot_rg2/urdf/onrobot_rg2) by extensions ['colcon_pkg']
[0.097s] Level 1:colcon.colcon_core.package_identification:_identify(isaacpjt/M0609/Collected_m0609_color_zone/onrobot_rg2/urdf/onrobot_rg2) by extension 'colcon_pkg'
[0.097s] Level 1:colcon.colcon_core.package_identification:_identify(isaacpjt/M0609/Collected_m0609_color_zone/onrobot_rg2/urdf/onrobot_rg2) by extensions ['colcon_meta']
[0.097s] Level 1:colcon.colcon_core.package_identification:_identify(isaacpjt/M0609/Collected_m0609_color_zone/onrobot_rg2/urdf/onrobot_rg2) by extension 'colcon_meta'
[0.097s] Level 1:colcon.colcon_core.package_identification:_identify(isaacpjt/M0609/Collected_m0609_color_zone/onrobot_rg2/urdf/onrobot_rg2) by extensions ['ros']
[0.097s] Level 1:colcon.colcon_core.package_identification:_identify(isaacpjt/M0609/Collected_m0609_color_zone/onrobot_rg2/urdf/onrobot_rg2) by extension 'ros'
[0.097s] Level 1:colcon.colcon_core.package_identification:_identify(isaacpjt/M0609/Collected_m0609_color_zone/onrobot_rg2/urdf/onrobot_rg2) by extensions ['cmake', 'python']
[0.097s] Level 1:colcon.colcon_core.package_identification:_identify(isaacpjt/M0609/Collected_m0609_color_zone/onrobot_rg2/urdf/onrobot_rg2) by extension 'cmake'
[0.097s] Level 1:colcon.colcon_core.package_identification:_identify(isaacpjt/M0609/Collected_m0609_color_zone/onrobot_rg2/urdf/onrobot_rg2) by extension 'python'
[0.097s] Level 1:colcon.colcon_core.package_identification:_identify(isaacpjt/M0609/Collected_m0609_color_zone/onrobot_rg2/urdf/onrobot_rg2) by extensions ['python_setup_py']
[0.097s] Level 1:colcon.colcon_core.package_identification:_identify(isaacpjt/M0609/Collected_m0609_color_zone/onrobot_rg2/urdf/onrobot_rg2) by extension 'python_setup_py'
[0.097s] Level 1:colcon.colcon_core.package_identification:_identify(isaacpjt/M0609/Collected_m0609_color_zone/onrobot_rg2/urdf/onrobot_rg2/configuration) by extensions ['ignore', 'ignore_ament_install']
[0.097s] Level 1:colcon.colcon_core.package_identification:_identify(isaacpjt/M0609/Collected_m0609_color_zone/onrobot_rg2/urdf/onrobot_rg2/configuration) by extension 'ignore'
[0.097s] Level 1:colcon.colcon_core.package_identification:_identify(isaacpjt/M0609/Collected_m0609_color_zone/onrobot_rg2/urdf/onrobot_rg2/configuration) by extension 'ignore_ament_install'
[0.097s] Level 1:colcon.colcon_core.package_identification:_identify(isaacpjt/M0609/Collected_m0609_color_zone/onrobot_rg2/urdf/onrobot_rg2/configuration) by extensions ['colcon_pkg']
[0.097s] Level 1:colcon.colcon_core.package_identification:_identify(isaacpjt/M0609/Collected_m0609_color_zone/onrobot_rg2/urdf/onrobot_rg2/configuration) by extension 'colcon_pkg'
[0.097s] Level 1:colcon.colcon_core.package_identification:_identify(isaacpjt/M0609/Collected_m0609_color_zone/onrobot_rg2/urdf/onrobot_rg2/configuration) by extensions ['colcon_meta']
[0.097s] Level 1:colcon.colcon_core.package_identification:_identify(isaacpjt/M0609/Collected_m0609_color_zone/onrobot_rg2/urdf/onrobot_rg2/configuration) by extension 'colcon_meta'
[0.097s] Level 1:colcon.colcon_core.package_identification:_identify(isaacpjt/M0609/Collected_m0609_color_zone/onrobot_rg2/urdf/onrobot_rg2/configuration) by extensions ['ros']
[0.097s] Level 1:colcon.colcon_core.package_identification:_identify(isaacpjt/M0609/Collected_m0609_color_zone/onrobot_rg2/urdf/onrobot_rg2/configuration) by extension 'ros'
[0.097s] Level 1:colcon.colcon_core.package_identification:_identify(isaacpjt/M0609/Collected_m0609_color_zone/onrobot_rg2/urdf/onrobot_rg2/configuration) by extensions ['cmake', 'python']
[0.097s] Level 1:colcon.colcon_core.package_identification:_identify(isaacpjt/M0609/Collected_m0609_color_zone/onrobot_rg2/urdf/onrobot_rg2/configuration) by extension 'cmake'
[0.097s] Level 1:colcon.colcon_core.package_identification:_identify(isaacpjt/M0609/Collected_m0609_color_zone/onrobot_rg2/urdf/onrobot_rg2/configuration) by extension 'python'
[0.097s] Level 1:colcon.colcon_core.package_identification:_identify(isaacpjt/M0609/Collected_m0609_color_zone/onrobot_rg2/urdf/onrobot_rg2/configuration) by extensions ['python_setup_py']
[0.097s] Level 1:colcon.colcon_core.package_identification:_identify(isaacpjt/M0609/Collected_m0609_color_zone/onrobot_rg2/urdf/onrobot_rg2/configuration) by extension 'python_setup_py'
[0.097s] Level 1:colcon.colcon_core.package_identification:_identify(isaacpjt/M0609/Collected_m0609_with_rg2) by extensions ['ignore', 'ignore_ament_install']
[0.097s] Level 1:colcon.colcon_core.package_identification:_identify(isaacpjt/M0609/Collected_m0609_with_rg2) by extension 'ignore'
[0.097s] Level 1:colcon.colcon_core.package_identification:_identify(isaacpjt/M0609/Collected_m0609_with_rg2) by extension 'ignore_ament_install'
[0.097s] Level 1:colcon.colcon_core.package_identification:_identify(isaacpjt/M0609/Collected_m0609_with_rg2) by extensions ['colcon_pkg']
[0.097s] Level 1:colcon.colcon_core.package_identification:_identify(isaacpjt/M0609/Collected_m0609_with_rg2) by extension 'colcon_pkg'
[0.097s] Level 1:colcon.colcon_core.package_identification:_identify(isaacpjt/M0609/Collected_m0609_with_rg2) by extensions ['colcon_meta']
[0.097s] Level 1:colcon.colcon_core.package_identification:_identify(isaacpjt/M0609/Collected_m0609_with_rg2) by extension 'colcon_meta'
[0.097s] Level 1:colcon.colcon_core.package_identification:_identify(isaacpjt/M0609/Collected_m0609_with_rg2) by extensions ['ros']
[0.097s] Level 1:colcon.colcon_core.package_identification:_identify(isaacpjt/M0609/Collected_m0609_with_rg2) by extension 'ros'
[0.097s] Level 1:colcon.colcon_core.package_identification:_identify(isaacpjt/M0609/Collected_m0609_with_rg2) by extensions ['cmake', 'python']
[0.097s] Level 1:colcon.colcon_core.package_identification:_identify(isaacpjt/M0609/Collected_m0609_with_rg2) by extension 'cmake'
[0.097s] Level 1:colcon.colcon_core.package_identification:_identify(isaacpjt/M0609/Collected_m0609_with_rg2) by extension 'python'
[0.098s] Level 1:colcon.colcon_core.package_identification:_identify(isaacpjt/M0609/Collected_m0609_with_rg2) by extensions ['python_setup_py']
[0.098s] Level 1:colcon.colcon_core.package_identification:_identify(isaacpjt/M0609/Collected_m0609_with_rg2) by extension 'python_setup_py'
[0.098s] Level 1:colcon.colcon_core.package_identification:_identify(isaacpjt/M0609/Collected_m0609_with_rg2/doosan-robot2) by extensions ['ignore', 'ignore_ament_install']
[0.098s] Level 1:colcon.colcon_core.package_identification:_identify(isaacpjt/M0609/Collected_m0609_with_rg2/doosan-robot2) by extension 'ignore'
[0.098s] Level 1:colcon.colcon_core.package_identification:_identify(isaacpjt/M0609/Collected_m0609_with_rg2/doosan-robot2) by extension 'ignore_ament_install'
[0.098s] Level 1:colcon.colcon_core.package_identification:_identify(isaacpjt/M0609/Collected_m0609_with_rg2/doosan-robot2) by extensions ['colcon_pkg']
[0.098s] Level 1:colcon.colcon_core.package_identification:_identify(isaacpjt/M0609/Collected_m0609_with_rg2/doosan-robot2) by extension 'colcon_pkg'
[0.098s] Level 1:colcon.colcon_core.package_identification:_identify(isaacpjt/M0609/Collected_m0609_with_rg2/doosan-robot2) by extensions ['colcon_meta']
[0.098s] Level 1:colcon.colcon_core.package_identification:_identify(isaacpjt/M0609/Collected_m0609_with_rg2/doosan-robot2) by extension 'colcon_meta'
[0.098s] Level 1:colcon.colcon_core.package_identification:_identify(isaacpjt/M0609/Collected_m0609_with_rg2/doosan-robot2) by extensions ['ros']
[0.098s] Level 1:colcon.colcon_core.package_identification:_identify(isaacpjt/M0609/Collected_m0609_with_rg2/doosan-robot2) by extension 'ros'
[0.098s] Level 1:colcon.colcon_core.package_identification:_identify(isaacpjt/M0609/Collected_m0609_with_rg2/doosan-robot2) by extensions ['cmake', 'python']
[0.098s] Level 1:colcon.colcon_core.package_identification:_identify(isaacpjt/M0609/Collected_m0609_with_rg2/doosan-robot2) by extension 'cmake'
[0.098s] Level 1:colcon.colcon_core.package_identification:_identify(isaacpjt/M0609/Collected_m0609_with_rg2/doosan-robot2) by extension 'python'
[0.098s] Level 1:colcon.colcon_core.package_identification:_identify(isaacpjt/M0609/Collected_m0609_with_rg2/doosan-robot2) by extensions ['python_setup_py']
[0.098s] Level 1:colcon.colcon_core.package_identification:_identify(isaacpjt/M0609/Collected_m0609_with_rg2/doosan-robot2) by extension 'python_setup_py'
[0.098s] Level 1:colcon.colcon_core.package_identification:_identify(isaacpjt/M0609/Collected_m0609_with_rg2/doosan-robot2/urdf) by extensions ['ignore', 'ignore_ament_install']
[0.098s] Level 1:colcon.colcon_core.package_identification:_identify(isaacpjt/M0609/Collected_m0609_with_rg2/doosan-robot2/urdf) by extension 'ignore'
[0.098s] Level 1:colcon.colcon_core.package_identification:_identify(isaacpjt/M0609/Collected_m0609_with_rg2/doosan-robot2/urdf) by extension 'ignore_ament_install'
[0.098s] Level 1:colcon.colcon_core.package_identification:_identify(isaacpjt/M0609/Collected_m0609_with_rg2/doosan-robot2/urdf) by extensions ['colcon_pkg']
[0.098s] Level 1:colcon.colcon_core.package_identification:_identify(isaacpjt/M0609/Collected_m0609_with_rg2/doosan-robot2/urdf) by extension 'colcon_pkg'
[0.098s] Level 1:colcon.colcon_core.package_identification:_identify(isaacpjt/M0609/Collected_m0609_with_rg2/doosan-robot2/urdf) by extensions ['colcon_meta']
[0.098s] Level 1:colcon.colcon_core.package_identification:_identify(isaacpjt/M0609/Collected_m0609_with_rg2/doosan-robot2/urdf) by extension 'colcon_meta'
[0.098s] Level 1:colcon.colcon_core.package_identification:_identify(isaacpjt/M0609/Collected_m0609_with_rg2/doosan-robot2/urdf) by extensions ['ros']
[0.098s] Level 1:colcon.colcon_core.package_identification:_identify(isaacpjt/M0609/Collected_m0609_with_rg2/doosan-robot2/urdf) by extension 'ros'
[0.098s] Level 1:colcon.colcon_core.package_identification:_identify(isaacpjt/M0609/Collected_m0609_with_rg2/doosan-robot2/urdf) by extensions ['cmake', 'python']
[0.098s] Level 1:colcon.colcon_core.package_identification:_identify(isaacpjt/M0609/Collected_m0609_with_rg2/doosan-robot2/urdf) by extension 'cmake'
[0.098s] Level 1:colcon.colcon_core.package_identification:_identify(isaacpjt/M0609/Collected_m0609_with_rg2/doosan-robot2/urdf) by extension 'python'
[0.098s] Level 1:colcon.colcon_core.package_identification:_identify(isaacpjt/M0609/Collected_m0609_with_rg2/doosan-robot2/urdf) by extensions ['python_setup_py']
[0.098s] Level 1:colcon.colcon_core.package_identification:_identify(isaacpjt/M0609/Collected_m0609_with_rg2/doosan-robot2/urdf) by extension 'python_setup_py'
[0.098s] Level 1:colcon.colcon_core.package_identification:_identify(isaacpjt/M0609/Collected_m0609_with_rg2/doosan-robot2/urdf/m0609_isaac_sim) by extensions ['ignore', 'ignore_ament_install']
[0.098s] Level 1:colcon.colcon_core.package_identification:_identify(isaacpjt/M0609/Collected_m0609_with_rg2/doosan-robot2/urdf/m0609_isaac_sim) by extension 'ignore'
[0.098s] Level 1:colcon.colcon_core.package_identification:_identify(isaacpjt/M0609/Collected_m0609_with_rg2/doosan-robot2/urdf/m0609_isaac_sim) by extension 'ignore_ament_install'
[0.098s] Level 1:colcon.colcon_core.package_identification:_identify(isaacpjt/M0609/Collected_m0609_with_rg2/doosan-robot2/urdf/m0609_isaac_sim) by extensions ['colcon_pkg']
[0.098s] Level 1:colcon.colcon_core.package_identification:_identify(isaacpjt/M0609/Collected_m0609_with_rg2/doosan-robot2/urdf/m0609_isaac_sim) by extension 'colcon_pkg'
[0.098s] Level 1:colcon.colcon_core.package_identification:_identify(isaacpjt/M0609/Collected_m0609_with_rg2/doosan-robot2/urdf/m0609_isaac_sim) by extensions ['colcon_meta']
[0.098s] Level 1:colcon.colcon_core.package_identification:_identify(isaacpjt/M0609/Collected_m0609_with_rg2/doosan-robot2/urdf/m0609_isaac_sim) by extension 'colcon_meta'
[0.098s] Level 1:colcon.colcon_core.package_identification:_identify(isaacpjt/M0609/Collected_m0609_with_rg2/doosan-robot2/urdf/m0609_isaac_sim) by extensions ['ros']
[0.098s] Level 1:colcon.colcon_core.package_identification:_identify(isaacpjt/M0609/Collected_m0609_with_rg2/doosan-robot2/urdf/m0609_isaac_sim) by extension 'ros'
[0.098s] Level 1:colcon.colcon_core.package_identification:_identify(isaacpjt/M0609/Collected_m0609_with_rg2/doosan-robot2/urdf/m0609_isaac_sim) by extensions ['cmake', 'python']
[0.098s] Level 1:colcon.colcon_core.package_identification:_identify(isaacpjt/M0609/Collected_m0609_with_rg2/doosan-robot2/urdf/m0609_isaac_sim) by extension 'cmake'
[0.098s] Level 1:colcon.colcon_core.package_identification:_identify(isaacpjt/M0609/Collected_m0609_with_rg2/doosan-robot2/urdf/m0609_isaac_sim) by extension 'python'
[0.098s] Level 1:colcon.colcon_core.package_identification:_identify(isaacpjt/M0609/Collected_m0609_with_rg2/doosan-robot2/urdf/m0609_isaac_sim) by extensions ['python_setup_py']
[0.098s] Level 1:colcon.colcon_core.package_identification:_identify(isaacpjt/M0609/Collected_m0609_with_rg2/doosan-robot2/urdf/m0609_isaac_sim) by extension 'python_setup_py'
[0.098s] Level 1:colcon.colcon_core.package_identification:_identify(isaacpjt/M0609/Collected_m0609_with_rg2/doosan-robot2/urdf/m0609_isaac_sim/configuration) by extensions ['ignore', 'ignore_ament_install']
[0.098s] Level 1:colcon.colcon_core.package_identification:_identify(isaacpjt/M0609/Collected_m0609_with_rg2/doosan-robot2/urdf/m0609_isaac_sim/configuration) by extension 'ignore'
[0.098s] Level 1:colcon.colcon_core.package_identification:_identify(isaacpjt/M0609/Collected_m0609_with_rg2/doosan-robot2/urdf/m0609_isaac_sim/configuration) by extension 'ignore_ament_install'
[0.098s] Level 1:colcon.colcon_core.package_identification:_identify(isaacpjt/M0609/Collected_m0609_with_rg2/doosan-robot2/urdf/m0609_isaac_sim/configuration) by extensions ['colcon_pkg']
[0.098s] Level 1:colcon.colcon_core.package_identification:_identify(isaacpjt/M0609/Collected_m0609_with_rg2/doosan-robot2/urdf/m0609_isaac_sim/configuration) by extension 'colcon_pkg'
[0.098s] Level 1:colcon.colcon_core.package_identification:_identify(isaacpjt/M0609/Collected_m0609_with_rg2/doosan-robot2/urdf/m0609_isaac_sim/configuration) by extensions ['colcon_meta']
[0.098s] Level 1:colcon.colcon_core.package_identification:_identify(isaacpjt/M0609/Collected_m0609_with_rg2/doosan-robot2/urdf/m0609_isaac_sim/configuration) by extension 'colcon_meta'
[0.098s] Level 1:colcon.colcon_core.package_identification:_identify(isaacpjt/M0609/Collected_m0609_with_rg2/doosan-robot2/urdf/m0609_isaac_sim/configuration) by extensions ['ros']
[0.098s] Level 1:colcon.colcon_core.package_identification:_identify(isaacpjt/M0609/Collected_m0609_with_rg2/doosan-robot2/urdf/m0609_isaac_sim/configuration) by extension 'ros'
[0.099s] Level 1:colcon.colcon_core.package_identification:_identify(isaacpjt/M0609/Collected_m0609_with_rg2/doosan-robot2/urdf/m0609_isaac_sim/configuration) by extensions ['cmake', 'python']
[0.099s] Level 1:colcon.colcon_core.package_identification:_identify(isaacpjt/M0609/Collected_m0609_with_rg2/doosan-robot2/urdf/m0609_isaac_sim/configuration) by extension 'cmake'
[0.099s] Level 1:colcon.colcon_core.package_identification:_identify(isaacpjt/M0609/Collected_m0609_with_rg2/doosan-robot2/urdf/m0609_isaac_sim/configuration) by extension 'python'
[0.099s] Level 1:colcon.colcon_core.package_identification:_identify(isaacpjt/M0609/Collected_m0609_with_rg2/doosan-robot2/urdf/m0609_isaac_sim/configuration) by extensions ['python_setup_py']
[0.099s] Level 1:colcon.colcon_core.package_identification:_identify(isaacpjt/M0609/Collected_m0609_with_rg2/doosan-robot2/urdf/m0609_isaac_sim/configuration) by extension 'python_setup_py'
[0.099s] Level 1:colcon.colcon_core.package_identification:_identify(isaacpjt/M0609/Collected_m0609_with_rg2/onrobot_rg2) by extensions ['ignore', 'ignore_ament_install']
[0.099s] Level 1:colcon.colcon_core.package_identification:_identify(isaacpjt/M0609/Collected_m0609_with_rg2/onrobot_rg2) by extension 'ignore'
[0.099s] Level 1:colcon.colcon_core.package_identification:_identify(isaacpjt/M0609/Collected_m0609_with_rg2/onrobot_rg2) by extension 'ignore_ament_install'
[0.099s] Level 1:colcon.colcon_core.package_identification:_identify(isaacpjt/M0609/Collected_m0609_with_rg2/onrobot_rg2) by extensions ['colcon_pkg']
[0.099s] Level 1:colcon.colcon_core.package_identification:_identify(isaacpjt/M0609/Collected_m0609_with_rg2/onrobot_rg2) by extension 'colcon_pkg'
[0.099s] Level 1:colcon.colcon_core.package_identification:_identify(isaacpjt/M0609/Collected_m0609_with_rg2/onrobot_rg2) by extensions ['colcon_meta']
[0.099s] Level 1:colcon.colcon_core.package_identification:_identify(isaacpjt/M0609/Collected_m0609_with_rg2/onrobot_rg2) by extension 'colcon_meta'
[0.099s] Level 1:colcon.colcon_core.package_identification:_identify(isaacpjt/M0609/Collected_m0609_with_rg2/onrobot_rg2) by extensions ['ros']
[0.099s] Level 1:colcon.colcon_core.package_identification:_identify(isaacpjt/M0609/Collected_m0609_with_rg2/onrobot_rg2) by extension 'ros'
[0.099s] Level 1:colcon.colcon_core.package_identification:_identify(isaacpjt/M0609/Collected_m0609_with_rg2/onrobot_rg2) by extensions ['cmake', 'python']
[0.099s] Level 1:colcon.colcon_core.package_identification:_identify(isaacpjt/M0609/Collected_m0609_with_rg2/onrobot_rg2) by extension 'cmake'
[0.099s] Level 1:colcon.colcon_core.package_identification:_identify(isaacpjt/M0609/Collected_m0609_with_rg2/onrobot_rg2) by extension 'python'
[0.099s] Level 1:colcon.colcon_core.package_identification:_identify(isaacpjt/M0609/Collected_m0609_with_rg2/onrobot_rg2) by extensions ['python_setup_py']
[0.099s] Level 1:colcon.colcon_core.package_identification:_identify(isaacpjt/M0609/Collected_m0609_with_rg2/onrobot_rg2) by extension 'python_setup_py'
[0.099s] Level 1:colcon.colcon_core.package_identification:_identify(isaacpjt/M0609/Collected_m0609_with_rg2/onrobot_rg2/urdf) by extensions ['ignore', 'ignore_ament_install']
[0.099s] Level 1:colcon.colcon_core.package_identification:_identify(isaacpjt/M0609/Collected_m0609_with_rg2/onrobot_rg2/urdf) by extension 'ignore'
[0.099s] Level 1:colcon.colcon_core.package_identification:_identify(isaacpjt/M0609/Collected_m0609_with_rg2/onrobot_rg2/urdf) by extension 'ignore_ament_install'
[0.099s] Level 1:colcon.colcon_core.package_identification:_identify(isaacpjt/M0609/Collected_m0609_with_rg2/onrobot_rg2/urdf) by extensions ['colcon_pkg']
[0.099s] Level 1:colcon.colcon_core.package_identification:_identify(isaacpjt/M0609/Collected_m0609_with_rg2/onrobot_rg2/urdf) by extension 'colcon_pkg'
[0.099s] Level 1:colcon.colcon_core.package_identification:_identify(isaacpjt/M0609/Collected_m0609_with_rg2/onrobot_rg2/urdf) by extensions ['colcon_meta']
[0.099s] Level 1:colcon.colcon_core.package_identification:_identify(isaacpjt/M0609/Collected_m0609_with_rg2/onrobot_rg2/urdf) by extension 'colcon_meta'
[0.099s] Level 1:colcon.colcon_core.package_identification:_identify(isaacpjt/M0609/Collected_m0609_with_rg2/onrobot_rg2/urdf) by extensions ['ros']
[0.099s] Level 1:colcon.colcon_core.package_identification:_identify(isaacpjt/M0609/Collected_m0609_with_rg2/onrobot_rg2/urdf) by extension 'ros'
[0.099s] Level 1:colcon.colcon_core.package_identification:_identify(isaacpjt/M0609/Collected_m0609_with_rg2/onrobot_rg2/urdf) by extensions ['cmake', 'python']
[0.099s] Level 1:colcon.colcon_core.package_identification:_identify(isaacpjt/M0609/Collected_m0609_with_rg2/onrobot_rg2/urdf) by extension 'cmake'
[0.099s] Level 1:colcon.colcon_core.package_identification:_identify(isaacpjt/M0609/Collected_m0609_with_rg2/onrobot_rg2/urdf) by extension 'python'
[0.099s] Level 1:colcon.colcon_core.package_identification:_identify(isaacpjt/M0609/Collected_m0609_with_rg2/onrobot_rg2/urdf) by extensions ['python_setup_py']
[0.099s] Level 1:colcon.colcon_core.package_identification:_identify(isaacpjt/M0609/Collected_m0609_with_rg2/onrobot_rg2/urdf) by extension 'python_setup_py'
[0.099s] Level 1:colcon.colcon_core.package_identification:_identify(isaacpjt/M0609/Collected_m0609_with_rg2/onrobot_rg2/urdf/onrobot_rg2) by extensions ['ignore', 'ignore_ament_install']
[0.099s] Level 1:colcon.colcon_core.package_identification:_identify(isaacpjt/M0609/Collected_m0609_with_rg2/onrobot_rg2/urdf/onrobot_rg2) by extension 'ignore'
[0.099s] Level 1:colcon.colcon_core.package_identification:_identify(isaacpjt/M0609/Collected_m0609_with_rg2/onrobot_rg2/urdf/onrobot_rg2) by extension 'ignore_ament_install'
[0.099s] Level 1:colcon.colcon_core.package_identification:_identify(isaacpjt/M0609/Collected_m0609_with_rg2/onrobot_rg2/urdf/onrobot_rg2) by extensions ['colcon_pkg']
[0.099s] Level 1:colcon.colcon_core.package_identification:_identify(isaacpjt/M0609/Collected_m0609_with_rg2/onrobot_rg2/urdf/onrobot_rg2) by extension 'colcon_pkg'
[0.099s] Level 1:colcon.colcon_core.package_identification:_identify(isaacpjt/M0609/Collected_m0609_with_rg2/onrobot_rg2/urdf/onrobot_rg2) by extensions ['colcon_meta']
[0.099s] Level 1:colcon.colcon_core.package_identification:_identify(isaacpjt/M0609/Collected_m0609_with_rg2/onrobot_rg2/urdf/onrobot_rg2) by extension 'colcon_meta'
[0.099s] Level 1:colcon.colcon_core.package_identification:_identify(isaacpjt/M0609/Collected_m0609_with_rg2/onrobot_rg2/urdf/onrobot_rg2) by extensions ['ros']
[0.099s] Level 1:colcon.colcon_core.package_identification:_identify(isaacpjt/M0609/Collected_m0609_with_rg2/onrobot_rg2/urdf/onrobot_rg2) by extension 'ros'
[0.099s] Level 1:colcon.colcon_core.package_identification:_identify(isaacpjt/M0609/Collected_m0609_with_rg2/onrobot_rg2/urdf/onrobot_rg2) by extensions ['cmake', 'python']
[0.099s] Level 1:colcon.colcon_core.package_identification:_identify(isaacpjt/M0609/Collected_m0609_with_rg2/onrobot_rg2/urdf/onrobot_rg2) by extension 'cmake'
[0.099s] Level 1:colcon.colcon_core.package_identification:_identify(isaacpjt/M0609/Collected_m0609_with_rg2/onrobot_rg2/urdf/onrobot_rg2) by extension 'python'
[0.099s] Level 1:colcon.colcon_core.package_identification:_identify(isaacpjt/M0609/Collected_m0609_with_rg2/onrobot_rg2/urdf/onrobot_rg2) by extensions ['python_setup_py']
[0.099s] Level 1:colcon.colcon_core.package_identification:_identify(isaacpjt/M0609/Collected_m0609_with_rg2/onrobot_rg2/urdf/onrobot_rg2) by extension 'python_setup_py'
[0.099s] Level 1:colcon.colcon_core.package_identification:_identify(isaacpjt/M0609/Collected_m0609_with_rg2/onrobot_rg2/urdf/onrobot_rg2/configuration) by extensions ['ignore', 'ignore_ament_install']
[0.099s] Level 1:colcon.colcon_core.package_identification:_identify(isaacpjt/M0609/Collected_m0609_with_rg2/onrobot_rg2/urdf/onrobot_rg2/configuration) by extension 'ignore'
[0.099s] Level 1:colcon.colcon_core.package_identification:_identify(isaacpjt/M0609/Collected_m0609_with_rg2/onrobot_rg2/urdf/onrobot_rg2/configuration) by extension 'ignore_ament_install'
[0.099s] Level 1:colcon.colcon_core.package_identification:_identify(isaacpjt/M0609/Collected_m0609_with_rg2/onrobot_rg2/urdf/onrobot_rg2/configuration) by extensions ['colcon_pkg']
[0.099s] Level 1:colcon.colcon_core.package_identification:_identify(isaacpjt/M0609/Collected_m0609_with_rg2/onrobot_rg2/urdf/onrobot_rg2/configuration) by extension 'colcon_pkg'
[0.099s] Level 1:colcon.colcon_core.package_identification:_identify(isaacpjt/M0609/Collected_m0609_with_rg2/onrobot_rg2/urdf/onrobot_rg2/configuration) by extensions ['colcon_meta']
[0.099s] Level 1:colcon.colcon_core.package_identification:_identify(isaacpjt/M0609/Collected_m0609_with_rg2/onrobot_rg2/urdf/onrobot_rg2/configuration) by extension 'colcon_meta'
[0.100s] Level 1:colcon.colcon_core.package_identification:_identify(isaacpjt/M0609/Collected_m0609_with_rg2/onrobot_rg2/urdf/onrobot_rg2/configuration) by extensions ['ros']
[0.100s] Level 1:colcon.colcon_core.package_identification:_identify(isaacpjt/M0609/Collected_m0609_with_rg2/onrobot_rg2/urdf/onrobot_rg2/configuration) by extension 'ros'
[0.100s] Level 1:colcon.colcon_core.package_identification:_identify(isaacpjt/M0609/Collected_m0609_with_rg2/onrobot_rg2/urdf/onrobot_rg2/configuration) by extensions ['cmake', 'python']
[0.100s] Level 1:colcon.colcon_core.package_identification:_identify(isaacpjt/M0609/Collected_m0609_with_rg2/onrobot_rg2/urdf/onrobot_rg2/configuration) by extension 'cmake'
[0.100s] Level 1:colcon.colcon_core.package_identification:_identify(isaacpjt/M0609/Collected_m0609_with_rg2/onrobot_rg2/urdf/onrobot_rg2/configuration) by extension 'python'
[0.100s] Level 1:colcon.colcon_core.package_identification:_identify(isaacpjt/M0609/Collected_m0609_with_rg2/onrobot_rg2/urdf/onrobot_rg2/configuration) by extensions ['python_setup_py']
[0.100s] Level 1:colcon.colcon_core.package_identification:_identify(isaacpjt/M0609/Collected_m0609_with_rg2/onrobot_rg2/urdf/onrobot_rg2/configuration) by extension 'python_setup_py'
[0.100s] Level 1:colcon.colcon_core.package_identification:_identify(isaacpjt/M0609/descriptor) by extensions ['ignore', 'ignore_ament_install']
[0.100s] Level 1:colcon.colcon_core.package_identification:_identify(isaacpjt/M0609/descriptor) by extension 'ignore'
[0.100s] Level 1:colcon.colcon_core.package_identification:_identify(isaacpjt/M0609/descriptor) by extension 'ignore_ament_install'
[0.100s] Level 1:colcon.colcon_core.package_identification:_identify(isaacpjt/M0609/descriptor) by extensions ['colcon_pkg']
[0.100s] Level 1:colcon.colcon_core.package_identification:_identify(isaacpjt/M0609/descriptor) by extension 'colcon_pkg'
[0.100s] Level 1:colcon.colcon_core.package_identification:_identify(isaacpjt/M0609/descriptor) by extensions ['colcon_meta']
[0.100s] Level 1:colcon.colcon_core.package_identification:_identify(isaacpjt/M0609/descriptor) by extension 'colcon_meta'
[0.100s] Level 1:colcon.colcon_core.package_identification:_identify(isaacpjt/M0609/descriptor) by extensions ['ros']
[0.100s] Level 1:colcon.colcon_core.package_identification:_identify(isaacpjt/M0609/descriptor) by extension 'ros'
[0.100s] Level 1:colcon.colcon_core.package_identification:_identify(isaacpjt/M0609/descriptor) by extensions ['cmake', 'python']
[0.100s] Level 1:colcon.colcon_core.package_identification:_identify(isaacpjt/M0609/descriptor) by extension 'cmake'
[0.100s] Level 1:colcon.colcon_core.package_identification:_identify(isaacpjt/M0609/descriptor) by extension 'python'
[0.100s] Level 1:colcon.colcon_core.package_identification:_identify(isaacpjt/M0609/descriptor) by extensions ['python_setup_py']
[0.100s] Level 1:colcon.colcon_core.package_identification:_identify(isaacpjt/M0609/descriptor) by extension 'python_setup_py'
[0.100s] Level 1:colcon.colcon_core.package_identification:_identify(isaacpjt/M0609/doosan-robot2) by extensions ['ignore', 'ignore_ament_install']
[0.100s] Level 1:colcon.colcon_core.package_identification:_identify(isaacpjt/M0609/doosan-robot2) by extension 'ignore'
[0.100s] Level 1:colcon.colcon_core.package_identification:_identify(isaacpjt/M0609/doosan-robot2) by extension 'ignore_ament_install'
[0.100s] Level 1:colcon.colcon_core.package_identification:_identify(isaacpjt/M0609/doosan-robot2) by extensions ['colcon_pkg']
[0.100s] Level 1:colcon.colcon_core.package_identification:_identify(isaacpjt/M0609/doosan-robot2) by extension 'colcon_pkg'
[0.100s] Level 1:colcon.colcon_core.package_identification:_identify(isaacpjt/M0609/doosan-robot2) by extensions ['colcon_meta']
[0.100s] Level 1:colcon.colcon_core.package_identification:_identify(isaacpjt/M0609/doosan-robot2) by extension 'colcon_meta'
[0.100s] Level 1:colcon.colcon_core.package_identification:_identify(isaacpjt/M0609/doosan-robot2) by extensions ['ros']
[0.100s] Level 1:colcon.colcon_core.package_identification:_identify(isaacpjt/M0609/doosan-robot2) by extension 'ros'
[0.100s] Level 1:colcon.colcon_core.package_identification:_identify(isaacpjt/M0609/doosan-robot2) by extensions ['cmake', 'python']
[0.100s] Level 1:colcon.colcon_core.package_identification:_identify(isaacpjt/M0609/doosan-robot2) by extension 'cmake'
[0.100s] Level 1:colcon.colcon_core.package_identification:_identify(isaacpjt/M0609/doosan-robot2) by extension 'python'
[0.100s] Level 1:colcon.colcon_core.package_identification:_identify(isaacpjt/M0609/doosan-robot2) by extensions ['python_setup_py']
[0.100s] Level 1:colcon.colcon_core.package_identification:_identify(isaacpjt/M0609/doosan-robot2) by extension 'python_setup_py'
[0.100s] Level 1:colcon.colcon_core.package_identification:_identify(isaacpjt/M0609/doosan-robot2/urdf) by extensions ['ignore', 'ignore_ament_install']
[0.100s] Level 1:colcon.colcon_core.package_identification:_identify(isaacpjt/M0609/doosan-robot2/urdf) by extension 'ignore'
[0.100s] Level 1:colcon.colcon_core.package_identification:_identify(isaacpjt/M0609/doosan-robot2/urdf) by extension 'ignore_ament_install'
[0.100s] Level 1:colcon.colcon_core.package_identification:_identify(isaacpjt/M0609/doosan-robot2/urdf) by extensions ['colcon_pkg']
[0.100s] Level 1:colcon.colcon_core.package_identification:_identify(isaacpjt/M0609/doosan-robot2/urdf) by extension 'colcon_pkg'
[0.100s] Level 1:colcon.colcon_core.package_identification:_identify(isaacpjt/M0609/doosan-robot2/urdf) by extensions ['colcon_meta']
[0.100s] Level 1:colcon.colcon_core.package_identification:_identify(isaacpjt/M0609/doosan-robot2/urdf) by extension 'colcon_meta'
[0.100s] Level 1:colcon.colcon_core.package_identification:_identify(isaacpjt/M0609/doosan-robot2/urdf) by extensions ['ros']
[0.100s] Level 1:colcon.colcon_core.package_identification:_identify(isaacpjt/M0609/doosan-robot2/urdf) by extension 'ros'
[0.100s] Level 1:colcon.colcon_core.package_identification:_identify(isaacpjt/M0609/doosan-robot2/urdf) by extensions ['cmake', 'python']
[0.100s] Level 1:colcon.colcon_core.package_identification:_identify(isaacpjt/M0609/doosan-robot2/urdf) by extension 'cmake'
[0.100s] Level 1:colcon.colcon_core.package_identification:_identify(isaacpjt/M0609/doosan-robot2/urdf) by extension 'python'
[0.100s] Level 1:colcon.colcon_core.package_identification:_identify(isaacpjt/M0609/doosan-robot2/urdf) by extensions ['python_setup_py']
[0.100s] Level 1:colcon.colcon_core.package_identification:_identify(isaacpjt/M0609/doosan-robot2/urdf) by extension 'python_setup_py'
[0.100s] Level 1:colcon.colcon_core.package_identification:_identify(isaacpjt/M0609/doosan-robot2/urdf/m0609_isaac_sim) by extensions ['ignore', 'ignore_ament_install']
[0.100s] Level 1:colcon.colcon_core.package_identification:_identify(isaacpjt/M0609/doosan-robot2/urdf/m0609_isaac_sim) by extension 'ignore'
[0.100s] Level 1:colcon.colcon_core.package_identification:_identify(isaacpjt/M0609/doosan-robot2/urdf/m0609_isaac_sim) by extension 'ignore_ament_install'
[0.100s] Level 1:colcon.colcon_core.package_identification:_identify(isaacpjt/M0609/doosan-robot2/urdf/m0609_isaac_sim) by extensions ['colcon_pkg']
[0.100s] Level 1:colcon.colcon_core.package_identification:_identify(isaacpjt/M0609/doosan-robot2/urdf/m0609_isaac_sim) by extension 'colcon_pkg'
[0.100s] Level 1:colcon.colcon_core.package_identification:_identify(isaacpjt/M0609/doosan-robot2/urdf/m0609_isaac_sim) by extensions ['colcon_meta']
[0.100s] Level 1:colcon.colcon_core.package_identification:_identify(isaacpjt/M0609/doosan-robot2/urdf/m0609_isaac_sim) by extension 'colcon_meta'
[0.101s] Level 1:colcon.colcon_core.package_identification:_identify(isaacpjt/M0609/doosan-robot2/urdf/m0609_isaac_sim) by extensions ['ros']
[0.101s] Level 1:colcon.colcon_core.package_identification:_identify(isaacpjt/M0609/doosan-robot2/urdf/m0609_isaac_sim) by extension 'ros'
[0.101s] Level 1:colcon.colcon_core.package_identification:_identify(isaacpjt/M0609/doosan-robot2/urdf/m0609_isaac_sim) by extensions ['cmake', 'python']
[0.101s] Level 1:colcon.colcon_core.package_identification:_identify(isaacpjt/M0609/doosan-robot2/urdf/m0609_isaac_sim) by extension 'cmake'
[0.101s] Level 1:colcon.colcon_core.package_identification:_identify(isaacpjt/M0609/doosan-robot2/urdf/m0609_isaac_sim) by extension 'python'
[0.101s] Level 1:colcon.colcon_core.package_identification:_identify(isaacpjt/M0609/doosan-robot2/urdf/m0609_isaac_sim) by extensions ['python_setup_py']
[0.101s] Level 1:colcon.colcon_core.package_identification:_identify(isaacpjt/M0609/doosan-robot2/urdf/m0609_isaac_sim) by extension 'python_setup_py'
[0.101s] Level 1:colcon.colcon_core.package_identification:_identify(isaacpjt/M0609/doosan-robot2/urdf/m0609_isaac_sim/configuration) by extensions ['ignore', 'ignore_ament_install']
[0.101s] Level 1:colcon.colcon_core.package_identification:_identify(isaacpjt/M0609/doosan-robot2/urdf/m0609_isaac_sim/configuration) by extension 'ignore'
[0.101s] Level 1:colcon.colcon_core.package_identification:_identify(isaacpjt/M0609/doosan-robot2/urdf/m0609_isaac_sim/configuration) by extension 'ignore_ament_install'
[0.101s] Level 1:colcon.colcon_core.package_identification:_identify(isaacpjt/M0609/doosan-robot2/urdf/m0609_isaac_sim/configuration) by extensions ['colcon_pkg']
[0.101s] Level 1:colcon.colcon_core.package_identification:_identify(isaacpjt/M0609/doosan-robot2/urdf/m0609_isaac_sim/configuration) by extension 'colcon_pkg'
[0.101s] Level 1:colcon.colcon_core.package_identification:_identify(isaacpjt/M0609/doosan-robot2/urdf/m0609_isaac_sim/configuration) by extensions ['colcon_meta']
[0.101s] Level 1:colcon.colcon_core.package_identification:_identify(isaacpjt/M0609/doosan-robot2/urdf/m0609_isaac_sim/configuration) by extension 'colcon_meta'
[0.101s] Level 1:colcon.colcon_core.package_identification:_identify(isaacpjt/M0609/doosan-robot2/urdf/m0609_isaac_sim/configuration) by extensions ['ros']
[0.101s] Level 1:colcon.colcon_core.package_identification:_identify(isaacpjt/M0609/doosan-robot2/urdf/m0609_isaac_sim/configuration) by extension 'ros'
[0.101s] Level 1:colcon.colcon_core.package_identification:_identify(isaacpjt/M0609/doosan-robot2/urdf/m0609_isaac_sim/configuration) by extensions ['cmake', 'python']
[0.101s] Level 1:colcon.colcon_core.package_identification:_identify(isaacpjt/M0609/doosan-robot2/urdf/m0609_isaac_sim/configuration) by extension 'cmake'
[0.101s] Level 1:colcon.colcon_core.package_identification:_identify(isaacpjt/M0609/doosan-robot2/urdf/m0609_isaac_sim/configuration) by extension 'python'
[0.101s] Level 1:colcon.colcon_core.package_identification:_identify(isaacpjt/M0609/doosan-robot2/urdf/m0609_isaac_sim/configuration) by extensions ['python_setup_py']
[0.101s] Level 1:colcon.colcon_core.package_identification:_identify(isaacpjt/M0609/doosan-robot2/urdf/m0609_isaac_sim/configuration) by extension 'python_setup_py'
[0.101s] Level 1:colcon.colcon_core.package_identification:_identify(isaacpjt/M0609/doosan-robot2/urdf/meshes) by extensions ['ignore', 'ignore_ament_install']
[0.101s] Level 1:colcon.colcon_core.package_identification:_identify(isaacpjt/M0609/doosan-robot2/urdf/meshes) by extension 'ignore'
[0.101s] Level 1:colcon.colcon_core.package_identification:_identify(isaacpjt/M0609/doosan-robot2/urdf/meshes) by extension 'ignore_ament_install'
[0.101s] Level 1:colcon.colcon_core.package_identification:_identify(isaacpjt/M0609/doosan-robot2/urdf/meshes) by extensions ['colcon_pkg']
[0.101s] Level 1:colcon.colcon_core.package_identification:_identify(isaacpjt/M0609/doosan-robot2/urdf/meshes) by extension 'colcon_pkg'
[0.101s] Level 1:colcon.colcon_core.package_identification:_identify(isaacpjt/M0609/doosan-robot2/urdf/meshes) by extensions ['colcon_meta']
[0.101s] Level 1:colcon.colcon_core.package_identification:_identify(isaacpjt/M0609/doosan-robot2/urdf/meshes) by extension 'colcon_meta'
[0.101s] Level 1:colcon.colcon_core.package_identification:_identify(isaacpjt/M0609/doosan-robot2/urdf/meshes) by extensions ['ros']
[0.101s] Level 1:colcon.colcon_core.package_identification:_identify(isaacpjt/M0609/doosan-robot2/urdf/meshes) by extension 'ros'
[0.101s] Level 1:colcon.colcon_core.package_identification:_identify(isaacpjt/M0609/doosan-robot2/urdf/meshes) by extensions ['cmake', 'python']
[0.101s] Level 1:colcon.colcon_core.package_identification:_identify(isaacpjt/M0609/doosan-robot2/urdf/meshes) by extension 'cmake'
[0.101s] Level 1:colcon.colcon_core.package_identification:_identify(isaacpjt/M0609/doosan-robot2/urdf/meshes) by extension 'python'
[0.101s] Level 1:colcon.colcon_core.package_identification:_identify(isaacpjt/M0609/doosan-robot2/urdf/meshes) by extensions ['python_setup_py']
[0.101s] Level 1:colcon.colcon_core.package_identification:_identify(isaacpjt/M0609/doosan-robot2/urdf/meshes) by extension 'python_setup_py'
[0.101s] Level 1:colcon.colcon_core.package_identification:_identify(isaacpjt/M0609/doosan-robot2/urdf/meshes/gripper) by extensions ['ignore', 'ignore_ament_install']
[0.101s] Level 1:colcon.colcon_core.package_identification:_identify(isaacpjt/M0609/doosan-robot2/urdf/meshes/gripper) by extension 'ignore'
[0.101s] Level 1:colcon.colcon_core.package_identification:_identify(isaacpjt/M0609/doosan-robot2/urdf/meshes/gripper) by extension 'ignore_ament_install'
[0.101s] Level 1:colcon.colcon_core.package_identification:_identify(isaacpjt/M0609/doosan-robot2/urdf/meshes/gripper) by extensions ['colcon_pkg']
[0.101s] Level 1:colcon.colcon_core.package_identification:_identify(isaacpjt/M0609/doosan-robot2/urdf/meshes/gripper) by extension 'colcon_pkg'
[0.101s] Level 1:colcon.colcon_core.package_identification:_identify(isaacpjt/M0609/doosan-robot2/urdf/meshes/gripper) by extensions ['colcon_meta']
[0.101s] Level 1:colcon.colcon_core.package_identification:_identify(isaacpjt/M0609/doosan-robot2/urdf/meshes/gripper) by extension 'colcon_meta'
[0.101s] Level 1:colcon.colcon_core.package_identification:_identify(isaacpjt/M0609/doosan-robot2/urdf/meshes/gripper) by extensions ['ros']
[0.101s] Level 1:colcon.colcon_core.package_identification:_identify(isaacpjt/M0609/doosan-robot2/urdf/meshes/gripper) by extension 'ros'
[0.101s] Level 1:colcon.colcon_core.package_identification:_identify(isaacpjt/M0609/doosan-robot2/urdf/meshes/gripper) by extensions ['cmake', 'python']
[0.101s] Level 1:colcon.colcon_core.package_identification:_identify(isaacpjt/M0609/doosan-robot2/urdf/meshes/gripper) by extension 'cmake'
[0.101s] Level 1:colcon.colcon_core.package_identification:_identify(isaacpjt/M0609/doosan-robot2/urdf/meshes/gripper) by extension 'python'
[0.101s] Level 1:colcon.colcon_core.package_identification:_identify(isaacpjt/M0609/doosan-robot2/urdf/meshes/gripper) by extensions ['python_setup_py']
[0.101s] Level 1:colcon.colcon_core.package_identification:_identify(isaacpjt/M0609/doosan-robot2/urdf/meshes/gripper) by extension 'python_setup_py'
[0.101s] Level 1:colcon.colcon_core.package_identification:_identify(isaacpjt/M0609/doosan-robot2/urdf/meshes/gripper/robotiq) by extensions ['ignore', 'ignore_ament_install']
[0.101s] Level 1:colcon.colcon_core.package_identification:_identify(isaacpjt/M0609/doosan-robot2/urdf/meshes/gripper/robotiq) by extension 'ignore'
[0.101s] Level 1:colcon.colcon_core.package_identification:_identify(isaacpjt/M0609/doosan-robot2/urdf/meshes/gripper/robotiq) by extension 'ignore_ament_install'
[0.102s] Level 1:colcon.colcon_core.package_identification:_identify(isaacpjt/M0609/doosan-robot2/urdf/meshes/gripper/robotiq) by extensions ['colcon_pkg']
[0.102s] Level 1:colcon.colcon_core.package_identification:_identify(isaacpjt/M0609/doosan-robot2/urdf/meshes/gripper/robotiq) by extension 'colcon_pkg'
[0.102s] Level 1:colcon.colcon_core.package_identification:_identify(isaacpjt/M0609/doosan-robot2/urdf/meshes/gripper/robotiq) by extensions ['colcon_meta']
[0.102s] Level 1:colcon.colcon_core.package_identification:_identify(isaacpjt/M0609/doosan-robot2/urdf/meshes/gripper/robotiq) by extension 'colcon_meta'
[0.102s] Level 1:colcon.colcon_core.package_identification:_identify(isaacpjt/M0609/doosan-robot2/urdf/meshes/gripper/robotiq) by extensions ['ros']
[0.102s] Level 1:colcon.colcon_core.package_identification:_identify(isaacpjt/M0609/doosan-robot2/urdf/meshes/gripper/robotiq) by extension 'ros'
[0.102s] Level 1:colcon.colcon_core.package_identification:_identify(isaacpjt/M0609/doosan-robot2/urdf/meshes/gripper/robotiq) by extensions ['cmake', 'python']
[0.102s] Level 1:colcon.colcon_core.package_identification:_identify(isaacpjt/M0609/doosan-robot2/urdf/meshes/gripper/robotiq) by extension 'cmake'
[0.102s] Level 1:colcon.colcon_core.package_identification:_identify(isaacpjt/M0609/doosan-robot2/urdf/meshes/gripper/robotiq) by extension 'python'
[0.102s] Level 1:colcon.colcon_core.package_identification:_identify(isaacpjt/M0609/doosan-robot2/urdf/meshes/gripper/robotiq) by extensions ['python_setup_py']
[0.102s] Level 1:colcon.colcon_core.package_identification:_identify(isaacpjt/M0609/doosan-robot2/urdf/meshes/gripper/robotiq) by extension 'python_setup_py'
[0.102s] Level 1:colcon.colcon_core.package_identification:_identify(isaacpjt/M0609/doosan-robot2/urdf/meshes/gripper/robotiq/85_2f) by extensions ['ignore', 'ignore_ament_install']
[0.102s] Level 1:colcon.colcon_core.package_identification:_identify(isaacpjt/M0609/doosan-robot2/urdf/meshes/gripper/robotiq/85_2f) by extension 'ignore'
[0.102s] Level 1:colcon.colcon_core.package_identification:_identify(isaacpjt/M0609/doosan-robot2/urdf/meshes/gripper/robotiq/85_2f) by extension 'ignore_ament_install'
[0.102s] Level 1:colcon.colcon_core.package_identification:_identify(isaacpjt/M0609/doosan-robot2/urdf/meshes/gripper/robotiq/85_2f) by extensions ['colcon_pkg']
[0.102s] Level 1:colcon.colcon_core.package_identification:_identify(isaacpjt/M0609/doosan-robot2/urdf/meshes/gripper/robotiq/85_2f) by extension 'colcon_pkg'
[0.102s] Level 1:colcon.colcon_core.package_identification:_identify(isaacpjt/M0609/doosan-robot2/urdf/meshes/gripper/robotiq/85_2f) by extensions ['colcon_meta']
[0.102s] Level 1:colcon.colcon_core.package_identification:_identify(isaacpjt/M0609/doosan-robot2/urdf/meshes/gripper/robotiq/85_2f) by extension 'colcon_meta'
[0.102s] Level 1:colcon.colcon_core.package_identification:_identify(isaacpjt/M0609/doosan-robot2/urdf/meshes/gripper/robotiq/85_2f) by extensions ['ros']
[0.102s] Level 1:colcon.colcon_core.package_identification:_identify(isaacpjt/M0609/doosan-robot2/urdf/meshes/gripper/robotiq/85_2f) by extension 'ros'
[0.102s] Level 1:colcon.colcon_core.package_identification:_identify(isaacpjt/M0609/doosan-robot2/urdf/meshes/gripper/robotiq/85_2f) by extensions ['cmake', 'python']
[0.102s] Level 1:colcon.colcon_core.package_identification:_identify(isaacpjt/M0609/doosan-robot2/urdf/meshes/gripper/robotiq/85_2f) by extension 'cmake'
[0.102s] Level 1:colcon.colcon_core.package_identification:_identify(isaacpjt/M0609/doosan-robot2/urdf/meshes/gripper/robotiq/85_2f) by extension 'python'
[0.102s] Level 1:colcon.colcon_core.package_identification:_identify(isaacpjt/M0609/doosan-robot2/urdf/meshes/gripper/robotiq/85_2f) by extensions ['python_setup_py']
[0.102s] Level 1:colcon.colcon_core.package_identification:_identify(isaacpjt/M0609/doosan-robot2/urdf/meshes/gripper/robotiq/85_2f) by extension 'python_setup_py'
[0.102s] Level 1:colcon.colcon_core.package_identification:_identify(isaacpjt/M0609/doosan-robot2/urdf/meshes/gripper/robotiq/85_2f/collision) by extensions ['ignore', 'ignore_ament_install']
[0.102s] Level 1:colcon.colcon_core.package_identification:_identify(isaacpjt/M0609/doosan-robot2/urdf/meshes/gripper/robotiq/85_2f/collision) by extension 'ignore'
[0.102s] Level 1:colcon.colcon_core.package_identification:_identify(isaacpjt/M0609/doosan-robot2/urdf/meshes/gripper/robotiq/85_2f/collision) by extension 'ignore_ament_install'
[0.102s] Level 1:colcon.colcon_core.package_identification:_identify(isaacpjt/M0609/doosan-robot2/urdf/meshes/gripper/robotiq/85_2f/collision) by extensions ['colcon_pkg']
[0.102s] Level 1:colcon.colcon_core.package_identification:_identify(isaacpjt/M0609/doosan-robot2/urdf/meshes/gripper/robotiq/85_2f/collision) by extension 'colcon_pkg'
[0.102s] Level 1:colcon.colcon_core.package_identification:_identify(isaacpjt/M0609/doosan-robot2/urdf/meshes/gripper/robotiq/85_2f/collision) by extensions ['colcon_meta']
[0.102s] Level 1:colcon.colcon_core.package_identification:_identify(isaacpjt/M0609/doosan-robot2/urdf/meshes/gripper/robotiq/85_2f/collision) by extension 'colcon_meta'
[0.102s] Level 1:colcon.colcon_core.package_identification:_identify(isaacpjt/M0609/doosan-robot2/urdf/meshes/gripper/robotiq/85_2f/collision) by extensions ['ros']
[0.102s] Level 1:colcon.colcon_core.package_identification:_identify(isaacpjt/M0609/doosan-robot2/urdf/meshes/gripper/robotiq/85_2f/collision) by extension 'ros'
[0.102s] Level 1:colcon.colcon_core.package_identification:_identify(isaacpjt/M0609/doosan-robot2/urdf/meshes/gripper/robotiq/85_2f/collision) by extensions ['cmake', 'python']
[0.102s] Level 1:colcon.colcon_core.package_identification:_identify(isaacpjt/M0609/doosan-robot2/urdf/meshes/gripper/robotiq/85_2f/collision) by extension 'cmake'
[0.102s] Level 1:colcon.colcon_core.package_identification:_identify(isaacpjt/M0609/doosan-robot2/urdf/meshes/gripper/robotiq/85_2f/collision) by extension 'python'
[0.102s] Level 1:colcon.colcon_core.package_identification:_identify(isaacpjt/M0609/doosan-robot2/urdf/meshes/gripper/robotiq/85_2f/collision) by extensions ['python_setup_py']
[0.102s] Level 1:colcon.colcon_core.package_identification:_identify(isaacpjt/M0609/doosan-robot2/urdf/meshes/gripper/robotiq/85_2f/collision) by extension 'python_setup_py'
[0.102s] Level 1:colcon.colcon_core.package_identification:_identify(isaacpjt/M0609/doosan-robot2/urdf/meshes/gripper/robotiq/85_2f/visual) by extensions ['ignore', 'ignore_ament_install']
[0.102s] Level 1:colcon.colcon_core.package_identification:_identify(isaacpjt/M0609/doosan-robot2/urdf/meshes/gripper/robotiq/85_2f/visual) by extension 'ignore'
[0.102s] Level 1:colcon.colcon_core.package_identification:_identify(isaacpjt/M0609/doosan-robot2/urdf/meshes/gripper/robotiq/85_2f/visual) by extension 'ignore_ament_install'
[0.102s] Level 1:colcon.colcon_core.package_identification:_identify(isaacpjt/M0609/doosan-robot2/urdf/meshes/gripper/robotiq/85_2f/visual) by extensions ['colcon_pkg']
[0.102s] Level 1:colcon.colcon_core.package_identification:_identify(isaacpjt/M0609/doosan-robot2/urdf/meshes/gripper/robotiq/85_2f/visual) by extension 'colcon_pkg'
[0.102s] Level 1:colcon.colcon_core.package_identification:_identify(isaacpjt/M0609/doosan-robot2/urdf/meshes/gripper/robotiq/85_2f/visual) by extensions ['colcon_meta']
[0.102s] Level 1:colcon.colcon_core.package_identification:_identify(isaacpjt/M0609/doosan-robot2/urdf/meshes/gripper/robotiq/85_2f/visual) by extension 'colcon_meta'
[0.102s] Level 1:colcon.colcon_core.package_identification:_identify(isaacpjt/M0609/doosan-robot2/urdf/meshes/gripper/robotiq/85_2f/visual) by extensions ['ros']
[0.102s] Level 1:colcon.colcon_core.package_identification:_identify(isaacpjt/M0609/doosan-robot2/urdf/meshes/gripper/robotiq/85_2f/visual) by extension 'ros'
[0.102s] Level 1:colcon.colcon_core.package_identification:_identify(isaacpjt/M0609/doosan-robot2/urdf/meshes/gripper/robotiq/85_2f/visual) by extensions ['cmake', 'python']
[0.102s] Level 1:colcon.colcon_core.package_identification:_identify(isaacpjt/M0609/doosan-robot2/urdf/meshes/gripper/robotiq/85_2f/visual) by extension 'cmake'
[0.102s] Level 1:colcon.colcon_core.package_identification:_identify(isaacpjt/M0609/doosan-robot2/urdf/meshes/gripper/robotiq/85_2f/visual) by extension 'python'
[0.102s] Level 1:colcon.colcon_core.package_identification:_identify(isaacpjt/M0609/doosan-robot2/urdf/meshes/gripper/robotiq/85_2f/visual) by extensions ['python_setup_py']
[0.102s] Level 1:colcon.colcon_core.package_identification:_identify(isaacpjt/M0609/doosan-robot2/urdf/meshes/gripper/robotiq/85_2f/visual) by extension 'python_setup_py'
[0.103s] Level 1:colcon.colcon_core.package_identification:_identify(isaacpjt/M0609/doosan-robot2/urdf/meshes/m0609_blue) by extensions ['ignore', 'ignore_ament_install']
[0.103s] Level 1:colcon.colcon_core.package_identification:_identify(isaacpjt/M0609/doosan-robot2/urdf/meshes/m0609_blue) by extension 'ignore'
[0.103s] Level 1:colcon.colcon_core.package_identification:_identify(isaacpjt/M0609/doosan-robot2/urdf/meshes/m0609_blue) by extension 'ignore_ament_install'
[0.103s] Level 1:colcon.colcon_core.package_identification:_identify(isaacpjt/M0609/doosan-robot2/urdf/meshes/m0609_blue) by extensions ['colcon_pkg']
[0.103s] Level 1:colcon.colcon_core.package_identification:_identify(isaacpjt/M0609/doosan-robot2/urdf/meshes/m0609_blue) by extension 'colcon_pkg'
[0.103s] Level 1:colcon.colcon_core.package_identification:_identify(isaacpjt/M0609/doosan-robot2/urdf/meshes/m0609_blue) by extensions ['colcon_meta']
[0.103s] Level 1:colcon.colcon_core.package_identification:_identify(isaacpjt/M0609/doosan-robot2/urdf/meshes/m0609_blue) by extension 'colcon_meta'
[0.103s] Level 1:colcon.colcon_core.package_identification:_identify(isaacpjt/M0609/doosan-robot2/urdf/meshes/m0609_blue) by extensions ['ros']
[0.103s] Level 1:colcon.colcon_core.package_identification:_identify(isaacpjt/M0609/doosan-robot2/urdf/meshes/m0609_blue) by extension 'ros'
[0.103s] Level 1:colcon.colcon_core.package_identification:_identify(isaacpjt/M0609/doosan-robot2/urdf/meshes/m0609_blue) by extensions ['cmake', 'python']
[0.103s] Level 1:colcon.colcon_core.package_identification:_identify(isaacpjt/M0609/doosan-robot2/urdf/meshes/m0609_blue) by extension 'cmake'
[0.103s] Level 1:colcon.colcon_core.package_identification:_identify(isaacpjt/M0609/doosan-robot2/urdf/meshes/m0609_blue) by extension 'python'
[0.103s] Level 1:colcon.colcon_core.package_identification:_identify(isaacpjt/M0609/doosan-robot2/urdf/meshes/m0609_blue) by extensions ['python_setup_py']
[0.103s] Level 1:colcon.colcon_core.package_identification:_identify(isaacpjt/M0609/doosan-robot2/urdf/meshes/m0609_blue) by extension 'python_setup_py'
[0.103s] Level 1:colcon.colcon_core.package_identification:_identify(isaacpjt/M0609/doosan-robot2/urdf/meshes/m0609_collision) by extensions ['ignore', 'ignore_ament_install']
[0.103s] Level 1:colcon.colcon_core.package_identification:_identify(isaacpjt/M0609/doosan-robot2/urdf/meshes/m0609_collision) by extension 'ignore'
[0.103s] Level 1:colcon.colcon_core.package_identification:_identify(isaacpjt/M0609/doosan-robot2/urdf/meshes/m0609_collision) by extension 'ignore_ament_install'
[0.103s] Level 1:colcon.colcon_core.package_identification:_identify(isaacpjt/M0609/doosan-robot2/urdf/meshes/m0609_collision) by extensions ['colcon_pkg']
[0.103s] Level 1:colcon.colcon_core.package_identification:_identify(isaacpjt/M0609/doosan-robot2/urdf/meshes/m0609_collision) by extension 'colcon_pkg'
[0.103s] Level 1:colcon.colcon_core.package_identification:_identify(isaacpjt/M0609/doosan-robot2/urdf/meshes/m0609_collision) by extensions ['colcon_meta']
[0.103s] Level 1:colcon.colcon_core.package_identification:_identify(isaacpjt/M0609/doosan-robot2/urdf/meshes/m0609_collision) by extension 'colcon_meta'
[0.103s] Level 1:colcon.colcon_core.package_identification:_identify(isaacpjt/M0609/doosan-robot2/urdf/meshes/m0609_collision) by extensions ['ros']
[0.103s] Level 1:colcon.colcon_core.package_identification:_identify(isaacpjt/M0609/doosan-robot2/urdf/meshes/m0609_collision) by extension 'ros'
[0.103s] Level 1:colcon.colcon_core.package_identification:_identify(isaacpjt/M0609/doosan-robot2/urdf/meshes/m0609_collision) by extensions ['cmake', 'python']
[0.103s] Level 1:colcon.colcon_core.package_identification:_identify(isaacpjt/M0609/doosan-robot2/urdf/meshes/m0609_collision) by extension 'cmake'
[0.103s] Level 1:colcon.colcon_core.package_identification:_identify(isaacpjt/M0609/doosan-robot2/urdf/meshes/m0609_collision) by extension 'python'
[0.103s] Level 1:colcon.colcon_core.package_identification:_identify(isaacpjt/M0609/doosan-robot2/urdf/meshes/m0609_collision) by extensions ['python_setup_py']
[0.103s] Level 1:colcon.colcon_core.package_identification:_identify(isaacpjt/M0609/doosan-robot2/urdf/meshes/m0609_collision) by extension 'python_setup_py'
[0.103s] Level 1:colcon.colcon_core.package_identification:_identify(isaacpjt/M0609/doosan-robot2/urdf/meshes/m0609_white) by extensions ['ignore', 'ignore_ament_install']
[0.103s] Level 1:colcon.colcon_core.package_identification:_identify(isaacpjt/M0609/doosan-robot2/urdf/meshes/m0609_white) by extension 'ignore'
[0.103s] Level 1:colcon.colcon_core.package_identification:_identify(isaacpjt/M0609/doosan-robot2/urdf/meshes/m0609_white) by extension 'ignore_ament_install'
[0.103s] Level 1:colcon.colcon_core.package_identification:_identify(isaacpjt/M0609/doosan-robot2/urdf/meshes/m0609_white) by extensions ['colcon_pkg']
[0.103s] Level 1:colcon.colcon_core.package_identification:_identify(isaacpjt/M0609/doosan-robot2/urdf/meshes/m0609_white) by extension 'colcon_pkg'
[0.103s] Level 1:colcon.colcon_core.package_identification:_identify(isaacpjt/M0609/doosan-robot2/urdf/meshes/m0609_white) by extensions ['colcon_meta']
[0.103s] Level 1:colcon.colcon_core.package_identification:_identify(isaacpjt/M0609/doosan-robot2/urdf/meshes/m0609_white) by extension 'colcon_meta'
[0.103s] Level 1:colcon.colcon_core.package_identification:_identify(isaacpjt/M0609/doosan-robot2/urdf/meshes/m0609_white) by extensions ['ros']
[0.103s] Level 1:colcon.colcon_core.package_identification:_identify(isaacpjt/M0609/doosan-robot2/urdf/meshes/m0609_white) by extension 'ros'
[0.103s] Level 1:colcon.colcon_core.package_identification:_identify(isaacpjt/M0609/doosan-robot2/urdf/meshes/m0609_white) by extensions ['cmake', 'python']
[0.103s] Level 1:colcon.colcon_core.package_identification:_identify(isaacpjt/M0609/doosan-robot2/urdf/meshes/m0609_white) by extension 'cmake'
[0.103s] Level 1:colcon.colcon_core.package_identification:_identify(isaacpjt/M0609/doosan-robot2/urdf/meshes/m0609_white) by extension 'python'
[0.103s] Level 1:colcon.colcon_core.package_identification:_identify(isaacpjt/M0609/doosan-robot2/urdf/meshes/m0609_white) by extensions ['python_setup_py']
[0.103s] Level 1:colcon.colcon_core.package_identification:_identify(isaacpjt/M0609/doosan-robot2/urdf/meshes/m0609_white) by extension 'python_setup_py'
[0.103s] Level 1:colcon.colcon_core.package_identification:_identify(isaacpjt/M0609/doosan-robot2/usd) by extensions ['ignore', 'ignore_ament_install']
[0.103s] Level 1:colcon.colcon_core.package_identification:_identify(isaacpjt/M0609/doosan-robot2/usd) by extension 'ignore'
[0.103s] Level 1:colcon.colcon_core.package_identification:_identify(isaacpjt/M0609/doosan-robot2/usd) by extension 'ignore_ament_install'
[0.103s] Level 1:colcon.colcon_core.package_identification:_identify(isaacpjt/M0609/doosan-robot2/usd) by extensions ['colcon_pkg']
[0.103s] Level 1:colcon.colcon_core.package_identification:_identify(isaacpjt/M0609/doosan-robot2/usd) by extension 'colcon_pkg'
[0.103s] Level 1:colcon.colcon_core.package_identification:_identify(isaacpjt/M0609/doosan-robot2/usd) by extensions ['colcon_meta']
[0.103s] Level 1:colcon.colcon_core.package_identification:_identify(isaacpjt/M0609/doosan-robot2/usd) by extension 'colcon_meta'
[0.103s] Level 1:colcon.colcon_core.package_identification:_identify(isaacpjt/M0609/doosan-robot2/usd) by extensions ['ros']
[0.103s] Level 1:colcon.colcon_core.package_identification:_identify(isaacpjt/M0609/doosan-robot2/usd) by extension 'ros'
[0.103s] Level 1:colcon.colcon_core.package_identification:_identify(isaacpjt/M0609/doosan-robot2/usd) by extensions ['cmake', 'python']
[0.103s] Level 1:colcon.colcon_core.package_identification:_identify(isaacpjt/M0609/doosan-robot2/usd) by extension 'cmake'
[0.104s] Level 1:colcon.colcon_core.package_identification:_identify(isaacpjt/M0609/doosan-robot2/usd) by extension 'python'
[0.104s] Level 1:colcon.colcon_core.package_identification:_identify(isaacpjt/M0609/doosan-robot2/usd) by extensions ['python_setup_py']
[0.104s] Level 1:colcon.colcon_core.package_identification:_identify(isaacpjt/M0609/doosan-robot2/usd) by extension 'python_setup_py'
[0.104s] Level 1:colcon.colcon_core.package_identification:_identify(isaacpjt/M0609/lula_ik) by extensions ['ignore', 'ignore_ament_install']
[0.104s] Level 1:colcon.colcon_core.package_identification:_identify(isaacpjt/M0609/lula_ik) by extension 'ignore'
[0.104s] Level 1:colcon.colcon_core.package_identification:_identify(isaacpjt/M0609/lula_ik) by extension 'ignore_ament_install'
[0.104s] Level 1:colcon.colcon_core.package_identification:_identify(isaacpjt/M0609/lula_ik) by extensions ['colcon_pkg']
[0.104s] Level 1:colcon.colcon_core.package_identification:_identify(isaacpjt/M0609/lula_ik) by extension 'colcon_pkg'
[0.104s] Level 1:colcon.colcon_core.package_identification:_identify(isaacpjt/M0609/lula_ik) by extensions ['colcon_meta']
[0.104s] Level 1:colcon.colcon_core.package_identification:_identify(isaacpjt/M0609/lula_ik) by extension 'colcon_meta'
[0.104s] Level 1:colcon.colcon_core.package_identification:_identify(isaacpjt/M0609/lula_ik) by extensions ['ros']
[0.104s] Level 1:colcon.colcon_core.package_identification:_identify(isaacpjt/M0609/lula_ik) by extension 'ros'
[0.104s] Level 1:colcon.colcon_core.package_identification:_identify(isaacpjt/M0609/lula_ik) by extensions ['cmake', 'python']
[0.104s] Level 1:colcon.colcon_core.package_identification:_identify(isaacpjt/M0609/lula_ik) by extension 'cmake'
[0.104s] Level 1:colcon.colcon_core.package_identification:_identify(isaacpjt/M0609/lula_ik) by extension 'python'
[0.104s] Level 1:colcon.colcon_core.package_identification:_identify(isaacpjt/M0609/lula_ik) by extensions ['python_setup_py']
[0.104s] Level 1:colcon.colcon_core.package_identification:_identify(isaacpjt/M0609/lula_ik) by extension 'python_setup_py'
[0.104s] Level 1:colcon.colcon_core.package_identification:_identify(isaacpjt/M0609/onrobot_rg2) by extensions ['ignore', 'ignore_ament_install']
[0.104s] Level 1:colcon.colcon_core.package_identification:_identify(isaacpjt/M0609/onrobot_rg2) by extension 'ignore'
[0.104s] Level 1:colcon.colcon_core.package_identification:_identify(isaacpjt/M0609/onrobot_rg2) by extension 'ignore_ament_install'
[0.104s] Level 1:colcon.colcon_core.package_identification:_identify(isaacpjt/M0609/onrobot_rg2) by extensions ['colcon_pkg']
[0.104s] Level 1:colcon.colcon_core.package_identification:_identify(isaacpjt/M0609/onrobot_rg2) by extension 'colcon_pkg'
[0.104s] Level 1:colcon.colcon_core.package_identification:_identify(isaacpjt/M0609/onrobot_rg2) by extensions ['colcon_meta']
[0.104s] Level 1:colcon.colcon_core.package_identification:_identify(isaacpjt/M0609/onrobot_rg2) by extension 'colcon_meta'
[0.104s] Level 1:colcon.colcon_core.package_identification:_identify(isaacpjt/M0609/onrobot_rg2) by extensions ['ros']
[0.104s] Level 1:colcon.colcon_core.package_identification:_identify(isaacpjt/M0609/onrobot_rg2) by extension 'ros'
[0.104s] Level 1:colcon.colcon_core.package_identification:_identify(isaacpjt/M0609/onrobot_rg2) by extensions ['cmake', 'python']
[0.104s] Level 1:colcon.colcon_core.package_identification:_identify(isaacpjt/M0609/onrobot_rg2) by extension 'cmake'
[0.104s] Level 1:colcon.colcon_core.package_identification:_identify(isaacpjt/M0609/onrobot_rg2) by extension 'python'
[0.104s] Level 1:colcon.colcon_core.package_identification:_identify(isaacpjt/M0609/onrobot_rg2) by extensions ['python_setup_py']
[0.104s] Level 1:colcon.colcon_core.package_identification:_identify(isaacpjt/M0609/onrobot_rg2) by extension 'python_setup_py'
[0.104s] Level 1:colcon.colcon_core.package_identification:_identify(isaacpjt/M0609/onrobot_rg2/meshes) by extensions ['ignore', 'ignore_ament_install']
[0.104s] Level 1:colcon.colcon_core.package_identification:_identify(isaacpjt/M0609/onrobot_rg2/meshes) by extension 'ignore'
[0.104s] Level 1:colcon.colcon_core.package_identification:_identify(isaacpjt/M0609/onrobot_rg2/meshes) by extension 'ignore_ament_install'
[0.104s] Level 1:colcon.colcon_core.package_identification:_identify(isaacpjt/M0609/onrobot_rg2/meshes) by extensions ['colcon_pkg']
[0.104s] Level 1:colcon.colcon_core.package_identification:_identify(isaacpjt/M0609/onrobot_rg2/meshes) by extension 'colcon_pkg'
[0.104s] Level 1:colcon.colcon_core.package_identification:_identify(isaacpjt/M0609/onrobot_rg2/meshes) by extensions ['colcon_meta']
[0.104s] Level 1:colcon.colcon_core.package_identification:_identify(isaacpjt/M0609/onrobot_rg2/meshes) by extension 'colcon_meta'
[0.104s] Level 1:colcon.colcon_core.package_identification:_identify(isaacpjt/M0609/onrobot_rg2/meshes) by extensions ['ros']
[0.104s] Level 1:colcon.colcon_core.package_identification:_identify(isaacpjt/M0609/onrobot_rg2/meshes) by extension 'ros'
[0.104s] Level 1:colcon.colcon_core.package_identification:_identify(isaacpjt/M0609/onrobot_rg2/meshes) by extensions ['cmake', 'python']
[0.104s] Level 1:colcon.colcon_core.package_identification:_identify(isaacpjt/M0609/onrobot_rg2/meshes) by extension 'cmake'
[0.104s] Level 1:colcon.colcon_core.package_identification:_identify(isaacpjt/M0609/onrobot_rg2/meshes) by extension 'python'
[0.104s] Level 1:colcon.colcon_core.package_identification:_identify(isaacpjt/M0609/onrobot_rg2/meshes) by extensions ['python_setup_py']
[0.104s] Level 1:colcon.colcon_core.package_identification:_identify(isaacpjt/M0609/onrobot_rg2/meshes) by extension 'python_setup_py'
[0.104s] Level 1:colcon.colcon_core.package_identification:_identify(isaacpjt/M0609/onrobot_rg2/meshes/collision) by extensions ['ignore', 'ignore_ament_install']
[0.104s] Level 1:colcon.colcon_core.package_identification:_identify(isaacpjt/M0609/onrobot_rg2/meshes/collision) by extension 'ignore'
[0.104s] Level 1:colcon.colcon_core.package_identification:_identify(isaacpjt/M0609/onrobot_rg2/meshes/collision) by extension 'ignore_ament_install'
[0.104s] Level 1:colcon.colcon_core.package_identification:_identify(isaacpjt/M0609/onrobot_rg2/meshes/collision) by extensions ['colcon_pkg']
[0.104s] Level 1:colcon.colcon_core.package_identification:_identify(isaacpjt/M0609/onrobot_rg2/meshes/collision) by extension 'colcon_pkg'
[0.104s] Level 1:colcon.colcon_core.package_identification:_identify(isaacpjt/M0609/onrobot_rg2/meshes/collision) by extensions ['colcon_meta']
[0.104s] Level 1:colcon.colcon_core.package_identification:_identify(isaacpjt/M0609/onrobot_rg2/meshes/collision) by extension 'colcon_meta'
[0.104s] Level 1:colcon.colcon_core.package_identification:_identify(isaacpjt/M0609/onrobot_rg2/meshes/collision) by extensions ['ros']
[0.104s] Level 1:colcon.colcon_core.package_identification:_identify(isaacpjt/M0609/onrobot_rg2/meshes/collision) by extension 'ros'
[0.105s] Level 1:colcon.colcon_core.package_identification:_identify(isaacpjt/M0609/onrobot_rg2/meshes/collision) by extensions ['cmake', 'python']
[0.105s] Level 1:colcon.colcon_core.package_identification:_identify(isaacpjt/M0609/onrobot_rg2/meshes/collision) by extension 'cmake'
[0.105s] Level 1:colcon.colcon_core.package_identification:_identify(isaacpjt/M0609/onrobot_rg2/meshes/collision) by extension 'python'
[0.105s] Level 1:colcon.colcon_core.package_identification:_identify(isaacpjt/M0609/onrobot_rg2/meshes/collision) by extensions ['python_setup_py']
[0.105s] Level 1:colcon.colcon_core.package_identification:_identify(isaacpjt/M0609/onrobot_rg2/meshes/collision) by extension 'python_setup_py'
[0.105s] Level 1:colcon.colcon_core.package_identification:_identify(isaacpjt/M0609/onrobot_rg2/meshes/visual) by extensions ['ignore', 'ignore_ament_install']
[0.105s] Level 1:colcon.colcon_core.package_identification:_identify(isaacpjt/M0609/onrobot_rg2/meshes/visual) by extension 'ignore'
[0.105s] Level 1:colcon.colcon_core.package_identification:_identify(isaacpjt/M0609/onrobot_rg2/meshes/visual) by extension 'ignore_ament_install'
[0.105s] Level 1:colcon.colcon_core.package_identification:_identify(isaacpjt/M0609/onrobot_rg2/meshes/visual) by extensions ['colcon_pkg']
[0.105s] Level 1:colcon.colcon_core.package_identification:_identify(isaacpjt/M0609/onrobot_rg2/meshes/visual) by extension 'colcon_pkg'
[0.105s] Level 1:colcon.colcon_core.package_identification:_identify(isaacpjt/M0609/onrobot_rg2/meshes/visual) by extensions ['colcon_meta']
[0.105s] Level 1:colcon.colcon_core.package_identification:_identify(isaacpjt/M0609/onrobot_rg2/meshes/visual) by extension 'colcon_meta'
[0.105s] Level 1:colcon.colcon_core.package_identification:_identify(isaacpjt/M0609/onrobot_rg2/meshes/visual) by extensions ['ros']
[0.105s] Level 1:colcon.colcon_core.package_identification:_identify(isaacpjt/M0609/onrobot_rg2/meshes/visual) by extension 'ros'
[0.105s] Level 1:colcon.colcon_core.package_identification:_identify(isaacpjt/M0609/onrobot_rg2/meshes/visual) by extensions ['cmake', 'python']
[0.105s] Level 1:colcon.colcon_core.package_identification:_identify(isaacpjt/M0609/onrobot_rg2/meshes/visual) by extension 'cmake'
[0.105s] Level 1:colcon.colcon_core.package_identification:_identify(isaacpjt/M0609/onrobot_rg2/meshes/visual) by extension 'python'
[0.105s] Level 1:colcon.colcon_core.package_identification:_identify(isaacpjt/M0609/onrobot_rg2/meshes/visual) by extensions ['python_setup_py']
[0.105s] Level 1:colcon.colcon_core.package_identification:_identify(isaacpjt/M0609/onrobot_rg2/meshes/visual) by extension 'python_setup_py'
[0.105s] Level 1:colcon.colcon_core.package_identification:_identify(isaacpjt/M0609/onrobot_rg2/urdf) by extensions ['ignore', 'ignore_ament_install']
[0.105s] Level 1:colcon.colcon_core.package_identification:_identify(isaacpjt/M0609/onrobot_rg2/urdf) by extension 'ignore'
[0.105s] Level 1:colcon.colcon_core.package_identification:_identify(isaacpjt/M0609/onrobot_rg2/urdf) by extension 'ignore_ament_install'
[0.105s] Level 1:colcon.colcon_core.package_identification:_identify(isaacpjt/M0609/onrobot_rg2/urdf) by extensions ['colcon_pkg']
[0.105s] Level 1:colcon.colcon_core.package_identification:_identify(isaacpjt/M0609/onrobot_rg2/urdf) by extension 'colcon_pkg'
[0.105s] Level 1:colcon.colcon_core.package_identification:_identify(isaacpjt/M0609/onrobot_rg2/urdf) by extensions ['colcon_meta']
[0.105s] Level 1:colcon.colcon_core.package_identification:_identify(isaacpjt/M0609/onrobot_rg2/urdf) by extension 'colcon_meta'
[0.105s] Level 1:colcon.colcon_core.package_identification:_identify(isaacpjt/M0609/onrobot_rg2/urdf) by extensions ['ros']
[0.105s] Level 1:colcon.colcon_core.package_identification:_identify(isaacpjt/M0609/onrobot_rg2/urdf) by extension 'ros'
[0.105s] Level 1:colcon.colcon_core.package_identification:_identify(isaacpjt/M0609/onrobot_rg2/urdf) by extensions ['cmake', 'python']
[0.105s] Level 1:colcon.colcon_core.package_identification:_identify(isaacpjt/M0609/onrobot_rg2/urdf) by extension 'cmake'
[0.105s] Level 1:colcon.colcon_core.package_identification:_identify(isaacpjt/M0609/onrobot_rg2/urdf) by extension 'python'
[0.105s] Level 1:colcon.colcon_core.package_identification:_identify(isaacpjt/M0609/onrobot_rg2/urdf) by extensions ['python_setup_py']
[0.105s] Level 1:colcon.colcon_core.package_identification:_identify(isaacpjt/M0609/onrobot_rg2/urdf) by extension 'python_setup_py'
[0.105s] Level 1:colcon.colcon_core.package_identification:_identify(isaacpjt/M0609/onrobot_rg2/urdf/onrobot_rg2) by extensions ['ignore', 'ignore_ament_install']
[0.105s] Level 1:colcon.colcon_core.package_identification:_identify(isaacpjt/M0609/onrobot_rg2/urdf/onrobot_rg2) by extension 'ignore'
[0.105s] Level 1:colcon.colcon_core.package_identification:_identify(isaacpjt/M0609/onrobot_rg2/urdf/onrobot_rg2) by extension 'ignore_ament_install'
[0.105s] Level 1:colcon.colcon_core.package_identification:_identify(isaacpjt/M0609/onrobot_rg2/urdf/onrobot_rg2) by extensions ['colcon_pkg']
[0.105s] Level 1:colcon.colcon_core.package_identification:_identify(isaacpjt/M0609/onrobot_rg2/urdf/onrobot_rg2) by extension 'colcon_pkg'
[0.105s] Level 1:colcon.colcon_core.package_identification:_identify(isaacpjt/M0609/onrobot_rg2/urdf/onrobot_rg2) by extensions ['colcon_meta']
[0.105s] Level 1:colcon.colcon_core.package_identification:_identify(isaacpjt/M0609/onrobot_rg2/urdf/onrobot_rg2) by extension 'colcon_meta'
[0.105s] Level 1:colcon.colcon_core.package_identification:_identify(isaacpjt/M0609/onrobot_rg2/urdf/onrobot_rg2) by extensions ['ros']
[0.105s] Level 1:colcon.colcon_core.package_identification:_identify(isaacpjt/M0609/onrobot_rg2/urdf/onrobot_rg2) by extension 'ros'
[0.105s] Level 1:colcon.colcon_core.package_identification:_identify(isaacpjt/M0609/onrobot_rg2/urdf/onrobot_rg2) by extensions ['cmake', 'python']
[0.105s] Level 1:colcon.colcon_core.package_identification:_identify(isaacpjt/M0609/onrobot_rg2/urdf/onrobot_rg2) by extension 'cmake'
[0.105s] Level 1:colcon.colcon_core.package_identification:_identify(isaacpjt/M0609/onrobot_rg2/urdf/onrobot_rg2) by extension 'python'
[0.105s] Level 1:colcon.colcon_core.package_identification:_identify(isaacpjt/M0609/onrobot_rg2/urdf/onrobot_rg2) by extensions ['python_setup_py']
[0.105s] Level 1:colcon.colcon_core.package_identification:_identify(isaacpjt/M0609/onrobot_rg2/urdf/onrobot_rg2) by extension 'python_setup_py'
[0.105s] Level 1:colcon.colcon_core.package_identification:_identify(isaacpjt/M0609/onrobot_rg2/urdf/onrobot_rg2/configuration) by extensions ['ignore', 'ignore_ament_install']
[0.105s] Level 1:colcon.colcon_core.package_identification:_identify(isaacpjt/M0609/onrobot_rg2/urdf/onrobot_rg2/configuration) by extension 'ignore'
[0.105s] Level 1:colcon.colcon_core.package_identification:_identify(isaacpjt/M0609/onrobot_rg2/urdf/onrobot_rg2/configuration) by extension 'ignore_ament_install'
[0.105s] Level 1:colcon.colcon_core.package_identification:_identify(isaacpjt/M0609/onrobot_rg2/urdf/onrobot_rg2/configuration) by extensions ['colcon_pkg']
[0.105s] Level 1:colcon.colcon_core.package_identification:_identify(isaacpjt/M0609/onrobot_rg2/urdf/onrobot_rg2/configuration) by extension 'colcon_pkg'
[0.105s] Level 1:colcon.colcon_core.package_identification:_identify(isaacpjt/M0609/onrobot_rg2/urdf/onrobot_rg2/configuration) by extensions ['colcon_meta']
[0.105s] Level 1:colcon.colcon_core.package_identification:_identify(isaacpjt/M0609/onrobot_rg2/urdf/onrobot_rg2/configuration) by extension 'colcon_meta'
[0.105s] Level 1:colcon.colcon_core.package_identification:_identify(isaacpjt/M0609/onrobot_rg2/urdf/onrobot_rg2/configuration) by extensions ['ros']
[0.106s] Level 1:colcon.colcon_core.package_identification:_identify(isaacpjt/M0609/onrobot_rg2/urdf/onrobot_rg2/configuration) by extension 'ros'
[0.106s] Level 1:colcon.colcon_core.package_identification:_identify(isaacpjt/M0609/onrobot_rg2/urdf/onrobot_rg2/configuration) by extensions ['cmake', 'python']
[0.106s] Level 1:colcon.colcon_core.package_identification:_identify(isaacpjt/M0609/onrobot_rg2/urdf/onrobot_rg2/configuration) by extension 'cmake'
[0.106s] Level 1:colcon.colcon_core.package_identification:_identify(isaacpjt/M0609/onrobot_rg2/urdf/onrobot_rg2/configuration) by extension 'python'
[0.106s] Level 1:colcon.colcon_core.package_identification:_identify(isaacpjt/M0609/onrobot_rg2/urdf/onrobot_rg2/configuration) by extensions ['python_setup_py']
[0.106s] Level 1:colcon.colcon_core.package_identification:_identify(isaacpjt/M0609/onrobot_rg2/urdf/onrobot_rg2/configuration) by extension 'python_setup_py'
[0.106s] Level 1:colcon.colcon_core.package_identification:_identify(isaacpjt/M0609/rmpflow) by extensions ['ignore', 'ignore_ament_install']
[0.106s] Level 1:colcon.colcon_core.package_identification:_identify(isaacpjt/M0609/rmpflow) by extension 'ignore'
[0.106s] Level 1:colcon.colcon_core.package_identification:_identify(isaacpjt/M0609/rmpflow) by extension 'ignore_ament_install'
[0.106s] Level 1:colcon.colcon_core.package_identification:_identify(isaacpjt/M0609/rmpflow) by extensions ['colcon_pkg']
[0.106s] Level 1:colcon.colcon_core.package_identification:_identify(isaacpjt/M0609/rmpflow) by extension 'colcon_pkg'
[0.106s] Level 1:colcon.colcon_core.package_identification:_identify(isaacpjt/M0609/rmpflow) by extensions ['colcon_meta']
[0.106s] Level 1:colcon.colcon_core.package_identification:_identify(isaacpjt/M0609/rmpflow) by extension 'colcon_meta'
[0.106s] Level 1:colcon.colcon_core.package_identification:_identify(isaacpjt/M0609/rmpflow) by extensions ['ros']
[0.106s] Level 1:colcon.colcon_core.package_identification:_identify(isaacpjt/M0609/rmpflow) by extension 'ros'
[0.106s] Level 1:colcon.colcon_core.package_identification:_identify(isaacpjt/M0609/rmpflow) by extensions ['cmake', 'python']
[0.106s] Level 1:colcon.colcon_core.package_identification:_identify(isaacpjt/M0609/rmpflow) by extension 'cmake'
[0.106s] Level 1:colcon.colcon_core.package_identification:_identify(isaacpjt/M0609/rmpflow) by extension 'python'
[0.106s] Level 1:colcon.colcon_core.package_identification:_identify(isaacpjt/M0609/rmpflow) by extensions ['python_setup_py']
[0.106s] Level 1:colcon.colcon_core.package_identification:_identify(isaacpjt/M0609/rmpflow) by extension 'python_setup_py'
[0.106s] Level 1:colcon.colcon_core.package_identification:_identify(isaacpjt/M0609/rmpflow/__pycache__) by extensions ['ignore', 'ignore_ament_install']
[0.106s] Level 1:colcon.colcon_core.package_identification:_identify(isaacpjt/M0609/rmpflow/__pycache__) by extension 'ignore'
[0.106s] Level 1:colcon.colcon_core.package_identification:_identify(isaacpjt/M0609/rmpflow/__pycache__) by extension 'ignore_ament_install'
[0.106s] Level 1:colcon.colcon_core.package_identification:_identify(isaacpjt/M0609/rmpflow/__pycache__) by extensions ['colcon_pkg']
[0.106s] Level 1:colcon.colcon_core.package_identification:_identify(isaacpjt/M0609/rmpflow/__pycache__) by extension 'colcon_pkg'
[0.106s] Level 1:colcon.colcon_core.package_identification:_identify(isaacpjt/M0609/rmpflow/__pycache__) by extensions ['colcon_meta']
[0.106s] Level 1:colcon.colcon_core.package_identification:_identify(isaacpjt/M0609/rmpflow/__pycache__) by extension 'colcon_meta'
[0.106s] Level 1:colcon.colcon_core.package_identification:_identify(isaacpjt/M0609/rmpflow/__pycache__) by extensions ['ros']
[0.106s] Level 1:colcon.colcon_core.package_identification:_identify(isaacpjt/M0609/rmpflow/__pycache__) by extension 'ros'
[0.106s] Level 1:colcon.colcon_core.package_identification:_identify(isaacpjt/M0609/rmpflow/__pycache__) by extensions ['cmake', 'python']
[0.106s] Level 1:colcon.colcon_core.package_identification:_identify(isaacpjt/M0609/rmpflow/__pycache__) by extension 'cmake'
[0.106s] Level 1:colcon.colcon_core.package_identification:_identify(isaacpjt/M0609/rmpflow/__pycache__) by extension 'python'
[0.106s] Level 1:colcon.colcon_core.package_identification:_identify(isaacpjt/M0609/rmpflow/__pycache__) by extensions ['python_setup_py']
[0.106s] Level 1:colcon.colcon_core.package_identification:_identify(isaacpjt/M0609/rmpflow/__pycache__) by extension 'python_setup_py'
[0.106s] Level 1:colcon.colcon_core.package_identification:_identify(isaacpjt/basic) by extensions ['ignore', 'ignore_ament_install']
[0.106s] Level 1:colcon.colcon_core.package_identification:_identify(isaacpjt/basic) by extension 'ignore'
[0.106s] Level 1:colcon.colcon_core.package_identification:_identify(isaacpjt/basic) by extension 'ignore_ament_install'
[0.106s] Level 1:colcon.colcon_core.package_identification:_identify(isaacpjt/basic) by extensions ['colcon_pkg']
[0.106s] Level 1:colcon.colcon_core.package_identification:_identify(isaacpjt/basic) by extension 'colcon_pkg'
[0.106s] Level 1:colcon.colcon_core.package_identification:_identify(isaacpjt/basic) by extensions ['colcon_meta']
[0.106s] Level 1:colcon.colcon_core.package_identification:_identify(isaacpjt/basic) by extension 'colcon_meta'
[0.106s] Level 1:colcon.colcon_core.package_identification:_identify(isaacpjt/basic) by extensions ['ros']
[0.106s] Level 1:colcon.colcon_core.package_identification:_identify(isaacpjt/basic) by extension 'ros'
[0.106s] Level 1:colcon.colcon_core.package_identification:_identify(isaacpjt/basic) by extensions ['cmake', 'python']
[0.106s] Level 1:colcon.colcon_core.package_identification:_identify(isaacpjt/basic) by extension 'cmake'
[0.106s] Level 1:colcon.colcon_core.package_identification:_identify(isaacpjt/basic) by extension 'python'
[0.106s] Level 1:colcon.colcon_core.package_identification:_identify(isaacpjt/basic) by extensions ['python_setup_py']
[0.106s] Level 1:colcon.colcon_core.package_identification:_identify(isaacpjt/basic) by extension 'python_setup_py'
[0.106s] Level 1:colcon.colcon_core.package_identification:_identify(log) by extensions ['ignore', 'ignore_ament_install']
[0.106s] Level 1:colcon.colcon_core.package_identification:_identify(log) by extension 'ignore'
[0.106s] Level 1:colcon.colcon_core.package_identification:_identify(log) ignored
[0.106s] Level 1:colcon.colcon_core.package_identification:_identify(patrol_images) by extensions ['ignore', 'ignore_ament_install']
[0.106s] Level 1:colcon.colcon_core.package_identification:_identify(patrol_images) by extension 'ignore'
[0.106s] Level 1:colcon.colcon_core.package_identification:_identify(patrol_images) by extension 'ignore_ament_install'
[0.107s] Level 1:colcon.colcon_core.package_identification:_identify(patrol_images) by extensions ['colcon_pkg']
[0.107s] Level 1:colcon.colcon_core.package_identification:_identify(patrol_images) by extension 'colcon_pkg'
[0.107s] Level 1:colcon.colcon_core.package_identification:_identify(patrol_images) by extensions ['colcon_meta']
[0.107s] Level 1:colcon.colcon_core.package_identification:_identify(patrol_images) by extension 'colcon_meta'
[0.107s] Level 1:colcon.colcon_core.package_identification:_identify(patrol_images) by extensions ['ros']
[0.107s] Level 1:colcon.colcon_core.package_identification:_identify(patrol_images) by extension 'ros'
[0.107s] Level 1:colcon.colcon_core.package_identification:_identify(patrol_images) by extensions ['cmake', 'python']
[0.107s] Level 1:colcon.colcon_core.package_identification:_identify(patrol_images) by extension 'cmake'
[0.107s] Level 1:colcon.colcon_core.package_identification:_identify(patrol_images) by extension 'python'
[0.107s] Level 1:colcon.colcon_core.package_identification:_identify(patrol_images) by extensions ['python_setup_py']
[0.107s] Level 1:colcon.colcon_core.package_identification:_identify(patrol_images) by extension 'python_setup_py'
[0.107s] Level 1:colcon.colcon_core.package_identification:_identify(src) by extensions ['ignore', 'ignore_ament_install']
[0.107s] Level 1:colcon.colcon_core.package_identification:_identify(src) by extension 'ignore'
[0.107s] Level 1:colcon.colcon_core.package_identification:_identify(src) by extension 'ignore_ament_install'
[0.107s] Level 1:colcon.colcon_core.package_identification:_identify(src) by extensions ['colcon_pkg']
[0.107s] Level 1:colcon.colcon_core.package_identification:_identify(src) by extension 'colcon_pkg'
[0.107s] Level 1:colcon.colcon_core.package_identification:_identify(src) by extensions ['colcon_meta']
[0.107s] Level 1:colcon.colcon_core.package_identification:_identify(src) by extension 'colcon_meta'
[0.107s] Level 1:colcon.colcon_core.package_identification:_identify(src) by extensions ['ros']
[0.107s] Level 1:colcon.colcon_core.package_identification:_identify(src) by extension 'ros'
[0.107s] Level 1:colcon.colcon_core.package_identification:_identify(src) by extensions ['cmake', 'python']
[0.107s] Level 1:colcon.colcon_core.package_identification:_identify(src) by extension 'cmake'
[0.107s] Level 1:colcon.colcon_core.package_identification:_identify(src) by extension 'python'
[0.107s] Level 1:colcon.colcon_core.package_identification:_identify(src) by extensions ['python_setup_py']
[0.107s] Level 1:colcon.colcon_core.package_identification:_identify(src) by extension 'python_setup_py'
[0.107s] Level 1:colcon.colcon_core.package_identification:_identify(src/color_vision) by extensions ['ignore', 'ignore_ament_install']
[0.107s] Level 1:colcon.colcon_core.package_identification:_identify(src/color_vision) by extension 'ignore'
[0.107s] Level 1:colcon.colcon_core.package_identification:_identify(src/color_vision) by extension 'ignore_ament_install'
[0.107s] Level 1:colcon.colcon_core.package_identification:_identify(src/color_vision) by extensions ['colcon_pkg']
[0.107s] Level 1:colcon.colcon_core.package_identification:_identify(src/color_vision) by extension 'colcon_pkg'
[0.107s] Level 1:colcon.colcon_core.package_identification:_identify(src/color_vision) by extensions ['colcon_meta']
[0.107s] Level 1:colcon.colcon_core.package_identification:_identify(src/color_vision) by extension 'colcon_meta'
[0.107s] Level 1:colcon.colcon_core.package_identification:_identify(src/color_vision) by extensions ['ros']
[0.107s] Level 1:colcon.colcon_core.package_identification:_identify(src/color_vision) by extension 'ros'
[0.108s] DEBUG:colcon.colcon_core.package_identification:Package 'src/color_vision' with type 'ros.ament_python' and name 'color_vision'
[0.108s] Level 1:colcon.colcon_core.package_identification:_identify(src/mir100_navigation) by extensions ['ignore', 'ignore_ament_install']
[0.108s] Level 1:colcon.colcon_core.package_identification:_identify(src/mir100_navigation) by extension 'ignore'
[0.108s] Level 1:colcon.colcon_core.package_identification:_identify(src/mir100_navigation) by extension 'ignore_ament_install'
[0.108s] Level 1:colcon.colcon_core.package_identification:_identify(src/mir100_navigation) by extensions ['colcon_pkg']
[0.108s] Level 1:colcon.colcon_core.package_identification:_identify(src/mir100_navigation) by extension 'colcon_pkg'
[0.108s] Level 1:colcon.colcon_core.package_identification:_identify(src/mir100_navigation) by extensions ['colcon_meta']
[0.108s] Level 1:colcon.colcon_core.package_identification:_identify(src/mir100_navigation) by extension 'colcon_meta'
[0.108s] Level 1:colcon.colcon_core.package_identification:_identify(src/mir100_navigation) by extensions ['ros']
[0.108s] Level 1:colcon.colcon_core.package_identification:_identify(src/mir100_navigation) by extension 'ros'
[0.109s] DEBUG:colcon.colcon_core.package_identification:Package 'src/mir100_navigation' with type 'ros.ament_cmake' and name 'mir100_navigation'
[0.109s] Level 1:colcon.colcon_core.package_identification:_identify(src/nova_carter) by extensions ['ignore', 'ignore_ament_install']
[0.109s] Level 1:colcon.colcon_core.package_identification:_identify(src/nova_carter) by extension 'ignore'
[0.109s] Level 1:colcon.colcon_core.package_identification:_identify(src/nova_carter) by extension 'ignore_ament_install'
[0.109s] Level 1:colcon.colcon_core.package_identification:_identify(src/nova_carter) by extensions ['colcon_pkg']
[0.109s] Level 1:colcon.colcon_core.package_identification:_identify(src/nova_carter) by extension 'colcon_pkg'
[0.109s] Level 1:colcon.colcon_core.package_identification:_identify(src/nova_carter) by extensions ['colcon_meta']
[0.109s] Level 1:colcon.colcon_core.package_identification:_identify(src/nova_carter) by extension 'colcon_meta'
[0.109s] Level 1:colcon.colcon_core.package_identification:_identify(src/nova_carter) by extensions ['ros']
[0.109s] Level 1:colcon.colcon_core.package_identification:_identify(src/nova_carter) by extension 'ros'
[0.109s] Level 1:colcon.colcon_core.package_identification:_identify(src/nova_carter) by extensions ['cmake', 'python']
[0.109s] Level 1:colcon.colcon_core.package_identification:_identify(src/nova_carter) by extension 'cmake'
[0.109s] Level 1:colcon.colcon_core.package_identification:_identify(src/nova_carter) by extension 'python'
[0.109s] Level 1:colcon.colcon_core.package_identification:_identify(src/nova_carter) by extensions ['python_setup_py']
[0.109s] Level 1:colcon.colcon_core.package_identification:_identify(src/nova_carter) by extension 'python_setup_py'
[0.109s] Level 1:colcon.colcon_core.package_identification:_identify(src/nova_carter/nav_to_goal) by extensions ['ignore', 'ignore_ament_install']
[0.109s] Level 1:colcon.colcon_core.package_identification:_identify(src/nova_carter/nav_to_goal) by extension 'ignore'
[0.109s] Level 1:colcon.colcon_core.package_identification:_identify(src/nova_carter/nav_to_goal) by extension 'ignore_ament_install'
[0.109s] Level 1:colcon.colcon_core.package_identification:_identify(src/nova_carter/nav_to_goal) by extensions ['colcon_pkg']
[0.109s] Level 1:colcon.colcon_core.package_identification:_identify(src/nova_carter/nav_to_goal) by extension 'colcon_pkg'
[0.109s] Level 1:colcon.colcon_core.package_identification:_identify(src/nova_carter/nav_to_goal) by extensions ['colcon_meta']
[0.109s] Level 1:colcon.colcon_core.package_identification:_identify(src/nova_carter/nav_to_goal) by extension 'colcon_meta'
[0.109s] Level 1:colcon.colcon_core.package_identification:_identify(src/nova_carter/nav_to_goal) by extensions ['ros']
[0.109s] Level 1:colcon.colcon_core.package_identification:_identify(src/nova_carter/nav_to_goal) by extension 'ros'
[0.109s] DEBUG:colcon.colcon_core.package_identification:Package 'src/nova_carter/nav_to_goal' with type 'ros.ament_python' and name 'nav_to_goal'
[0.109s] Level 1:colcon.colcon_core.package_identification:_identify(src/smart_farm_interfaces) by extensions ['ignore', 'ignore_ament_install']
[0.109s] Level 1:colcon.colcon_core.package_identification:_identify(src/smart_farm_interfaces) by extension 'ignore'
[0.109s] Level 1:colcon.colcon_core.package_identification:_identify(src/smart_farm_interfaces) by extension 'ignore_ament_install'
[0.109s] Level 1:colcon.colcon_core.package_identification:_identify(src/smart_farm_interfaces) by extensions ['colcon_pkg']
[0.109s] Level 1:colcon.colcon_core.package_identification:_identify(src/smart_farm_interfaces) by extension 'colcon_pkg'
[0.109s] Level 1:colcon.colcon_core.package_identification:_identify(src/smart_farm_interfaces) by extensions ['colcon_meta']
[0.109s] Level 1:colcon.colcon_core.package_identification:_identify(src/smart_farm_interfaces) by extension 'colcon_meta'
[0.109s] Level 1:colcon.colcon_core.package_identification:_identify(src/smart_farm_interfaces) by extensions ['ros']
[0.109s] Level 1:colcon.colcon_core.package_identification:_identify(src/smart_farm_interfaces) by extension 'ros'
[0.110s] DEBUG:colcon.colcon_core.package_identification:Package 'src/smart_farm_interfaces' with type 'ros.ament_cmake' and name 'smart_farm_interfaces'
[0.110s] Level 1:colcon.colcon_core.package_identification:_identify(src/smart_farm_navigation) by extensions ['ignore', 'ignore_ament_install']
[0.110s] Level 1:colcon.colcon_core.package_identification:_identify(src/smart_farm_navigation) by extension 'ignore'
[0.110s] Level 1:colcon.colcon_core.package_identification:_identify(src/smart_farm_navigation) by extension 'ignore_ament_install'
[0.110s] Level 1:colcon.colcon_core.package_identification:_identify(src/smart_farm_navigation) by extensions ['colcon_pkg']
[0.110s] Level 1:colcon.colcon_core.package_identification:_identify(src/smart_farm_navigation) by extension 'colcon_pkg'
[0.110s] Level 1:colcon.colcon_core.package_identification:_identify(src/smart_farm_navigation) by extensions ['colcon_meta']
[0.110s] Level 1:colcon.colcon_core.package_identification:_identify(src/smart_farm_navigation) by extension 'colcon_meta'
[0.110s] Level 1:colcon.colcon_core.package_identification:_identify(src/smart_farm_navigation) by extensions ['ros']
[0.110s] Level 1:colcon.colcon_core.package_identification:_identify(src/smart_farm_navigation) by extension 'ros'
[0.110s] Level 1:colcon.colcon_core.package_identification:_identify(src/smart_farm_navigation) by extensions ['cmake', 'python']
[0.110s] Level 1:colcon.colcon_core.package_identification:_identify(src/smart_farm_navigation) by extension 'cmake'
[0.110s] Level 1:colcon.colcon_core.package_identification:_identify(src/smart_farm_navigation) by extension 'python'
[0.110s] Level 1:colcon.colcon_core.package_identification:_identify(src/smart_farm_navigation) by extensions ['python_setup_py']
[0.110s] Level 1:colcon.colcon_core.package_identification:_identify(src/smart_farm_navigation) by extension 'python_setup_py'
[0.110s] Level 1:colcon.colcon_core.package_identification:_identify(src/smart_farm_navigation/260916_AMR_test) by extensions ['ignore', 'ignore_ament_install']
[0.110s] Level 1:colcon.colcon_core.package_identification:_identify(src/smart_farm_navigation/260916_AMR_test) by extension 'ignore'
[0.110s] Level 1:colcon.colcon_core.package_identification:_identify(src/smart_farm_navigation/260916_AMR_test) by extension 'ignore_ament_install'
[0.110s] Level 1:colcon.colcon_core.package_identification:_identify(src/smart_farm_navigation/260916_AMR_test) by extensions ['colcon_pkg']
[0.110s] Level 1:colcon.colcon_core.package_identification:_identify(src/smart_farm_navigation/260916_AMR_test) by extension 'colcon_pkg'
[0.110s] Level 1:colcon.colcon_core.package_identification:_identify(src/smart_farm_navigation/260916_AMR_test) by extensions ['colcon_meta']
[0.110s] Level 1:colcon.colcon_core.package_identification:_identify(src/smart_farm_navigation/260916_AMR_test) by extension 'colcon_meta'
[0.110s] Level 1:colcon.colcon_core.package_identification:_identify(src/smart_farm_navigation/260916_AMR_test) by extensions ['ros']
[0.110s] Level 1:colcon.colcon_core.package_identification:_identify(src/smart_farm_navigation/260916_AMR_test) by extension 'ros'
[0.110s] Level 1:colcon.colcon_core.package_identification:_identify(src/smart_farm_navigation/260916_AMR_test) by extensions ['cmake', 'python']
[0.110s] Level 1:colcon.colcon_core.package_identification:_identify(src/smart_farm_navigation/260916_AMR_test) by extension 'cmake'
[0.110s] Level 1:colcon.colcon_core.package_identification:_identify(src/smart_farm_navigation/260916_AMR_test) by extension 'python'
[0.110s] Level 1:colcon.colcon_core.package_identification:_identify(src/smart_farm_navigation/260916_AMR_test) by extensions ['python_setup_py']
[0.110s] Level 1:colcon.colcon_core.package_identification:_identify(src/smart_farm_navigation/260916_AMR_test) by extension 'python_setup_py'
[0.110s] Level 1:colcon.colcon_core.package_identification:_identify(src/smart_farm_navigation/260916_AMR_test/IsaacSim-ros_workspaces) by extensions ['ignore', 'ignore_ament_install']
[0.110s] Level 1:colcon.colcon_core.package_identification:_identify(src/smart_farm_navigation/260916_AMR_test/IsaacSim-ros_workspaces) by extension 'ignore'
[0.110s] Level 1:colcon.colcon_core.package_identification:_identify(src/smart_farm_navigation/260916_AMR_test/IsaacSim-ros_workspaces) by extension 'ignore_ament_install'
[0.110s] Level 1:colcon.colcon_core.package_identification:_identify(src/smart_farm_navigation/260916_AMR_test/IsaacSim-ros_workspaces) by extensions ['colcon_pkg']
[0.110s] Level 1:colcon.colcon_core.package_identification:_identify(src/smart_farm_navigation/260916_AMR_test/IsaacSim-ros_workspaces) by extension 'colcon_pkg'
[0.110s] Level 1:colcon.colcon_core.package_identification:_identify(src/smart_farm_navigation/260916_AMR_test/IsaacSim-ros_workspaces) by extensions ['colcon_meta']
[0.110s] Level 1:colcon.colcon_core.package_identification:_identify(src/smart_farm_navigation/260916_AMR_test/IsaacSim-ros_workspaces) by extension 'colcon_meta'
[0.110s] Level 1:colcon.colcon_core.package_identification:_identify(src/smart_farm_navigation/260916_AMR_test/IsaacSim-ros_workspaces) by extensions ['ros']
[0.110s] Level 1:colcon.colcon_core.package_identification:_identify(src/smart_farm_navigation/260916_AMR_test/IsaacSim-ros_workspaces) by extension 'ros'
[0.110s] Level 1:colcon.colcon_core.package_identification:_identify(src/smart_farm_navigation/260916_AMR_test/IsaacSim-ros_workspaces) by extensions ['cmake', 'python']
[0.110s] Level 1:colcon.colcon_core.package_identification:_identify(src/smart_farm_navigation/260916_AMR_test/IsaacSim-ros_workspaces) by extension 'cmake'
[0.110s] Level 1:colcon.colcon_core.package_identification:_identify(src/smart_farm_navigation/260916_AMR_test/IsaacSim-ros_workspaces) by extension 'python'
[0.110s] Level 1:colcon.colcon_core.package_identification:_identify(src/smart_farm_navigation/260916_AMR_test/IsaacSim-ros_workspaces) by extensions ['python_setup_py']
[0.110s] Level 1:colcon.colcon_core.package_identification:_identify(src/smart_farm_navigation/260916_AMR_test/IsaacSim-ros_workspaces) by extension 'python_setup_py'
[0.111s] Level 1:colcon.colcon_core.package_identification:_identify(src/smart_farm_navigation/260916_AMR_test/isaacsim_robot_assets) by extensions ['ignore', 'ignore_ament_install']
[0.111s] Level 1:colcon.colcon_core.package_identification:_identify(src/smart_farm_navigation/260916_AMR_test/isaacsim_robot_assets) by extension 'ignore'
[0.111s] Level 1:colcon.colcon_core.package_identification:_identify(src/smart_farm_navigation/260916_AMR_test/isaacsim_robot_assets) by extension 'ignore_ament_install'
[0.111s] Level 1:colcon.colcon_core.package_identification:_identify(src/smart_farm_navigation/260916_AMR_test/isaacsim_robot_assets) by extensions ['colcon_pkg']
[0.111s] Level 1:colcon.colcon_core.package_identification:_identify(src/smart_farm_navigation/260916_AMR_test/isaacsim_robot_assets) by extension 'colcon_pkg'
[0.111s] Level 1:colcon.colcon_core.package_identification:_identify(src/smart_farm_navigation/260916_AMR_test/isaacsim_robot_assets) by extensions ['colcon_meta']
[0.111s] Level 1:colcon.colcon_core.package_identification:_identify(src/smart_farm_navigation/260916_AMR_test/isaacsim_robot_assets) by extension 'colcon_meta'
[0.111s] Level 1:colcon.colcon_core.package_identification:_identify(src/smart_farm_navigation/260916_AMR_test/isaacsim_robot_assets) by extensions ['ros']
[0.111s] Level 1:colcon.colcon_core.package_identification:_identify(src/smart_farm_navigation/260916_AMR_test/isaacsim_robot_assets) by extension 'ros'
[0.111s] Level 1:colcon.colcon_core.package_identification:_identify(src/smart_farm_navigation/260916_AMR_test/isaacsim_robot_assets) by extensions ['cmake', 'python']
[0.111s] Level 1:colcon.colcon_core.package_identification:_identify(src/smart_farm_navigation/260916_AMR_test/isaacsim_robot_assets) by extension 'cmake'
[0.111s] Level 1:colcon.colcon_core.package_identification:_identify(src/smart_farm_navigation/260916_AMR_test/isaacsim_robot_assets) by extension 'python'
[0.111s] Level 1:colcon.colcon_core.package_identification:_identify(src/smart_farm_navigation/260916_AMR_test/isaacsim_robot_assets) by extensions ['python_setup_py']
[0.111s] Level 1:colcon.colcon_core.package_identification:_identify(src/smart_farm_navigation/260916_AMR_test/isaacsim_robot_assets) by extension 'python_setup_py'
[0.111s] Level 1:colcon.colcon_core.package_identification:_identify(src/smart_farm_navigation/260916_AMR_test/omniverse-content-production.s3-us-west-2.amazonaws.com) by extensions ['ignore', 'ignore_ament_install']
[0.111s] Level 1:colcon.colcon_core.package_identification:_identify(src/smart_farm_navigation/260916_AMR_test/omniverse-content-production.s3-us-west-2.amazonaws.com) by extension 'ignore'
[0.111s] Level 1:colcon.colcon_core.package_identification:_identify(src/smart_farm_navigation/260916_AMR_test/omniverse-content-production.s3-us-west-2.amazonaws.com) by extension 'ignore_ament_install'
[0.111s] Level 1:colcon.colcon_core.package_identification:_identify(src/smart_farm_navigation/260916_AMR_test/omniverse-content-production.s3-us-west-2.amazonaws.com) by extensions ['colcon_pkg']
[0.111s] Level 1:colcon.colcon_core.package_identification:_identify(src/smart_farm_navigation/260916_AMR_test/omniverse-content-production.s3-us-west-2.amazonaws.com) by extension 'colcon_pkg'
[0.111s] Level 1:colcon.colcon_core.package_identification:_identify(src/smart_farm_navigation/260916_AMR_test/omniverse-content-production.s3-us-west-2.amazonaws.com) by extensions ['colcon_meta']
[0.111s] Level 1:colcon.colcon_core.package_identification:_identify(src/smart_farm_navigation/260916_AMR_test/omniverse-content-production.s3-us-west-2.amazonaws.com) by extension 'colcon_meta'
[0.111s] Level 1:colcon.colcon_core.package_identification:_identify(src/smart_farm_navigation/260916_AMR_test/omniverse-content-production.s3-us-west-2.amazonaws.com) by extensions ['ros']
[0.111s] Level 1:colcon.colcon_core.package_identification:_identify(src/smart_farm_navigation/260916_AMR_test/omniverse-content-production.s3-us-west-2.amazonaws.com) by extension 'ros'
[0.111s] Level 1:colcon.colcon_core.package_identification:_identify(src/smart_farm_navigation/260916_AMR_test/omniverse-content-production.s3-us-west-2.amazonaws.com) by extensions ['cmake', 'python']
[0.111s] Level 1:colcon.colcon_core.package_identification:_identify(src/smart_farm_navigation/260916_AMR_test/omniverse-content-production.s3-us-west-2.amazonaws.com) by extension 'cmake'
[0.111s] Level 1:colcon.colcon_core.package_identification:_identify(src/smart_farm_navigation/260916_AMR_test/omniverse-content-production.s3-us-west-2.amazonaws.com) by extension 'python'
[0.111s] Level 1:colcon.colcon_core.package_identification:_identify(src/smart_farm_navigation/260916_AMR_test/omniverse-content-production.s3-us-west-2.amazonaws.com) by extensions ['python_setup_py']
[0.111s] Level 1:colcon.colcon_core.package_identification:_identify(src/smart_farm_navigation/260916_AMR_test/omniverse-content-production.s3-us-west-2.amazonaws.com) by extension 'python_setup_py'
[0.111s] Level 1:colcon.colcon_core.package_identification:_identify(src/smart_farm_navigation/260916_AMR_test/omniverse-content-production.s3-us-west-2.amazonaws.com/Assets) by extensions ['ignore', 'ignore_ament_install']
[0.111s] Level 1:colcon.colcon_core.package_identification:_identify(src/smart_farm_navigation/260916_AMR_test/omniverse-content-production.s3-us-west-2.amazonaws.com/Assets) by extension 'ignore'
[0.111s] Level 1:colcon.colcon_core.package_identification:_identify(src/smart_farm_navigation/260916_AMR_test/omniverse-content-production.s3-us-west-2.amazonaws.com/Assets) by extension 'ignore_ament_install'
[0.111s] Level 1:colcon.colcon_core.package_identification:_identify(src/smart_farm_navigation/260916_AMR_test/omniverse-content-production.s3-us-west-2.amazonaws.com/Assets) by extensions ['colcon_pkg']
[0.111s] Level 1:colcon.colcon_core.package_identification:_identify(src/smart_farm_navigation/260916_AMR_test/omniverse-content-production.s3-us-west-2.amazonaws.com/Assets) by extension 'colcon_pkg'
[0.111s] Level 1:colcon.colcon_core.package_identification:_identify(src/smart_farm_navigation/260916_AMR_test/omniverse-content-production.s3-us-west-2.amazonaws.com/Assets) by extensions ['colcon_meta']
[0.111s] Level 1:colcon.colcon_core.package_identification:_identify(src/smart_farm_navigation/260916_AMR_test/omniverse-content-production.s3-us-west-2.amazonaws.com/Assets) by extension 'colcon_meta'
[0.111s] Level 1:colcon.colcon_core.package_identification:_identify(src/smart_farm_navigation/260916_AMR_test/omniverse-content-production.s3-us-west-2.amazonaws.com/Assets) by extensions ['ros']
[0.111s] Level 1:colcon.colcon_core.package_identification:_identify(src/smart_farm_navigation/260916_AMR_test/omniverse-content-production.s3-us-west-2.amazonaws.com/Assets) by extension 'ros'
[0.111s] Level 1:colcon.colcon_core.package_identification:_identify(src/smart_farm_navigation/260916_AMR_test/omniverse-content-production.s3-us-west-2.amazonaws.com/Assets) by extensions ['cmake', 'python']
[0.111s] Level 1:colcon.colcon_core.package_identification:_identify(src/smart_farm_navigation/260916_AMR_test/omniverse-content-production.s3-us-west-2.amazonaws.com/Assets) by extension 'cmake'
[0.111s] Level 1:colcon.colcon_core.package_identification:_identify(src/smart_farm_navigation/260916_AMR_test/omniverse-content-production.s3-us-west-2.amazonaws.com/Assets) by extension 'python'
[0.111s] Level 1:colcon.colcon_core.package_identification:_identify(src/smart_farm_navigation/260916_AMR_test/omniverse-content-production.s3-us-west-2.amazonaws.com/Assets) by extensions ['python_setup_py']
[0.111s] Level 1:colcon.colcon_core.package_identification:_identify(src/smart_farm_navigation/260916_AMR_test/omniverse-content-production.s3-us-west-2.amazonaws.com/Assets) by extension 'python_setup_py'
[0.111s] Level 1:colcon.colcon_core.package_identification:_identify(src/smart_farm_navigation/260916_AMR_test/omniverse-content-production.s3-us-west-2.amazonaws.com/Assets/Isaac) by extensions ['ignore', 'ignore_ament_install']
[0.111s] Level 1:colcon.colcon_core.package_identification:_identify(src/smart_farm_navigation/260916_AMR_test/omniverse-content-production.s3-us-west-2.amazonaws.com/Assets/Isaac) by extension 'ignore'
[0.111s] Level 1:colcon.colcon_core.package_identification:_identify(src/smart_farm_navigation/260916_AMR_test/omniverse-content-production.s3-us-west-2.amazonaws.com/Assets/Isaac) by extension 'ignore_ament_install'
[0.111s] Level 1:colcon.colcon_core.package_identification:_identify(src/smart_farm_navigation/260916_AMR_test/omniverse-content-production.s3-us-west-2.amazonaws.com/Assets/Isaac) by extensions ['colcon_pkg']
[0.111s] Level 1:colcon.colcon_core.package_identification:_identify(src/smart_farm_navigation/260916_AMR_test/omniverse-content-production.s3-us-west-2.amazonaws.com/Assets/Isaac) by extension 'colcon_pkg'
[0.111s] Level 1:colcon.colcon_core.package_identification:_identify(src/smart_farm_navigation/260916_AMR_test/omniverse-content-production.s3-us-west-2.amazonaws.com/Assets/Isaac) by extensions ['colcon_meta']
[0.111s] Level 1:colcon.colcon_core.package_identification:_identify(src/smart_farm_navigation/260916_AMR_test/omniverse-content-production.s3-us-west-2.amazonaws.com/Assets/Isaac) by extension 'colcon_meta'
[0.111s] Level 1:colcon.colcon_core.package_identification:_identify(src/smart_farm_navigation/260916_AMR_test/omniverse-content-production.s3-us-west-2.amazonaws.com/Assets/Isaac) by extensions ['ros']
[0.111s] Level 1:colcon.colcon_core.package_identification:_identify(src/smart_farm_navigation/260916_AMR_test/omniverse-content-production.s3-us-west-2.amazonaws.com/Assets/Isaac) by extension 'ros'
[0.111s] Level 1:colcon.colcon_core.package_identification:_identify(src/smart_farm_navigation/260916_AMR_test/omniverse-content-production.s3-us-west-2.amazonaws.com/Assets/Isaac) by extensions ['cmake', 'python']
[0.111s] Level 1:colcon.colcon_core.package_identification:_identify(src/smart_farm_navigation/260916_AMR_test/omniverse-content-production.s3-us-west-2.amazonaws.com/Assets/Isaac) by extension 'cmake'
[0.112s] Level 1:colcon.colcon_core.package_identification:_identify(src/smart_farm_navigation/260916_AMR_test/omniverse-content-production.s3-us-west-2.amazonaws.com/Assets/Isaac) by extension 'python'
[0.112s] Level 1:colcon.colcon_core.package_identification:_identify(src/smart_farm_navigation/260916_AMR_test/omniverse-content-production.s3-us-west-2.amazonaws.com/Assets/Isaac) by extensions ['python_setup_py']
[0.112s] Level 1:colcon.colcon_core.package_identification:_identify(src/smart_farm_navigation/260916_AMR_test/omniverse-content-production.s3-us-west-2.amazonaws.com/Assets/Isaac) by extension 'python_setup_py'
[0.112s] Level 1:colcon.colcon_core.package_identification:_identify(src/smart_farm_navigation/260916_AMR_test/omniverse-content-production.s3-us-west-2.amazonaws.com/Assets/Isaac/5.1) by extensions ['ignore', 'ignore_ament_install']
[0.112s] Level 1:colcon.colcon_core.package_identification:_identify(src/smart_farm_navigation/260916_AMR_test/omniverse-content-production.s3-us-west-2.amazonaws.com/Assets/Isaac/5.1) by extension 'ignore'
[0.112s] Level 1:colcon.colcon_core.package_identification:_identify(src/smart_farm_navigation/260916_AMR_test/omniverse-content-production.s3-us-west-2.amazonaws.com/Assets/Isaac/5.1) by extension 'ignore_ament_install'
[0.112s] Level 1:colcon.colcon_core.package_identification:_identify(src/smart_farm_navigation/260916_AMR_test/omniverse-content-production.s3-us-west-2.amazonaws.com/Assets/Isaac/5.1) by extensions ['colcon_pkg']
[0.112s] Level 1:colcon.colcon_core.package_identification:_identify(src/smart_farm_navigation/260916_AMR_test/omniverse-content-production.s3-us-west-2.amazonaws.com/Assets/Isaac/5.1) by extension 'colcon_pkg'
[0.112s] Level 1:colcon.colcon_core.package_identification:_identify(src/smart_farm_navigation/260916_AMR_test/omniverse-content-production.s3-us-west-2.amazonaws.com/Assets/Isaac/5.1) by extensions ['colcon_meta']
[0.112s] Level 1:colcon.colcon_core.package_identification:_identify(src/smart_farm_navigation/260916_AMR_test/omniverse-content-production.s3-us-west-2.amazonaws.com/Assets/Isaac/5.1) by extension 'colcon_meta'
[0.112s] Level 1:colcon.colcon_core.package_identification:_identify(src/smart_farm_navigation/260916_AMR_test/omniverse-content-production.s3-us-west-2.amazonaws.com/Assets/Isaac/5.1) by extensions ['ros']
[0.112s] Level 1:colcon.colcon_core.package_identification:_identify(src/smart_farm_navigation/260916_AMR_test/omniverse-content-production.s3-us-west-2.amazonaws.com/Assets/Isaac/5.1) by extension 'ros'
[0.112s] Level 1:colcon.colcon_core.package_identification:_identify(src/smart_farm_navigation/260916_AMR_test/omniverse-content-production.s3-us-west-2.amazonaws.com/Assets/Isaac/5.1) by extensions ['cmake', 'python']
[0.112s] Level 1:colcon.colcon_core.package_identification:_identify(src/smart_farm_navigation/260916_AMR_test/omniverse-content-production.s3-us-west-2.amazonaws.com/Assets/Isaac/5.1) by extension 'cmake'
[0.112s] Level 1:colcon.colcon_core.package_identification:_identify(src/smart_farm_navigation/260916_AMR_test/omniverse-content-production.s3-us-west-2.amazonaws.com/Assets/Isaac/5.1) by extension 'python'
[0.112s] Level 1:colcon.colcon_core.package_identification:_identify(src/smart_farm_navigation/260916_AMR_test/omniverse-content-production.s3-us-west-2.amazonaws.com/Assets/Isaac/5.1) by extensions ['python_setup_py']
[0.112s] Level 1:colcon.colcon_core.package_identification:_identify(src/smart_farm_navigation/260916_AMR_test/omniverse-content-production.s3-us-west-2.amazonaws.com/Assets/Isaac/5.1) by extension 'python_setup_py'
[0.112s] Level 1:colcon.colcon_core.package_identification:_identify(src/smart_farm_navigation/260916_AMR_test/omniverse-content-production.s3-us-west-2.amazonaws.com/Assets/Isaac/5.1/Isaac) by extensions ['ignore', 'ignore_ament_install']
[0.112s] Level 1:colcon.colcon_core.package_identification:_identify(src/smart_farm_navigation/260916_AMR_test/omniverse-content-production.s3-us-west-2.amazonaws.com/Assets/Isaac/5.1/Isaac) by extension 'ignore'
[0.112s] Level 1:colcon.colcon_core.package_identification:_identify(src/smart_farm_navigation/260916_AMR_test/omniverse-content-production.s3-us-west-2.amazonaws.com/Assets/Isaac/5.1/Isaac) by extension 'ignore_ament_install'
[0.112s] Level 1:colcon.colcon_core.package_identification:_identify(src/smart_farm_navigation/260916_AMR_test/omniverse-content-production.s3-us-west-2.amazonaws.com/Assets/Isaac/5.1/Isaac) by extensions ['colcon_pkg']
[0.112s] Level 1:colcon.colcon_core.package_identification:_identify(src/smart_farm_navigation/260916_AMR_test/omniverse-content-production.s3-us-west-2.amazonaws.com/Assets/Isaac/5.1/Isaac) by extension 'colcon_pkg'
[0.112s] Level 1:colcon.colcon_core.package_identification:_identify(src/smart_farm_navigation/260916_AMR_test/omniverse-content-production.s3-us-west-2.amazonaws.com/Assets/Isaac/5.1/Isaac) by extensions ['colcon_meta']
[0.112s] Level 1:colcon.colcon_core.package_identification:_identify(src/smart_farm_navigation/260916_AMR_test/omniverse-content-production.s3-us-west-2.amazonaws.com/Assets/Isaac/5.1/Isaac) by extension 'colcon_meta'
[0.112s] Level 1:colcon.colcon_core.package_identification:_identify(src/smart_farm_navigation/260916_AMR_test/omniverse-content-production.s3-us-west-2.amazonaws.com/Assets/Isaac/5.1/Isaac) by extensions ['ros']
[0.112s] Level 1:colcon.colcon_core.package_identification:_identify(src/smart_farm_navigation/260916_AMR_test/omniverse-content-production.s3-us-west-2.amazonaws.com/Assets/Isaac/5.1/Isaac) by extension 'ros'
[0.112s] Level 1:colcon.colcon_core.package_identification:_identify(src/smart_farm_navigation/260916_AMR_test/omniverse-content-production.s3-us-west-2.amazonaws.com/Assets/Isaac/5.1/Isaac) by extensions ['cmake', 'python']
[0.112s] Level 1:colcon.colcon_core.package_identification:_identify(src/smart_farm_navigation/260916_AMR_test/omniverse-content-production.s3-us-west-2.amazonaws.com/Assets/Isaac/5.1/Isaac) by extension 'cmake'
[0.112s] Level 1:colcon.colcon_core.package_identification:_identify(src/smart_farm_navigation/260916_AMR_test/omniverse-content-production.s3-us-west-2.amazonaws.com/Assets/Isaac/5.1/Isaac) by extension 'python'
[0.112s] Level 1:colcon.colcon_core.package_identification:_identify(src/smart_farm_navigation/260916_AMR_test/omniverse-content-production.s3-us-west-2.amazonaws.com/Assets/Isaac/5.1/Isaac) by extensions ['python_setup_py']
[0.112s] Level 1:colcon.colcon_core.package_identification:_identify(src/smart_farm_navigation/260916_AMR_test/omniverse-content-production.s3-us-west-2.amazonaws.com/Assets/Isaac/5.1/Isaac) by extension 'python_setup_py'
[0.112s] Level 1:colcon.colcon_core.package_identification:_identify(src/smart_farm_navigation/260916_AMR_test/omniverse-content-production.s3-us-west-2.amazonaws.com/Assets/Isaac/5.1/Isaac/Robots) by extensions ['ignore', 'ignore_ament_install']
[0.112s] Level 1:colcon.colcon_core.package_identification:_identify(src/smart_farm_navigation/260916_AMR_test/omniverse-content-production.s3-us-west-2.amazonaws.com/Assets/Isaac/5.1/Isaac/Robots) by extension 'ignore'
[0.112s] Level 1:colcon.colcon_core.package_identification:_identify(src/smart_farm_navigation/260916_AMR_test/omniverse-content-production.s3-us-west-2.amazonaws.com/Assets/Isaac/5.1/Isaac/Robots) by extension 'ignore_ament_install'
[0.112s] Level 1:colcon.colcon_core.package_identification:_identify(src/smart_farm_navigation/260916_AMR_test/omniverse-content-production.s3-us-west-2.amazonaws.com/Assets/Isaac/5.1/Isaac/Robots) by extensions ['colcon_pkg']
[0.112s] Level 1:colcon.colcon_core.package_identification:_identify(src/smart_farm_navigation/260916_AMR_test/omniverse-content-production.s3-us-west-2.amazonaws.com/Assets/Isaac/5.1/Isaac/Robots) by extension 'colcon_pkg'
[0.112s] Level 1:colcon.colcon_core.package_identification:_identify(src/smart_farm_navigation/260916_AMR_test/omniverse-content-production.s3-us-west-2.amazonaws.com/Assets/Isaac/5.1/Isaac/Robots) by extensions ['colcon_meta']
[0.112s] Level 1:colcon.colcon_core.package_identification:_identify(src/smart_farm_navigation/260916_AMR_test/omniverse-content-production.s3-us-west-2.amazonaws.com/Assets/Isaac/5.1/Isaac/Robots) by extension 'colcon_meta'
[0.112s] Level 1:colcon.colcon_core.package_identification:_identify(src/smart_farm_navigation/260916_AMR_test/omniverse-content-production.s3-us-west-2.amazonaws.com/Assets/Isaac/5.1/Isaac/Robots) by extensions ['ros']
[0.112s] Level 1:colcon.colcon_core.package_identification:_identify(src/smart_farm_navigation/260916_AMR_test/omniverse-content-production.s3-us-west-2.amazonaws.com/Assets/Isaac/5.1/Isaac/Robots) by extension 'ros'
[0.112s] Level 1:colcon.colcon_core.package_identification:_identify(src/smart_farm_navigation/260916_AMR_test/omniverse-content-production.s3-us-west-2.amazonaws.com/Assets/Isaac/5.1/Isaac/Robots) by extensions ['cmake', 'python']
[0.112s] Level 1:colcon.colcon_core.package_identification:_identify(src/smart_farm_navigation/260916_AMR_test/omniverse-content-production.s3-us-west-2.amazonaws.com/Assets/Isaac/5.1/Isaac/Robots) by extension 'cmake'
[0.112s] Level 1:colcon.colcon_core.package_identification:_identify(src/smart_farm_navigation/260916_AMR_test/omniverse-content-production.s3-us-west-2.amazonaws.com/Assets/Isaac/5.1/Isaac/Robots) by extension 'python'
[0.112s] Level 1:colcon.colcon_core.package_identification:_identify(src/smart_farm_navigation/260916_AMR_test/omniverse-content-production.s3-us-west-2.amazonaws.com/Assets/Isaac/5.1/Isaac/Robots) by extensions ['python_setup_py']
[0.112s] Level 1:colcon.colcon_core.package_identification:_identify(src/smart_farm_navigation/260916_AMR_test/omniverse-content-production.s3-us-west-2.amazonaws.com/Assets/Isaac/5.1/Isaac/Robots) by extension 'python_setup_py'
[0.112s] Level 1:colcon.colcon_core.package_identification:_identify(src/smart_farm_navigation/260916_AMR_test/omniverse-content-production.s3-us-west-2.amazonaws.com/Assets/Isaac/5.1/Isaac/Robots/Clearpath) by extensions ['ignore', 'ignore_ament_install']
[0.112s] Level 1:colcon.colcon_core.package_identification:_identify(src/smart_farm_navigation/260916_AMR_test/omniverse-content-production.s3-us-west-2.amazonaws.com/Assets/Isaac/5.1/Isaac/Robots/Clearpath) by extension 'ignore'
[0.112s] Level 1:colcon.colcon_core.package_identification:_identify(src/smart_farm_navigation/260916_AMR_test/omniverse-content-production.s3-us-west-2.amazonaws.com/Assets/Isaac/5.1/Isaac/Robots/Clearpath) by extension 'ignore_ament_install'
[0.112s] Level 1:colcon.colcon_core.package_identification:_identify(src/smart_farm_navigation/260916_AMR_test/omniverse-content-production.s3-us-west-2.amazonaws.com/Assets/Isaac/5.1/Isaac/Robots/Clearpath) by extensions ['colcon_pkg']
[0.112s] Level 1:colcon.colcon_core.package_identification:_identify(src/smart_farm_navigation/260916_AMR_test/omniverse-content-production.s3-us-west-2.amazonaws.com/Assets/Isaac/5.1/Isaac/Robots/Clearpath) by extension 'colcon_pkg'
[0.112s] Level 1:colcon.colcon_core.package_identification:_identify(src/smart_farm_navigation/260916_AMR_test/omniverse-content-production.s3-us-west-2.amazonaws.com/Assets/Isaac/5.1/Isaac/Robots/Clearpath) by extensions ['colcon_meta']
[0.113s] Level 1:colcon.colcon_core.package_identification:_identify(src/smart_farm_navigation/260916_AMR_test/omniverse-content-production.s3-us-west-2.amazonaws.com/Assets/Isaac/5.1/Isaac/Robots/Clearpath) by extension 'colcon_meta'
[0.113s] Level 1:colcon.colcon_core.package_identification:_identify(src/smart_farm_navigation/260916_AMR_test/omniverse-content-production.s3-us-west-2.amazonaws.com/Assets/Isaac/5.1/Isaac/Robots/Clearpath) by extensions ['ros']
[0.113s] Level 1:colcon.colcon_core.package_identification:_identify(src/smart_farm_navigation/260916_AMR_test/omniverse-content-production.s3-us-west-2.amazonaws.com/Assets/Isaac/5.1/Isaac/Robots/Clearpath) by extension 'ros'
[0.113s] Level 1:colcon.colcon_core.package_identification:_identify(src/smart_farm_navigation/260916_AMR_test/omniverse-content-production.s3-us-west-2.amazonaws.com/Assets/Isaac/5.1/Isaac/Robots/Clearpath) by extensions ['cmake', 'python']
[0.113s] Level 1:colcon.colcon_core.package_identification:_identify(src/smart_farm_navigation/260916_AMR_test/omniverse-content-production.s3-us-west-2.amazonaws.com/Assets/Isaac/5.1/Isaac/Robots/Clearpath) by extension 'cmake'
[0.113s] Level 1:colcon.colcon_core.package_identification:_identify(src/smart_farm_navigation/260916_AMR_test/omniverse-content-production.s3-us-west-2.amazonaws.com/Assets/Isaac/5.1/Isaac/Robots/Clearpath) by extension 'python'
[0.113s] Level 1:colcon.colcon_core.package_identification:_identify(src/smart_farm_navigation/260916_AMR_test/omniverse-content-production.s3-us-west-2.amazonaws.com/Assets/Isaac/5.1/Isaac/Robots/Clearpath) by extensions ['python_setup_py']
[0.113s] Level 1:colcon.colcon_core.package_identification:_identify(src/smart_farm_navigation/260916_AMR_test/omniverse-content-production.s3-us-west-2.amazonaws.com/Assets/Isaac/5.1/Isaac/Robots/Clearpath) by extension 'python_setup_py'
[0.113s] Level 1:colcon.colcon_core.package_identification:_identify(src/smart_farm_navigation/260916_AMR_test/omniverse-content-production.s3-us-west-2.amazonaws.com/Assets/Isaac/5.1/Isaac/Robots/Clearpath/RidgebackFranka) by extensions ['ignore', 'ignore_ament_install']
[0.113s] Level 1:colcon.colcon_core.package_identification:_identify(src/smart_farm_navigation/260916_AMR_test/omniverse-content-production.s3-us-west-2.amazonaws.com/Assets/Isaac/5.1/Isaac/Robots/Clearpath/RidgebackFranka) by extension 'ignore'
[0.113s] Level 1:colcon.colcon_core.package_identification:_identify(src/smart_farm_navigation/260916_AMR_test/omniverse-content-production.s3-us-west-2.amazonaws.com/Assets/Isaac/5.1/Isaac/Robots/Clearpath/RidgebackFranka) by extension 'ignore_ament_install'
[0.113s] Level 1:colcon.colcon_core.package_identification:_identify(src/smart_farm_navigation/260916_AMR_test/omniverse-content-production.s3-us-west-2.amazonaws.com/Assets/Isaac/5.1/Isaac/Robots/Clearpath/RidgebackFranka) by extensions ['colcon_pkg']
[0.113s] Level 1:colcon.colcon_core.package_identification:_identify(src/smart_farm_navigation/260916_AMR_test/omniverse-content-production.s3-us-west-2.amazonaws.com/Assets/Isaac/5.1/Isaac/Robots/Clearpath/RidgebackFranka) by extension 'colcon_pkg'
[0.113s] Level 1:colcon.colcon_core.package_identification:_identify(src/smart_farm_navigation/260916_AMR_test/omniverse-content-production.s3-us-west-2.amazonaws.com/Assets/Isaac/5.1/Isaac/Robots/Clearpath/RidgebackFranka) by extensions ['colcon_meta']
[0.113s] Level 1:colcon.colcon_core.package_identification:_identify(src/smart_farm_navigation/260916_AMR_test/omniverse-content-production.s3-us-west-2.amazonaws.com/Assets/Isaac/5.1/Isaac/Robots/Clearpath/RidgebackFranka) by extension 'colcon_meta'
[0.113s] Level 1:colcon.colcon_core.package_identification:_identify(src/smart_farm_navigation/260916_AMR_test/omniverse-content-production.s3-us-west-2.amazonaws.com/Assets/Isaac/5.1/Isaac/Robots/Clearpath/RidgebackFranka) by extensions ['ros']
[0.113s] Level 1:colcon.colcon_core.package_identification:_identify(src/smart_farm_navigation/260916_AMR_test/omniverse-content-production.s3-us-west-2.amazonaws.com/Assets/Isaac/5.1/Isaac/Robots/Clearpath/RidgebackFranka) by extension 'ros'
[0.113s] Level 1:colcon.colcon_core.package_identification:_identify(src/smart_farm_navigation/260916_AMR_test/omniverse-content-production.s3-us-west-2.amazonaws.com/Assets/Isaac/5.1/Isaac/Robots/Clearpath/RidgebackFranka) by extensions ['cmake', 'python']
[0.113s] Level 1:colcon.colcon_core.package_identification:_identify(src/smart_farm_navigation/260916_AMR_test/omniverse-content-production.s3-us-west-2.amazonaws.com/Assets/Isaac/5.1/Isaac/Robots/Clearpath/RidgebackFranka) by extension 'cmake'
[0.113s] Level 1:colcon.colcon_core.package_identification:_identify(src/smart_farm_navigation/260916_AMR_test/omniverse-content-production.s3-us-west-2.amazonaws.com/Assets/Isaac/5.1/Isaac/Robots/Clearpath/RidgebackFranka) by extension 'python'
[0.113s] Level 1:colcon.colcon_core.package_identification:_identify(src/smart_farm_navigation/260916_AMR_test/omniverse-content-production.s3-us-west-2.amazonaws.com/Assets/Isaac/5.1/Isaac/Robots/Clearpath/RidgebackFranka) by extensions ['python_setup_py']
[0.113s] Level 1:colcon.colcon_core.package_identification:_identify(src/smart_farm_navigation/260916_AMR_test/omniverse-content-production.s3-us-west-2.amazonaws.com/Assets/Isaac/5.1/Isaac/Robots/Clearpath/RidgebackFranka) by extension 'python_setup_py'
[0.113s] Level 1:colcon.colcon_core.package_identification:_identify(src/smart_farm_navigation/260916_AMR_test/omniverse-content-production.s3-us-west-2.amazonaws.com/Assets/Isaac/5.1/Isaac/Robots/Clearpath/RidgebackFranka/Materials) by extensions ['ignore', 'ignore_ament_install']
[0.113s] Level 1:colcon.colcon_core.package_identification:_identify(src/smart_farm_navigation/260916_AMR_test/omniverse-content-production.s3-us-west-2.amazonaws.com/Assets/Isaac/5.1/Isaac/Robots/Clearpath/RidgebackFranka/Materials) by extension 'ignore'
[0.113s] Level 1:colcon.colcon_core.package_identification:_identify(src/smart_farm_navigation/260916_AMR_test/omniverse-content-production.s3-us-west-2.amazonaws.com/Assets/Isaac/5.1/Isaac/Robots/Clearpath/RidgebackFranka/Materials) by extension 'ignore_ament_install'
[0.113s] Level 1:colcon.colcon_core.package_identification:_identify(src/smart_farm_navigation/260916_AMR_test/omniverse-content-production.s3-us-west-2.amazonaws.com/Assets/Isaac/5.1/Isaac/Robots/Clearpath/RidgebackFranka/Materials) by extensions ['colcon_pkg']
[0.113s] Level 1:colcon.colcon_core.package_identification:_identify(src/smart_farm_navigation/260916_AMR_test/omniverse-content-production.s3-us-west-2.amazonaws.com/Assets/Isaac/5.1/Isaac/Robots/Clearpath/RidgebackFranka/Materials) by extension 'colcon_pkg'
[0.113s] Level 1:colcon.colcon_core.package_identification:_identify(src/smart_farm_navigation/260916_AMR_test/omniverse-content-production.s3-us-west-2.amazonaws.com/Assets/Isaac/5.1/Isaac/Robots/Clearpath/RidgebackFranka/Materials) by extensions ['colcon_meta']
[0.113s] Level 1:colcon.colcon_core.package_identification:_identify(src/smart_farm_navigation/260916_AMR_test/omniverse-content-production.s3-us-west-2.amazonaws.com/Assets/Isaac/5.1/Isaac/Robots/Clearpath/RidgebackFranka/Materials) by extension 'colcon_meta'
[0.113s] Level 1:colcon.colcon_core.package_identification:_identify(src/smart_farm_navigation/260916_AMR_test/omniverse-content-production.s3-us-west-2.amazonaws.com/Assets/Isaac/5.1/Isaac/Robots/Clearpath/RidgebackFranka/Materials) by extensions ['ros']
[0.113s] Level 1:colcon.colcon_core.package_identification:_identify(src/smart_farm_navigation/260916_AMR_test/omniverse-content-production.s3-us-west-2.amazonaws.com/Assets/Isaac/5.1/Isaac/Robots/Clearpath/RidgebackFranka/Materials) by extension 'ros'
[0.113s] Level 1:colcon.colcon_core.package_identification:_identify(src/smart_farm_navigation/260916_AMR_test/omniverse-content-production.s3-us-west-2.amazonaws.com/Assets/Isaac/5.1/Isaac/Robots/Clearpath/RidgebackFranka/Materials) by extensions ['cmake', 'python']
[0.113s] Level 1:colcon.colcon_core.package_identification:_identify(src/smart_farm_navigation/260916_AMR_test/omniverse-content-production.s3-us-west-2.amazonaws.com/Assets/Isaac/5.1/Isaac/Robots/Clearpath/RidgebackFranka/Materials) by extension 'cmake'
[0.113s] Level 1:colcon.colcon_core.package_identification:_identify(src/smart_farm_navigation/260916_AMR_test/omniverse-content-production.s3-us-west-2.amazonaws.com/Assets/Isaac/5.1/Isaac/Robots/Clearpath/RidgebackFranka/Materials) by extension 'python'
[0.113s] Level 1:colcon.colcon_core.package_identification:_identify(src/smart_farm_navigation/260916_AMR_test/omniverse-content-production.s3-us-west-2.amazonaws.com/Assets/Isaac/5.1/Isaac/Robots/Clearpath/RidgebackFranka/Materials) by extensions ['python_setup_py']
[0.113s] Level 1:colcon.colcon_core.package_identification:_identify(src/smart_farm_navigation/260916_AMR_test/omniverse-content-production.s3-us-west-2.amazonaws.com/Assets/Isaac/5.1/Isaac/Robots/Clearpath/RidgebackFranka/Materials) by extension 'python_setup_py'
[0.113s] Level 1:colcon.colcon_core.package_identification:_identify(src/smart_farm_navigation/260916_AMR_test/omniverse-content-production.s3-us-west-2.amazonaws.com/Assets/Isaac/5.1/Isaac/Robots/Clearpath/RidgebackFranka/Props) by extensions ['ignore', 'ignore_ament_install']
[0.114s] Level 1:colcon.colcon_core.package_identification:_identify(src/smart_farm_navigation/260916_AMR_test/omniverse-content-production.s3-us-west-2.amazonaws.com/Assets/Isaac/5.1/Isaac/Robots/Clearpath/RidgebackFranka/Props) by extension 'ignore'
[0.114s] Level 1:colcon.colcon_core.package_identification:_identify(src/smart_farm_navigation/260916_AMR_test/omniverse-content-production.s3-us-west-2.amazonaws.com/Assets/Isaac/5.1/Isaac/Robots/Clearpath/RidgebackFranka/Props) by extension 'ignore_ament_install'
[0.114s] Level 1:colcon.colcon_core.package_identification:_identify(src/smart_farm_navigation/260916_AMR_test/omniverse-content-production.s3-us-west-2.amazonaws.com/Assets/Isaac/5.1/Isaac/Robots/Clearpath/RidgebackFranka/Props) by extensions ['colcon_pkg']
[0.114s] Level 1:colcon.colcon_core.package_identification:_identify(src/smart_farm_navigation/260916_AMR_test/omniverse-content-production.s3-us-west-2.amazonaws.com/Assets/Isaac/5.1/Isaac/Robots/Clearpath/RidgebackFranka/Props) by extension 'colcon_pkg'
[0.114s] Level 1:colcon.colcon_core.package_identification:_identify(src/smart_farm_navigation/260916_AMR_test/omniverse-content-production.s3-us-west-2.amazonaws.com/Assets/Isaac/5.1/Isaac/Robots/Clearpath/RidgebackFranka/Props) by extensions ['colcon_meta']
[0.114s] Level 1:colcon.colcon_core.package_identification:_identify(src/smart_farm_navigation/260916_AMR_test/omniverse-content-production.s3-us-west-2.amazonaws.com/Assets/Isaac/5.1/Isaac/Robots/Clearpath/RidgebackFranka/Props) by extension 'colcon_meta'
[0.114s] Level 1:colcon.colcon_core.package_identification:_identify(src/smart_farm_navigation/260916_AMR_test/omniverse-content-production.s3-us-west-2.amazonaws.com/Assets/Isaac/5.1/Isaac/Robots/Clearpath/RidgebackFranka/Props) by extensions ['ros']
[0.114s] Level 1:colcon.colcon_core.package_identification:_identify(src/smart_farm_navigation/260916_AMR_test/omniverse-content-production.s3-us-west-2.amazonaws.com/Assets/Isaac/5.1/Isaac/Robots/Clearpath/RidgebackFranka/Props) by extension 'ros'
[0.114s] Level 1:colcon.colcon_core.package_identification:_identify(src/smart_farm_navigation/260916_AMR_test/omniverse-content-production.s3-us-west-2.amazonaws.com/Assets/Isaac/5.1/Isaac/Robots/Clearpath/RidgebackFranka/Props) by extensions ['cmake', 'python']
[0.114s] Level 1:colcon.colcon_core.package_identification:_identify(src/smart_farm_navigation/260916_AMR_test/omniverse-content-production.s3-us-west-2.amazonaws.com/Assets/Isaac/5.1/Isaac/Robots/Clearpath/RidgebackFranka/Props) by extension 'cmake'
[0.114s] Level 1:colcon.colcon_core.package_identification:_identify(src/smart_farm_navigation/260916_AMR_test/omniverse-content-production.s3-us-west-2.amazonaws.com/Assets/Isaac/5.1/Isaac/Robots/Clearpath/RidgebackFranka/Props) by extension 'python'
[0.114s] Level 1:colcon.colcon_core.package_identification:_identify(src/smart_farm_navigation/260916_AMR_test/omniverse-content-production.s3-us-west-2.amazonaws.com/Assets/Isaac/5.1/Isaac/Robots/Clearpath/RidgebackFranka/Props) by extensions ['python_setup_py']
[0.114s] Level 1:colcon.colcon_core.package_identification:_identify(src/smart_farm_navigation/260916_AMR_test/omniverse-content-production.s3-us-west-2.amazonaws.com/Assets/Isaac/5.1/Isaac/Robots/Clearpath/RidgebackFranka/Props) by extension 'python_setup_py'
[0.114s] Level 1:colcon.colcon_core.package_identification:_identify(src/smart_farm_navigation/260916_AMR_test/omniverse-content-production.s3-us-west-2.amazonaws.com/Assets/Isaac/5.1/Isaac/Robots/Clearpath/RidgebackFranka/configuration) by extensions ['ignore', 'ignore_ament_install']
[0.114s] Level 1:colcon.colcon_core.package_identification:_identify(src/smart_farm_navigation/260916_AMR_test/omniverse-content-production.s3-us-west-2.amazonaws.com/Assets/Isaac/5.1/Isaac/Robots/Clearpath/RidgebackFranka/configuration) by extension 'ignore'
[0.114s] Level 1:colcon.colcon_core.package_identification:_identify(src/smart_farm_navigation/260916_AMR_test/omniverse-content-production.s3-us-west-2.amazonaws.com/Assets/Isaac/5.1/Isaac/Robots/Clearpath/RidgebackFranka/configuration) by extension 'ignore_ament_install'
[0.114s] Level 1:colcon.colcon_core.package_identification:_identify(src/smart_farm_navigation/260916_AMR_test/omniverse-content-production.s3-us-west-2.amazonaws.com/Assets/Isaac/5.1/Isaac/Robots/Clearpath/RidgebackFranka/configuration) by extensions ['colcon_pkg']
[0.114s] Level 1:colcon.colcon_core.package_identification:_identify(src/smart_farm_navigation/260916_AMR_test/omniverse-content-production.s3-us-west-2.amazonaws.com/Assets/Isaac/5.1/Isaac/Robots/Clearpath/RidgebackFranka/configuration) by extension 'colcon_pkg'
[0.114s] Level 1:colcon.colcon_core.package_identification:_identify(src/smart_farm_navigation/260916_AMR_test/omniverse-content-production.s3-us-west-2.amazonaws.com/Assets/Isaac/5.1/Isaac/Robots/Clearpath/RidgebackFranka/configuration) by extensions ['colcon_meta']
[0.114s] Level 1:colcon.colcon_core.package_identification:_identify(src/smart_farm_navigation/260916_AMR_test/omniverse-content-production.s3-us-west-2.amazonaws.com/Assets/Isaac/5.1/Isaac/Robots/Clearpath/RidgebackFranka/configuration) by extension 'colcon_meta'
[0.114s] Level 1:colcon.colcon_core.package_identification:_identify(src/smart_farm_navigation/260916_AMR_test/omniverse-content-production.s3-us-west-2.amazonaws.com/Assets/Isaac/5.1/Isaac/Robots/Clearpath/RidgebackFranka/configuration) by extensions ['ros']
[0.114s] Level 1:colcon.colcon_core.package_identification:_identify(src/smart_farm_navigation/260916_AMR_test/omniverse-content-production.s3-us-west-2.amazonaws.com/Assets/Isaac/5.1/Isaac/Robots/Clearpath/RidgebackFranka/configuration) by extension 'ros'
[0.114s] Level 1:colcon.colcon_core.package_identification:_identify(src/smart_farm_navigation/260916_AMR_test/omniverse-content-production.s3-us-west-2.amazonaws.com/Assets/Isaac/5.1/Isaac/Robots/Clearpath/RidgebackFranka/configuration) by extensions ['cmake', 'python']
[0.114s] Level 1:colcon.colcon_core.package_identification:_identify(src/smart_farm_navigation/260916_AMR_test/omniverse-content-production.s3-us-west-2.amazonaws.com/Assets/Isaac/5.1/Isaac/Robots/Clearpath/RidgebackFranka/configuration) by extension 'cmake'
[0.114s] Level 1:colcon.colcon_core.package_identification:_identify(src/smart_farm_navigation/260916_AMR_test/omniverse-content-production.s3-us-west-2.amazonaws.com/Assets/Isaac/5.1/Isaac/Robots/Clearpath/RidgebackFranka/configuration) by extension 'python'
[0.114s] Level 1:colcon.colcon_core.package_identification:_identify(src/smart_farm_navigation/260916_AMR_test/omniverse-content-production.s3-us-west-2.amazonaws.com/Assets/Isaac/5.1/Isaac/Robots/Clearpath/RidgebackFranka/configuration) by extensions ['python_setup_py']
[0.114s] Level 1:colcon.colcon_core.package_identification:_identify(src/smart_farm_navigation/260916_AMR_test/omniverse-content-production.s3-us-west-2.amazonaws.com/Assets/Isaac/5.1/Isaac/Robots/Clearpath/RidgebackFranka/configuration) by extension 'python_setup_py'
[0.114s] Level 1:colcon.colcon_core.package_identification:_identify(src/smart_farm_navigation/maps) by extensions ['ignore', 'ignore_ament_install']
[0.114s] Level 1:colcon.colcon_core.package_identification:_identify(src/smart_farm_navigation/maps) by extension 'ignore'
[0.114s] Level 1:colcon.colcon_core.package_identification:_identify(src/smart_farm_navigation/maps) by extension 'ignore_ament_install'
[0.114s] Level 1:colcon.colcon_core.package_identification:_identify(src/smart_farm_navigation/maps) by extensions ['colcon_pkg']
[0.114s] Level 1:colcon.colcon_core.package_identification:_identify(src/smart_farm_navigation/maps) by extension 'colcon_pkg'
[0.114s] Level 1:colcon.colcon_core.package_identification:_identify(src/smart_farm_navigation/maps) by extensions ['colcon_meta']
[0.114s] Level 1:colcon.colcon_core.package_identification:_identify(src/smart_farm_navigation/maps) by extension 'colcon_meta'
[0.114s] Level 1:colcon.colcon_core.package_identification:_identify(src/smart_farm_navigation/maps) by extensions ['ros']
[0.114s] Level 1:colcon.colcon_core.package_identification:_identify(src/smart_farm_navigation/maps) by extension 'ros'
[0.114s] Level 1:colcon.colcon_core.package_identification:_identify(src/smart_farm_navigation/maps) by extensions ['cmake', 'python']
[0.114s] Level 1:colcon.colcon_core.package_identification:_identify(src/smart_farm_navigation/maps) by extension 'cmake'
[0.114s] Level 1:colcon.colcon_core.package_identification:_identify(src/smart_farm_navigation/maps) by extension 'python'
[0.114s] Level 1:colcon.colcon_core.package_identification:_identify(src/smart_farm_navigation/maps) by extensions ['python_setup_py']
[0.114s] Level 1:colcon.colcon_core.package_identification:_identify(src/smart_farm_navigation/maps) by extension 'python_setup_py'
[0.114s] Level 1:colcon.colcon_core.package_identification:_identify(src/smart_farm_navigation/smart_farm_navigation) by extensions ['ignore', 'ignore_ament_install']
[0.114s] Level 1:colcon.colcon_core.package_identification:_identify(src/smart_farm_navigation/smart_farm_navigation) by extension 'ignore'
[0.114s] Level 1:colcon.colcon_core.package_identification:_identify(src/smart_farm_navigation/smart_farm_navigation) by extension 'ignore_ament_install'
[0.114s] Level 1:colcon.colcon_core.package_identification:_identify(src/smart_farm_navigation/smart_farm_navigation) by extensions ['colcon_pkg']
[0.114s] Level 1:colcon.colcon_core.package_identification:_identify(src/smart_farm_navigation/smart_farm_navigation) by extension 'colcon_pkg'
[0.114s] Level 1:colcon.colcon_core.package_identification:_identify(src/smart_farm_navigation/smart_farm_navigation) by extensions ['colcon_meta']
[0.114s] Level 1:colcon.colcon_core.package_identification:_identify(src/smart_farm_navigation/smart_farm_navigation) by extension 'colcon_meta'
[0.114s] Level 1:colcon.colcon_core.package_identification:_identify(src/smart_farm_navigation/smart_farm_navigation) by extensions ['ros']
[0.114s] Level 1:colcon.colcon_core.package_identification:_identify(src/smart_farm_navigation/smart_farm_navigation) by extension 'ros'
[0.114s] Level 1:colcon.colcon_core.package_identification:_identify(src/smart_farm_navigation/smart_farm_navigation) by extensions ['cmake', 'python']
[0.115s] Level 1:colcon.colcon_core.package_identification:_identify(src/smart_farm_navigation/smart_farm_navigation) by extension 'cmake'
[0.115s] Level 1:colcon.colcon_core.package_identification:_identify(src/smart_farm_navigation/smart_farm_navigation) by extension 'python'
[0.115s] Level 1:colcon.colcon_core.package_identification:_identify(src/smart_farm_navigation/smart_farm_navigation) by extensions ['python_setup_py']
[0.115s] Level 1:colcon.colcon_core.package_identification:_identify(src/smart_farm_navigation/smart_farm_navigation) by extension 'python_setup_py'
[0.115s] Level 1:colcon.colcon_core.package_discovery:discover_packages(recursive) using defaults
[0.115s] Level 1:colcon.colcon_core.package_discovery:discover_packages(ignore) discover
[0.115s] Level 1:colcon.colcon_core.package_discovery:discover_packages(ignore) using defaults
[0.115s] Level 1:colcon.colcon_core.package_discovery:discover_packages(path) discover
[0.115s] Level 1:colcon.colcon_core.package_discovery:discover_packages(path) using defaults
[0.123s] INFO:colcon.colcon_core.package_selection:Skipping not selected package 'color_vision' in 'src/color_vision'
[0.123s] INFO:colcon.colcon_core.package_selection:Skipping not selected package 'smart_farm_interfaces' in 'src/smart_farm_interfaces'
[0.123s] Level 1:colcon.colcon_core.package_discovery:discover_packages(prefix_path) check parameters
[0.123s] Level 1:colcon.colcon_core.package_discovery:discover_packages(prefix_path) discover
[0.124s] DEBUG:colcon.colcon_installed_package_information.package_discovery:Found 458 installed packages in /opt/ros/jazzy
[0.125s] Level 1:colcon.colcon_core.package_discovery:discover_packages(prefix_path) using defaults
[0.147s] Level 5:colcon.colcon_core.verb:set package 'mir100_navigation' build argument 'cmake_args' from command line to 'None'
[0.147s] Level 5:colcon.colcon_core.verb:set package 'mir100_navigation' build argument 'cmake_target' from command line to 'None'
[0.147s] Level 5:colcon.colcon_core.verb:set package 'mir100_navigation' build argument 'cmake_target_skip_unavailable' from command line to 'False'
[0.147s] Level 5:colcon.colcon_core.verb:set package 'mir100_navigation' build argument 'cmake_clean_cache' from command line to 'False'
[0.147s] Level 5:colcon.colcon_core.verb:set package 'mir100_navigation' build argument 'cmake_clean_first' from command line to 'False'
[0.147s] Level 5:colcon.colcon_core.verb:set package 'mir100_navigation' build argument 'cmake_force_configure' from command line to 'False'
[0.147s] Level 5:colcon.colcon_core.verb:set package 'mir100_navigation' build argument 'ament_cmake_args' from command line to 'None'
[0.147s] Level 5:colcon.colcon_core.verb:set package 'mir100_navigation' build argument 'catkin_cmake_args' from command line to 'None'
[0.147s] Level 5:colcon.colcon_core.verb:set package 'mir100_navigation' build argument 'catkin_skip_building_tests' from command line to 'False'
[0.147s] DEBUG:colcon.colcon_core.verb:Building package 'mir100_navigation' with the following arguments: {'ament_cmake_args': None, 'build_base': '/home/rokey/ROKEY_P3_A1/cobot3_ws/build/mir100_navigation', 'catkin_cmake_args': None, 'catkin_skip_building_tests': False, 'cmake_args': None, 'cmake_clean_cache': False, 'cmake_clean_first': False, 'cmake_force_configure': False, 'cmake_target': None, 'cmake_target_skip_unavailable': False, 'install_base': '/home/rokey/ROKEY_P3_A1/cobot3_ws/install/mir100_navigation', 'merge_install': False, 'path': '/home/rokey/ROKEY_P3_A1/cobot3_ws/src/mir100_navigation', 'symlink_install': True, 'test_result_base': None}
[0.147s] Level 5:colcon.colcon_core.verb:set package 'nav_to_goal' build argument 'cmake_args' from command line to 'None'
[0.147s] Level 5:colcon.colcon_core.verb:set package 'nav_to_goal' build argument 'cmake_target' from command line to 'None'
[0.147s] Level 5:colcon.colcon_core.verb:set package 'nav_to_goal' build argument 'cmake_target_skip_unavailable' from command line to 'False'
[0.147s] Level 5:colcon.colcon_core.verb:set package 'nav_to_goal' build argument 'cmake_clean_cache' from command line to 'False'
[0.147s] Level 5:colcon.colcon_core.verb:set package 'nav_to_goal' build argument 'cmake_clean_first' from command line to 'False'
[0.147s] Level 5:colcon.colcon_core.verb:set package 'nav_to_goal' build argument 'cmake_force_configure' from command line to 'False'
[0.147s] Level 5:colcon.colcon_core.verb:set package 'nav_to_goal' build argument 'ament_cmake_args' from command line to 'None'
[0.147s] Level 5:colcon.colcon_core.verb:set package 'nav_to_goal' build argument 'catkin_cmake_args' from command line to 'None'
[0.147s] Level 5:colcon.colcon_core.verb:set package 'nav_to_goal' build argument 'catkin_skip_building_tests' from command line to 'False'
[0.147s] DEBUG:colcon.colcon_core.verb:Building package 'nav_to_goal' with the following arguments: {'ament_cmake_args': None, 'build_base': '/home/rokey/ROKEY_P3_A1/cobot3_ws/build/nav_to_goal', 'catkin_cmake_args': None, 'catkin_skip_building_tests': False, 'cmake_args': None, 'cmake_clean_cache': False, 'cmake_clean_first': False, 'cmake_force_configure': False, 'cmake_target': None, 'cmake_target_skip_unavailable': False, 'install_base': '/home/rokey/ROKEY_P3_A1/cobot3_ws/install/nav_to_goal', 'merge_install': False, 'path': '/home/rokey/ROKEY_P3_A1/cobot3_ws/src/nova_carter/nav_to_goal', 'symlink_install': True, 'test_result_base': None}
[0.147s] INFO:colcon.colcon_core.executor:Executing jobs using 'parallel' executor
[0.148s] DEBUG:colcon.colcon_parallel_executor.executor.parallel:run_until_complete
[0.148s] INFO:colcon.colcon_ros.task.ament_cmake.build:Building ROS package in '/home/rokey/ROKEY_P3_A1/cobot3_ws/src/mir100_navigation' with build type 'ament_cmake'
[0.148s] INFO:colcon.colcon_cmake.task.cmake.build:Building CMake package in '/home/rokey/ROKEY_P3_A1/cobot3_ws/src/mir100_navigation'
[0.149s] INFO:colcon.colcon_core.plugin_system:Skipping extension 'colcon_core.shell.bat': Not used on non-Windows systems
[0.149s] INFO:colcon.colcon_core.shell:Skip shell extension 'powershell' for command environment: Not usable outside of PowerShell
[0.149s] DEBUG:colcon.colcon_core.shell:Skip shell extension 'dsv' for command environment
[0.150s] INFO:colcon.colcon_ros.task.ament_python.build:Building ROS package in '/home/rokey/ROKEY_P3_A1/cobot3_ws/src/nova_carter/nav_to_goal' with build type 'ament_python'
[0.150s] Level 1:colcon.colcon_core.shell:create_environment_hook('nav_to_goal', 'ament_prefix_path')
[0.150s] INFO:colcon.colcon_core.shell:Creating environment hook '/home/rokey/ROKEY_P3_A1/cobot3_ws/install/nav_to_goal/share/nav_to_goal/hook/ament_prefix_path.ps1'
[0.151s] INFO:colcon.colcon_core.shell:Creating environment descriptor '/home/rokey/ROKEY_P3_A1/cobot3_ws/install/nav_to_goal/share/nav_to_goal/hook/ament_prefix_path.dsv'
[0.151s] INFO:colcon.colcon_core.shell:Creating environment hook '/home/rokey/ROKEY_P3_A1/cobot3_ws/install/nav_to_goal/share/nav_to_goal/hook/ament_prefix_path.sh'
[0.151s] INFO:colcon.colcon_core.shell:Skip shell extension 'powershell' for command environment: Not usable outside of PowerShell
[0.151s] DEBUG:colcon.colcon_core.shell:Skip shell extension 'dsv' for command environment
[0.155s] DEBUG:colcon.colcon_core.event_handler.log_command:Invoking command in '/home/rokey/ROKEY_P3_A1/cobot3_ws/build/mir100_navigation': CMAKE_PREFIX_PATH=${CMAKE_PREFIX_PATH}:/opt/ros/jazzy DEBUGINFOD_URLS=https://debuginfod.ubuntu.com /usr/bin/cmake /home/rokey/ROKEY_P3_A1/cobot3_ws/src/mir100_navigation -DAMENT_CMAKE_SYMLINK_INSTALL=1 -DCMAKE_INSTALL_PREFIX=/home/rokey/ROKEY_P3_A1/cobot3_ws/install/mir100_navigation
[0.255s] INFO:colcon.colcon_core.task.python.build:Building Python package in '/home/rokey/ROKEY_P3_A1/cobot3_ws/src/nova_carter/nav_to_goal'
[0.255s] INFO:colcon.colcon_core.shell:Skip shell extension 'powershell' for command environment: Not usable outside of PowerShell
[0.255s] DEBUG:colcon.colcon_core.shell:Skip shell extension 'dsv' for command environment
[0.501s] DEBUG:colcon.colcon_core.task.python.build:Available setuptools commands: install_egg_info, rotate, compile_catalog, check, alias, register, egg_info, bdist_wheel, editable_wheel, test, build_scripts, install, install_data, bdist_rpm, install_lib, extract_messages, setopt, build_py, bdist_egg, saveopts, install_headers, build, develop, upload, build_ext, bdist, build_clib, symlink_data, dist_info, easy_install, upload_docs, init_catalog, update_catalog, sdist, bdist_dumb, install_scripts, clean
[0.571s] DEBUG:colcon.colcon_core.event_handler.log_command:Invoked command in '/home/rokey/ROKEY_P3_A1/cobot3_ws/build/mir100_navigation' returned '0': CMAKE_PREFIX_PATH=${CMAKE_PREFIX_PATH}:/opt/ros/jazzy DEBUGINFOD_URLS=https://debuginfod.ubuntu.com /usr/bin/cmake /home/rokey/ROKEY_P3_A1/cobot3_ws/src/mir100_navigation -DAMENT_CMAKE_SYMLINK_INSTALL=1 -DCMAKE_INSTALL_PREFIX=/home/rokey/ROKEY_P3_A1/cobot3_ws/install/mir100_navigation
[0.572s] DEBUG:colcon.colcon_core.event_handler.log_command:Invoking command in '/home/rokey/ROKEY_P3_A1/cobot3_ws/build/mir100_navigation': CMAKE_PREFIX_PATH=${CMAKE_PREFIX_PATH}:/opt/ros/jazzy DEBUGINFOD_URLS=https://debuginfod.ubuntu.com /usr/bin/cmake --build /home/rokey/ROKEY_P3_A1/cobot3_ws/build/mir100_navigation -- -j24 -l24
[0.595s] DEBUG:colcon.colcon_core.event_handler.log_command:Invoked command in '/home/rokey/ROKEY_P3_A1/cobot3_ws/build/mir100_navigation' returned '0': CMAKE_PREFIX_PATH=${CMAKE_PREFIX_PATH}:/opt/ros/jazzy DEBUGINFOD_URLS=https://debuginfod.ubuntu.com /usr/bin/cmake --build /home/rokey/ROKEY_P3_A1/cobot3_ws/build/mir100_navigation -- -j24 -l24
[0.602s] DEBUG:colcon.colcon_core.event_handler.log_command:Invoking command in '/home/rokey/ROKEY_P3_A1/cobot3_ws/build/mir100_navigation': CMAKE_PREFIX_PATH=${CMAKE_PREFIX_PATH}:/opt/ros/jazzy DEBUGINFOD_URLS=https://debuginfod.ubuntu.com /usr/bin/cmake --install /home/rokey/ROKEY_P3_A1/cobot3_ws/build/mir100_navigation
[0.647s] DEBUG:colcon.colcon_core.task.python.build:Available setuptools 'develop' options: --zip-ok, --help, --user, --quiet, --allow-hosts, --no-deps, --egg-path, --editable, --optimize, --prefix, --local-snapshots-ok, --verbose, --record, --install-layout, --exclude-scripts, --script-dir, --no-user-cfg, --dry-run, --always-copy, --index-url, --site-dirs, --install-dir, --uninstall, --force-installation-into-system-dir, --find-links, --always-unzip, --version, --no-find-links, --upgrade, --multi-version, --build-directory
[0.647s] DEBUG:colcon.colcon_core.event_handler.log_command:Invoking command in '/home/rokey/ROKEY_P3_A1/cobot3_ws/build/nav_to_goal': DEBUGINFOD_URLS=https://debuginfod.ubuntu.com PYTHONPATH=/home/rokey/ROKEY_P3_A1/cobot3_ws/build/nav_to_goal/prefix_override:/usr/lib/python3/dist-packages/colcon_core/task/python/colcon_distutils_commands:/home/rokey/ROKEY_P3_A1/cobot3_ws/install/nav_to_goal/lib/python3.12/site-packages:${PYTHONPATH} /usr/bin/python3 -W ignore:setup.py install is deprecated -W ignore:easy_install command is deprecated setup.py develop --editable --build-directory /home/rokey/ROKEY_P3_A1/cobot3_ws/build/nav_to_goal/build --no-deps symlink_data
[0.695s] Level 1:colcon.colcon_core.environment:create_environment_scripts_only(mir100_navigation)
[0.696s] DEBUG:colcon.colcon_core.event_handler.log_command:Invoked command in '/home/rokey/ROKEY_P3_A1/cobot3_ws/build/mir100_navigation' returned '0': CMAKE_PREFIX_PATH=${CMAKE_PREFIX_PATH}:/opt/ros/jazzy DEBUGINFOD_URLS=https://debuginfod.ubuntu.com /usr/bin/cmake --install /home/rokey/ROKEY_P3_A1/cobot3_ws/build/mir100_navigation
[0.697s] Level 1:colcon.colcon_core.environment:checking '/home/rokey/ROKEY_P3_A1/cobot3_ws/install/mir100_navigation' for CMake module files
[0.697s] Level 1:colcon.colcon_core.environment:checking '/home/rokey/ROKEY_P3_A1/cobot3_ws/install/mir100_navigation' for CMake config files
[0.697s] Level 1:colcon.colcon_core.shell:create_environment_hook('mir100_navigation', 'cmake_prefix_path')
[0.697s] INFO:colcon.colcon_core.shell:Creating environment hook '/home/rokey/ROKEY_P3_A1/cobot3_ws/install/mir100_navigation/share/mir100_navigation/hook/cmake_prefix_path.ps1'
[0.698s] INFO:colcon.colcon_core.shell:Creating environment descriptor '/home/rokey/ROKEY_P3_A1/cobot3_ws/install/mir100_navigation/share/mir100_navigation/hook/cmake_prefix_path.dsv'
[0.698s] INFO:colcon.colcon_core.shell:Creating environment hook '/home/rokey/ROKEY_P3_A1/cobot3_ws/install/mir100_navigation/share/mir100_navigation/hook/cmake_prefix_path.sh'
[0.698s] Level 1:colcon.colcon_core.environment:checking '/home/rokey/ROKEY_P3_A1/cobot3_ws/install/mir100_navigation/bin'
[0.698s] Level 1:colcon.colcon_core.environment:checking '/home/rokey/ROKEY_P3_A1/cobot3_ws/install/mir100_navigation/lib/pkgconfig/mir100_navigation.pc'
[0.698s] Level 1:colcon.colcon_core.environment:checking '/home/rokey/ROKEY_P3_A1/cobot3_ws/install/mir100_navigation/lib/python3.12/site-packages'
[0.698s] Level 1:colcon.colcon_core.environment:checking '/home/rokey/ROKEY_P3_A1/cobot3_ws/install/mir100_navigation/bin'
[0.699s] INFO:colcon.colcon_core.shell:Creating package script '/home/rokey/ROKEY_P3_A1/cobot3_ws/install/mir100_navigation/share/mir100_navigation/package.ps1'
[0.699s] INFO:colcon.colcon_core.shell:Creating package descriptor '/home/rokey/ROKEY_P3_A1/cobot3_ws/install/mir100_navigation/share/mir100_navigation/package.dsv'
[0.699s] INFO:colcon.colcon_core.shell:Creating package script '/home/rokey/ROKEY_P3_A1/cobot3_ws/install/mir100_navigation/share/mir100_navigation/package.sh'
[0.700s] INFO:colcon.colcon_core.shell:Creating package script '/home/rokey/ROKEY_P3_A1/cobot3_ws/install/mir100_navigation/share/mir100_navigation/package.bash'
[0.700s] INFO:colcon.colcon_core.shell:Creating package script '/home/rokey/ROKEY_P3_A1/cobot3_ws/install/mir100_navigation/share/mir100_navigation/package.zsh'
[0.700s] Level 1:colcon.colcon_core.environment:create_file_with_runtime_dependencies(/home/rokey/ROKEY_P3_A1/cobot3_ws/install/mir100_navigation/share/colcon-core/packages/mir100_navigation)
[0.700s] Level 1:colcon.colcon_core.environment:create_environment_scripts_only(mir100_navigation)
[0.700s] Level 1:colcon.colcon_core.environment:checking '/home/rokey/ROKEY_P3_A1/cobot3_ws/install/mir100_navigation' for CMake module files
[0.701s] Level 1:colcon.colcon_core.environment:checking '/home/rokey/ROKEY_P3_A1/cobot3_ws/install/mir100_navigation' for CMake config files
[0.701s] Level 1:colcon.colcon_core.shell:create_environment_hook('mir100_navigation', 'cmake_prefix_path')
[0.701s] INFO:colcon.colcon_core.shell:Creating environment hook '/home/rokey/ROKEY_P3_A1/cobot3_ws/install/mir100_navigation/share/mir100_navigation/hook/cmake_prefix_path.ps1'
[0.701s] INFO:colcon.colcon_core.shell:Creating environment descriptor '/home/rokey/ROKEY_P3_A1/cobot3_ws/install/mir100_navigation/share/mir100_navigation/hook/cmake_prefix_path.dsv'
[0.701s] INFO:colcon.colcon_core.shell:Creating environment hook '/home/rokey/ROKEY_P3_A1/cobot3_ws/install/mir100_navigation/share/mir100_navigation/hook/cmake_prefix_path.sh'
[0.702s] Level 1:colcon.colcon_core.environment:checking '/home/rokey/ROKEY_P3_A1/cobot3_ws/install/mir100_navigation/bin'
[0.702s] Level 1:colcon.colcon_core.environment:checking '/home/rokey/ROKEY_P3_A1/cobot3_ws/install/mir100_navigation/lib/pkgconfig/mir100_navigation.pc'
[0.702s] Level 1:colcon.colcon_core.environment:checking '/home/rokey/ROKEY_P3_A1/cobot3_ws/install/mir100_navigation/lib/python3.12/site-packages'
[0.702s] Level 1:colcon.colcon_core.environment:checking '/home/rokey/ROKEY_P3_A1/cobot3_ws/install/mir100_navigation/bin'
[0.702s] INFO:colcon.colcon_core.shell:Creating package script '/home/rokey/ROKEY_P3_A1/cobot3_ws/install/mir100_navigation/share/mir100_navigation/package.ps1'
[0.702s] INFO:colcon.colcon_core.shell:Creating package descriptor '/home/rokey/ROKEY_P3_A1/cobot3_ws/install/mir100_navigation/share/mir100_navigation/package.dsv'
[0.702s] INFO:colcon.colcon_core.shell:Creating package script '/home/rokey/ROKEY_P3_A1/cobot3_ws/install/mir100_navigation/share/mir100_navigation/package.sh'
[0.703s] INFO:colcon.colcon_core.shell:Creating package script '/home/rokey/ROKEY_P3_A1/cobot3_ws/install/mir100_navigation/share/mir100_navigation/package.bash'
[0.703s] INFO:colcon.colcon_core.shell:Creating package script '/home/rokey/ROKEY_P3_A1/cobot3_ws/install/mir100_navigation/share/mir100_navigation/package.zsh'
[0.703s] Level 1:colcon.colcon_core.environment:create_file_with_runtime_dependencies(/home/rokey/ROKEY_P3_A1/cobot3_ws/install/mir100_navigation/share/colcon-core/packages/mir100_navigation)
[0.911s] Level 1:colcon.colcon_core.shell:create_environment_hook('nav_to_goal', 'pythonpath_develop')
[0.912s] INFO:colcon.colcon_core.shell:Creating environment hook '/home/rokey/ROKEY_P3_A1/cobot3_ws/build/nav_to_goal/share/nav_to_goal/hook/pythonpath_develop.ps1'
[0.912s] DEBUG:colcon.colcon_core.event_handler.log_command:Invoked command in '/home/rokey/ROKEY_P3_A1/cobot3_ws/build/nav_to_goal' returned '0': DEBUGINFOD_URLS=https://debuginfod.ubuntu.com PYTHONPATH=/home/rokey/ROKEY_P3_A1/cobot3_ws/build/nav_to_goal/prefix_override:/usr/lib/python3/dist-packages/colcon_core/task/python/colcon_distutils_commands:/home/rokey/ROKEY_P3_A1/cobot3_ws/install/nav_to_goal/lib/python3.12/site-packages:${PYTHONPATH} /usr/bin/python3 -W ignore:setup.py install is deprecated -W ignore:easy_install command is deprecated setup.py develop --editable --build-directory /home/rokey/ROKEY_P3_A1/cobot3_ws/build/nav_to_goal/build --no-deps symlink_data
[0.912s] INFO:colcon.colcon_core.shell:Creating environment descriptor '/home/rokey/ROKEY_P3_A1/cobot3_ws/build/nav_to_goal/share/nav_to_goal/hook/pythonpath_develop.dsv'
[0.912s] INFO:colcon.colcon_core.shell:Creating environment hook '/home/rokey/ROKEY_P3_A1/cobot3_ws/build/nav_to_goal/share/nav_to_goal/hook/pythonpath_develop.sh'
[0.913s] Level 1:colcon.colcon_core.environment:checking '/home/rokey/ROKEY_P3_A1/cobot3_ws/install/nav_to_goal' for CMake module files
[0.913s] Level 1:colcon.colcon_core.environment:checking '/home/rokey/ROKEY_P3_A1/cobot3_ws/install/nav_to_goal' for CMake config files
[0.913s] Level 1:colcon.colcon_core.environment:checking '/home/rokey/ROKEY_P3_A1/cobot3_ws/install/nav_to_goal/lib'
[0.913s] Level 1:colcon.colcon_core.environment:checking '/home/rokey/ROKEY_P3_A1/cobot3_ws/install/nav_to_goal/bin'
[0.913s] Level 1:colcon.colcon_core.environment:checking '/home/rokey/ROKEY_P3_A1/cobot3_ws/install/nav_to_goal/lib/pkgconfig/nav_to_goal.pc'
[0.914s] Level 1:colcon.colcon_core.environment:checking '/home/rokey/ROKEY_P3_A1/cobot3_ws/install/nav_to_goal/lib/python3.12/site-packages'
[0.914s] Level 1:colcon.colcon_core.shell:create_environment_hook('nav_to_goal', 'pythonpath')
[0.914s] INFO:colcon.colcon_core.shell:Creating environment hook '/home/rokey/ROKEY_P3_A1/cobot3_ws/install/nav_to_goal/share/nav_to_goal/hook/pythonpath.ps1'
[0.914s] INFO:colcon.colcon_core.shell:Creating environment descriptor '/home/rokey/ROKEY_P3_A1/cobot3_ws/install/nav_to_goal/share/nav_to_goal/hook/pythonpath.dsv'
[0.914s] INFO:colcon.colcon_core.shell:Creating environment hook '/home/rokey/ROKEY_P3_A1/cobot3_ws/install/nav_to_goal/share/nav_to_goal/hook/pythonpath.sh'
[0.914s] Level 1:colcon.colcon_core.environment:checking '/home/rokey/ROKEY_P3_A1/cobot3_ws/install/nav_to_goal/bin'
[0.914s] Level 1:colcon.colcon_core.environment:create_environment_scripts_only(nav_to_goal)
[0.915s] INFO:colcon.colcon_core.shell:Creating package script '/home/rokey/ROKEY_P3_A1/cobot3_ws/install/nav_to_goal/share/nav_to_goal/package.ps1'
[0.915s] INFO:colcon.colcon_core.shell:Creating package descriptor '/home/rokey/ROKEY_P3_A1/cobot3_ws/install/nav_to_goal/share/nav_to_goal/package.dsv'
[0.915s] INFO:colcon.colcon_core.shell:Creating package script '/home/rokey/ROKEY_P3_A1/cobot3_ws/install/nav_to_goal/share/nav_to_goal/package.sh'
[0.915s] INFO:colcon.colcon_core.shell:Creating package script '/home/rokey/ROKEY_P3_A1/cobot3_ws/install/nav_to_goal/share/nav_to_goal/package.bash'
[0.916s] INFO:colcon.colcon_core.shell:Creating package script '/home/rokey/ROKEY_P3_A1/cobot3_ws/install/nav_to_goal/share/nav_to_goal/package.zsh'
[0.916s] Level 1:colcon.colcon_core.environment:create_file_with_runtime_dependencies(/home/rokey/ROKEY_P3_A1/cobot3_ws/install/nav_to_goal/share/colcon-core/packages/nav_to_goal)
[0.916s] DEBUG:colcon.colcon_parallel_executor.executor.parallel:closing loop
[0.916s] DEBUG:colcon.colcon_parallel_executor.executor.parallel:loop closed
[0.916s] DEBUG:colcon.colcon_parallel_executor.executor.parallel:run_until_complete finished with '0'
[0.916s] DEBUG:colcon.colcon_core.event_reactor:joining thread
[0.920s] INFO:colcon.colcon_core.plugin_system:Skipping extension 'colcon_notification.desktop_notification.terminal_notifier': Not used on non-Darwin systems
[0.920s] INFO:colcon.colcon_core.plugin_system:Skipping extension 'colcon_notification.desktop_notification.win32': Not used on non-Windows systems
[0.920s] INFO:colcon.colcon_notification.desktop_notification:Sending desktop notification using 'notify2'
[0.930s] DEBUG:colcon.colcon_core.event_reactor:joined thread
[0.930s] INFO:colcon.colcon_core.shell:Creating prefix script '/home/rokey/ROKEY_P3_A1/cobot3_ws/install/local_setup.ps1'
[0.930s] INFO:colcon.colcon_core.shell:Creating prefix util module '/home/rokey/ROKEY_P3_A1/cobot3_ws/install/_local_setup_util_ps1.py'
[0.931s] INFO:colcon.colcon_core.shell:Creating prefix chain script '/home/rokey/ROKEY_P3_A1/cobot3_ws/install/setup.ps1'
[0.931s] INFO:colcon.colcon_core.shell:Creating prefix script '/home/rokey/ROKEY_P3_A1/cobot3_ws/install/local_setup.sh'
[0.932s] INFO:colcon.colcon_core.shell:Creating prefix util module '/home/rokey/ROKEY_P3_A1/cobot3_ws/install/_local_setup_util_sh.py'
[0.932s] INFO:colcon.colcon_core.shell:Creating prefix chain script '/home/rokey/ROKEY_P3_A1/cobot3_ws/install/setup.sh'
[0.932s] INFO:colcon.colcon_core.shell:Creating prefix script '/home/rokey/ROKEY_P3_A1/cobot3_ws/install/local_setup.bash'
[0.933s] INFO:colcon.colcon_core.shell:Creating prefix chain script '/home/rokey/ROKEY_P3_A1/cobot3_ws/install/setup.bash'
[0.941s] INFO:colcon.colcon_core.shell:Creating prefix script '/home/rokey/ROKEY_P3_A1/cobot3_ws/install/local_setup.zsh'
[0.941s] INFO:colcon.colcon_core.shell:Creating prefix chain script '/home/rokey/ROKEY_P3_A1/cobot3_ws/install/setup.zsh'
