[0.277s] DEBUG:colcon:Command line arguments: ['/usr/bin/colcon', 'build', '--symlink-install']
[0.277s] DEBUG:colcon:Parsed command line arguments: Namespace(log_base=None, log_level=None, verb_name='build', build_base='build', install_base='install', merge_install=False, symlink_install=True, test_result_base=None, continue_on_error=False, executor='parallel', parallel_workers=8, event_handlers=None, ignore_user_meta=False, metas=['./colcon.meta'], base_paths=['.'], packages_ignore=None, packages_ignore_regex=None, paths=None, packages_up_to=None, packages_up_to_regex=None, packages_above=None, packages_above_and_dependencies=None, packages_above_depth=None, packages_select_by_dep=None, packages_skip_by_dep=None, packages_skip_up_to=None, packages_select_build_failed=False, packages_skip_build_finished=False, packages_select_test_failures=False, packages_skip_test_passed=False, packages_select=None, packages_skip=None, packages_select_regex=None, packages_skip_regex=None, packages_start=None, packages_end=None, allow_overriding=[], cmake_args=None, cmake_target=None, cmake_target_skip_unavailable=False, cmake_clean_cache=False, cmake_clean_first=False, cmake_force_configure=False, ament_cmake_args=None, catkin_cmake_args=None, catkin_skip_building_tests=False, verb_parser=<colcon_defaults.argument_parser.defaults.DefaultArgumentsDecorator object at 0x7733093fe300>, verb_extension=<colcon_core.verb.build.BuildVerb object at 0x7733095d16d0>, main=<bound method BuildVerb.main of <colcon_core.verb.build.BuildVerb object at 0x7733095d16d0>>)
[0.354s] Level 1:colcon.colcon_core.package_discovery:discover_packages(colcon_meta) check parameters
[0.354s] Level 1:colcon.colcon_core.package_discovery:discover_packages(recursive) check parameters
[0.354s] Level 1:colcon.colcon_core.package_discovery:discover_packages(ignore) check parameters
[0.354s] Level 1:colcon.colcon_core.package_discovery:discover_packages(path) check parameters
[0.354s] Level 1:colcon.colcon_core.package_discovery:discover_packages(colcon_meta) discover
[0.355s] Level 1:colcon.colcon_core.package_discovery:discover_packages(recursive) discover
[0.355s] INFO:colcon.colcon_core.package_discovery:Crawling recursively for packages in '/home/rokey/ROKEY_P3_A1/cobot3_ws'
[0.355s] Level 1:colcon.colcon_core.package_identification:_identify(.) by extensions ['ignore', 'ignore_ament_install']
[0.355s] Level 1:colcon.colcon_core.package_identification:_identify(.) by extension 'ignore'
[0.355s] Level 1:colcon.colcon_core.package_identification:_identify(.) by extension 'ignore_ament_install'
[0.355s] Level 1:colcon.colcon_core.package_identification:_identify(.) by extensions ['colcon_pkg']
[0.355s] Level 1:colcon.colcon_core.package_identification:_identify(.) by extension 'colcon_pkg'
[0.355s] Level 1:colcon.colcon_core.package_identification:_identify(.) by extensions ['colcon_meta']
[0.355s] Level 1:colcon.colcon_core.package_identification:_identify(.) by extension 'colcon_meta'
[0.355s] Level 1:colcon.colcon_core.package_identification:_identify(.) by extensions ['ros']
[0.355s] Level 1:colcon.colcon_core.package_identification:_identify(.) by extension 'ros'
[0.401s] Level 1:colcon.colcon_core.package_identification:_identify(.) by extensions ['cmake', 'python']
[0.401s] Level 1:colcon.colcon_core.package_identification:_identify(.) by extension 'cmake'
[0.401s] Level 1:colcon.colcon_core.package_identification:_identify(.) by extension 'python'
[0.402s] Level 1:colcon.colcon_core.package_identification:_identify(.) by extensions ['python_setup_py']
[0.402s] Level 1:colcon.colcon_core.package_identification:_identify(.) by extension 'python_setup_py'
[0.402s] Level 1:colcon.colcon_core.package_identification:_identify(build) by extensions ['ignore', 'ignore_ament_install']
[0.402s] Level 1:colcon.colcon_core.package_identification:_identify(build) by extension 'ignore'
[0.402s] Level 1:colcon.colcon_core.package_identification:_identify(build) ignored
[0.402s] Level 1:colcon.colcon_core.package_identification:_identify(install) by extensions ['ignore', 'ignore_ament_install']
[0.402s] Level 1:colcon.colcon_core.package_identification:_identify(install) by extension 'ignore'
[0.402s] Level 1:colcon.colcon_core.package_identification:_identify(install) ignored
[0.403s] Level 1:colcon.colcon_core.package_identification:_identify(isaacpjt) by extensions ['ignore', 'ignore_ament_install']
[0.403s] Level 1:colcon.colcon_core.package_identification:_identify(isaacpjt) by extension 'ignore'
[0.403s] Level 1:colcon.colcon_core.package_identification:_identify(isaacpjt) by extension 'ignore_ament_install'
[0.403s] Level 1:colcon.colcon_core.package_identification:_identify(isaacpjt) by extensions ['colcon_pkg']
[0.403s] Level 1:colcon.colcon_core.package_identification:_identify(isaacpjt) by extension 'colcon_pkg'
[0.403s] Level 1:colcon.colcon_core.package_identification:_identify(isaacpjt) by extensions ['colcon_meta']
[0.403s] Level 1:colcon.colcon_core.package_identification:_identify(isaacpjt) by extension 'colcon_meta'
[0.403s] Level 1:colcon.colcon_core.package_identification:_identify(isaacpjt) by extensions ['ros']
[0.403s] Level 1:colcon.colcon_core.package_identification:_identify(isaacpjt) by extension 'ros'
[0.403s] Level 1:colcon.colcon_core.package_identification:_identify(isaacpjt) by extensions ['cmake', 'python']
[0.403s] Level 1:colcon.colcon_core.package_identification:_identify(isaacpjt) by extension 'cmake'
[0.404s] Level 1:colcon.colcon_core.package_identification:_identify(isaacpjt) by extension 'python'
[0.404s] Level 1:colcon.colcon_core.package_identification:_identify(isaacpjt) by extensions ['python_setup_py']
[0.404s] Level 1:colcon.colcon_core.package_identification:_identify(isaacpjt) by extension 'python_setup_py'
[0.404s] Level 1:colcon.colcon_core.package_identification:_identify(isaacpjt/M0609) by extensions ['ignore', 'ignore_ament_install']
[0.404s] Level 1:colcon.colcon_core.package_identification:_identify(isaacpjt/M0609) by extension 'ignore'
[0.404s] Level 1:colcon.colcon_core.package_identification:_identify(isaacpjt/M0609) by extension 'ignore_ament_install'
[0.404s] Level 1:colcon.colcon_core.package_identification:_identify(isaacpjt/M0609) by extensions ['colcon_pkg']
[0.404s] Level 1:colcon.colcon_core.package_identification:_identify(isaacpjt/M0609) by extension 'colcon_pkg'
[0.404s] Level 1:colcon.colcon_core.package_identification:_identify(isaacpjt/M0609) by extensions ['colcon_meta']
[0.404s] Level 1:colcon.colcon_core.package_identification:_identify(isaacpjt/M0609) by extension 'colcon_meta'
[0.405s] Level 1:colcon.colcon_core.package_identification:_identify(isaacpjt/M0609) by extensions ['ros']
[0.405s] Level 1:colcon.colcon_core.package_identification:_identify(isaacpjt/M0609) by extension 'ros'
[0.405s] Level 1:colcon.colcon_core.package_identification:_identify(isaacpjt/M0609) by extensions ['cmake', 'python']
[0.405s] Level 1:colcon.colcon_core.package_identification:_identify(isaacpjt/M0609) by extension 'cmake'
[0.405s] Level 1:colcon.colcon_core.package_identification:_identify(isaacpjt/M0609) by extension 'python'
[0.405s] Level 1:colcon.colcon_core.package_identification:_identify(isaacpjt/M0609) by extensions ['python_setup_py']
[0.405s] Level 1:colcon.colcon_core.package_identification:_identify(isaacpjt/M0609) by extension 'python_setup_py'
[0.405s] Level 1:colcon.colcon_core.package_identification:_identify(isaacpjt/M0609/Collected_Clock) by extensions ['ignore', 'ignore_ament_install']
[0.405s] Level 1:colcon.colcon_core.package_identification:_identify(isaacpjt/M0609/Collected_Clock) by extension 'ignore'
[0.405s] Level 1:colcon.colcon_core.package_identification:_identify(isaacpjt/M0609/Collected_Clock) by extension 'ignore_ament_install'
[0.406s] Level 1:colcon.colcon_core.package_identification:_identify(isaacpjt/M0609/Collected_Clock) by extensions ['colcon_pkg']
[0.406s] Level 1:colcon.colcon_core.package_identification:_identify(isaacpjt/M0609/Collected_Clock) by extension 'colcon_pkg'
[0.406s] Level 1:colcon.colcon_core.package_identification:_identify(isaacpjt/M0609/Collected_Clock) by extensions ['colcon_meta']
[0.406s] Level 1:colcon.colcon_core.package_identification:_identify(isaacpjt/M0609/Collected_Clock) by extension 'colcon_meta'
[0.406s] Level 1:colcon.colcon_core.package_identification:_identify(isaacpjt/M0609/Collected_Clock) by extensions ['ros']
[0.406s] Level 1:colcon.colcon_core.package_identification:_identify(isaacpjt/M0609/Collected_Clock) by extension 'ros'
[0.406s] Level 1:colcon.colcon_core.package_identification:_identify(isaacpjt/M0609/Collected_Clock) by extensions ['cmake', 'python']
[0.406s] Level 1:colcon.colcon_core.package_identification:_identify(isaacpjt/M0609/Collected_Clock) by extension 'cmake'
[0.406s] Level 1:colcon.colcon_core.package_identification:_identify(isaacpjt/M0609/Collected_Clock) by extension 'python'
[0.406s] Level 1:colcon.colcon_core.package_identification:_identify(isaacpjt/M0609/Collected_Clock) by extensions ['python_setup_py']
[0.406s] Level 1:colcon.colcon_core.package_identification:_identify(isaacpjt/M0609/Collected_Clock) by extension 'python_setup_py'
[0.407s] Level 1:colcon.colcon_core.package_identification:_identify(isaacpjt/M0609/Collected_m0609_camera) by extensions ['ignore', 'ignore_ament_install']
[0.407s] Level 1:colcon.colcon_core.package_identification:_identify(isaacpjt/M0609/Collected_m0609_camera) by extension 'ignore'
[0.407s] Level 1:colcon.colcon_core.package_identification:_identify(isaacpjt/M0609/Collected_m0609_camera) by extension 'ignore_ament_install'
[0.407s] Level 1:colcon.colcon_core.package_identification:_identify(isaacpjt/M0609/Collected_m0609_camera) by extensions ['colcon_pkg']
[0.407s] Level 1:colcon.colcon_core.package_identification:_identify(isaacpjt/M0609/Collected_m0609_camera) by extension 'colcon_pkg'
[0.407s] Level 1:colcon.colcon_core.package_identification:_identify(isaacpjt/M0609/Collected_m0609_camera) by extensions ['colcon_meta']
[0.407s] Level 1:colcon.colcon_core.package_identification:_identify(isaacpjt/M0609/Collected_m0609_camera) by extension 'colcon_meta'
[0.407s] Level 1:colcon.colcon_core.package_identification:_identify(isaacpjt/M0609/Collected_m0609_camera) by extensions ['ros']
[0.407s] Level 1:colcon.colcon_core.package_identification:_identify(isaacpjt/M0609/Collected_m0609_camera) by extension 'ros'
[0.407s] Level 1:colcon.colcon_core.package_identification:_identify(isaacpjt/M0609/Collected_m0609_camera) by extensions ['cmake', 'python']
[0.407s] Level 1:colcon.colcon_core.package_identification:_identify(isaacpjt/M0609/Collected_m0609_camera) by extension 'cmake'
[0.407s] Level 1:colcon.colcon_core.package_identification:_identify(isaacpjt/M0609/Collected_m0609_camera) by extension 'python'
[0.407s] Level 1:colcon.colcon_core.package_identification:_identify(isaacpjt/M0609/Collected_m0609_camera) by extensions ['python_setup_py']
[0.407s] Level 1:colcon.colcon_core.package_identification:_identify(isaacpjt/M0609/Collected_m0609_camera) by extension 'python_setup_py'
[0.408s] Level 1:colcon.colcon_core.package_identification:_identify(isaacpjt/M0609/Collected_m0609_camera/doosan-robot2) by extensions ['ignore', 'ignore_ament_install']
[0.408s] Level 1:colcon.colcon_core.package_identification:_identify(isaacpjt/M0609/Collected_m0609_camera/doosan-robot2) by extension 'ignore'
[0.408s] Level 1:colcon.colcon_core.package_identification:_identify(isaacpjt/M0609/Collected_m0609_camera/doosan-robot2) by extension 'ignore_ament_install'
[0.408s] Level 1:colcon.colcon_core.package_identification:_identify(isaacpjt/M0609/Collected_m0609_camera/doosan-robot2) by extensions ['colcon_pkg']
[0.408s] Level 1:colcon.colcon_core.package_identification:_identify(isaacpjt/M0609/Collected_m0609_camera/doosan-robot2) by extension 'colcon_pkg'
[0.408s] Level 1:colcon.colcon_core.package_identification:_identify(isaacpjt/M0609/Collected_m0609_camera/doosan-robot2) by extensions ['colcon_meta']
[0.408s] Level 1:colcon.colcon_core.package_identification:_identify(isaacpjt/M0609/Collected_m0609_camera/doosan-robot2) by extension 'colcon_meta'
[0.408s] Level 1:colcon.colcon_core.package_identification:_identify(isaacpjt/M0609/Collected_m0609_camera/doosan-robot2) by extensions ['ros']
[0.408s] Level 1:colcon.colcon_core.package_identification:_identify(isaacpjt/M0609/Collected_m0609_camera/doosan-robot2) by extension 'ros'
[0.408s] Level 1:colcon.colcon_core.package_identification:_identify(isaacpjt/M0609/Collected_m0609_camera/doosan-robot2) by extensions ['cmake', 'python']
[0.409s] Level 1:colcon.colcon_core.package_identification:_identify(isaacpjt/M0609/Collected_m0609_camera/doosan-robot2) by extension 'cmake'
[0.409s] Level 1:colcon.colcon_core.package_identification:_identify(isaacpjt/M0609/Collected_m0609_camera/doosan-robot2) by extension 'python'
[0.409s] Level 1:colcon.colcon_core.package_identification:_identify(isaacpjt/M0609/Collected_m0609_camera/doosan-robot2) by extensions ['python_setup_py']
[0.409s] Level 1:colcon.colcon_core.package_identification:_identify(isaacpjt/M0609/Collected_m0609_camera/doosan-robot2) by extension 'python_setup_py'
[0.409s] Level 1:colcon.colcon_core.package_identification:_identify(isaacpjt/M0609/Collected_m0609_camera/doosan-robot2/urdf) by extensions ['ignore', 'ignore_ament_install']
[0.409s] Level 1:colcon.colcon_core.package_identification:_identify(isaacpjt/M0609/Collected_m0609_camera/doosan-robot2/urdf) by extension 'ignore'
[0.409s] Level 1:colcon.colcon_core.package_identification:_identify(isaacpjt/M0609/Collected_m0609_camera/doosan-robot2/urdf) by extension 'ignore_ament_install'
[0.409s] Level 1:colcon.colcon_core.package_identification:_identify(isaacpjt/M0609/Collected_m0609_camera/doosan-robot2/urdf) by extensions ['colcon_pkg']
[0.409s] Level 1:colcon.colcon_core.package_identification:_identify(isaacpjt/M0609/Collected_m0609_camera/doosan-robot2/urdf) by extension 'colcon_pkg'
[0.409s] Level 1:colcon.colcon_core.package_identification:_identify(isaacpjt/M0609/Collected_m0609_camera/doosan-robot2/urdf) by extensions ['colcon_meta']
[0.409s] Level 1:colcon.colcon_core.package_identification:_identify(isaacpjt/M0609/Collected_m0609_camera/doosan-robot2/urdf) by extension 'colcon_meta'
[0.410s] Level 1:colcon.colcon_core.package_identification:_identify(isaacpjt/M0609/Collected_m0609_camera/doosan-robot2/urdf) by extensions ['ros']
[0.410s] Level 1:colcon.colcon_core.package_identification:_identify(isaacpjt/M0609/Collected_m0609_camera/doosan-robot2/urdf) by extension 'ros'
[0.410s] Level 1:colcon.colcon_core.package_identification:_identify(isaacpjt/M0609/Collected_m0609_camera/doosan-robot2/urdf) by extensions ['cmake', 'python']
[0.410s] Level 1:colcon.colcon_core.package_identification:_identify(isaacpjt/M0609/Collected_m0609_camera/doosan-robot2/urdf) by extension 'cmake'
[0.410s] Level 1:colcon.colcon_core.package_identification:_identify(isaacpjt/M0609/Collected_m0609_camera/doosan-robot2/urdf) by extension 'python'
[0.410s] Level 1:colcon.colcon_core.package_identification:_identify(isaacpjt/M0609/Collected_m0609_camera/doosan-robot2/urdf) by extensions ['python_setup_py']
[0.410s] Level 1:colcon.colcon_core.package_identification:_identify(isaacpjt/M0609/Collected_m0609_camera/doosan-robot2/urdf) by extension 'python_setup_py'
[0.410s] Level 1:colcon.colcon_core.package_identification:_identify(isaacpjt/M0609/Collected_m0609_camera/doosan-robot2/urdf/m0609_isaac_sim) by extensions ['ignore', 'ignore_ament_install']
[0.410s] Level 1:colcon.colcon_core.package_identification:_identify(isaacpjt/M0609/Collected_m0609_camera/doosan-robot2/urdf/m0609_isaac_sim) by extension 'ignore'
[0.410s] Level 1:colcon.colcon_core.package_identification:_identify(isaacpjt/M0609/Collected_m0609_camera/doosan-robot2/urdf/m0609_isaac_sim) by extension 'ignore_ament_install'
[0.411s] Level 1:colcon.colcon_core.package_identification:_identify(isaacpjt/M0609/Collected_m0609_camera/doosan-robot2/urdf/m0609_isaac_sim) by extensions ['colcon_pkg']
[0.411s] Level 1:colcon.colcon_core.package_identification:_identify(isaacpjt/M0609/Collected_m0609_camera/doosan-robot2/urdf/m0609_isaac_sim) by extension 'colcon_pkg'
[0.411s] Level 1:colcon.colcon_core.package_identification:_identify(isaacpjt/M0609/Collected_m0609_camera/doosan-robot2/urdf/m0609_isaac_sim) by extensions ['colcon_meta']
[0.411s] Level 1:colcon.colcon_core.package_identification:_identify(isaacpjt/M0609/Collected_m0609_camera/doosan-robot2/urdf/m0609_isaac_sim) by extension 'colcon_meta'
[0.411s] Level 1:colcon.colcon_core.package_identification:_identify(isaacpjt/M0609/Collected_m0609_camera/doosan-robot2/urdf/m0609_isaac_sim) by extensions ['ros']
[0.411s] Level 1:colcon.colcon_core.package_identification:_identify(isaacpjt/M0609/Collected_m0609_camera/doosan-robot2/urdf/m0609_isaac_sim) by extension 'ros'
[0.411s] Level 1:colcon.colcon_core.package_identification:_identify(isaacpjt/M0609/Collected_m0609_camera/doosan-robot2/urdf/m0609_isaac_sim) by extensions ['cmake', 'python']
[0.411s] Level 1:colcon.colcon_core.package_identification:_identify(isaacpjt/M0609/Collected_m0609_camera/doosan-robot2/urdf/m0609_isaac_sim) by extension 'cmake'
[0.411s] Level 1:colcon.colcon_core.package_identification:_identify(isaacpjt/M0609/Collected_m0609_camera/doosan-robot2/urdf/m0609_isaac_sim) by extension 'python'
[0.411s] Level 1:colcon.colcon_core.package_identification:_identify(isaacpjt/M0609/Collected_m0609_camera/doosan-robot2/urdf/m0609_isaac_sim) by extensions ['python_setup_py']
[0.411s] Level 1:colcon.colcon_core.package_identification:_identify(isaacpjt/M0609/Collected_m0609_camera/doosan-robot2/urdf/m0609_isaac_sim) by extension 'python_setup_py'
[0.412s] Level 1:colcon.colcon_core.package_identification:_identify(isaacpjt/M0609/Collected_m0609_camera/doosan-robot2/urdf/m0609_isaac_sim/configuration) by extensions ['ignore', 'ignore_ament_install']
[0.412s] Level 1:colcon.colcon_core.package_identification:_identify(isaacpjt/M0609/Collected_m0609_camera/doosan-robot2/urdf/m0609_isaac_sim/configuration) by extension 'ignore'
[0.412s] Level 1:colcon.colcon_core.package_identification:_identify(isaacpjt/M0609/Collected_m0609_camera/doosan-robot2/urdf/m0609_isaac_sim/configuration) by extension 'ignore_ament_install'
[0.412s] Level 1:colcon.colcon_core.package_identification:_identify(isaacpjt/M0609/Collected_m0609_camera/doosan-robot2/urdf/m0609_isaac_sim/configuration) by extensions ['colcon_pkg']
[0.412s] Level 1:colcon.colcon_core.package_identification:_identify(isaacpjt/M0609/Collected_m0609_camera/doosan-robot2/urdf/m0609_isaac_sim/configuration) by extension 'colcon_pkg'
[0.412s] Level 1:colcon.colcon_core.package_identification:_identify(isaacpjt/M0609/Collected_m0609_camera/doosan-robot2/urdf/m0609_isaac_sim/configuration) by extensions ['colcon_meta']
[0.412s] Level 1:colcon.colcon_core.package_identification:_identify(isaacpjt/M0609/Collected_m0609_camera/doosan-robot2/urdf/m0609_isaac_sim/configuration) by extension 'colcon_meta'
[0.412s] Level 1:colcon.colcon_core.package_identification:_identify(isaacpjt/M0609/Collected_m0609_camera/doosan-robot2/urdf/m0609_isaac_sim/configuration) by extensions ['ros']
[0.412s] Level 1:colcon.colcon_core.package_identification:_identify(isaacpjt/M0609/Collected_m0609_camera/doosan-robot2/urdf/m0609_isaac_sim/configuration) by extension 'ros'
[0.412s] Level 1:colcon.colcon_core.package_identification:_identify(isaacpjt/M0609/Collected_m0609_camera/doosan-robot2/urdf/m0609_isaac_sim/configuration) by extensions ['cmake', 'python']
[0.412s] Level 1:colcon.colcon_core.package_identification:_identify(isaacpjt/M0609/Collected_m0609_camera/doosan-robot2/urdf/m0609_isaac_sim/configuration) by extension 'cmake'
[0.413s] Level 1:colcon.colcon_core.package_identification:_identify(isaacpjt/M0609/Collected_m0609_camera/doosan-robot2/urdf/m0609_isaac_sim/configuration) by extension 'python'
[0.413s] Level 1:colcon.colcon_core.package_identification:_identify(isaacpjt/M0609/Collected_m0609_camera/doosan-robot2/urdf/m0609_isaac_sim/configuration) by extensions ['python_setup_py']
[0.413s] Level 1:colcon.colcon_core.package_identification:_identify(isaacpjt/M0609/Collected_m0609_camera/doosan-robot2/urdf/m0609_isaac_sim/configuration) by extension 'python_setup_py'
[0.413s] Level 1:colcon.colcon_core.package_identification:_identify(isaacpjt/M0609/Collected_m0609_camera/omniverse-content-production.s3-us-west-2.amazonaws.com) by extensions ['ignore', 'ignore_ament_install']
[0.413s] Level 1:colcon.colcon_core.package_identification:_identify(isaacpjt/M0609/Collected_m0609_camera/omniverse-content-production.s3-us-west-2.amazonaws.com) by extension 'ignore'
[0.413s] Level 1:colcon.colcon_core.package_identification:_identify(isaacpjt/M0609/Collected_m0609_camera/omniverse-content-production.s3-us-west-2.amazonaws.com) by extension 'ignore_ament_install'
[0.413s] Level 1:colcon.colcon_core.package_identification:_identify(isaacpjt/M0609/Collected_m0609_camera/omniverse-content-production.s3-us-west-2.amazonaws.com) by extensions ['colcon_pkg']
[0.413s] Level 1:colcon.colcon_core.package_identification:_identify(isaacpjt/M0609/Collected_m0609_camera/omniverse-content-production.s3-us-west-2.amazonaws.com) by extension 'colcon_pkg'
[0.414s] Level 1:colcon.colcon_core.package_identification:_identify(isaacpjt/M0609/Collected_m0609_camera/omniverse-content-production.s3-us-west-2.amazonaws.com) by extensions ['colcon_meta']
[0.414s] Level 1:colcon.colcon_core.package_identification:_identify(isaacpjt/M0609/Collected_m0609_camera/omniverse-content-production.s3-us-west-2.amazonaws.com) by extension 'colcon_meta'
[0.414s] Level 1:colcon.colcon_core.package_identification:_identify(isaacpjt/M0609/Collected_m0609_camera/omniverse-content-production.s3-us-west-2.amazonaws.com) by extensions ['ros']
[0.414s] Level 1:colcon.colcon_core.package_identification:_identify(isaacpjt/M0609/Collected_m0609_camera/omniverse-content-production.s3-us-west-2.amazonaws.com) by extension 'ros'
[0.414s] Level 1:colcon.colcon_core.package_identification:_identify(isaacpjt/M0609/Collected_m0609_camera/omniverse-content-production.s3-us-west-2.amazonaws.com) by extensions ['cmake', 'python']
[0.414s] Level 1:colcon.colcon_core.package_identification:_identify(isaacpjt/M0609/Collected_m0609_camera/omniverse-content-production.s3-us-west-2.amazonaws.com) by extension 'cmake'
[0.414s] Level 1:colcon.colcon_core.package_identification:_identify(isaacpjt/M0609/Collected_m0609_camera/omniverse-content-production.s3-us-west-2.amazonaws.com) by extension 'python'
[0.414s] Level 1:colcon.colcon_core.package_identification:_identify(isaacpjt/M0609/Collected_m0609_camera/omniverse-content-production.s3-us-west-2.amazonaws.com) by extensions ['python_setup_py']
[0.414s] Level 1:colcon.colcon_core.package_identification:_identify(isaacpjt/M0609/Collected_m0609_camera/omniverse-content-production.s3-us-west-2.amazonaws.com) by extension 'python_setup_py'
[0.414s] Level 1:colcon.colcon_core.package_identification:_identify(isaacpjt/M0609/Collected_m0609_camera/omniverse-content-production.s3-us-west-2.amazonaws.com/Assets) by extensions ['ignore', 'ignore_ament_install']
[0.415s] Level 1:colcon.colcon_core.package_identification:_identify(isaacpjt/M0609/Collected_m0609_camera/omniverse-content-production.s3-us-west-2.amazonaws.com/Assets) by extension 'ignore'
[0.415s] Level 1:colcon.colcon_core.package_identification:_identify(isaacpjt/M0609/Collected_m0609_camera/omniverse-content-production.s3-us-west-2.amazonaws.com/Assets) by extension 'ignore_ament_install'
[0.415s] Level 1:colcon.colcon_core.package_identification:_identify(isaacpjt/M0609/Collected_m0609_camera/omniverse-content-production.s3-us-west-2.amazonaws.com/Assets) by extensions ['colcon_pkg']
[0.415s] Level 1:colcon.colcon_core.package_identification:_identify(isaacpjt/M0609/Collected_m0609_camera/omniverse-content-production.s3-us-west-2.amazonaws.com/Assets) by extension 'colcon_pkg'
[0.415s] Level 1:colcon.colcon_core.package_identification:_identify(isaacpjt/M0609/Collected_m0609_camera/omniverse-content-production.s3-us-west-2.amazonaws.com/Assets) by extensions ['colcon_meta']
[0.415s] Level 1:colcon.colcon_core.package_identification:_identify(isaacpjt/M0609/Collected_m0609_camera/omniverse-content-production.s3-us-west-2.amazonaws.com/Assets) by extension 'colcon_meta'
[0.415s] Level 1:colcon.colcon_core.package_identification:_identify(isaacpjt/M0609/Collected_m0609_camera/omniverse-content-production.s3-us-west-2.amazonaws.com/Assets) by extensions ['ros']
[0.415s] Level 1:colcon.colcon_core.package_identification:_identify(isaacpjt/M0609/Collected_m0609_camera/omniverse-content-production.s3-us-west-2.amazonaws.com/Assets) by extension 'ros'
[0.415s] Level 1:colcon.colcon_core.package_identification:_identify(isaacpjt/M0609/Collected_m0609_camera/omniverse-content-production.s3-us-west-2.amazonaws.com/Assets) by extensions ['cmake', 'python']
[0.415s] Level 1:colcon.colcon_core.package_identification:_identify(isaacpjt/M0609/Collected_m0609_camera/omniverse-content-production.s3-us-west-2.amazonaws.com/Assets) by extension 'cmake'
[0.415s] Level 1:colcon.colcon_core.package_identification:_identify(isaacpjt/M0609/Collected_m0609_camera/omniverse-content-production.s3-us-west-2.amazonaws.com/Assets) by extension 'python'
[0.415s] Level 1:colcon.colcon_core.package_identification:_identify(isaacpjt/M0609/Collected_m0609_camera/omniverse-content-production.s3-us-west-2.amazonaws.com/Assets) by extensions ['python_setup_py']
[0.415s] Level 1:colcon.colcon_core.package_identification:_identify(isaacpjt/M0609/Collected_m0609_camera/omniverse-content-production.s3-us-west-2.amazonaws.com/Assets) by extension 'python_setup_py'
[0.415s] Level 1:colcon.colcon_core.package_identification:_identify(isaacpjt/M0609/Collected_m0609_camera/omniverse-content-production.s3-us-west-2.amazonaws.com/Assets/Isaac) by extensions ['ignore', 'ignore_ament_install']
[0.416s] Level 1:colcon.colcon_core.package_identification:_identify(isaacpjt/M0609/Collected_m0609_camera/omniverse-content-production.s3-us-west-2.amazonaws.com/Assets/Isaac) by extension 'ignore'
[0.416s] Level 1:colcon.colcon_core.package_identification:_identify(isaacpjt/M0609/Collected_m0609_camera/omniverse-content-production.s3-us-west-2.amazonaws.com/Assets/Isaac) by extension 'ignore_ament_install'
[0.416s] Level 1:colcon.colcon_core.package_identification:_identify(isaacpjt/M0609/Collected_m0609_camera/omniverse-content-production.s3-us-west-2.amazonaws.com/Assets/Isaac) by extensions ['colcon_pkg']
[0.416s] Level 1:colcon.colcon_core.package_identification:_identify(isaacpjt/M0609/Collected_m0609_camera/omniverse-content-production.s3-us-west-2.amazonaws.com/Assets/Isaac) by extension 'colcon_pkg'
[0.416s] Level 1:colcon.colcon_core.package_identification:_identify(isaacpjt/M0609/Collected_m0609_camera/omniverse-content-production.s3-us-west-2.amazonaws.com/Assets/Isaac) by extensions ['colcon_meta']
[0.416s] Level 1:colcon.colcon_core.package_identification:_identify(isaacpjt/M0609/Collected_m0609_camera/omniverse-content-production.s3-us-west-2.amazonaws.com/Assets/Isaac) by extension 'colcon_meta'
[0.416s] Level 1:colcon.colcon_core.package_identification:_identify(isaacpjt/M0609/Collected_m0609_camera/omniverse-content-production.s3-us-west-2.amazonaws.com/Assets/Isaac) by extensions ['ros']
[0.416s] Level 1:colcon.colcon_core.package_identification:_identify(isaacpjt/M0609/Collected_m0609_camera/omniverse-content-production.s3-us-west-2.amazonaws.com/Assets/Isaac) by extension 'ros'
[0.416s] Level 1:colcon.colcon_core.package_identification:_identify(isaacpjt/M0609/Collected_m0609_camera/omniverse-content-production.s3-us-west-2.amazonaws.com/Assets/Isaac) by extensions ['cmake', 'python']
[0.416s] Level 1:colcon.colcon_core.package_identification:_identify(isaacpjt/M0609/Collected_m0609_camera/omniverse-content-production.s3-us-west-2.amazonaws.com/Assets/Isaac) by extension 'cmake'
[0.416s] Level 1:colcon.colcon_core.package_identification:_identify(isaacpjt/M0609/Collected_m0609_camera/omniverse-content-production.s3-us-west-2.amazonaws.com/Assets/Isaac) by extension 'python'
[0.416s] Level 1:colcon.colcon_core.package_identification:_identify(isaacpjt/M0609/Collected_m0609_camera/omniverse-content-production.s3-us-west-2.amazonaws.com/Assets/Isaac) by extensions ['python_setup_py']
[0.416s] Level 1:colcon.colcon_core.package_identification:_identify(isaacpjt/M0609/Collected_m0609_camera/omniverse-content-production.s3-us-west-2.amazonaws.com/Assets/Isaac) by extension 'python_setup_py'
[0.416s] Level 1:colcon.colcon_core.package_identification:_identify(isaacpjt/M0609/Collected_m0609_camera/omniverse-content-production.s3-us-west-2.amazonaws.com/Assets/Isaac/5.1) by extensions ['ignore', 'ignore_ament_install']
[0.417s] Level 1:colcon.colcon_core.package_identification:_identify(isaacpjt/M0609/Collected_m0609_camera/omniverse-content-production.s3-us-west-2.amazonaws.com/Assets/Isaac/5.1) by extension 'ignore'
[0.417s] Level 1:colcon.colcon_core.package_identification:_identify(isaacpjt/M0609/Collected_m0609_camera/omniverse-content-production.s3-us-west-2.amazonaws.com/Assets/Isaac/5.1) by extension 'ignore_ament_install'
[0.417s] Level 1:colcon.colcon_core.package_identification:_identify(isaacpjt/M0609/Collected_m0609_camera/omniverse-content-production.s3-us-west-2.amazonaws.com/Assets/Isaac/5.1) by extensions ['colcon_pkg']
[0.417s] Level 1:colcon.colcon_core.package_identification:_identify(isaacpjt/M0609/Collected_m0609_camera/omniverse-content-production.s3-us-west-2.amazonaws.com/Assets/Isaac/5.1) by extension 'colcon_pkg'
[0.417s] Level 1:colcon.colcon_core.package_identification:_identify(isaacpjt/M0609/Collected_m0609_camera/omniverse-content-production.s3-us-west-2.amazonaws.com/Assets/Isaac/5.1) by extensions ['colcon_meta']
[0.417s] Level 1:colcon.colcon_core.package_identification:_identify(isaacpjt/M0609/Collected_m0609_camera/omniverse-content-production.s3-us-west-2.amazonaws.com/Assets/Isaac/5.1) by extension 'colcon_meta'
[0.417s] Level 1:colcon.colcon_core.package_identification:_identify(isaacpjt/M0609/Collected_m0609_camera/omniverse-content-production.s3-us-west-2.amazonaws.com/Assets/Isaac/5.1) by extensions ['ros']
[0.417s] Level 1:colcon.colcon_core.package_identification:_identify(isaacpjt/M0609/Collected_m0609_camera/omniverse-content-production.s3-us-west-2.amazonaws.com/Assets/Isaac/5.1) by extension 'ros'
[0.417s] Level 1:colcon.colcon_core.package_identification:_identify(isaacpjt/M0609/Collected_m0609_camera/omniverse-content-production.s3-us-west-2.amazonaws.com/Assets/Isaac/5.1) by extensions ['cmake', 'python']
[0.417s] Level 1:colcon.colcon_core.package_identification:_identify(isaacpjt/M0609/Collected_m0609_camera/omniverse-content-production.s3-us-west-2.amazonaws.com/Assets/Isaac/5.1) by extension 'cmake'
[0.417s] Level 1:colcon.colcon_core.package_identification:_identify(isaacpjt/M0609/Collected_m0609_camera/omniverse-content-production.s3-us-west-2.amazonaws.com/Assets/Isaac/5.1) by extension 'python'
[0.417s] Level 1:colcon.colcon_core.package_identification:_identify(isaacpjt/M0609/Collected_m0609_camera/omniverse-content-production.s3-us-west-2.amazonaws.com/Assets/Isaac/5.1) by extensions ['python_setup_py']
[0.417s] Level 1:colcon.colcon_core.package_identification:_identify(isaacpjt/M0609/Collected_m0609_camera/omniverse-content-production.s3-us-west-2.amazonaws.com/Assets/Isaac/5.1) by extension 'python_setup_py'
[0.417s] Level 1:colcon.colcon_core.package_identification:_identify(isaacpjt/M0609/Collected_m0609_camera/omniverse-content-production.s3-us-west-2.amazonaws.com/Assets/Isaac/5.1/Isaac) by extensions ['ignore', 'ignore_ament_install']
[0.418s] Level 1:colcon.colcon_core.package_identification:_identify(isaacpjt/M0609/Collected_m0609_camera/omniverse-content-production.s3-us-west-2.amazonaws.com/Assets/Isaac/5.1/Isaac) by extension 'ignore'
[0.418s] Level 1:colcon.colcon_core.package_identification:_identify(isaacpjt/M0609/Collected_m0609_camera/omniverse-content-production.s3-us-west-2.amazonaws.com/Assets/Isaac/5.1/Isaac) by extension 'ignore_ament_install'
[0.418s] Level 1:colcon.colcon_core.package_identification:_identify(isaacpjt/M0609/Collected_m0609_camera/omniverse-content-production.s3-us-west-2.amazonaws.com/Assets/Isaac/5.1/Isaac) by extensions ['colcon_pkg']
[0.418s] Level 1:colcon.colcon_core.package_identification:_identify(isaacpjt/M0609/Collected_m0609_camera/omniverse-content-production.s3-us-west-2.amazonaws.com/Assets/Isaac/5.1/Isaac) by extension 'colcon_pkg'
[0.418s] Level 1:colcon.colcon_core.package_identification:_identify(isaacpjt/M0609/Collected_m0609_camera/omniverse-content-production.s3-us-west-2.amazonaws.com/Assets/Isaac/5.1/Isaac) by extensions ['colcon_meta']
[0.418s] Level 1:colcon.colcon_core.package_identification:_identify(isaacpjt/M0609/Collected_m0609_camera/omniverse-content-production.s3-us-west-2.amazonaws.com/Assets/Isaac/5.1/Isaac) by extension 'colcon_meta'
[0.418s] Level 1:colcon.colcon_core.package_identification:_identify(isaacpjt/M0609/Collected_m0609_camera/omniverse-content-production.s3-us-west-2.amazonaws.com/Assets/Isaac/5.1/Isaac) by extensions ['ros']
[0.418s] Level 1:colcon.colcon_core.package_identification:_identify(isaacpjt/M0609/Collected_m0609_camera/omniverse-content-production.s3-us-west-2.amazonaws.com/Assets/Isaac/5.1/Isaac) by extension 'ros'
[0.418s] Level 1:colcon.colcon_core.package_identification:_identify(isaacpjt/M0609/Collected_m0609_camera/omniverse-content-production.s3-us-west-2.amazonaws.com/Assets/Isaac/5.1/Isaac) by extensions ['cmake', 'python']
[0.418s] Level 1:colcon.colcon_core.package_identification:_identify(isaacpjt/M0609/Collected_m0609_camera/omniverse-content-production.s3-us-west-2.amazonaws.com/Assets/Isaac/5.1/Isaac) by extension 'cmake'
[0.418s] Level 1:colcon.colcon_core.package_identification:_identify(isaacpjt/M0609/Collected_m0609_camera/omniverse-content-production.s3-us-west-2.amazonaws.com/Assets/Isaac/5.1/Isaac) by extension 'python'
[0.418s] Level 1:colcon.colcon_core.package_identification:_identify(isaacpjt/M0609/Collected_m0609_camera/omniverse-content-production.s3-us-west-2.amazonaws.com/Assets/Isaac/5.1/Isaac) by extensions ['python_setup_py']
[0.418s] Level 1:colcon.colcon_core.package_identification:_identify(isaacpjt/M0609/Collected_m0609_camera/omniverse-content-production.s3-us-west-2.amazonaws.com/Assets/Isaac/5.1/Isaac) by extension 'python_setup_py'
[0.419s] Level 1:colcon.colcon_core.package_identification:_identify(isaacpjt/M0609/Collected_m0609_camera/omniverse-content-production.s3-us-west-2.amazonaws.com/Assets/Isaac/5.1/Isaac/Materials) by extensions ['ignore', 'ignore_ament_install']
[0.419s] Level 1:colcon.colcon_core.package_identification:_identify(isaacpjt/M0609/Collected_m0609_camera/omniverse-content-production.s3-us-west-2.amazonaws.com/Assets/Isaac/5.1/Isaac/Materials) by extension 'ignore'
[0.419s] Level 1:colcon.colcon_core.package_identification:_identify(isaacpjt/M0609/Collected_m0609_camera/omniverse-content-production.s3-us-west-2.amazonaws.com/Assets/Isaac/5.1/Isaac/Materials) by extension 'ignore_ament_install'
[0.419s] Level 1:colcon.colcon_core.package_identification:_identify(isaacpjt/M0609/Collected_m0609_camera/omniverse-content-production.s3-us-west-2.amazonaws.com/Assets/Isaac/5.1/Isaac/Materials) by extensions ['colcon_pkg']
[0.419s] Level 1:colcon.colcon_core.package_identification:_identify(isaacpjt/M0609/Collected_m0609_camera/omniverse-content-production.s3-us-west-2.amazonaws.com/Assets/Isaac/5.1/Isaac/Materials) by extension 'colcon_pkg'
[0.419s] Level 1:colcon.colcon_core.package_identification:_identify(isaacpjt/M0609/Collected_m0609_camera/omniverse-content-production.s3-us-west-2.amazonaws.com/Assets/Isaac/5.1/Isaac/Materials) by extensions ['colcon_meta']
[0.419s] Level 1:colcon.colcon_core.package_identification:_identify(isaacpjt/M0609/Collected_m0609_camera/omniverse-content-production.s3-us-west-2.amazonaws.com/Assets/Isaac/5.1/Isaac/Materials) by extension 'colcon_meta'
[0.419s] Level 1:colcon.colcon_core.package_identification:_identify(isaacpjt/M0609/Collected_m0609_camera/omniverse-content-production.s3-us-west-2.amazonaws.com/Assets/Isaac/5.1/Isaac/Materials) by extensions ['ros']
[0.419s] Level 1:colcon.colcon_core.package_identification:_identify(isaacpjt/M0609/Collected_m0609_camera/omniverse-content-production.s3-us-west-2.amazonaws.com/Assets/Isaac/5.1/Isaac/Materials) by extension 'ros'
[0.419s] Level 1:colcon.colcon_core.package_identification:_identify(isaacpjt/M0609/Collected_m0609_camera/omniverse-content-production.s3-us-west-2.amazonaws.com/Assets/Isaac/5.1/Isaac/Materials) by extensions ['cmake', 'python']
[0.419s] Level 1:colcon.colcon_core.package_identification:_identify(isaacpjt/M0609/Collected_m0609_camera/omniverse-content-production.s3-us-west-2.amazonaws.com/Assets/Isaac/5.1/Isaac/Materials) by extension 'cmake'
[0.419s] Level 1:colcon.colcon_core.package_identification:_identify(isaacpjt/M0609/Collected_m0609_camera/omniverse-content-production.s3-us-west-2.amazonaws.com/Assets/Isaac/5.1/Isaac/Materials) by extension 'python'
[0.419s] Level 1:colcon.colcon_core.package_identification:_identify(isaacpjt/M0609/Collected_m0609_camera/omniverse-content-production.s3-us-west-2.amazonaws.com/Assets/Isaac/5.1/Isaac/Materials) by extensions ['python_setup_py']
[0.419s] Level 1:colcon.colcon_core.package_identification:_identify(isaacpjt/M0609/Collected_m0609_camera/omniverse-content-production.s3-us-west-2.amazonaws.com/Assets/Isaac/5.1/Isaac/Materials) by extension 'python_setup_py'
[0.420s] Level 1:colcon.colcon_core.package_identification:_identify(isaacpjt/M0609/Collected_m0609_camera/omniverse-content-production.s3-us-west-2.amazonaws.com/Assets/Isaac/5.1/Isaac/Materials/Base) by extensions ['ignore', 'ignore_ament_install']
[0.420s] Level 1:colcon.colcon_core.package_identification:_identify(isaacpjt/M0609/Collected_m0609_camera/omniverse-content-production.s3-us-west-2.amazonaws.com/Assets/Isaac/5.1/Isaac/Materials/Base) by extension 'ignore'
[0.420s] Level 1:colcon.colcon_core.package_identification:_identify(isaacpjt/M0609/Collected_m0609_camera/omniverse-content-production.s3-us-west-2.amazonaws.com/Assets/Isaac/5.1/Isaac/Materials/Base) by extension 'ignore_ament_install'
[0.420s] Level 1:colcon.colcon_core.package_identification:_identify(isaacpjt/M0609/Collected_m0609_camera/omniverse-content-production.s3-us-west-2.amazonaws.com/Assets/Isaac/5.1/Isaac/Materials/Base) by extensions ['colcon_pkg']
[0.420s] Level 1:colcon.colcon_core.package_identification:_identify(isaacpjt/M0609/Collected_m0609_camera/omniverse-content-production.s3-us-west-2.amazonaws.com/Assets/Isaac/5.1/Isaac/Materials/Base) by extension 'colcon_pkg'
[0.420s] Level 1:colcon.colcon_core.package_identification:_identify(isaacpjt/M0609/Collected_m0609_camera/omniverse-content-production.s3-us-west-2.amazonaws.com/Assets/Isaac/5.1/Isaac/Materials/Base) by extensions ['colcon_meta']
[0.420s] Level 1:colcon.colcon_core.package_identification:_identify(isaacpjt/M0609/Collected_m0609_camera/omniverse-content-production.s3-us-west-2.amazonaws.com/Assets/Isaac/5.1/Isaac/Materials/Base) by extension 'colcon_meta'
[0.420s] Level 1:colcon.colcon_core.package_identification:_identify(isaacpjt/M0609/Collected_m0609_camera/omniverse-content-production.s3-us-west-2.amazonaws.com/Assets/Isaac/5.1/Isaac/Materials/Base) by extensions ['ros']
[0.420s] Level 1:colcon.colcon_core.package_identification:_identify(isaacpjt/M0609/Collected_m0609_camera/omniverse-content-production.s3-us-west-2.amazonaws.com/Assets/Isaac/5.1/Isaac/Materials/Base) by extension 'ros'
[0.420s] Level 1:colcon.colcon_core.package_identification:_identify(isaacpjt/M0609/Collected_m0609_camera/omniverse-content-production.s3-us-west-2.amazonaws.com/Assets/Isaac/5.1/Isaac/Materials/Base) by extensions ['cmake', 'python']
[0.420s] Level 1:colcon.colcon_core.package_identification:_identify(isaacpjt/M0609/Collected_m0609_camera/omniverse-content-production.s3-us-west-2.amazonaws.com/Assets/Isaac/5.1/Isaac/Materials/Base) by extension 'cmake'
[0.420s] Level 1:colcon.colcon_core.package_identification:_identify(isaacpjt/M0609/Collected_m0609_camera/omniverse-content-production.s3-us-west-2.amazonaws.com/Assets/Isaac/5.1/Isaac/Materials/Base) by extension 'python'
[0.420s] Level 1:colcon.colcon_core.package_identification:_identify(isaacpjt/M0609/Collected_m0609_camera/omniverse-content-production.s3-us-west-2.amazonaws.com/Assets/Isaac/5.1/Isaac/Materials/Base) by extensions ['python_setup_py']
[0.420s] Level 1:colcon.colcon_core.package_identification:_identify(isaacpjt/M0609/Collected_m0609_camera/omniverse-content-production.s3-us-west-2.amazonaws.com/Assets/Isaac/5.1/Isaac/Materials/Base) by extension 'python_setup_py'
[0.421s] Level 1:colcon.colcon_core.package_identification:_identify(isaacpjt/M0609/Collected_m0609_camera/omniverse-content-production.s3-us-west-2.amazonaws.com/Assets/Isaac/5.1/Isaac/Materials/Base/Metals) by extensions ['ignore', 'ignore_ament_install']
[0.421s] Level 1:colcon.colcon_core.package_identification:_identify(isaacpjt/M0609/Collected_m0609_camera/omniverse-content-production.s3-us-west-2.amazonaws.com/Assets/Isaac/5.1/Isaac/Materials/Base/Metals) by extension 'ignore'
[0.421s] Level 1:colcon.colcon_core.package_identification:_identify(isaacpjt/M0609/Collected_m0609_camera/omniverse-content-production.s3-us-west-2.amazonaws.com/Assets/Isaac/5.1/Isaac/Materials/Base/Metals) by extension 'ignore_ament_install'
[0.421s] Level 1:colcon.colcon_core.package_identification:_identify(isaacpjt/M0609/Collected_m0609_camera/omniverse-content-production.s3-us-west-2.amazonaws.com/Assets/Isaac/5.1/Isaac/Materials/Base/Metals) by extensions ['colcon_pkg']
[0.421s] Level 1:colcon.colcon_core.package_identification:_identify(isaacpjt/M0609/Collected_m0609_camera/omniverse-content-production.s3-us-west-2.amazonaws.com/Assets/Isaac/5.1/Isaac/Materials/Base/Metals) by extension 'colcon_pkg'
[0.421s] Level 1:colcon.colcon_core.package_identification:_identify(isaacpjt/M0609/Collected_m0609_camera/omniverse-content-production.s3-us-west-2.amazonaws.com/Assets/Isaac/5.1/Isaac/Materials/Base/Metals) by extensions ['colcon_meta']
[0.421s] Level 1:colcon.colcon_core.package_identification:_identify(isaacpjt/M0609/Collected_m0609_camera/omniverse-content-production.s3-us-west-2.amazonaws.com/Assets/Isaac/5.1/Isaac/Materials/Base/Metals) by extension 'colcon_meta'
[0.421s] Level 1:colcon.colcon_core.package_identification:_identify(isaacpjt/M0609/Collected_m0609_camera/omniverse-content-production.s3-us-west-2.amazonaws.com/Assets/Isaac/5.1/Isaac/Materials/Base/Metals) by extensions ['ros']
[0.421s] Level 1:colcon.colcon_core.package_identification:_identify(isaacpjt/M0609/Collected_m0609_camera/omniverse-content-production.s3-us-west-2.amazonaws.com/Assets/Isaac/5.1/Isaac/Materials/Base/Metals) by extension 'ros'
[0.421s] Level 1:colcon.colcon_core.package_identification:_identify(isaacpjt/M0609/Collected_m0609_camera/omniverse-content-production.s3-us-west-2.amazonaws.com/Assets/Isaac/5.1/Isaac/Materials/Base/Metals) by extensions ['cmake', 'python']
[0.421s] Level 1:colcon.colcon_core.package_identification:_identify(isaacpjt/M0609/Collected_m0609_camera/omniverse-content-production.s3-us-west-2.amazonaws.com/Assets/Isaac/5.1/Isaac/Materials/Base/Metals) by extension 'cmake'
[0.421s] Level 1:colcon.colcon_core.package_identification:_identify(isaacpjt/M0609/Collected_m0609_camera/omniverse-content-production.s3-us-west-2.amazonaws.com/Assets/Isaac/5.1/Isaac/Materials/Base/Metals) by extension 'python'
[0.422s] Level 1:colcon.colcon_core.package_identification:_identify(isaacpjt/M0609/Collected_m0609_camera/omniverse-content-production.s3-us-west-2.amazonaws.com/Assets/Isaac/5.1/Isaac/Materials/Base/Metals) by extensions ['python_setup_py']
[0.422s] Level 1:colcon.colcon_core.package_identification:_identify(isaacpjt/M0609/Collected_m0609_camera/omniverse-content-production.s3-us-west-2.amazonaws.com/Assets/Isaac/5.1/Isaac/Materials/Base/Metals) by extension 'python_setup_py'
[0.422s] Level 1:colcon.colcon_core.package_identification:_identify(isaacpjt/M0609/Collected_m0609_camera/omniverse-content-production.s3-us-west-2.amazonaws.com/Assets/Isaac/5.1/Isaac/Materials/Base/Metals/Aluminum_Anodized) by extensions ['ignore', 'ignore_ament_install']
[0.422s] Level 1:colcon.colcon_core.package_identification:_identify(isaacpjt/M0609/Collected_m0609_camera/omniverse-content-production.s3-us-west-2.amazonaws.com/Assets/Isaac/5.1/Isaac/Materials/Base/Metals/Aluminum_Anodized) by extension 'ignore'
[0.422s] Level 1:colcon.colcon_core.package_identification:_identify(isaacpjt/M0609/Collected_m0609_camera/omniverse-content-production.s3-us-west-2.amazonaws.com/Assets/Isaac/5.1/Isaac/Materials/Base/Metals/Aluminum_Anodized) by extension 'ignore_ament_install'
[0.422s] Level 1:colcon.colcon_core.package_identification:_identify(isaacpjt/M0609/Collected_m0609_camera/omniverse-content-production.s3-us-west-2.amazonaws.com/Assets/Isaac/5.1/Isaac/Materials/Base/Metals/Aluminum_Anodized) by extensions ['colcon_pkg']
[0.422s] Level 1:colcon.colcon_core.package_identification:_identify(isaacpjt/M0609/Collected_m0609_camera/omniverse-content-production.s3-us-west-2.amazonaws.com/Assets/Isaac/5.1/Isaac/Materials/Base/Metals/Aluminum_Anodized) by extension 'colcon_pkg'
[0.422s] Level 1:colcon.colcon_core.package_identification:_identify(isaacpjt/M0609/Collected_m0609_camera/omniverse-content-production.s3-us-west-2.amazonaws.com/Assets/Isaac/5.1/Isaac/Materials/Base/Metals/Aluminum_Anodized) by extensions ['colcon_meta']
[0.422s] Level 1:colcon.colcon_core.package_identification:_identify(isaacpjt/M0609/Collected_m0609_camera/omniverse-content-production.s3-us-west-2.amazonaws.com/Assets/Isaac/5.1/Isaac/Materials/Base/Metals/Aluminum_Anodized) by extension 'colcon_meta'
[0.422s] Level 1:colcon.colcon_core.package_identification:_identify(isaacpjt/M0609/Collected_m0609_camera/omniverse-content-production.s3-us-west-2.amazonaws.com/Assets/Isaac/5.1/Isaac/Materials/Base/Metals/Aluminum_Anodized) by extensions ['ros']
[0.422s] Level 1:colcon.colcon_core.package_identification:_identify(isaacpjt/M0609/Collected_m0609_camera/omniverse-content-production.s3-us-west-2.amazonaws.com/Assets/Isaac/5.1/Isaac/Materials/Base/Metals/Aluminum_Anodized) by extension 'ros'
[0.423s] Level 1:colcon.colcon_core.package_identification:_identify(isaacpjt/M0609/Collected_m0609_camera/omniverse-content-production.s3-us-west-2.amazonaws.com/Assets/Isaac/5.1/Isaac/Materials/Base/Metals/Aluminum_Anodized) by extensions ['cmake', 'python']
[0.423s] Level 1:colcon.colcon_core.package_identification:_identify(isaacpjt/M0609/Collected_m0609_camera/omniverse-content-production.s3-us-west-2.amazonaws.com/Assets/Isaac/5.1/Isaac/Materials/Base/Metals/Aluminum_Anodized) by extension 'cmake'
[0.423s] Level 1:colcon.colcon_core.package_identification:_identify(isaacpjt/M0609/Collected_m0609_camera/omniverse-content-production.s3-us-west-2.amazonaws.com/Assets/Isaac/5.1/Isaac/Materials/Base/Metals/Aluminum_Anodized) by extension 'python'
[0.423s] Level 1:colcon.colcon_core.package_identification:_identify(isaacpjt/M0609/Collected_m0609_camera/omniverse-content-production.s3-us-west-2.amazonaws.com/Assets/Isaac/5.1/Isaac/Materials/Base/Metals/Aluminum_Anodized) by extensions ['python_setup_py']
[0.423s] Level 1:colcon.colcon_core.package_identification:_identify(isaacpjt/M0609/Collected_m0609_camera/omniverse-content-production.s3-us-west-2.amazonaws.com/Assets/Isaac/5.1/Isaac/Materials/Base/Metals/Aluminum_Anodized) by extension 'python_setup_py'
[0.423s] Level 1:colcon.colcon_core.package_identification:_identify(isaacpjt/M0609/Collected_m0609_camera/omniverse-content-production.s3-us-west-2.amazonaws.com/Assets/Isaac/5.1/Isaac/Materials/Base/Metals/Aluminum_Cast) by extensions ['ignore', 'ignore_ament_install']
[0.423s] Level 1:colcon.colcon_core.package_identification:_identify(isaacpjt/M0609/Collected_m0609_camera/omniverse-content-production.s3-us-west-2.amazonaws.com/Assets/Isaac/5.1/Isaac/Materials/Base/Metals/Aluminum_Cast) by extension 'ignore'
[0.423s] Level 1:colcon.colcon_core.package_identification:_identify(isaacpjt/M0609/Collected_m0609_camera/omniverse-content-production.s3-us-west-2.amazonaws.com/Assets/Isaac/5.1/Isaac/Materials/Base/Metals/Aluminum_Cast) by extension 'ignore_ament_install'
[0.423s] Level 1:colcon.colcon_core.package_identification:_identify(isaacpjt/M0609/Collected_m0609_camera/omniverse-content-production.s3-us-west-2.amazonaws.com/Assets/Isaac/5.1/Isaac/Materials/Base/Metals/Aluminum_Cast) by extensions ['colcon_pkg']
[0.423s] Level 1:colcon.colcon_core.package_identification:_identify(isaacpjt/M0609/Collected_m0609_camera/omniverse-content-production.s3-us-west-2.amazonaws.com/Assets/Isaac/5.1/Isaac/Materials/Base/Metals/Aluminum_Cast) by extension 'colcon_pkg'
[0.423s] Level 1:colcon.colcon_core.package_identification:_identify(isaacpjt/M0609/Collected_m0609_camera/omniverse-content-production.s3-us-west-2.amazonaws.com/Assets/Isaac/5.1/Isaac/Materials/Base/Metals/Aluminum_Cast) by extensions ['colcon_meta']
[0.423s] Level 1:colcon.colcon_core.package_identification:_identify(isaacpjt/M0609/Collected_m0609_camera/omniverse-content-production.s3-us-west-2.amazonaws.com/Assets/Isaac/5.1/Isaac/Materials/Base/Metals/Aluminum_Cast) by extension 'colcon_meta'
[0.423s] Level 1:colcon.colcon_core.package_identification:_identify(isaacpjt/M0609/Collected_m0609_camera/omniverse-content-production.s3-us-west-2.amazonaws.com/Assets/Isaac/5.1/Isaac/Materials/Base/Metals/Aluminum_Cast) by extensions ['ros']
[0.423s] Level 1:colcon.colcon_core.package_identification:_identify(isaacpjt/M0609/Collected_m0609_camera/omniverse-content-production.s3-us-west-2.amazonaws.com/Assets/Isaac/5.1/Isaac/Materials/Base/Metals/Aluminum_Cast) by extension 'ros'
[0.424s] Level 1:colcon.colcon_core.package_identification:_identify(isaacpjt/M0609/Collected_m0609_camera/omniverse-content-production.s3-us-west-2.amazonaws.com/Assets/Isaac/5.1/Isaac/Materials/Base/Metals/Aluminum_Cast) by extensions ['cmake', 'python']
[0.424s] Level 1:colcon.colcon_core.package_identification:_identify(isaacpjt/M0609/Collected_m0609_camera/omniverse-content-production.s3-us-west-2.amazonaws.com/Assets/Isaac/5.1/Isaac/Materials/Base/Metals/Aluminum_Cast) by extension 'cmake'
[0.424s] Level 1:colcon.colcon_core.package_identification:_identify(isaacpjt/M0609/Collected_m0609_camera/omniverse-content-production.s3-us-west-2.amazonaws.com/Assets/Isaac/5.1/Isaac/Materials/Base/Metals/Aluminum_Cast) by extension 'python'
[0.424s] Level 1:colcon.colcon_core.package_identification:_identify(isaacpjt/M0609/Collected_m0609_camera/omniverse-content-production.s3-us-west-2.amazonaws.com/Assets/Isaac/5.1/Isaac/Materials/Base/Metals/Aluminum_Cast) by extensions ['python_setup_py']
[0.424s] Level 1:colcon.colcon_core.package_identification:_identify(isaacpjt/M0609/Collected_m0609_camera/omniverse-content-production.s3-us-west-2.amazonaws.com/Assets/Isaac/5.1/Isaac/Materials/Base/Metals/Aluminum_Cast) by extension 'python_setup_py'
[0.424s] Level 1:colcon.colcon_core.package_identification:_identify(isaacpjt/M0609/Collected_m0609_camera/omniverse-content-production.s3-us-west-2.amazonaws.com/Assets/Isaac/5.1/Isaac/Materials/Base/Plastics) by extensions ['ignore', 'ignore_ament_install']
[0.424s] Level 1:colcon.colcon_core.package_identification:_identify(isaacpjt/M0609/Collected_m0609_camera/omniverse-content-production.s3-us-west-2.amazonaws.com/Assets/Isaac/5.1/Isaac/Materials/Base/Plastics) by extension 'ignore'
[0.424s] Level 1:colcon.colcon_core.package_identification:_identify(isaacpjt/M0609/Collected_m0609_camera/omniverse-content-production.s3-us-west-2.amazonaws.com/Assets/Isaac/5.1/Isaac/Materials/Base/Plastics) by extension 'ignore_ament_install'
[0.424s] Level 1:colcon.colcon_core.package_identification:_identify(isaacpjt/M0609/Collected_m0609_camera/omniverse-content-production.s3-us-west-2.amazonaws.com/Assets/Isaac/5.1/Isaac/Materials/Base/Plastics) by extensions ['colcon_pkg']
[0.424s] Level 1:colcon.colcon_core.package_identification:_identify(isaacpjt/M0609/Collected_m0609_camera/omniverse-content-production.s3-us-west-2.amazonaws.com/Assets/Isaac/5.1/Isaac/Materials/Base/Plastics) by extension 'colcon_pkg'
[0.424s] Level 1:colcon.colcon_core.package_identification:_identify(isaacpjt/M0609/Collected_m0609_camera/omniverse-content-production.s3-us-west-2.amazonaws.com/Assets/Isaac/5.1/Isaac/Materials/Base/Plastics) by extensions ['colcon_meta']
[0.424s] Level 1:colcon.colcon_core.package_identification:_identify(isaacpjt/M0609/Collected_m0609_camera/omniverse-content-production.s3-us-west-2.amazonaws.com/Assets/Isaac/5.1/Isaac/Materials/Base/Plastics) by extension 'colcon_meta'
[0.425s] Level 1:colcon.colcon_core.package_identification:_identify(isaacpjt/M0609/Collected_m0609_camera/omniverse-content-production.s3-us-west-2.amazonaws.com/Assets/Isaac/5.1/Isaac/Materials/Base/Plastics) by extensions ['ros']
[0.425s] Level 1:colcon.colcon_core.package_identification:_identify(isaacpjt/M0609/Collected_m0609_camera/omniverse-content-production.s3-us-west-2.amazonaws.com/Assets/Isaac/5.1/Isaac/Materials/Base/Plastics) by extension 'ros'
[0.425s] Level 1:colcon.colcon_core.package_identification:_identify(isaacpjt/M0609/Collected_m0609_camera/omniverse-content-production.s3-us-west-2.amazonaws.com/Assets/Isaac/5.1/Isaac/Materials/Base/Plastics) by extensions ['cmake', 'python']
[0.425s] Level 1:colcon.colcon_core.package_identification:_identify(isaacpjt/M0609/Collected_m0609_camera/omniverse-content-production.s3-us-west-2.amazonaws.com/Assets/Isaac/5.1/Isaac/Materials/Base/Plastics) by extension 'cmake'
[0.425s] Level 1:colcon.colcon_core.package_identification:_identify(isaacpjt/M0609/Collected_m0609_camera/omniverse-content-production.s3-us-west-2.amazonaws.com/Assets/Isaac/5.1/Isaac/Materials/Base/Plastics) by extension 'python'
[0.425s] Level 1:colcon.colcon_core.package_identification:_identify(isaacpjt/M0609/Collected_m0609_camera/omniverse-content-production.s3-us-west-2.amazonaws.com/Assets/Isaac/5.1/Isaac/Materials/Base/Plastics) by extensions ['python_setup_py']
[0.425s] Level 1:colcon.colcon_core.package_identification:_identify(isaacpjt/M0609/Collected_m0609_camera/omniverse-content-production.s3-us-west-2.amazonaws.com/Assets/Isaac/5.1/Isaac/Materials/Base/Plastics) by extension 'python_setup_py'
[0.425s] Level 1:colcon.colcon_core.package_identification:_identify(isaacpjt/M0609/Collected_m0609_camera/omniverse-content-production.s3-us-west-2.amazonaws.com/Assets/Isaac/5.1/Isaac/Sensors) by extensions ['ignore', 'ignore_ament_install']
[0.425s] Level 1:colcon.colcon_core.package_identification:_identify(isaacpjt/M0609/Collected_m0609_camera/omniverse-content-production.s3-us-west-2.amazonaws.com/Assets/Isaac/5.1/Isaac/Sensors) by extension 'ignore'
[0.425s] Level 1:colcon.colcon_core.package_identification:_identify(isaacpjt/M0609/Collected_m0609_camera/omniverse-content-production.s3-us-west-2.amazonaws.com/Assets/Isaac/5.1/Isaac/Sensors) by extension 'ignore_ament_install'
[0.425s] Level 1:colcon.colcon_core.package_identification:_identify(isaacpjt/M0609/Collected_m0609_camera/omniverse-content-production.s3-us-west-2.amazonaws.com/Assets/Isaac/5.1/Isaac/Sensors) by extensions ['colcon_pkg']
[0.425s] Level 1:colcon.colcon_core.package_identification:_identify(isaacpjt/M0609/Collected_m0609_camera/omniverse-content-production.s3-us-west-2.amazonaws.com/Assets/Isaac/5.1/Isaac/Sensors) by extension 'colcon_pkg'
[0.426s] Level 1:colcon.colcon_core.package_identification:_identify(isaacpjt/M0609/Collected_m0609_camera/omniverse-content-production.s3-us-west-2.amazonaws.com/Assets/Isaac/5.1/Isaac/Sensors) by extensions ['colcon_meta']
[0.426s] Level 1:colcon.colcon_core.package_identification:_identify(isaacpjt/M0609/Collected_m0609_camera/omniverse-content-production.s3-us-west-2.amazonaws.com/Assets/Isaac/5.1/Isaac/Sensors) by extension 'colcon_meta'
[0.426s] Level 1:colcon.colcon_core.package_identification:_identify(isaacpjt/M0609/Collected_m0609_camera/omniverse-content-production.s3-us-west-2.amazonaws.com/Assets/Isaac/5.1/Isaac/Sensors) by extensions ['ros']
[0.426s] Level 1:colcon.colcon_core.package_identification:_identify(isaacpjt/M0609/Collected_m0609_camera/omniverse-content-production.s3-us-west-2.amazonaws.com/Assets/Isaac/5.1/Isaac/Sensors) by extension 'ros'
[0.426s] Level 1:colcon.colcon_core.package_identification:_identify(isaacpjt/M0609/Collected_m0609_camera/omniverse-content-production.s3-us-west-2.amazonaws.com/Assets/Isaac/5.1/Isaac/Sensors) by extensions ['cmake', 'python']
[0.426s] Level 1:colcon.colcon_core.package_identification:_identify(isaacpjt/M0609/Collected_m0609_camera/omniverse-content-production.s3-us-west-2.amazonaws.com/Assets/Isaac/5.1/Isaac/Sensors) by extension 'cmake'
[0.426s] Level 1:colcon.colcon_core.package_identification:_identify(isaacpjt/M0609/Collected_m0609_camera/omniverse-content-production.s3-us-west-2.amazonaws.com/Assets/Isaac/5.1/Isaac/Sensors) by extension 'python'
[0.426s] Level 1:colcon.colcon_core.package_identification:_identify(isaacpjt/M0609/Collected_m0609_camera/omniverse-content-production.s3-us-west-2.amazonaws.com/Assets/Isaac/5.1/Isaac/Sensors) by extensions ['python_setup_py']
[0.426s] Level 1:colcon.colcon_core.package_identification:_identify(isaacpjt/M0609/Collected_m0609_camera/omniverse-content-production.s3-us-west-2.amazonaws.com/Assets/Isaac/5.1/Isaac/Sensors) by extension 'python_setup_py'
[0.426s] Level 1:colcon.colcon_core.package_identification:_identify(isaacpjt/M0609/Collected_m0609_camera/omniverse-content-production.s3-us-west-2.amazonaws.com/Assets/Isaac/5.1/Isaac/Sensors/Intel) by extensions ['ignore', 'ignore_ament_install']
[0.427s] Level 1:colcon.colcon_core.package_identification:_identify(isaacpjt/M0609/Collected_m0609_camera/omniverse-content-production.s3-us-west-2.amazonaws.com/Assets/Isaac/5.1/Isaac/Sensors/Intel) by extension 'ignore'
[0.427s] Level 1:colcon.colcon_core.package_identification:_identify(isaacpjt/M0609/Collected_m0609_camera/omniverse-content-production.s3-us-west-2.amazonaws.com/Assets/Isaac/5.1/Isaac/Sensors/Intel) by extension 'ignore_ament_install'
[0.427s] Level 1:colcon.colcon_core.package_identification:_identify(isaacpjt/M0609/Collected_m0609_camera/omniverse-content-production.s3-us-west-2.amazonaws.com/Assets/Isaac/5.1/Isaac/Sensors/Intel) by extensions ['colcon_pkg']
[0.427s] Level 1:colcon.colcon_core.package_identification:_identify(isaacpjt/M0609/Collected_m0609_camera/omniverse-content-production.s3-us-west-2.amazonaws.com/Assets/Isaac/5.1/Isaac/Sensors/Intel) by extension 'colcon_pkg'
[0.427s] Level 1:colcon.colcon_core.package_identification:_identify(isaacpjt/M0609/Collected_m0609_camera/omniverse-content-production.s3-us-west-2.amazonaws.com/Assets/Isaac/5.1/Isaac/Sensors/Intel) by extensions ['colcon_meta']
[0.427s] Level 1:colcon.colcon_core.package_identification:_identify(isaacpjt/M0609/Collected_m0609_camera/omniverse-content-production.s3-us-west-2.amazonaws.com/Assets/Isaac/5.1/Isaac/Sensors/Intel) by extension 'colcon_meta'
[0.427s] Level 1:colcon.colcon_core.package_identification:_identify(isaacpjt/M0609/Collected_m0609_camera/omniverse-content-production.s3-us-west-2.amazonaws.com/Assets/Isaac/5.1/Isaac/Sensors/Intel) by extensions ['ros']
[0.427s] Level 1:colcon.colcon_core.package_identification:_identify(isaacpjt/M0609/Collected_m0609_camera/omniverse-content-production.s3-us-west-2.amazonaws.com/Assets/Isaac/5.1/Isaac/Sensors/Intel) by extension 'ros'
[0.427s] Level 1:colcon.colcon_core.package_identification:_identify(isaacpjt/M0609/Collected_m0609_camera/omniverse-content-production.s3-us-west-2.amazonaws.com/Assets/Isaac/5.1/Isaac/Sensors/Intel) by extensions ['cmake', 'python']
[0.427s] Level 1:colcon.colcon_core.package_identification:_identify(isaacpjt/M0609/Collected_m0609_camera/omniverse-content-production.s3-us-west-2.amazonaws.com/Assets/Isaac/5.1/Isaac/Sensors/Intel) by extension 'cmake'
[0.427s] Level 1:colcon.colcon_core.package_identification:_identify(isaacpjt/M0609/Collected_m0609_camera/omniverse-content-production.s3-us-west-2.amazonaws.com/Assets/Isaac/5.1/Isaac/Sensors/Intel) by extension 'python'
[0.427s] Level 1:colcon.colcon_core.package_identification:_identify(isaacpjt/M0609/Collected_m0609_camera/omniverse-content-production.s3-us-west-2.amazonaws.com/Assets/Isaac/5.1/Isaac/Sensors/Intel) by extensions ['python_setup_py']
[0.427s] Level 1:colcon.colcon_core.package_identification:_identify(isaacpjt/M0609/Collected_m0609_camera/omniverse-content-production.s3-us-west-2.amazonaws.com/Assets/Isaac/5.1/Isaac/Sensors/Intel) by extension 'python_setup_py'
[0.427s] Level 1:colcon.colcon_core.package_identification:_identify(isaacpjt/M0609/Collected_m0609_camera/omniverse-content-production.s3-us-west-2.amazonaws.com/Assets/Isaac/5.1/Isaac/Sensors/Intel/RealSense) by extensions ['ignore', 'ignore_ament_install']
[0.428s] Level 1:colcon.colcon_core.package_identification:_identify(isaacpjt/M0609/Collected_m0609_camera/omniverse-content-production.s3-us-west-2.amazonaws.com/Assets/Isaac/5.1/Isaac/Sensors/Intel/RealSense) by extension 'ignore'
[0.428s] Level 1:colcon.colcon_core.package_identification:_identify(isaacpjt/M0609/Collected_m0609_camera/omniverse-content-production.s3-us-west-2.amazonaws.com/Assets/Isaac/5.1/Isaac/Sensors/Intel/RealSense) by extension 'ignore_ament_install'
[0.428s] Level 1:colcon.colcon_core.package_identification:_identify(isaacpjt/M0609/Collected_m0609_camera/omniverse-content-production.s3-us-west-2.amazonaws.com/Assets/Isaac/5.1/Isaac/Sensors/Intel/RealSense) by extensions ['colcon_pkg']
[0.428s] Level 1:colcon.colcon_core.package_identification:_identify(isaacpjt/M0609/Collected_m0609_camera/omniverse-content-production.s3-us-west-2.amazonaws.com/Assets/Isaac/5.1/Isaac/Sensors/Intel/RealSense) by extension 'colcon_pkg'
[0.428s] Level 1:colcon.colcon_core.package_identification:_identify(isaacpjt/M0609/Collected_m0609_camera/omniverse-content-production.s3-us-west-2.amazonaws.com/Assets/Isaac/5.1/Isaac/Sensors/Intel/RealSense) by extensions ['colcon_meta']
[0.428s] Level 1:colcon.colcon_core.package_identification:_identify(isaacpjt/M0609/Collected_m0609_camera/omniverse-content-production.s3-us-west-2.amazonaws.com/Assets/Isaac/5.1/Isaac/Sensors/Intel/RealSense) by extension 'colcon_meta'
[0.428s] Level 1:colcon.colcon_core.package_identification:_identify(isaacpjt/M0609/Collected_m0609_camera/omniverse-content-production.s3-us-west-2.amazonaws.com/Assets/Isaac/5.1/Isaac/Sensors/Intel/RealSense) by extensions ['ros']
[0.428s] Level 1:colcon.colcon_core.package_identification:_identify(isaacpjt/M0609/Collected_m0609_camera/omniverse-content-production.s3-us-west-2.amazonaws.com/Assets/Isaac/5.1/Isaac/Sensors/Intel/RealSense) by extension 'ros'
[0.428s] Level 1:colcon.colcon_core.package_identification:_identify(isaacpjt/M0609/Collected_m0609_camera/omniverse-content-production.s3-us-west-2.amazonaws.com/Assets/Isaac/5.1/Isaac/Sensors/Intel/RealSense) by extensions ['cmake', 'python']
[0.428s] Level 1:colcon.colcon_core.package_identification:_identify(isaacpjt/M0609/Collected_m0609_camera/omniverse-content-production.s3-us-west-2.amazonaws.com/Assets/Isaac/5.1/Isaac/Sensors/Intel/RealSense) by extension 'cmake'
[0.428s] Level 1:colcon.colcon_core.package_identification:_identify(isaacpjt/M0609/Collected_m0609_camera/omniverse-content-production.s3-us-west-2.amazonaws.com/Assets/Isaac/5.1/Isaac/Sensors/Intel/RealSense) by extension 'python'
[0.428s] Level 1:colcon.colcon_core.package_identification:_identify(isaacpjt/M0609/Collected_m0609_camera/omniverse-content-production.s3-us-west-2.amazonaws.com/Assets/Isaac/5.1/Isaac/Sensors/Intel/RealSense) by extensions ['python_setup_py']
[0.428s] Level 1:colcon.colcon_core.package_identification:_identify(isaacpjt/M0609/Collected_m0609_camera/omniverse-content-production.s3-us-west-2.amazonaws.com/Assets/Isaac/5.1/Isaac/Sensors/Intel/RealSense) by extension 'python_setup_py'
[0.429s] Level 1:colcon.colcon_core.package_identification:_identify(isaacpjt/M0609/Collected_m0609_camera/onrobot_rg2) by extensions ['ignore', 'ignore_ament_install']
[0.429s] Level 1:colcon.colcon_core.package_identification:_identify(isaacpjt/M0609/Collected_m0609_camera/onrobot_rg2) by extension 'ignore'
[0.429s] Level 1:colcon.colcon_core.package_identification:_identify(isaacpjt/M0609/Collected_m0609_camera/onrobot_rg2) by extension 'ignore_ament_install'
[0.429s] Level 1:colcon.colcon_core.package_identification:_identify(isaacpjt/M0609/Collected_m0609_camera/onrobot_rg2) by extensions ['colcon_pkg']
[0.429s] Level 1:colcon.colcon_core.package_identification:_identify(isaacpjt/M0609/Collected_m0609_camera/onrobot_rg2) by extension 'colcon_pkg'
[0.429s] Level 1:colcon.colcon_core.package_identification:_identify(isaacpjt/M0609/Collected_m0609_camera/onrobot_rg2) by extensions ['colcon_meta']
[0.429s] Level 1:colcon.colcon_core.package_identification:_identify(isaacpjt/M0609/Collected_m0609_camera/onrobot_rg2) by extension 'colcon_meta'
[0.429s] Level 1:colcon.colcon_core.package_identification:_identify(isaacpjt/M0609/Collected_m0609_camera/onrobot_rg2) by extensions ['ros']
[0.429s] Level 1:colcon.colcon_core.package_identification:_identify(isaacpjt/M0609/Collected_m0609_camera/onrobot_rg2) by extension 'ros'
[0.430s] Level 1:colcon.colcon_core.package_identification:_identify(isaacpjt/M0609/Collected_m0609_camera/onrobot_rg2) by extensions ['cmake', 'python']
[0.430s] Level 1:colcon.colcon_core.package_identification:_identify(isaacpjt/M0609/Collected_m0609_camera/onrobot_rg2) by extension 'cmake'
[0.430s] Level 1:colcon.colcon_core.package_identification:_identify(isaacpjt/M0609/Collected_m0609_camera/onrobot_rg2) by extension 'python'
[0.430s] Level 1:colcon.colcon_core.package_identification:_identify(isaacpjt/M0609/Collected_m0609_camera/onrobot_rg2) by extensions ['python_setup_py']
[0.430s] Level 1:colcon.colcon_core.package_identification:_identify(isaacpjt/M0609/Collected_m0609_camera/onrobot_rg2) by extension 'python_setup_py'
[0.430s] Level 1:colcon.colcon_core.package_identification:_identify(isaacpjt/M0609/Collected_m0609_camera/onrobot_rg2/urdf) by extensions ['ignore', 'ignore_ament_install']
[0.430s] Level 1:colcon.colcon_core.package_identification:_identify(isaacpjt/M0609/Collected_m0609_camera/onrobot_rg2/urdf) by extension 'ignore'
[0.430s] Level 1:colcon.colcon_core.package_identification:_identify(isaacpjt/M0609/Collected_m0609_camera/onrobot_rg2/urdf) by extension 'ignore_ament_install'
[0.430s] Level 1:colcon.colcon_core.package_identification:_identify(isaacpjt/M0609/Collected_m0609_camera/onrobot_rg2/urdf) by extensions ['colcon_pkg']
[0.431s] Level 1:colcon.colcon_core.package_identification:_identify(isaacpjt/M0609/Collected_m0609_camera/onrobot_rg2/urdf) by extension 'colcon_pkg'
[0.431s] Level 1:colcon.colcon_core.package_identification:_identify(isaacpjt/M0609/Collected_m0609_camera/onrobot_rg2/urdf) by extensions ['colcon_meta']
[0.431s] Level 1:colcon.colcon_core.package_identification:_identify(isaacpjt/M0609/Collected_m0609_camera/onrobot_rg2/urdf) by extension 'colcon_meta'
[0.431s] Level 1:colcon.colcon_core.package_identification:_identify(isaacpjt/M0609/Collected_m0609_camera/onrobot_rg2/urdf) by extensions ['ros']
[0.431s] Level 1:colcon.colcon_core.package_identification:_identify(isaacpjt/M0609/Collected_m0609_camera/onrobot_rg2/urdf) by extension 'ros'
[0.431s] Level 1:colcon.colcon_core.package_identification:_identify(isaacpjt/M0609/Collected_m0609_camera/onrobot_rg2/urdf) by extensions ['cmake', 'python']
[0.431s] Level 1:colcon.colcon_core.package_identification:_identify(isaacpjt/M0609/Collected_m0609_camera/onrobot_rg2/urdf) by extension 'cmake'
[0.431s] Level 1:colcon.colcon_core.package_identification:_identify(isaacpjt/M0609/Collected_m0609_camera/onrobot_rg2/urdf) by extension 'python'
[0.431s] Level 1:colcon.colcon_core.package_identification:_identify(isaacpjt/M0609/Collected_m0609_camera/onrobot_rg2/urdf) by extensions ['python_setup_py']
[0.431s] Level 1:colcon.colcon_core.package_identification:_identify(isaacpjt/M0609/Collected_m0609_camera/onrobot_rg2/urdf) by extension 'python_setup_py'
[0.431s] Level 1:colcon.colcon_core.package_identification:_identify(isaacpjt/M0609/Collected_m0609_camera/onrobot_rg2/urdf/onrobot_rg2) by extensions ['ignore', 'ignore_ament_install']
[0.431s] Level 1:colcon.colcon_core.package_identification:_identify(isaacpjt/M0609/Collected_m0609_camera/onrobot_rg2/urdf/onrobot_rg2) by extension 'ignore'
[0.432s] Level 1:colcon.colcon_core.package_identification:_identify(isaacpjt/M0609/Collected_m0609_camera/onrobot_rg2/urdf/onrobot_rg2) by extension 'ignore_ament_install'
[0.432s] Level 1:colcon.colcon_core.package_identification:_identify(isaacpjt/M0609/Collected_m0609_camera/onrobot_rg2/urdf/onrobot_rg2) by extensions ['colcon_pkg']
[0.432s] Level 1:colcon.colcon_core.package_identification:_identify(isaacpjt/M0609/Collected_m0609_camera/onrobot_rg2/urdf/onrobot_rg2) by extension 'colcon_pkg'
[0.432s] Level 1:colcon.colcon_core.package_identification:_identify(isaacpjt/M0609/Collected_m0609_camera/onrobot_rg2/urdf/onrobot_rg2) by extensions ['colcon_meta']
[0.432s] Level 1:colcon.colcon_core.package_identification:_identify(isaacpjt/M0609/Collected_m0609_camera/onrobot_rg2/urdf/onrobot_rg2) by extension 'colcon_meta'
[0.432s] Level 1:colcon.colcon_core.package_identification:_identify(isaacpjt/M0609/Collected_m0609_camera/onrobot_rg2/urdf/onrobot_rg2) by extensions ['ros']
[0.432s] Level 1:colcon.colcon_core.package_identification:_identify(isaacpjt/M0609/Collected_m0609_camera/onrobot_rg2/urdf/onrobot_rg2) by extension 'ros'
[0.432s] Level 1:colcon.colcon_core.package_identification:_identify(isaacpjt/M0609/Collected_m0609_camera/onrobot_rg2/urdf/onrobot_rg2) by extensions ['cmake', 'python']
[0.432s] Level 1:colcon.colcon_core.package_identification:_identify(isaacpjt/M0609/Collected_m0609_camera/onrobot_rg2/urdf/onrobot_rg2) by extension 'cmake'
[0.432s] Level 1:colcon.colcon_core.package_identification:_identify(isaacpjt/M0609/Collected_m0609_camera/onrobot_rg2/urdf/onrobot_rg2) by extension 'python'
[0.432s] Level 1:colcon.colcon_core.package_identification:_identify(isaacpjt/M0609/Collected_m0609_camera/onrobot_rg2/urdf/onrobot_rg2) by extensions ['python_setup_py']
[0.432s] Level 1:colcon.colcon_core.package_identification:_identify(isaacpjt/M0609/Collected_m0609_camera/onrobot_rg2/urdf/onrobot_rg2) by extension 'python_setup_py'
[0.432s] Level 1:colcon.colcon_core.package_identification:_identify(isaacpjt/M0609/Collected_m0609_camera/onrobot_rg2/urdf/onrobot_rg2/configuration) by extensions ['ignore', 'ignore_ament_install']
[0.432s] Level 1:colcon.colcon_core.package_identification:_identify(isaacpjt/M0609/Collected_m0609_camera/onrobot_rg2/urdf/onrobot_rg2/configuration) by extension 'ignore'
[0.433s] Level 1:colcon.colcon_core.package_identification:_identify(isaacpjt/M0609/Collected_m0609_camera/onrobot_rg2/urdf/onrobot_rg2/configuration) by extension 'ignore_ament_install'
[0.433s] Level 1:colcon.colcon_core.package_identification:_identify(isaacpjt/M0609/Collected_m0609_camera/onrobot_rg2/urdf/onrobot_rg2/configuration) by extensions ['colcon_pkg']
[0.433s] Level 1:colcon.colcon_core.package_identification:_identify(isaacpjt/M0609/Collected_m0609_camera/onrobot_rg2/urdf/onrobot_rg2/configuration) by extension 'colcon_pkg'
[0.433s] Level 1:colcon.colcon_core.package_identification:_identify(isaacpjt/M0609/Collected_m0609_camera/onrobot_rg2/urdf/onrobot_rg2/configuration) by extensions ['colcon_meta']
[0.433s] Level 1:colcon.colcon_core.package_identification:_identify(isaacpjt/M0609/Collected_m0609_camera/onrobot_rg2/urdf/onrobot_rg2/configuration) by extension 'colcon_meta'
[0.433s] Level 1:colcon.colcon_core.package_identification:_identify(isaacpjt/M0609/Collected_m0609_camera/onrobot_rg2/urdf/onrobot_rg2/configuration) by extensions ['ros']
[0.433s] Level 1:colcon.colcon_core.package_identification:_identify(isaacpjt/M0609/Collected_m0609_camera/onrobot_rg2/urdf/onrobot_rg2/configuration) by extension 'ros'
[0.433s] Level 1:colcon.colcon_core.package_identification:_identify(isaacpjt/M0609/Collected_m0609_camera/onrobot_rg2/urdf/onrobot_rg2/configuration) by extensions ['cmake', 'python']
[0.433s] Level 1:colcon.colcon_core.package_identification:_identify(isaacpjt/M0609/Collected_m0609_camera/onrobot_rg2/urdf/onrobot_rg2/configuration) by extension 'cmake'
[0.433s] Level 1:colcon.colcon_core.package_identification:_identify(isaacpjt/M0609/Collected_m0609_camera/onrobot_rg2/urdf/onrobot_rg2/configuration) by extension 'python'
[0.433s] Level 1:colcon.colcon_core.package_identification:_identify(isaacpjt/M0609/Collected_m0609_camera/onrobot_rg2/urdf/onrobot_rg2/configuration) by extensions ['python_setup_py']
[0.433s] Level 1:colcon.colcon_core.package_identification:_identify(isaacpjt/M0609/Collected_m0609_camera/onrobot_rg2/urdf/onrobot_rg2/configuration) by extension 'python_setup_py'
[0.433s] Level 1:colcon.colcon_core.package_identification:_identify(isaacpjt/M0609/Collected_m0609_camera_cube) by extensions ['ignore', 'ignore_ament_install']
[0.433s] Level 1:colcon.colcon_core.package_identification:_identify(isaacpjt/M0609/Collected_m0609_camera_cube) by extension 'ignore'
[0.434s] Level 1:colcon.colcon_core.package_identification:_identify(isaacpjt/M0609/Collected_m0609_camera_cube) by extension 'ignore_ament_install'
[0.434s] Level 1:colcon.colcon_core.package_identification:_identify(isaacpjt/M0609/Collected_m0609_camera_cube) by extensions ['colcon_pkg']
[0.434s] Level 1:colcon.colcon_core.package_identification:_identify(isaacpjt/M0609/Collected_m0609_camera_cube) by extension 'colcon_pkg'
[0.434s] Level 1:colcon.colcon_core.package_identification:_identify(isaacpjt/M0609/Collected_m0609_camera_cube) by extensions ['colcon_meta']
[0.434s] Level 1:colcon.colcon_core.package_identification:_identify(isaacpjt/M0609/Collected_m0609_camera_cube) by extension 'colcon_meta'
[0.434s] Level 1:colcon.colcon_core.package_identification:_identify(isaacpjt/M0609/Collected_m0609_camera_cube) by extensions ['ros']
[0.434s] Level 1:colcon.colcon_core.package_identification:_identify(isaacpjt/M0609/Collected_m0609_camera_cube) by extension 'ros'
[0.434s] Level 1:colcon.colcon_core.package_identification:_identify(isaacpjt/M0609/Collected_m0609_camera_cube) by extensions ['cmake', 'python']
[0.434s] Level 1:colcon.colcon_core.package_identification:_identify(isaacpjt/M0609/Collected_m0609_camera_cube) by extension 'cmake'
[0.434s] Level 1:colcon.colcon_core.package_identification:_identify(isaacpjt/M0609/Collected_m0609_camera_cube) by extension 'python'
[0.434s] Level 1:colcon.colcon_core.package_identification:_identify(isaacpjt/M0609/Collected_m0609_camera_cube) by extensions ['python_setup_py']
[0.434s] Level 1:colcon.colcon_core.package_identification:_identify(isaacpjt/M0609/Collected_m0609_camera_cube) by extension 'python_setup_py'
[0.434s] Level 1:colcon.colcon_core.package_identification:_identify(isaacpjt/M0609/Collected_m0609_camera_cube/doosan-robot2) by extensions ['ignore', 'ignore_ament_install']
[0.434s] Level 1:colcon.colcon_core.package_identification:_identify(isaacpjt/M0609/Collected_m0609_camera_cube/doosan-robot2) by extension 'ignore'
[0.434s] Level 1:colcon.colcon_core.package_identification:_identify(isaacpjt/M0609/Collected_m0609_camera_cube/doosan-robot2) by extension 'ignore_ament_install'
[0.434s] Level 1:colcon.colcon_core.package_identification:_identify(isaacpjt/M0609/Collected_m0609_camera_cube/doosan-robot2) by extensions ['colcon_pkg']
[0.435s] Level 1:colcon.colcon_core.package_identification:_identify(isaacpjt/M0609/Collected_m0609_camera_cube/doosan-robot2) by extension 'colcon_pkg'
[0.435s] Level 1:colcon.colcon_core.package_identification:_identify(isaacpjt/M0609/Collected_m0609_camera_cube/doosan-robot2) by extensions ['colcon_meta']
[0.435s] Level 1:colcon.colcon_core.package_identification:_identify(isaacpjt/M0609/Collected_m0609_camera_cube/doosan-robot2) by extension 'colcon_meta'
[0.435s] Level 1:colcon.colcon_core.package_identification:_identify(isaacpjt/M0609/Collected_m0609_camera_cube/doosan-robot2) by extensions ['ros']
[0.435s] Level 1:colcon.colcon_core.package_identification:_identify(isaacpjt/M0609/Collected_m0609_camera_cube/doosan-robot2) by extension 'ros'
[0.435s] Level 1:colcon.colcon_core.package_identification:_identify(isaacpjt/M0609/Collected_m0609_camera_cube/doosan-robot2) by extensions ['cmake', 'python']
[0.435s] Level 1:colcon.colcon_core.package_identification:_identify(isaacpjt/M0609/Collected_m0609_camera_cube/doosan-robot2) by extension 'cmake'
[0.435s] Level 1:colcon.colcon_core.package_identification:_identify(isaacpjt/M0609/Collected_m0609_camera_cube/doosan-robot2) by extension 'python'
[0.435s] Level 1:colcon.colcon_core.package_identification:_identify(isaacpjt/M0609/Collected_m0609_camera_cube/doosan-robot2) by extensions ['python_setup_py']
[0.435s] Level 1:colcon.colcon_core.package_identification:_identify(isaacpjt/M0609/Collected_m0609_camera_cube/doosan-robot2) by extension 'python_setup_py'
[0.435s] Level 1:colcon.colcon_core.package_identification:_identify(isaacpjt/M0609/Collected_m0609_camera_cube/doosan-robot2/urdf) by extensions ['ignore', 'ignore_ament_install']
[0.435s] Level 1:colcon.colcon_core.package_identification:_identify(isaacpjt/M0609/Collected_m0609_camera_cube/doosan-robot2/urdf) by extension 'ignore'
[0.435s] Level 1:colcon.colcon_core.package_identification:_identify(isaacpjt/M0609/Collected_m0609_camera_cube/doosan-robot2/urdf) by extension 'ignore_ament_install'
[0.435s] Level 1:colcon.colcon_core.package_identification:_identify(isaacpjt/M0609/Collected_m0609_camera_cube/doosan-robot2/urdf) by extensions ['colcon_pkg']
[0.435s] Level 1:colcon.colcon_core.package_identification:_identify(isaacpjt/M0609/Collected_m0609_camera_cube/doosan-robot2/urdf) by extension 'colcon_pkg'
[0.435s] Level 1:colcon.colcon_core.package_identification:_identify(isaacpjt/M0609/Collected_m0609_camera_cube/doosan-robot2/urdf) by extensions ['colcon_meta']
[0.436s] Level 1:colcon.colcon_core.package_identification:_identify(isaacpjt/M0609/Collected_m0609_camera_cube/doosan-robot2/urdf) by extension 'colcon_meta'
[0.436s] Level 1:colcon.colcon_core.package_identification:_identify(isaacpjt/M0609/Collected_m0609_camera_cube/doosan-robot2/urdf) by extensions ['ros']
[0.436s] Level 1:colcon.colcon_core.package_identification:_identify(isaacpjt/M0609/Collected_m0609_camera_cube/doosan-robot2/urdf) by extension 'ros'
[0.436s] Level 1:colcon.colcon_core.package_identification:_identify(isaacpjt/M0609/Collected_m0609_camera_cube/doosan-robot2/urdf) by extensions ['cmake', 'python']
[0.436s] Level 1:colcon.colcon_core.package_identification:_identify(isaacpjt/M0609/Collected_m0609_camera_cube/doosan-robot2/urdf) by extension 'cmake'
[0.436s] Level 1:colcon.colcon_core.package_identification:_identify(isaacpjt/M0609/Collected_m0609_camera_cube/doosan-robot2/urdf) by extension 'python'
[0.436s] Level 1:colcon.colcon_core.package_identification:_identify(isaacpjt/M0609/Collected_m0609_camera_cube/doosan-robot2/urdf) by extensions ['python_setup_py']
[0.436s] Level 1:colcon.colcon_core.package_identification:_identify(isaacpjt/M0609/Collected_m0609_camera_cube/doosan-robot2/urdf) by extension 'python_setup_py'
[0.436s] Level 1:colcon.colcon_core.package_identification:_identify(isaacpjt/M0609/Collected_m0609_camera_cube/doosan-robot2/urdf/m0609_isaac_sim) by extensions ['ignore', 'ignore_ament_install']
[0.436s] Level 1:colcon.colcon_core.package_identification:_identify(isaacpjt/M0609/Collected_m0609_camera_cube/doosan-robot2/urdf/m0609_isaac_sim) by extension 'ignore'
[0.436s] Level 1:colcon.colcon_core.package_identification:_identify(isaacpjt/M0609/Collected_m0609_camera_cube/doosan-robot2/urdf/m0609_isaac_sim) by extension 'ignore_ament_install'
[0.436s] Level 1:colcon.colcon_core.package_identification:_identify(isaacpjt/M0609/Collected_m0609_camera_cube/doosan-robot2/urdf/m0609_isaac_sim) by extensions ['colcon_pkg']
[0.436s] Level 1:colcon.colcon_core.package_identification:_identify(isaacpjt/M0609/Collected_m0609_camera_cube/doosan-robot2/urdf/m0609_isaac_sim) by extension 'colcon_pkg'
[0.436s] Level 1:colcon.colcon_core.package_identification:_identify(isaacpjt/M0609/Collected_m0609_camera_cube/doosan-robot2/urdf/m0609_isaac_sim) by extensions ['colcon_meta']
[0.436s] Level 1:colcon.colcon_core.package_identification:_identify(isaacpjt/M0609/Collected_m0609_camera_cube/doosan-robot2/urdf/m0609_isaac_sim) by extension 'colcon_meta'
[0.436s] Level 1:colcon.colcon_core.package_identification:_identify(isaacpjt/M0609/Collected_m0609_camera_cube/doosan-robot2/urdf/m0609_isaac_sim) by extensions ['ros']
[0.437s] Level 1:colcon.colcon_core.package_identification:_identify(isaacpjt/M0609/Collected_m0609_camera_cube/doosan-robot2/urdf/m0609_isaac_sim) by extension 'ros'
[0.437s] Level 1:colcon.colcon_core.package_identification:_identify(isaacpjt/M0609/Collected_m0609_camera_cube/doosan-robot2/urdf/m0609_isaac_sim) by extensions ['cmake', 'python']
[0.437s] Level 1:colcon.colcon_core.package_identification:_identify(isaacpjt/M0609/Collected_m0609_camera_cube/doosan-robot2/urdf/m0609_isaac_sim) by extension 'cmake'
[0.437s] Level 1:colcon.colcon_core.package_identification:_identify(isaacpjt/M0609/Collected_m0609_camera_cube/doosan-robot2/urdf/m0609_isaac_sim) by extension 'python'
[0.437s] Level 1:colcon.colcon_core.package_identification:_identify(isaacpjt/M0609/Collected_m0609_camera_cube/doosan-robot2/urdf/m0609_isaac_sim) by extensions ['python_setup_py']
[0.437s] Level 1:colcon.colcon_core.package_identification:_identify(isaacpjt/M0609/Collected_m0609_camera_cube/doosan-robot2/urdf/m0609_isaac_sim) by extension 'python_setup_py'
[0.437s] Level 1:colcon.colcon_core.package_identification:_identify(isaacpjt/M0609/Collected_m0609_camera_cube/doosan-robot2/urdf/m0609_isaac_sim/configuration) by extensions ['ignore', 'ignore_ament_install']
[0.437s] Level 1:colcon.colcon_core.package_identification:_identify(isaacpjt/M0609/Collected_m0609_camera_cube/doosan-robot2/urdf/m0609_isaac_sim/configuration) by extension 'ignore'
[0.437s] Level 1:colcon.colcon_core.package_identification:_identify(isaacpjt/M0609/Collected_m0609_camera_cube/doosan-robot2/urdf/m0609_isaac_sim/configuration) by extension 'ignore_ament_install'
[0.437s] Level 1:colcon.colcon_core.package_identification:_identify(isaacpjt/M0609/Collected_m0609_camera_cube/doosan-robot2/urdf/m0609_isaac_sim/configuration) by extensions ['colcon_pkg']
[0.437s] Level 1:colcon.colcon_core.package_identification:_identify(isaacpjt/M0609/Collected_m0609_camera_cube/doosan-robot2/urdf/m0609_isaac_sim/configuration) by extension 'colcon_pkg'
[0.437s] Level 1:colcon.colcon_core.package_identification:_identify(isaacpjt/M0609/Collected_m0609_camera_cube/doosan-robot2/urdf/m0609_isaac_sim/configuration) by extensions ['colcon_meta']
[0.437s] Level 1:colcon.colcon_core.package_identification:_identify(isaacpjt/M0609/Collected_m0609_camera_cube/doosan-robot2/urdf/m0609_isaac_sim/configuration) by extension 'colcon_meta'
[0.438s] Level 1:colcon.colcon_core.package_identification:_identify(isaacpjt/M0609/Collected_m0609_camera_cube/doosan-robot2/urdf/m0609_isaac_sim/configuration) by extensions ['ros']
[0.438s] Level 1:colcon.colcon_core.package_identification:_identify(isaacpjt/M0609/Collected_m0609_camera_cube/doosan-robot2/urdf/m0609_isaac_sim/configuration) by extension 'ros'
[0.438s] Level 1:colcon.colcon_core.package_identification:_identify(isaacpjt/M0609/Collected_m0609_camera_cube/doosan-robot2/urdf/m0609_isaac_sim/configuration) by extensions ['cmake', 'python']
[0.438s] Level 1:colcon.colcon_core.package_identification:_identify(isaacpjt/M0609/Collected_m0609_camera_cube/doosan-robot2/urdf/m0609_isaac_sim/configuration) by extension 'cmake'
[0.438s] Level 1:colcon.colcon_core.package_identification:_identify(isaacpjt/M0609/Collected_m0609_camera_cube/doosan-robot2/urdf/m0609_isaac_sim/configuration) by extension 'python'
[0.438s] Level 1:colcon.colcon_core.package_identification:_identify(isaacpjt/M0609/Collected_m0609_camera_cube/doosan-robot2/urdf/m0609_isaac_sim/configuration) by extensions ['python_setup_py']
[0.438s] Level 1:colcon.colcon_core.package_identification:_identify(isaacpjt/M0609/Collected_m0609_camera_cube/doosan-robot2/urdf/m0609_isaac_sim/configuration) by extension 'python_setup_py'
[0.438s] Level 1:colcon.colcon_core.package_identification:_identify(isaacpjt/M0609/Collected_m0609_camera_cube/omniverse-content-production.s3-us-west-2.amazonaws.com) by extensions ['ignore', 'ignore_ament_install']
[0.438s] Level 1:colcon.colcon_core.package_identification:_identify(isaacpjt/M0609/Collected_m0609_camera_cube/omniverse-content-production.s3-us-west-2.amazonaws.com) by extension 'ignore'
[0.438s] Level 1:colcon.colcon_core.package_identification:_identify(isaacpjt/M0609/Collected_m0609_camera_cube/omniverse-content-production.s3-us-west-2.amazonaws.com) by extension 'ignore_ament_install'
[0.438s] Level 1:colcon.colcon_core.package_identification:_identify(isaacpjt/M0609/Collected_m0609_camera_cube/omniverse-content-production.s3-us-west-2.amazonaws.com) by extensions ['colcon_pkg']
[0.438s] Level 1:colcon.colcon_core.package_identification:_identify(isaacpjt/M0609/Collected_m0609_camera_cube/omniverse-content-production.s3-us-west-2.amazonaws.com) by extension 'colcon_pkg'
[0.438s] Level 1:colcon.colcon_core.package_identification:_identify(isaacpjt/M0609/Collected_m0609_camera_cube/omniverse-content-production.s3-us-west-2.amazonaws.com) by extensions ['colcon_meta']
[0.438s] Level 1:colcon.colcon_core.package_identification:_identify(isaacpjt/M0609/Collected_m0609_camera_cube/omniverse-content-production.s3-us-west-2.amazonaws.com) by extension 'colcon_meta'
[0.439s] Level 1:colcon.colcon_core.package_identification:_identify(isaacpjt/M0609/Collected_m0609_camera_cube/omniverse-content-production.s3-us-west-2.amazonaws.com) by extensions ['ros']
[0.439s] Level 1:colcon.colcon_core.package_identification:_identify(isaacpjt/M0609/Collected_m0609_camera_cube/omniverse-content-production.s3-us-west-2.amazonaws.com) by extension 'ros'
[0.439s] Level 1:colcon.colcon_core.package_identification:_identify(isaacpjt/M0609/Collected_m0609_camera_cube/omniverse-content-production.s3-us-west-2.amazonaws.com) by extensions ['cmake', 'python']
[0.439s] Level 1:colcon.colcon_core.package_identification:_identify(isaacpjt/M0609/Collected_m0609_camera_cube/omniverse-content-production.s3-us-west-2.amazonaws.com) by extension 'cmake'
[0.439s] Level 1:colcon.colcon_core.package_identification:_identify(isaacpjt/M0609/Collected_m0609_camera_cube/omniverse-content-production.s3-us-west-2.amazonaws.com) by extension 'python'
[0.439s] Level 1:colcon.colcon_core.package_identification:_identify(isaacpjt/M0609/Collected_m0609_camera_cube/omniverse-content-production.s3-us-west-2.amazonaws.com) by extensions ['python_setup_py']
[0.439s] Level 1:colcon.colcon_core.package_identification:_identify(isaacpjt/M0609/Collected_m0609_camera_cube/omniverse-content-production.s3-us-west-2.amazonaws.com) by extension 'python_setup_py'
[0.439s] Level 1:colcon.colcon_core.package_identification:_identify(isaacpjt/M0609/Collected_m0609_camera_cube/omniverse-content-production.s3-us-west-2.amazonaws.com/Assets) by extensions ['ignore', 'ignore_ament_install']
[0.439s] Level 1:colcon.colcon_core.package_identification:_identify(isaacpjt/M0609/Collected_m0609_camera_cube/omniverse-content-production.s3-us-west-2.amazonaws.com/Assets) by extension 'ignore'
[0.439s] Level 1:colcon.colcon_core.package_identification:_identify(isaacpjt/M0609/Collected_m0609_camera_cube/omniverse-content-production.s3-us-west-2.amazonaws.com/Assets) by extension 'ignore_ament_install'
[0.439s] Level 1:colcon.colcon_core.package_identification:_identify(isaacpjt/M0609/Collected_m0609_camera_cube/omniverse-content-production.s3-us-west-2.amazonaws.com/Assets) by extensions ['colcon_pkg']
[0.439s] Level 1:colcon.colcon_core.package_identification:_identify(isaacpjt/M0609/Collected_m0609_camera_cube/omniverse-content-production.s3-us-west-2.amazonaws.com/Assets) by extension 'colcon_pkg'
[0.439s] Level 1:colcon.colcon_core.package_identification:_identify(isaacpjt/M0609/Collected_m0609_camera_cube/omniverse-content-production.s3-us-west-2.amazonaws.com/Assets) by extensions ['colcon_meta']
[0.439s] Level 1:colcon.colcon_core.package_identification:_identify(isaacpjt/M0609/Collected_m0609_camera_cube/omniverse-content-production.s3-us-west-2.amazonaws.com/Assets) by extension 'colcon_meta'
[0.440s] Level 1:colcon.colcon_core.package_identification:_identify(isaacpjt/M0609/Collected_m0609_camera_cube/omniverse-content-production.s3-us-west-2.amazonaws.com/Assets) by extensions ['ros']
[0.440s] Level 1:colcon.colcon_core.package_identification:_identify(isaacpjt/M0609/Collected_m0609_camera_cube/omniverse-content-production.s3-us-west-2.amazonaws.com/Assets) by extension 'ros'
[0.440s] Level 1:colcon.colcon_core.package_identification:_identify(isaacpjt/M0609/Collected_m0609_camera_cube/omniverse-content-production.s3-us-west-2.amazonaws.com/Assets) by extensions ['cmake', 'python']
[0.440s] Level 1:colcon.colcon_core.package_identification:_identify(isaacpjt/M0609/Collected_m0609_camera_cube/omniverse-content-production.s3-us-west-2.amazonaws.com/Assets) by extension 'cmake'
[0.440s] Level 1:colcon.colcon_core.package_identification:_identify(isaacpjt/M0609/Collected_m0609_camera_cube/omniverse-content-production.s3-us-west-2.amazonaws.com/Assets) by extension 'python'
[0.440s] Level 1:colcon.colcon_core.package_identification:_identify(isaacpjt/M0609/Collected_m0609_camera_cube/omniverse-content-production.s3-us-west-2.amazonaws.com/Assets) by extensions ['python_setup_py']
[0.440s] Level 1:colcon.colcon_core.package_identification:_identify(isaacpjt/M0609/Collected_m0609_camera_cube/omniverse-content-production.s3-us-west-2.amazonaws.com/Assets) by extension 'python_setup_py'
[0.440s] Level 1:colcon.colcon_core.package_identification:_identify(isaacpjt/M0609/Collected_m0609_camera_cube/omniverse-content-production.s3-us-west-2.amazonaws.com/Assets/Isaac) by extensions ['ignore', 'ignore_ament_install']
[0.440s] Level 1:colcon.colcon_core.package_identification:_identify(isaacpjt/M0609/Collected_m0609_camera_cube/omniverse-content-production.s3-us-west-2.amazonaws.com/Assets/Isaac) by extension 'ignore'
[0.441s] Level 1:colcon.colcon_core.package_identification:_identify(isaacpjt/M0609/Collected_m0609_camera_cube/omniverse-content-production.s3-us-west-2.amazonaws.com/Assets/Isaac) by extension 'ignore_ament_install'
[0.441s] Level 1:colcon.colcon_core.package_identification:_identify(isaacpjt/M0609/Collected_m0609_camera_cube/omniverse-content-production.s3-us-west-2.amazonaws.com/Assets/Isaac) by extensions ['colcon_pkg']
[0.441s] Level 1:colcon.colcon_core.package_identification:_identify(isaacpjt/M0609/Collected_m0609_camera_cube/omniverse-content-production.s3-us-west-2.amazonaws.com/Assets/Isaac) by extension 'colcon_pkg'
[0.441s] Level 1:colcon.colcon_core.package_identification:_identify(isaacpjt/M0609/Collected_m0609_camera_cube/omniverse-content-production.s3-us-west-2.amazonaws.com/Assets/Isaac) by extensions ['colcon_meta']
[0.441s] Level 1:colcon.colcon_core.package_identification:_identify(isaacpjt/M0609/Collected_m0609_camera_cube/omniverse-content-production.s3-us-west-2.amazonaws.com/Assets/Isaac) by extension 'colcon_meta'
[0.441s] Level 1:colcon.colcon_core.package_identification:_identify(isaacpjt/M0609/Collected_m0609_camera_cube/omniverse-content-production.s3-us-west-2.amazonaws.com/Assets/Isaac) by extensions ['ros']
[0.441s] Level 1:colcon.colcon_core.package_identification:_identify(isaacpjt/M0609/Collected_m0609_camera_cube/omniverse-content-production.s3-us-west-2.amazonaws.com/Assets/Isaac) by extension 'ros'
[0.441s] Level 1:colcon.colcon_core.package_identification:_identify(isaacpjt/M0609/Collected_m0609_camera_cube/omniverse-content-production.s3-us-west-2.amazonaws.com/Assets/Isaac) by extensions ['cmake', 'python']
[0.441s] Level 1:colcon.colcon_core.package_identification:_identify(isaacpjt/M0609/Collected_m0609_camera_cube/omniverse-content-production.s3-us-west-2.amazonaws.com/Assets/Isaac) by extension 'cmake'
[0.441s] Level 1:colcon.colcon_core.package_identification:_identify(isaacpjt/M0609/Collected_m0609_camera_cube/omniverse-content-production.s3-us-west-2.amazonaws.com/Assets/Isaac) by extension 'python'
[0.441s] Level 1:colcon.colcon_core.package_identification:_identify(isaacpjt/M0609/Collected_m0609_camera_cube/omniverse-content-production.s3-us-west-2.amazonaws.com/Assets/Isaac) by extensions ['python_setup_py']
[0.441s] Level 1:colcon.colcon_core.package_identification:_identify(isaacpjt/M0609/Collected_m0609_camera_cube/omniverse-content-production.s3-us-west-2.amazonaws.com/Assets/Isaac) by extension 'python_setup_py'
[0.441s] Level 1:colcon.colcon_core.package_identification:_identify(isaacpjt/M0609/Collected_m0609_camera_cube/omniverse-content-production.s3-us-west-2.amazonaws.com/Assets/Isaac/5.1) by extensions ['ignore', 'ignore_ament_install']
[0.441s] Level 1:colcon.colcon_core.package_identification:_identify(isaacpjt/M0609/Collected_m0609_camera_cube/omniverse-content-production.s3-us-west-2.amazonaws.com/Assets/Isaac/5.1) by extension 'ignore'
[0.442s] Level 1:colcon.colcon_core.package_identification:_identify(isaacpjt/M0609/Collected_m0609_camera_cube/omniverse-content-production.s3-us-west-2.amazonaws.com/Assets/Isaac/5.1) by extension 'ignore_ament_install'
[0.442s] Level 1:colcon.colcon_core.package_identification:_identify(isaacpjt/M0609/Collected_m0609_camera_cube/omniverse-content-production.s3-us-west-2.amazonaws.com/Assets/Isaac/5.1) by extensions ['colcon_pkg']
[0.442s] Level 1:colcon.colcon_core.package_identification:_identify(isaacpjt/M0609/Collected_m0609_camera_cube/omniverse-content-production.s3-us-west-2.amazonaws.com/Assets/Isaac/5.1) by extension 'colcon_pkg'
[0.442s] Level 1:colcon.colcon_core.package_identification:_identify(isaacpjt/M0609/Collected_m0609_camera_cube/omniverse-content-production.s3-us-west-2.amazonaws.com/Assets/Isaac/5.1) by extensions ['colcon_meta']
[0.442s] Level 1:colcon.colcon_core.package_identification:_identify(isaacpjt/M0609/Collected_m0609_camera_cube/omniverse-content-production.s3-us-west-2.amazonaws.com/Assets/Isaac/5.1) by extension 'colcon_meta'
[0.442s] Level 1:colcon.colcon_core.package_identification:_identify(isaacpjt/M0609/Collected_m0609_camera_cube/omniverse-content-production.s3-us-west-2.amazonaws.com/Assets/Isaac/5.1) by extensions ['ros']
[0.442s] Level 1:colcon.colcon_core.package_identification:_identify(isaacpjt/M0609/Collected_m0609_camera_cube/omniverse-content-production.s3-us-west-2.amazonaws.com/Assets/Isaac/5.1) by extension 'ros'
[0.442s] Level 1:colcon.colcon_core.package_identification:_identify(isaacpjt/M0609/Collected_m0609_camera_cube/omniverse-content-production.s3-us-west-2.amazonaws.com/Assets/Isaac/5.1) by extensions ['cmake', 'python']
[0.442s] Level 1:colcon.colcon_core.package_identification:_identify(isaacpjt/M0609/Collected_m0609_camera_cube/omniverse-content-production.s3-us-west-2.amazonaws.com/Assets/Isaac/5.1) by extension 'cmake'
[0.442s] Level 1:colcon.colcon_core.package_identification:_identify(isaacpjt/M0609/Collected_m0609_camera_cube/omniverse-content-production.s3-us-west-2.amazonaws.com/Assets/Isaac/5.1) by extension 'python'
[0.442s] Level 1:colcon.colcon_core.package_identification:_identify(isaacpjt/M0609/Collected_m0609_camera_cube/omniverse-content-production.s3-us-west-2.amazonaws.com/Assets/Isaac/5.1) by extensions ['python_setup_py']
[0.442s] Level 1:colcon.colcon_core.package_identification:_identify(isaacpjt/M0609/Collected_m0609_camera_cube/omniverse-content-production.s3-us-west-2.amazonaws.com/Assets/Isaac/5.1) by extension 'python_setup_py'
[0.442s] Level 1:colcon.colcon_core.package_identification:_identify(isaacpjt/M0609/Collected_m0609_camera_cube/omniverse-content-production.s3-us-west-2.amazonaws.com/Assets/Isaac/5.1/Isaac) by extensions ['ignore', 'ignore_ament_install']
[0.443s] Level 1:colcon.colcon_core.package_identification:_identify(isaacpjt/M0609/Collected_m0609_camera_cube/omniverse-content-production.s3-us-west-2.amazonaws.com/Assets/Isaac/5.1/Isaac) by extension 'ignore'
[0.443s] Level 1:colcon.colcon_core.package_identification:_identify(isaacpjt/M0609/Collected_m0609_camera_cube/omniverse-content-production.s3-us-west-2.amazonaws.com/Assets/Isaac/5.1/Isaac) by extension 'ignore_ament_install'
[0.443s] Level 1:colcon.colcon_core.package_identification:_identify(isaacpjt/M0609/Collected_m0609_camera_cube/omniverse-content-production.s3-us-west-2.amazonaws.com/Assets/Isaac/5.1/Isaac) by extensions ['colcon_pkg']
[0.443s] Level 1:colcon.colcon_core.package_identification:_identify(isaacpjt/M0609/Collected_m0609_camera_cube/omniverse-content-production.s3-us-west-2.amazonaws.com/Assets/Isaac/5.1/Isaac) by extension 'colcon_pkg'
[0.443s] Level 1:colcon.colcon_core.package_identification:_identify(isaacpjt/M0609/Collected_m0609_camera_cube/omniverse-content-production.s3-us-west-2.amazonaws.com/Assets/Isaac/5.1/Isaac) by extensions ['colcon_meta']
[0.443s] Level 1:colcon.colcon_core.package_identification:_identify(isaacpjt/M0609/Collected_m0609_camera_cube/omniverse-content-production.s3-us-west-2.amazonaws.com/Assets/Isaac/5.1/Isaac) by extension 'colcon_meta'
[0.443s] Level 1:colcon.colcon_core.package_identification:_identify(isaacpjt/M0609/Collected_m0609_camera_cube/omniverse-content-production.s3-us-west-2.amazonaws.com/Assets/Isaac/5.1/Isaac) by extensions ['ros']
[0.443s] Level 1:colcon.colcon_core.package_identification:_identify(isaacpjt/M0609/Collected_m0609_camera_cube/omniverse-content-production.s3-us-west-2.amazonaws.com/Assets/Isaac/5.1/Isaac) by extension 'ros'
[0.443s] Level 1:colcon.colcon_core.package_identification:_identify(isaacpjt/M0609/Collected_m0609_camera_cube/omniverse-content-production.s3-us-west-2.amazonaws.com/Assets/Isaac/5.1/Isaac) by extensions ['cmake', 'python']
[0.443s] Level 1:colcon.colcon_core.package_identification:_identify(isaacpjt/M0609/Collected_m0609_camera_cube/omniverse-content-production.s3-us-west-2.amazonaws.com/Assets/Isaac/5.1/Isaac) by extension 'cmake'
[0.443s] Level 1:colcon.colcon_core.package_identification:_identify(isaacpjt/M0609/Collected_m0609_camera_cube/omniverse-content-production.s3-us-west-2.amazonaws.com/Assets/Isaac/5.1/Isaac) by extension 'python'
[0.443s] Level 1:colcon.colcon_core.package_identification:_identify(isaacpjt/M0609/Collected_m0609_camera_cube/omniverse-content-production.s3-us-west-2.amazonaws.com/Assets/Isaac/5.1/Isaac) by extensions ['python_setup_py']
[0.443s] Level 1:colcon.colcon_core.package_identification:_identify(isaacpjt/M0609/Collected_m0609_camera_cube/omniverse-content-production.s3-us-west-2.amazonaws.com/Assets/Isaac/5.1/Isaac) by extension 'python_setup_py'
[0.444s] Level 1:colcon.colcon_core.package_identification:_identify(isaacpjt/M0609/Collected_m0609_camera_cube/omniverse-content-production.s3-us-west-2.amazonaws.com/Assets/Isaac/5.1/Isaac/Materials) by extensions ['ignore', 'ignore_ament_install']
[0.444s] Level 1:colcon.colcon_core.package_identification:_identify(isaacpjt/M0609/Collected_m0609_camera_cube/omniverse-content-production.s3-us-west-2.amazonaws.com/Assets/Isaac/5.1/Isaac/Materials) by extension 'ignore'
[0.444s] Level 1:colcon.colcon_core.package_identification:_identify(isaacpjt/M0609/Collected_m0609_camera_cube/omniverse-content-production.s3-us-west-2.amazonaws.com/Assets/Isaac/5.1/Isaac/Materials) by extension 'ignore_ament_install'
[0.444s] Level 1:colcon.colcon_core.package_identification:_identify(isaacpjt/M0609/Collected_m0609_camera_cube/omniverse-content-production.s3-us-west-2.amazonaws.com/Assets/Isaac/5.1/Isaac/Materials) by extensions ['colcon_pkg']
[0.444s] Level 1:colcon.colcon_core.package_identification:_identify(isaacpjt/M0609/Collected_m0609_camera_cube/omniverse-content-production.s3-us-west-2.amazonaws.com/Assets/Isaac/5.1/Isaac/Materials) by extension 'colcon_pkg'
[0.444s] Level 1:colcon.colcon_core.package_identification:_identify(isaacpjt/M0609/Collected_m0609_camera_cube/omniverse-content-production.s3-us-west-2.amazonaws.com/Assets/Isaac/5.1/Isaac/Materials) by extensions ['colcon_meta']
[0.444s] Level 1:colcon.colcon_core.package_identification:_identify(isaacpjt/M0609/Collected_m0609_camera_cube/omniverse-content-production.s3-us-west-2.amazonaws.com/Assets/Isaac/5.1/Isaac/Materials) by extension 'colcon_meta'
[0.444s] Level 1:colcon.colcon_core.package_identification:_identify(isaacpjt/M0609/Collected_m0609_camera_cube/omniverse-content-production.s3-us-west-2.amazonaws.com/Assets/Isaac/5.1/Isaac/Materials) by extensions ['ros']
[0.444s] Level 1:colcon.colcon_core.package_identification:_identify(isaacpjt/M0609/Collected_m0609_camera_cube/omniverse-content-production.s3-us-west-2.amazonaws.com/Assets/Isaac/5.1/Isaac/Materials) by extension 'ros'
[0.444s] Level 1:colcon.colcon_core.package_identification:_identify(isaacpjt/M0609/Collected_m0609_camera_cube/omniverse-content-production.s3-us-west-2.amazonaws.com/Assets/Isaac/5.1/Isaac/Materials) by extensions ['cmake', 'python']
[0.444s] Level 1:colcon.colcon_core.package_identification:_identify(isaacpjt/M0609/Collected_m0609_camera_cube/omniverse-content-production.s3-us-west-2.amazonaws.com/Assets/Isaac/5.1/Isaac/Materials) by extension 'cmake'
[0.444s] Level 1:colcon.colcon_core.package_identification:_identify(isaacpjt/M0609/Collected_m0609_camera_cube/omniverse-content-production.s3-us-west-2.amazonaws.com/Assets/Isaac/5.1/Isaac/Materials) by extension 'python'
[0.445s] Level 1:colcon.colcon_core.package_identification:_identify(isaacpjt/M0609/Collected_m0609_camera_cube/omniverse-content-production.s3-us-west-2.amazonaws.com/Assets/Isaac/5.1/Isaac/Materials) by extensions ['python_setup_py']
[0.445s] Level 1:colcon.colcon_core.package_identification:_identify(isaacpjt/M0609/Collected_m0609_camera_cube/omniverse-content-production.s3-us-west-2.amazonaws.com/Assets/Isaac/5.1/Isaac/Materials) by extension 'python_setup_py'
[0.445s] Level 1:colcon.colcon_core.package_identification:_identify(isaacpjt/M0609/Collected_m0609_camera_cube/omniverse-content-production.s3-us-west-2.amazonaws.com/Assets/Isaac/5.1/Isaac/Materials/Base) by extensions ['ignore', 'ignore_ament_install']
[0.445s] Level 1:colcon.colcon_core.package_identification:_identify(isaacpjt/M0609/Collected_m0609_camera_cube/omniverse-content-production.s3-us-west-2.amazonaws.com/Assets/Isaac/5.1/Isaac/Materials/Base) by extension 'ignore'
[0.445s] Level 1:colcon.colcon_core.package_identification:_identify(isaacpjt/M0609/Collected_m0609_camera_cube/omniverse-content-production.s3-us-west-2.amazonaws.com/Assets/Isaac/5.1/Isaac/Materials/Base) by extension 'ignore_ament_install'
[0.445s] Level 1:colcon.colcon_core.package_identification:_identify(isaacpjt/M0609/Collected_m0609_camera_cube/omniverse-content-production.s3-us-west-2.amazonaws.com/Assets/Isaac/5.1/Isaac/Materials/Base) by extensions ['colcon_pkg']
[0.445s] Level 1:colcon.colcon_core.package_identification:_identify(isaacpjt/M0609/Collected_m0609_camera_cube/omniverse-content-production.s3-us-west-2.amazonaws.com/Assets/Isaac/5.1/Isaac/Materials/Base) by extension 'colcon_pkg'
[0.445s] Level 1:colcon.colcon_core.package_identification:_identify(isaacpjt/M0609/Collected_m0609_camera_cube/omniverse-content-production.s3-us-west-2.amazonaws.com/Assets/Isaac/5.1/Isaac/Materials/Base) by extensions ['colcon_meta']
[0.445s] Level 1:colcon.colcon_core.package_identification:_identify(isaacpjt/M0609/Collected_m0609_camera_cube/omniverse-content-production.s3-us-west-2.amazonaws.com/Assets/Isaac/5.1/Isaac/Materials/Base) by extension 'colcon_meta'
[0.446s] Level 1:colcon.colcon_core.package_identification:_identify(isaacpjt/M0609/Collected_m0609_camera_cube/omniverse-content-production.s3-us-west-2.amazonaws.com/Assets/Isaac/5.1/Isaac/Materials/Base) by extensions ['ros']
[0.446s] Level 1:colcon.colcon_core.package_identification:_identify(isaacpjt/M0609/Collected_m0609_camera_cube/omniverse-content-production.s3-us-west-2.amazonaws.com/Assets/Isaac/5.1/Isaac/Materials/Base) by extension 'ros'
[0.446s] Level 1:colcon.colcon_core.package_identification:_identify(isaacpjt/M0609/Collected_m0609_camera_cube/omniverse-content-production.s3-us-west-2.amazonaws.com/Assets/Isaac/5.1/Isaac/Materials/Base) by extensions ['cmake', 'python']
[0.446s] Level 1:colcon.colcon_core.package_identification:_identify(isaacpjt/M0609/Collected_m0609_camera_cube/omniverse-content-production.s3-us-west-2.amazonaws.com/Assets/Isaac/5.1/Isaac/Materials/Base) by extension 'cmake'
[0.446s] Level 1:colcon.colcon_core.package_identification:_identify(isaacpjt/M0609/Collected_m0609_camera_cube/omniverse-content-production.s3-us-west-2.amazonaws.com/Assets/Isaac/5.1/Isaac/Materials/Base) by extension 'python'
[0.446s] Level 1:colcon.colcon_core.package_identification:_identify(isaacpjt/M0609/Collected_m0609_camera_cube/omniverse-content-production.s3-us-west-2.amazonaws.com/Assets/Isaac/5.1/Isaac/Materials/Base) by extensions ['python_setup_py']
[0.446s] Level 1:colcon.colcon_core.package_identification:_identify(isaacpjt/M0609/Collected_m0609_camera_cube/omniverse-content-production.s3-us-west-2.amazonaws.com/Assets/Isaac/5.1/Isaac/Materials/Base) by extension 'python_setup_py'
[0.446s] Level 1:colcon.colcon_core.package_identification:_identify(isaacpjt/M0609/Collected_m0609_camera_cube/omniverse-content-production.s3-us-west-2.amazonaws.com/Assets/Isaac/5.1/Isaac/Materials/Base/Metals) by extensions ['ignore', 'ignore_ament_install']
[0.447s] Level 1:colcon.colcon_core.package_identification:_identify(isaacpjt/M0609/Collected_m0609_camera_cube/omniverse-content-production.s3-us-west-2.amazonaws.com/Assets/Isaac/5.1/Isaac/Materials/Base/Metals) by extension 'ignore'
[0.447s] Level 1:colcon.colcon_core.package_identification:_identify(isaacpjt/M0609/Collected_m0609_camera_cube/omniverse-content-production.s3-us-west-2.amazonaws.com/Assets/Isaac/5.1/Isaac/Materials/Base/Metals) by extension 'ignore_ament_install'
[0.447s] Level 1:colcon.colcon_core.package_identification:_identify(isaacpjt/M0609/Collected_m0609_camera_cube/omniverse-content-production.s3-us-west-2.amazonaws.com/Assets/Isaac/5.1/Isaac/Materials/Base/Metals) by extensions ['colcon_pkg']
[0.447s] Level 1:colcon.colcon_core.package_identification:_identify(isaacpjt/M0609/Collected_m0609_camera_cube/omniverse-content-production.s3-us-west-2.amazonaws.com/Assets/Isaac/5.1/Isaac/Materials/Base/Metals) by extension 'colcon_pkg'
[0.447s] Level 1:colcon.colcon_core.package_identification:_identify(isaacpjt/M0609/Collected_m0609_camera_cube/omniverse-content-production.s3-us-west-2.amazonaws.com/Assets/Isaac/5.1/Isaac/Materials/Base/Metals) by extensions ['colcon_meta']
[0.447s] Level 1:colcon.colcon_core.package_identification:_identify(isaacpjt/M0609/Collected_m0609_camera_cube/omniverse-content-production.s3-us-west-2.amazonaws.com/Assets/Isaac/5.1/Isaac/Materials/Base/Metals) by extension 'colcon_meta'
[0.447s] Level 1:colcon.colcon_core.package_identification:_identify(isaacpjt/M0609/Collected_m0609_camera_cube/omniverse-content-production.s3-us-west-2.amazonaws.com/Assets/Isaac/5.1/Isaac/Materials/Base/Metals) by extensions ['ros']
[0.447s] Level 1:colcon.colcon_core.package_identification:_identify(isaacpjt/M0609/Collected_m0609_camera_cube/omniverse-content-production.s3-us-west-2.amazonaws.com/Assets/Isaac/5.1/Isaac/Materials/Base/Metals) by extension 'ros'
[0.447s] Level 1:colcon.colcon_core.package_identification:_identify(isaacpjt/M0609/Collected_m0609_camera_cube/omniverse-content-production.s3-us-west-2.amazonaws.com/Assets/Isaac/5.1/Isaac/Materials/Base/Metals) by extensions ['cmake', 'python']
[0.447s] Level 1:colcon.colcon_core.package_identification:_identify(isaacpjt/M0609/Collected_m0609_camera_cube/omniverse-content-production.s3-us-west-2.amazonaws.com/Assets/Isaac/5.1/Isaac/Materials/Base/Metals) by extension 'cmake'
[0.447s] Level 1:colcon.colcon_core.package_identification:_identify(isaacpjt/M0609/Collected_m0609_camera_cube/omniverse-content-production.s3-us-west-2.amazonaws.com/Assets/Isaac/5.1/Isaac/Materials/Base/Metals) by extension 'python'
[0.448s] Level 1:colcon.colcon_core.package_identification:_identify(isaacpjt/M0609/Collected_m0609_camera_cube/omniverse-content-production.s3-us-west-2.amazonaws.com/Assets/Isaac/5.1/Isaac/Materials/Base/Metals) by extensions ['python_setup_py']
[0.448s] Level 1:colcon.colcon_core.package_identification:_identify(isaacpjt/M0609/Collected_m0609_camera_cube/omniverse-content-production.s3-us-west-2.amazonaws.com/Assets/Isaac/5.1/Isaac/Materials/Base/Metals) by extension 'python_setup_py'
[0.448s] Level 1:colcon.colcon_core.package_identification:_identify(isaacpjt/M0609/Collected_m0609_camera_cube/omniverse-content-production.s3-us-west-2.amazonaws.com/Assets/Isaac/5.1/Isaac/Materials/Base/Metals/Aluminum_Anodized) by extensions ['ignore', 'ignore_ament_install']
[0.448s] Level 1:colcon.colcon_core.package_identification:_identify(isaacpjt/M0609/Collected_m0609_camera_cube/omniverse-content-production.s3-us-west-2.amazonaws.com/Assets/Isaac/5.1/Isaac/Materials/Base/Metals/Aluminum_Anodized) by extension 'ignore'
[0.448s] Level 1:colcon.colcon_core.package_identification:_identify(isaacpjt/M0609/Collected_m0609_camera_cube/omniverse-content-production.s3-us-west-2.amazonaws.com/Assets/Isaac/5.1/Isaac/Materials/Base/Metals/Aluminum_Anodized) by extension 'ignore_ament_install'
[0.448s] Level 1:colcon.colcon_core.package_identification:_identify(isaacpjt/M0609/Collected_m0609_camera_cube/omniverse-content-production.s3-us-west-2.amazonaws.com/Assets/Isaac/5.1/Isaac/Materials/Base/Metals/Aluminum_Anodized) by extensions ['colcon_pkg']
[0.448s] Level 1:colcon.colcon_core.package_identification:_identify(isaacpjt/M0609/Collected_m0609_camera_cube/omniverse-content-production.s3-us-west-2.amazonaws.com/Assets/Isaac/5.1/Isaac/Materials/Base/Metals/Aluminum_Anodized) by extension 'colcon_pkg'
[0.448s] Level 1:colcon.colcon_core.package_identification:_identify(isaacpjt/M0609/Collected_m0609_camera_cube/omniverse-content-production.s3-us-west-2.amazonaws.com/Assets/Isaac/5.1/Isaac/Materials/Base/Metals/Aluminum_Anodized) by extensions ['colcon_meta']
[0.448s] Level 1:colcon.colcon_core.package_identification:_identify(isaacpjt/M0609/Collected_m0609_camera_cube/omniverse-content-production.s3-us-west-2.amazonaws.com/Assets/Isaac/5.1/Isaac/Materials/Base/Metals/Aluminum_Anodized) by extension 'colcon_meta'
[0.448s] Level 1:colcon.colcon_core.package_identification:_identify(isaacpjt/M0609/Collected_m0609_camera_cube/omniverse-content-production.s3-us-west-2.amazonaws.com/Assets/Isaac/5.1/Isaac/Materials/Base/Metals/Aluminum_Anodized) by extensions ['ros']
[0.448s] Level 1:colcon.colcon_core.package_identification:_identify(isaacpjt/M0609/Collected_m0609_camera_cube/omniverse-content-production.s3-us-west-2.amazonaws.com/Assets/Isaac/5.1/Isaac/Materials/Base/Metals/Aluminum_Anodized) by extension 'ros'
[0.448s] Level 1:colcon.colcon_core.package_identification:_identify(isaacpjt/M0609/Collected_m0609_camera_cube/omniverse-content-production.s3-us-west-2.amazonaws.com/Assets/Isaac/5.1/Isaac/Materials/Base/Metals/Aluminum_Anodized) by extensions ['cmake', 'python']
[0.449s] Level 1:colcon.colcon_core.package_identification:_identify(isaacpjt/M0609/Collected_m0609_camera_cube/omniverse-content-production.s3-us-west-2.amazonaws.com/Assets/Isaac/5.1/Isaac/Materials/Base/Metals/Aluminum_Anodized) by extension 'cmake'
[0.449s] Level 1:colcon.colcon_core.package_identification:_identify(isaacpjt/M0609/Collected_m0609_camera_cube/omniverse-content-production.s3-us-west-2.amazonaws.com/Assets/Isaac/5.1/Isaac/Materials/Base/Metals/Aluminum_Anodized) by extension 'python'
[0.449s] Level 1:colcon.colcon_core.package_identification:_identify(isaacpjt/M0609/Collected_m0609_camera_cube/omniverse-content-production.s3-us-west-2.amazonaws.com/Assets/Isaac/5.1/Isaac/Materials/Base/Metals/Aluminum_Anodized) by extensions ['python_setup_py']
[0.449s] Level 1:colcon.colcon_core.package_identification:_identify(isaacpjt/M0609/Collected_m0609_camera_cube/omniverse-content-production.s3-us-west-2.amazonaws.com/Assets/Isaac/5.1/Isaac/Materials/Base/Metals/Aluminum_Anodized) by extension 'python_setup_py'
[0.449s] Level 1:colcon.colcon_core.package_identification:_identify(isaacpjt/M0609/Collected_m0609_camera_cube/omniverse-content-production.s3-us-west-2.amazonaws.com/Assets/Isaac/5.1/Isaac/Materials/Base/Metals/Aluminum_Cast) by extensions ['ignore', 'ignore_ament_install']
[0.449s] Level 1:colcon.colcon_core.package_identification:_identify(isaacpjt/M0609/Collected_m0609_camera_cube/omniverse-content-production.s3-us-west-2.amazonaws.com/Assets/Isaac/5.1/Isaac/Materials/Base/Metals/Aluminum_Cast) by extension 'ignore'
[0.449s] Level 1:colcon.colcon_core.package_identification:_identify(isaacpjt/M0609/Collected_m0609_camera_cube/omniverse-content-production.s3-us-west-2.amazonaws.com/Assets/Isaac/5.1/Isaac/Materials/Base/Metals/Aluminum_Cast) by extension 'ignore_ament_install'
[0.449s] Level 1:colcon.colcon_core.package_identification:_identify(isaacpjt/M0609/Collected_m0609_camera_cube/omniverse-content-production.s3-us-west-2.amazonaws.com/Assets/Isaac/5.1/Isaac/Materials/Base/Metals/Aluminum_Cast) by extensions ['colcon_pkg']
[0.449s] Level 1:colcon.colcon_core.package_identification:_identify(isaacpjt/M0609/Collected_m0609_camera_cube/omniverse-content-production.s3-us-west-2.amazonaws.com/Assets/Isaac/5.1/Isaac/Materials/Base/Metals/Aluminum_Cast) by extension 'colcon_pkg'
[0.449s] Level 1:colcon.colcon_core.package_identification:_identify(isaacpjt/M0609/Collected_m0609_camera_cube/omniverse-content-production.s3-us-west-2.amazonaws.com/Assets/Isaac/5.1/Isaac/Materials/Base/Metals/Aluminum_Cast) by extensions ['colcon_meta']
[0.449s] Level 1:colcon.colcon_core.package_identification:_identify(isaacpjt/M0609/Collected_m0609_camera_cube/omniverse-content-production.s3-us-west-2.amazonaws.com/Assets/Isaac/5.1/Isaac/Materials/Base/Metals/Aluminum_Cast) by extension 'colcon_meta'
[0.449s] Level 1:colcon.colcon_core.package_identification:_identify(isaacpjt/M0609/Collected_m0609_camera_cube/omniverse-content-production.s3-us-west-2.amazonaws.com/Assets/Isaac/5.1/Isaac/Materials/Base/Metals/Aluminum_Cast) by extensions ['ros']
[0.449s] Level 1:colcon.colcon_core.package_identification:_identify(isaacpjt/M0609/Collected_m0609_camera_cube/omniverse-content-production.s3-us-west-2.amazonaws.com/Assets/Isaac/5.1/Isaac/Materials/Base/Metals/Aluminum_Cast) by extension 'ros'
[0.450s] Level 1:colcon.colcon_core.package_identification:_identify(isaacpjt/M0609/Collected_m0609_camera_cube/omniverse-content-production.s3-us-west-2.amazonaws.com/Assets/Isaac/5.1/Isaac/Materials/Base/Metals/Aluminum_Cast) by extensions ['cmake', 'python']
[0.450s] Level 1:colcon.colcon_core.package_identification:_identify(isaacpjt/M0609/Collected_m0609_camera_cube/omniverse-content-production.s3-us-west-2.amazonaws.com/Assets/Isaac/5.1/Isaac/Materials/Base/Metals/Aluminum_Cast) by extension 'cmake'
[0.450s] Level 1:colcon.colcon_core.package_identification:_identify(isaacpjt/M0609/Collected_m0609_camera_cube/omniverse-content-production.s3-us-west-2.amazonaws.com/Assets/Isaac/5.1/Isaac/Materials/Base/Metals/Aluminum_Cast) by extension 'python'
[0.450s] Level 1:colcon.colcon_core.package_identification:_identify(isaacpjt/M0609/Collected_m0609_camera_cube/omniverse-content-production.s3-us-west-2.amazonaws.com/Assets/Isaac/5.1/Isaac/Materials/Base/Metals/Aluminum_Cast) by extensions ['python_setup_py']
[0.450s] Level 1:colcon.colcon_core.package_identification:_identify(isaacpjt/M0609/Collected_m0609_camera_cube/omniverse-content-production.s3-us-west-2.amazonaws.com/Assets/Isaac/5.1/Isaac/Materials/Base/Metals/Aluminum_Cast) by extension 'python_setup_py'
[0.450s] Level 1:colcon.colcon_core.package_identification:_identify(isaacpjt/M0609/Collected_m0609_camera_cube/omniverse-content-production.s3-us-west-2.amazonaws.com/Assets/Isaac/5.1/Isaac/Materials/Base/Plastics) by extensions ['ignore', 'ignore_ament_install']
[0.450s] Level 1:colcon.colcon_core.package_identification:_identify(isaacpjt/M0609/Collected_m0609_camera_cube/omniverse-content-production.s3-us-west-2.amazonaws.com/Assets/Isaac/5.1/Isaac/Materials/Base/Plastics) by extension 'ignore'
[0.450s] Level 1:colcon.colcon_core.package_identification:_identify(isaacpjt/M0609/Collected_m0609_camera_cube/omniverse-content-production.s3-us-west-2.amazonaws.com/Assets/Isaac/5.1/Isaac/Materials/Base/Plastics) by extension 'ignore_ament_install'
[0.450s] Level 1:colcon.colcon_core.package_identification:_identify(isaacpjt/M0609/Collected_m0609_camera_cube/omniverse-content-production.s3-us-west-2.amazonaws.com/Assets/Isaac/5.1/Isaac/Materials/Base/Plastics) by extensions ['colcon_pkg']
[0.450s] Level 1:colcon.colcon_core.package_identification:_identify(isaacpjt/M0609/Collected_m0609_camera_cube/omniverse-content-production.s3-us-west-2.amazonaws.com/Assets/Isaac/5.1/Isaac/Materials/Base/Plastics) by extension 'colcon_pkg'
[0.450s] Level 1:colcon.colcon_core.package_identification:_identify(isaacpjt/M0609/Collected_m0609_camera_cube/omniverse-content-production.s3-us-west-2.amazonaws.com/Assets/Isaac/5.1/Isaac/Materials/Base/Plastics) by extensions ['colcon_meta']
[0.450s] Level 1:colcon.colcon_core.package_identification:_identify(isaacpjt/M0609/Collected_m0609_camera_cube/omniverse-content-production.s3-us-west-2.amazonaws.com/Assets/Isaac/5.1/Isaac/Materials/Base/Plastics) by extension 'colcon_meta'
[0.450s] Level 1:colcon.colcon_core.package_identification:_identify(isaacpjt/M0609/Collected_m0609_camera_cube/omniverse-content-production.s3-us-west-2.amazonaws.com/Assets/Isaac/5.1/Isaac/Materials/Base/Plastics) by extensions ['ros']
[0.450s] Level 1:colcon.colcon_core.package_identification:_identify(isaacpjt/M0609/Collected_m0609_camera_cube/omniverse-content-production.s3-us-west-2.amazonaws.com/Assets/Isaac/5.1/Isaac/Materials/Base/Plastics) by extension 'ros'
[0.451s] Level 1:colcon.colcon_core.package_identification:_identify(isaacpjt/M0609/Collected_m0609_camera_cube/omniverse-content-production.s3-us-west-2.amazonaws.com/Assets/Isaac/5.1/Isaac/Materials/Base/Plastics) by extensions ['cmake', 'python']
[0.451s] Level 1:colcon.colcon_core.package_identification:_identify(isaacpjt/M0609/Collected_m0609_camera_cube/omniverse-content-production.s3-us-west-2.amazonaws.com/Assets/Isaac/5.1/Isaac/Materials/Base/Plastics) by extension 'cmake'
[0.451s] Level 1:colcon.colcon_core.package_identification:_identify(isaacpjt/M0609/Collected_m0609_camera_cube/omniverse-content-production.s3-us-west-2.amazonaws.com/Assets/Isaac/5.1/Isaac/Materials/Base/Plastics) by extension 'python'
[0.451s] Level 1:colcon.colcon_core.package_identification:_identify(isaacpjt/M0609/Collected_m0609_camera_cube/omniverse-content-production.s3-us-west-2.amazonaws.com/Assets/Isaac/5.1/Isaac/Materials/Base/Plastics) by extensions ['python_setup_py']
[0.451s] Level 1:colcon.colcon_core.package_identification:_identify(isaacpjt/M0609/Collected_m0609_camera_cube/omniverse-content-production.s3-us-west-2.amazonaws.com/Assets/Isaac/5.1/Isaac/Materials/Base/Plastics) by extension 'python_setup_py'
[0.451s] Level 1:colcon.colcon_core.package_identification:_identify(isaacpjt/M0609/Collected_m0609_camera_cube/omniverse-content-production.s3-us-west-2.amazonaws.com/Assets/Isaac/5.1/Isaac/Props) by extensions ['ignore', 'ignore_ament_install']
[0.451s] Level 1:colcon.colcon_core.package_identification:_identify(isaacpjt/M0609/Collected_m0609_camera_cube/omniverse-content-production.s3-us-west-2.amazonaws.com/Assets/Isaac/5.1/Isaac/Props) by extension 'ignore'
[0.451s] Level 1:colcon.colcon_core.package_identification:_identify(isaacpjt/M0609/Collected_m0609_camera_cube/omniverse-content-production.s3-us-west-2.amazonaws.com/Assets/Isaac/5.1/Isaac/Props) by extension 'ignore_ament_install'
[0.452s] Level 1:colcon.colcon_core.package_identification:_identify(isaacpjt/M0609/Collected_m0609_camera_cube/omniverse-content-production.s3-us-west-2.amazonaws.com/Assets/Isaac/5.1/Isaac/Props) by extensions ['colcon_pkg']
[0.452s] Level 1:colcon.colcon_core.package_identification:_identify(isaacpjt/M0609/Collected_m0609_camera_cube/omniverse-content-production.s3-us-west-2.amazonaws.com/Assets/Isaac/5.1/Isaac/Props) by extension 'colcon_pkg'
[0.452s] Level 1:colcon.colcon_core.package_identification:_identify(isaacpjt/M0609/Collected_m0609_camera_cube/omniverse-content-production.s3-us-west-2.amazonaws.com/Assets/Isaac/5.1/Isaac/Props) by extensions ['colcon_meta']
[0.452s] Level 1:colcon.colcon_core.package_identification:_identify(isaacpjt/M0609/Collected_m0609_camera_cube/omniverse-content-production.s3-us-west-2.amazonaws.com/Assets/Isaac/5.1/Isaac/Props) by extension 'colcon_meta'
[0.452s] Level 1:colcon.colcon_core.package_identification:_identify(isaacpjt/M0609/Collected_m0609_camera_cube/omniverse-content-production.s3-us-west-2.amazonaws.com/Assets/Isaac/5.1/Isaac/Props) by extensions ['ros']
[0.452s] Level 1:colcon.colcon_core.package_identification:_identify(isaacpjt/M0609/Collected_m0609_camera_cube/omniverse-content-production.s3-us-west-2.amazonaws.com/Assets/Isaac/5.1/Isaac/Props) by extension 'ros'
[0.452s] Level 1:colcon.colcon_core.package_identification:_identify(isaacpjt/M0609/Collected_m0609_camera_cube/omniverse-content-production.s3-us-west-2.amazonaws.com/Assets/Isaac/5.1/Isaac/Props) by extensions ['cmake', 'python']
[0.452s] Level 1:colcon.colcon_core.package_identification:_identify(isaacpjt/M0609/Collected_m0609_camera_cube/omniverse-content-production.s3-us-west-2.amazonaws.com/Assets/Isaac/5.1/Isaac/Props) by extension 'cmake'
[0.452s] Level 1:colcon.colcon_core.package_identification:_identify(isaacpjt/M0609/Collected_m0609_camera_cube/omniverse-content-production.s3-us-west-2.amazonaws.com/Assets/Isaac/5.1/Isaac/Props) by extension 'python'
[0.452s] Level 1:colcon.colcon_core.package_identification:_identify(isaacpjt/M0609/Collected_m0609_camera_cube/omniverse-content-production.s3-us-west-2.amazonaws.com/Assets/Isaac/5.1/Isaac/Props) by extensions ['python_setup_py']
[0.452s] Level 1:colcon.colcon_core.package_identification:_identify(isaacpjt/M0609/Collected_m0609_camera_cube/omniverse-content-production.s3-us-west-2.amazonaws.com/Assets/Isaac/5.1/Isaac/Props) by extension 'python_setup_py'
[0.452s] Level 1:colcon.colcon_core.package_identification:_identify(isaacpjt/M0609/Collected_m0609_camera_cube/omniverse-content-production.s3-us-west-2.amazonaws.com/Assets/Isaac/5.1/Isaac/Props/Blocks) by extensions ['ignore', 'ignore_ament_install']
[0.452s] Level 1:colcon.colcon_core.package_identification:_identify(isaacpjt/M0609/Collected_m0609_camera_cube/omniverse-content-production.s3-us-west-2.amazonaws.com/Assets/Isaac/5.1/Isaac/Props/Blocks) by extension 'ignore'
[0.453s] Level 1:colcon.colcon_core.package_identification:_identify(isaacpjt/M0609/Collected_m0609_camera_cube/omniverse-content-production.s3-us-west-2.amazonaws.com/Assets/Isaac/5.1/Isaac/Props/Blocks) by extension 'ignore_ament_install'
[0.453s] Level 1:colcon.colcon_core.package_identification:_identify(isaacpjt/M0609/Collected_m0609_camera_cube/omniverse-content-production.s3-us-west-2.amazonaws.com/Assets/Isaac/5.1/Isaac/Props/Blocks) by extensions ['colcon_pkg']
[0.453s] Level 1:colcon.colcon_core.package_identification:_identify(isaacpjt/M0609/Collected_m0609_camera_cube/omniverse-content-production.s3-us-west-2.amazonaws.com/Assets/Isaac/5.1/Isaac/Props/Blocks) by extension 'colcon_pkg'
[0.453s] Level 1:colcon.colcon_core.package_identification:_identify(isaacpjt/M0609/Collected_m0609_camera_cube/omniverse-content-production.s3-us-west-2.amazonaws.com/Assets/Isaac/5.1/Isaac/Props/Blocks) by extensions ['colcon_meta']
[0.453s] Level 1:colcon.colcon_core.package_identification:_identify(isaacpjt/M0609/Collected_m0609_camera_cube/omniverse-content-production.s3-us-west-2.amazonaws.com/Assets/Isaac/5.1/Isaac/Props/Blocks) by extension 'colcon_meta'
[0.453s] Level 1:colcon.colcon_core.package_identification:_identify(isaacpjt/M0609/Collected_m0609_camera_cube/omniverse-content-production.s3-us-west-2.amazonaws.com/Assets/Isaac/5.1/Isaac/Props/Blocks) by extensions ['ros']
[0.453s] Level 1:colcon.colcon_core.package_identification:_identify(isaacpjt/M0609/Collected_m0609_camera_cube/omniverse-content-production.s3-us-west-2.amazonaws.com/Assets/Isaac/5.1/Isaac/Props/Blocks) by extension 'ros'
[0.453s] Level 1:colcon.colcon_core.package_identification:_identify(isaacpjt/M0609/Collected_m0609_camera_cube/omniverse-content-production.s3-us-west-2.amazonaws.com/Assets/Isaac/5.1/Isaac/Props/Blocks) by extensions ['cmake', 'python']
[0.453s] Level 1:colcon.colcon_core.package_identification:_identify(isaacpjt/M0609/Collected_m0609_camera_cube/omniverse-content-production.s3-us-west-2.amazonaws.com/Assets/Isaac/5.1/Isaac/Props/Blocks) by extension 'cmake'
[0.453s] Level 1:colcon.colcon_core.package_identification:_identify(isaacpjt/M0609/Collected_m0609_camera_cube/omniverse-content-production.s3-us-west-2.amazonaws.com/Assets/Isaac/5.1/Isaac/Props/Blocks) by extension 'python'
[0.453s] Level 1:colcon.colcon_core.package_identification:_identify(isaacpjt/M0609/Collected_m0609_camera_cube/omniverse-content-production.s3-us-west-2.amazonaws.com/Assets/Isaac/5.1/Isaac/Props/Blocks) by extensions ['python_setup_py']
[0.453s] Level 1:colcon.colcon_core.package_identification:_identify(isaacpjt/M0609/Collected_m0609_camera_cube/omniverse-content-production.s3-us-west-2.amazonaws.com/Assets/Isaac/5.1/Isaac/Props/Blocks) by extension 'python_setup_py'
[0.453s] Level 1:colcon.colcon_core.package_identification:_identify(isaacpjt/M0609/Collected_m0609_camera_cube/omniverse-content-production.s3-us-west-2.amazonaws.com/Assets/Isaac/5.1/Isaac/Props/Blocks/DexCube) by extensions ['ignore', 'ignore_ament_install']
[0.453s] Level 1:colcon.colcon_core.package_identification:_identify(isaacpjt/M0609/Collected_m0609_camera_cube/omniverse-content-production.s3-us-west-2.amazonaws.com/Assets/Isaac/5.1/Isaac/Props/Blocks/DexCube) by extension 'ignore'
[0.454s] Level 1:colcon.colcon_core.package_identification:_identify(isaacpjt/M0609/Collected_m0609_camera_cube/omniverse-content-production.s3-us-west-2.amazonaws.com/Assets/Isaac/5.1/Isaac/Props/Blocks/DexCube) by extension 'ignore_ament_install'
[0.454s] Level 1:colcon.colcon_core.package_identification:_identify(isaacpjt/M0609/Collected_m0609_camera_cube/omniverse-content-production.s3-us-west-2.amazonaws.com/Assets/Isaac/5.1/Isaac/Props/Blocks/DexCube) by extensions ['colcon_pkg']
[0.454s] Level 1:colcon.colcon_core.package_identification:_identify(isaacpjt/M0609/Collected_m0609_camera_cube/omniverse-content-production.s3-us-west-2.amazonaws.com/Assets/Isaac/5.1/Isaac/Props/Blocks/DexCube) by extension 'colcon_pkg'
[0.454s] Level 1:colcon.colcon_core.package_identification:_identify(isaacpjt/M0609/Collected_m0609_camera_cube/omniverse-content-production.s3-us-west-2.amazonaws.com/Assets/Isaac/5.1/Isaac/Props/Blocks/DexCube) by extensions ['colcon_meta']
[0.454s] Level 1:colcon.colcon_core.package_identification:_identify(isaacpjt/M0609/Collected_m0609_camera_cube/omniverse-content-production.s3-us-west-2.amazonaws.com/Assets/Isaac/5.1/Isaac/Props/Blocks/DexCube) by extension 'colcon_meta'
[0.454s] Level 1:colcon.colcon_core.package_identification:_identify(isaacpjt/M0609/Collected_m0609_camera_cube/omniverse-content-production.s3-us-west-2.amazonaws.com/Assets/Isaac/5.1/Isaac/Props/Blocks/DexCube) by extensions ['ros']
[0.454s] Level 1:colcon.colcon_core.package_identification:_identify(isaacpjt/M0609/Collected_m0609_camera_cube/omniverse-content-production.s3-us-west-2.amazonaws.com/Assets/Isaac/5.1/Isaac/Props/Blocks/DexCube) by extension 'ros'
[0.454s] Level 1:colcon.colcon_core.package_identification:_identify(isaacpjt/M0609/Collected_m0609_camera_cube/omniverse-content-production.s3-us-west-2.amazonaws.com/Assets/Isaac/5.1/Isaac/Props/Blocks/DexCube) by extensions ['cmake', 'python']
[0.454s] Level 1:colcon.colcon_core.package_identification:_identify(isaacpjt/M0609/Collected_m0609_camera_cube/omniverse-content-production.s3-us-west-2.amazonaws.com/Assets/Isaac/5.1/Isaac/Props/Blocks/DexCube) by extension 'cmake'
[0.454s] Level 1:colcon.colcon_core.package_identification:_identify(isaacpjt/M0609/Collected_m0609_camera_cube/omniverse-content-production.s3-us-west-2.amazonaws.com/Assets/Isaac/5.1/Isaac/Props/Blocks/DexCube) by extension 'python'
[0.454s] Level 1:colcon.colcon_core.package_identification:_identify(isaacpjt/M0609/Collected_m0609_camera_cube/omniverse-content-production.s3-us-west-2.amazonaws.com/Assets/Isaac/5.1/Isaac/Props/Blocks/DexCube) by extensions ['python_setup_py']
[0.454s] Level 1:colcon.colcon_core.package_identification:_identify(isaacpjt/M0609/Collected_m0609_camera_cube/omniverse-content-production.s3-us-west-2.amazonaws.com/Assets/Isaac/5.1/Isaac/Props/Blocks/DexCube) by extension 'python_setup_py'
[0.454s] Level 1:colcon.colcon_core.package_identification:_identify(isaacpjt/M0609/Collected_m0609_camera_cube/omniverse-content-production.s3-us-west-2.amazonaws.com/Assets/Isaac/5.1/Isaac/Props/Blocks/DexCube/Materials) by extensions ['ignore', 'ignore_ament_install']
[0.454s] Level 1:colcon.colcon_core.package_identification:_identify(isaacpjt/M0609/Collected_m0609_camera_cube/omniverse-content-production.s3-us-west-2.amazonaws.com/Assets/Isaac/5.1/Isaac/Props/Blocks/DexCube/Materials) by extension 'ignore'
[0.455s] Level 1:colcon.colcon_core.package_identification:_identify(isaacpjt/M0609/Collected_m0609_camera_cube/omniverse-content-production.s3-us-west-2.amazonaws.com/Assets/Isaac/5.1/Isaac/Props/Blocks/DexCube/Materials) by extension 'ignore_ament_install'
[0.455s] Level 1:colcon.colcon_core.package_identification:_identify(isaacpjt/M0609/Collected_m0609_camera_cube/omniverse-content-production.s3-us-west-2.amazonaws.com/Assets/Isaac/5.1/Isaac/Props/Blocks/DexCube/Materials) by extensions ['colcon_pkg']
[0.455s] Level 1:colcon.colcon_core.package_identification:_identify(isaacpjt/M0609/Collected_m0609_camera_cube/omniverse-content-production.s3-us-west-2.amazonaws.com/Assets/Isaac/5.1/Isaac/Props/Blocks/DexCube/Materials) by extension 'colcon_pkg'
[0.455s] Level 1:colcon.colcon_core.package_identification:_identify(isaacpjt/M0609/Collected_m0609_camera_cube/omniverse-content-production.s3-us-west-2.amazonaws.com/Assets/Isaac/5.1/Isaac/Props/Blocks/DexCube/Materials) by extensions ['colcon_meta']
[0.455s] Level 1:colcon.colcon_core.package_identification:_identify(isaacpjt/M0609/Collected_m0609_camera_cube/omniverse-content-production.s3-us-west-2.amazonaws.com/Assets/Isaac/5.1/Isaac/Props/Blocks/DexCube/Materials) by extension 'colcon_meta'
[0.455s] Level 1:colcon.colcon_core.package_identification:_identify(isaacpjt/M0609/Collected_m0609_camera_cube/omniverse-content-production.s3-us-west-2.amazonaws.com/Assets/Isaac/5.1/Isaac/Props/Blocks/DexCube/Materials) by extensions ['ros']
[0.455s] Level 1:colcon.colcon_core.package_identification:_identify(isaacpjt/M0609/Collected_m0609_camera_cube/omniverse-content-production.s3-us-west-2.amazonaws.com/Assets/Isaac/5.1/Isaac/Props/Blocks/DexCube/Materials) by extension 'ros'
[0.455s] Level 1:colcon.colcon_core.package_identification:_identify(isaacpjt/M0609/Collected_m0609_camera_cube/omniverse-content-production.s3-us-west-2.amazonaws.com/Assets/Isaac/5.1/Isaac/Props/Blocks/DexCube/Materials) by extensions ['cmake', 'python']
[0.455s] Level 1:colcon.colcon_core.package_identification:_identify(isaacpjt/M0609/Collected_m0609_camera_cube/omniverse-content-production.s3-us-west-2.amazonaws.com/Assets/Isaac/5.1/Isaac/Props/Blocks/DexCube/Materials) by extension 'cmake'
[0.455s] Level 1:colcon.colcon_core.package_identification:_identify(isaacpjt/M0609/Collected_m0609_camera_cube/omniverse-content-production.s3-us-west-2.amazonaws.com/Assets/Isaac/5.1/Isaac/Props/Blocks/DexCube/Materials) by extension 'python'
[0.455s] Level 1:colcon.colcon_core.package_identification:_identify(isaacpjt/M0609/Collected_m0609_camera_cube/omniverse-content-production.s3-us-west-2.amazonaws.com/Assets/Isaac/5.1/Isaac/Props/Blocks/DexCube/Materials) by extensions ['python_setup_py']
[0.455s] Level 1:colcon.colcon_core.package_identification:_identify(isaacpjt/M0609/Collected_m0609_camera_cube/omniverse-content-production.s3-us-west-2.amazonaws.com/Assets/Isaac/5.1/Isaac/Props/Blocks/DexCube/Materials) by extension 'python_setup_py'
[0.455s] Level 1:colcon.colcon_core.package_identification:_identify(isaacpjt/M0609/Collected_m0609_camera_cube/omniverse-content-production.s3-us-west-2.amazonaws.com/Assets/Isaac/5.1/Isaac/Props/Blocks/DexCube/Props) by extensions ['ignore', 'ignore_ament_install']
[0.455s] Level 1:colcon.colcon_core.package_identification:_identify(isaacpjt/M0609/Collected_m0609_camera_cube/omniverse-content-production.s3-us-west-2.amazonaws.com/Assets/Isaac/5.1/Isaac/Props/Blocks/DexCube/Props) by extension 'ignore'
[0.456s] Level 1:colcon.colcon_core.package_identification:_identify(isaacpjt/M0609/Collected_m0609_camera_cube/omniverse-content-production.s3-us-west-2.amazonaws.com/Assets/Isaac/5.1/Isaac/Props/Blocks/DexCube/Props) by extension 'ignore_ament_install'
[0.456s] Level 1:colcon.colcon_core.package_identification:_identify(isaacpjt/M0609/Collected_m0609_camera_cube/omniverse-content-production.s3-us-west-2.amazonaws.com/Assets/Isaac/5.1/Isaac/Props/Blocks/DexCube/Props) by extensions ['colcon_pkg']
[0.456s] Level 1:colcon.colcon_core.package_identification:_identify(isaacpjt/M0609/Collected_m0609_camera_cube/omniverse-content-production.s3-us-west-2.amazonaws.com/Assets/Isaac/5.1/Isaac/Props/Blocks/DexCube/Props) by extension 'colcon_pkg'
[0.456s] Level 1:colcon.colcon_core.package_identification:_identify(isaacpjt/M0609/Collected_m0609_camera_cube/omniverse-content-production.s3-us-west-2.amazonaws.com/Assets/Isaac/5.1/Isaac/Props/Blocks/DexCube/Props) by extensions ['colcon_meta']
[0.456s] Level 1:colcon.colcon_core.package_identification:_identify(isaacpjt/M0609/Collected_m0609_camera_cube/omniverse-content-production.s3-us-west-2.amazonaws.com/Assets/Isaac/5.1/Isaac/Props/Blocks/DexCube/Props) by extension 'colcon_meta'
[0.456s] Level 1:colcon.colcon_core.package_identification:_identify(isaacpjt/M0609/Collected_m0609_camera_cube/omniverse-content-production.s3-us-west-2.amazonaws.com/Assets/Isaac/5.1/Isaac/Props/Blocks/DexCube/Props) by extensions ['ros']
[0.456s] Level 1:colcon.colcon_core.package_identification:_identify(isaacpjt/M0609/Collected_m0609_camera_cube/omniverse-content-production.s3-us-west-2.amazonaws.com/Assets/Isaac/5.1/Isaac/Props/Blocks/DexCube/Props) by extension 'ros'
[0.456s] Level 1:colcon.colcon_core.package_identification:_identify(isaacpjt/M0609/Collected_m0609_camera_cube/omniverse-content-production.s3-us-west-2.amazonaws.com/Assets/Isaac/5.1/Isaac/Props/Blocks/DexCube/Props) by extensions ['cmake', 'python']
[0.456s] Level 1:colcon.colcon_core.package_identification:_identify(isaacpjt/M0609/Collected_m0609_camera_cube/omniverse-content-production.s3-us-west-2.amazonaws.com/Assets/Isaac/5.1/Isaac/Props/Blocks/DexCube/Props) by extension 'cmake'
[0.456s] Level 1:colcon.colcon_core.package_identification:_identify(isaacpjt/M0609/Collected_m0609_camera_cube/omniverse-content-production.s3-us-west-2.amazonaws.com/Assets/Isaac/5.1/Isaac/Props/Blocks/DexCube/Props) by extension 'python'
[0.456s] Level 1:colcon.colcon_core.package_identification:_identify(isaacpjt/M0609/Collected_m0609_camera_cube/omniverse-content-production.s3-us-west-2.amazonaws.com/Assets/Isaac/5.1/Isaac/Props/Blocks/DexCube/Props) by extensions ['python_setup_py']
[0.456s] Level 1:colcon.colcon_core.package_identification:_identify(isaacpjt/M0609/Collected_m0609_camera_cube/omniverse-content-production.s3-us-west-2.amazonaws.com/Assets/Isaac/5.1/Isaac/Props/Blocks/DexCube/Props) by extension 'python_setup_py'
[0.456s] Level 1:colcon.colcon_core.package_identification:_identify(isaacpjt/M0609/Collected_m0609_camera_cube/omniverse-content-production.s3-us-west-2.amazonaws.com/Assets/Isaac/5.1/Isaac/Sensors) by extensions ['ignore', 'ignore_ament_install']
[0.456s] Level 1:colcon.colcon_core.package_identification:_identify(isaacpjt/M0609/Collected_m0609_camera_cube/omniverse-content-production.s3-us-west-2.amazonaws.com/Assets/Isaac/5.1/Isaac/Sensors) by extension 'ignore'
[0.457s] Level 1:colcon.colcon_core.package_identification:_identify(isaacpjt/M0609/Collected_m0609_camera_cube/omniverse-content-production.s3-us-west-2.amazonaws.com/Assets/Isaac/5.1/Isaac/Sensors) by extension 'ignore_ament_install'
[0.457s] Level 1:colcon.colcon_core.package_identification:_identify(isaacpjt/M0609/Collected_m0609_camera_cube/omniverse-content-production.s3-us-west-2.amazonaws.com/Assets/Isaac/5.1/Isaac/Sensors) by extensions ['colcon_pkg']
[0.457s] Level 1:colcon.colcon_core.package_identification:_identify(isaacpjt/M0609/Collected_m0609_camera_cube/omniverse-content-production.s3-us-west-2.amazonaws.com/Assets/Isaac/5.1/Isaac/Sensors) by extension 'colcon_pkg'
[0.457s] Level 1:colcon.colcon_core.package_identification:_identify(isaacpjt/M0609/Collected_m0609_camera_cube/omniverse-content-production.s3-us-west-2.amazonaws.com/Assets/Isaac/5.1/Isaac/Sensors) by extensions ['colcon_meta']
[0.457s] Level 1:colcon.colcon_core.package_identification:_identify(isaacpjt/M0609/Collected_m0609_camera_cube/omniverse-content-production.s3-us-west-2.amazonaws.com/Assets/Isaac/5.1/Isaac/Sensors) by extension 'colcon_meta'
[0.457s] Level 1:colcon.colcon_core.package_identification:_identify(isaacpjt/M0609/Collected_m0609_camera_cube/omniverse-content-production.s3-us-west-2.amazonaws.com/Assets/Isaac/5.1/Isaac/Sensors) by extensions ['ros']
[0.457s] Level 1:colcon.colcon_core.package_identification:_identify(isaacpjt/M0609/Collected_m0609_camera_cube/omniverse-content-production.s3-us-west-2.amazonaws.com/Assets/Isaac/5.1/Isaac/Sensors) by extension 'ros'
[0.457s] Level 1:colcon.colcon_core.package_identification:_identify(isaacpjt/M0609/Collected_m0609_camera_cube/omniverse-content-production.s3-us-west-2.amazonaws.com/Assets/Isaac/5.1/Isaac/Sensors) by extensions ['cmake', 'python']
[0.457s] Level 1:colcon.colcon_core.package_identification:_identify(isaacpjt/M0609/Collected_m0609_camera_cube/omniverse-content-production.s3-us-west-2.amazonaws.com/Assets/Isaac/5.1/Isaac/Sensors) by extension 'cmake'
[0.457s] Level 1:colcon.colcon_core.package_identification:_identify(isaacpjt/M0609/Collected_m0609_camera_cube/omniverse-content-production.s3-us-west-2.amazonaws.com/Assets/Isaac/5.1/Isaac/Sensors) by extension 'python'
[0.457s] Level 1:colcon.colcon_core.package_identification:_identify(isaacpjt/M0609/Collected_m0609_camera_cube/omniverse-content-production.s3-us-west-2.amazonaws.com/Assets/Isaac/5.1/Isaac/Sensors) by extensions ['python_setup_py']
[0.457s] Level 1:colcon.colcon_core.package_identification:_identify(isaacpjt/M0609/Collected_m0609_camera_cube/omniverse-content-production.s3-us-west-2.amazonaws.com/Assets/Isaac/5.1/Isaac/Sensors) by extension 'python_setup_py'
[0.457s] Level 1:colcon.colcon_core.package_identification:_identify(isaacpjt/M0609/Collected_m0609_camera_cube/omniverse-content-production.s3-us-west-2.amazonaws.com/Assets/Isaac/5.1/Isaac/Sensors/Intel) by extensions ['ignore', 'ignore_ament_install']
[0.457s] Level 1:colcon.colcon_core.package_identification:_identify(isaacpjt/M0609/Collected_m0609_camera_cube/omniverse-content-production.s3-us-west-2.amazonaws.com/Assets/Isaac/5.1/Isaac/Sensors/Intel) by extension 'ignore'
[0.458s] Level 1:colcon.colcon_core.package_identification:_identify(isaacpjt/M0609/Collected_m0609_camera_cube/omniverse-content-production.s3-us-west-2.amazonaws.com/Assets/Isaac/5.1/Isaac/Sensors/Intel) by extension 'ignore_ament_install'
[0.458s] Level 1:colcon.colcon_core.package_identification:_identify(isaacpjt/M0609/Collected_m0609_camera_cube/omniverse-content-production.s3-us-west-2.amazonaws.com/Assets/Isaac/5.1/Isaac/Sensors/Intel) by extensions ['colcon_pkg']
[0.458s] Level 1:colcon.colcon_core.package_identification:_identify(isaacpjt/M0609/Collected_m0609_camera_cube/omniverse-content-production.s3-us-west-2.amazonaws.com/Assets/Isaac/5.1/Isaac/Sensors/Intel) by extension 'colcon_pkg'
[0.458s] Level 1:colcon.colcon_core.package_identification:_identify(isaacpjt/M0609/Collected_m0609_camera_cube/omniverse-content-production.s3-us-west-2.amazonaws.com/Assets/Isaac/5.1/Isaac/Sensors/Intel) by extensions ['colcon_meta']
[0.458s] Level 1:colcon.colcon_core.package_identification:_identify(isaacpjt/M0609/Collected_m0609_camera_cube/omniverse-content-production.s3-us-west-2.amazonaws.com/Assets/Isaac/5.1/Isaac/Sensors/Intel) by extension 'colcon_meta'
[0.458s] Level 1:colcon.colcon_core.package_identification:_identify(isaacpjt/M0609/Collected_m0609_camera_cube/omniverse-content-production.s3-us-west-2.amazonaws.com/Assets/Isaac/5.1/Isaac/Sensors/Intel) by extensions ['ros']
[0.458s] Level 1:colcon.colcon_core.package_identification:_identify(isaacpjt/M0609/Collected_m0609_camera_cube/omniverse-content-production.s3-us-west-2.amazonaws.com/Assets/Isaac/5.1/Isaac/Sensors/Intel) by extension 'ros'
[0.458s] Level 1:colcon.colcon_core.package_identification:_identify(isaacpjt/M0609/Collected_m0609_camera_cube/omniverse-content-production.s3-us-west-2.amazonaws.com/Assets/Isaac/5.1/Isaac/Sensors/Intel) by extensions ['cmake', 'python']
[0.458s] Level 1:colcon.colcon_core.package_identification:_identify(isaacpjt/M0609/Collected_m0609_camera_cube/omniverse-content-production.s3-us-west-2.amazonaws.com/Assets/Isaac/5.1/Isaac/Sensors/Intel) by extension 'cmake'
[0.458s] Level 1:colcon.colcon_core.package_identification:_identify(isaacpjt/M0609/Collected_m0609_camera_cube/omniverse-content-production.s3-us-west-2.amazonaws.com/Assets/Isaac/5.1/Isaac/Sensors/Intel) by extension 'python'
[0.458s] Level 1:colcon.colcon_core.package_identification:_identify(isaacpjt/M0609/Collected_m0609_camera_cube/omniverse-content-production.s3-us-west-2.amazonaws.com/Assets/Isaac/5.1/Isaac/Sensors/Intel) by extensions ['python_setup_py']
[0.458s] Level 1:colcon.colcon_core.package_identification:_identify(isaacpjt/M0609/Collected_m0609_camera_cube/omniverse-content-production.s3-us-west-2.amazonaws.com/Assets/Isaac/5.1/Isaac/Sensors/Intel) by extension 'python_setup_py'
[0.458s] Level 1:colcon.colcon_core.package_identification:_identify(isaacpjt/M0609/Collected_m0609_camera_cube/omniverse-content-production.s3-us-west-2.amazonaws.com/Assets/Isaac/5.1/Isaac/Sensors/Intel/RealSense) by extensions ['ignore', 'ignore_ament_install']
[0.458s] Level 1:colcon.colcon_core.package_identification:_identify(isaacpjt/M0609/Collected_m0609_camera_cube/omniverse-content-production.s3-us-west-2.amazonaws.com/Assets/Isaac/5.1/Isaac/Sensors/Intel/RealSense) by extension 'ignore'
[0.459s] Level 1:colcon.colcon_core.package_identification:_identify(isaacpjt/M0609/Collected_m0609_camera_cube/omniverse-content-production.s3-us-west-2.amazonaws.com/Assets/Isaac/5.1/Isaac/Sensors/Intel/RealSense) by extension 'ignore_ament_install'
[0.459s] Level 1:colcon.colcon_core.package_identification:_identify(isaacpjt/M0609/Collected_m0609_camera_cube/omniverse-content-production.s3-us-west-2.amazonaws.com/Assets/Isaac/5.1/Isaac/Sensors/Intel/RealSense) by extensions ['colcon_pkg']
[0.459s] Level 1:colcon.colcon_core.package_identification:_identify(isaacpjt/M0609/Collected_m0609_camera_cube/omniverse-content-production.s3-us-west-2.amazonaws.com/Assets/Isaac/5.1/Isaac/Sensors/Intel/RealSense) by extension 'colcon_pkg'
[0.459s] Level 1:colcon.colcon_core.package_identification:_identify(isaacpjt/M0609/Collected_m0609_camera_cube/omniverse-content-production.s3-us-west-2.amazonaws.com/Assets/Isaac/5.1/Isaac/Sensors/Intel/RealSense) by extensions ['colcon_meta']
[0.459s] Level 1:colcon.colcon_core.package_identification:_identify(isaacpjt/M0609/Collected_m0609_camera_cube/omniverse-content-production.s3-us-west-2.amazonaws.com/Assets/Isaac/5.1/Isaac/Sensors/Intel/RealSense) by extension 'colcon_meta'
[0.459s] Level 1:colcon.colcon_core.package_identification:_identify(isaacpjt/M0609/Collected_m0609_camera_cube/omniverse-content-production.s3-us-west-2.amazonaws.com/Assets/Isaac/5.1/Isaac/Sensors/Intel/RealSense) by extensions ['ros']
[0.459s] Level 1:colcon.colcon_core.package_identification:_identify(isaacpjt/M0609/Collected_m0609_camera_cube/omniverse-content-production.s3-us-west-2.amazonaws.com/Assets/Isaac/5.1/Isaac/Sensors/Intel/RealSense) by extension 'ros'
[0.459s] Level 1:colcon.colcon_core.package_identification:_identify(isaacpjt/M0609/Collected_m0609_camera_cube/omniverse-content-production.s3-us-west-2.amazonaws.com/Assets/Isaac/5.1/Isaac/Sensors/Intel/RealSense) by extensions ['cmake', 'python']
[0.459s] Level 1:colcon.colcon_core.package_identification:_identify(isaacpjt/M0609/Collected_m0609_camera_cube/omniverse-content-production.s3-us-west-2.amazonaws.com/Assets/Isaac/5.1/Isaac/Sensors/Intel/RealSense) by extension 'cmake'
[0.459s] Level 1:colcon.colcon_core.package_identification:_identify(isaacpjt/M0609/Collected_m0609_camera_cube/omniverse-content-production.s3-us-west-2.amazonaws.com/Assets/Isaac/5.1/Isaac/Sensors/Intel/RealSense) by extension 'python'
[0.459s] Level 1:colcon.colcon_core.package_identification:_identify(isaacpjt/M0609/Collected_m0609_camera_cube/omniverse-content-production.s3-us-west-2.amazonaws.com/Assets/Isaac/5.1/Isaac/Sensors/Intel/RealSense) by extensions ['python_setup_py']
[0.459s] Level 1:colcon.colcon_core.package_identification:_identify(isaacpjt/M0609/Collected_m0609_camera_cube/omniverse-content-production.s3-us-west-2.amazonaws.com/Assets/Isaac/5.1/Isaac/Sensors/Intel/RealSense) by extension 'python_setup_py'
[0.459s] Level 1:colcon.colcon_core.package_identification:_identify(isaacpjt/M0609/Collected_m0609_camera_cube/onrobot_rg2) by extensions ['ignore', 'ignore_ament_install']
[0.459s] Level 1:colcon.colcon_core.package_identification:_identify(isaacpjt/M0609/Collected_m0609_camera_cube/onrobot_rg2) by extension 'ignore'
[0.460s] Level 1:colcon.colcon_core.package_identification:_identify(isaacpjt/M0609/Collected_m0609_camera_cube/onrobot_rg2) by extension 'ignore_ament_install'
[0.460s] Level 1:colcon.colcon_core.package_identification:_identify(isaacpjt/M0609/Collected_m0609_camera_cube/onrobot_rg2) by extensions ['colcon_pkg']
[0.460s] Level 1:colcon.colcon_core.package_identification:_identify(isaacpjt/M0609/Collected_m0609_camera_cube/onrobot_rg2) by extension 'colcon_pkg'
[0.460s] Level 1:colcon.colcon_core.package_identification:_identify(isaacpjt/M0609/Collected_m0609_camera_cube/onrobot_rg2) by extensions ['colcon_meta']
[0.460s] Level 1:colcon.colcon_core.package_identification:_identify(isaacpjt/M0609/Collected_m0609_camera_cube/onrobot_rg2) by extension 'colcon_meta'
[0.460s] Level 1:colcon.colcon_core.package_identification:_identify(isaacpjt/M0609/Collected_m0609_camera_cube/onrobot_rg2) by extensions ['ros']
[0.460s] Level 1:colcon.colcon_core.package_identification:_identify(isaacpjt/M0609/Collected_m0609_camera_cube/onrobot_rg2) by extension 'ros'
[0.460s] Level 1:colcon.colcon_core.package_identification:_identify(isaacpjt/M0609/Collected_m0609_camera_cube/onrobot_rg2) by extensions ['cmake', 'python']
[0.460s] Level 1:colcon.colcon_core.package_identification:_identify(isaacpjt/M0609/Collected_m0609_camera_cube/onrobot_rg2) by extension 'cmake'
[0.460s] Level 1:colcon.colcon_core.package_identification:_identify(isaacpjt/M0609/Collected_m0609_camera_cube/onrobot_rg2) by extension 'python'
[0.460s] Level 1:colcon.colcon_core.package_identification:_identify(isaacpjt/M0609/Collected_m0609_camera_cube/onrobot_rg2) by extensions ['python_setup_py']
[0.460s] Level 1:colcon.colcon_core.package_identification:_identify(isaacpjt/M0609/Collected_m0609_camera_cube/onrobot_rg2) by extension 'python_setup_py'
[0.461s] Level 1:colcon.colcon_core.package_identification:_identify(isaacpjt/M0609/Collected_m0609_camera_cube/onrobot_rg2/urdf) by extensions ['ignore', 'ignore_ament_install']
[0.461s] Level 1:colcon.colcon_core.package_identification:_identify(isaacpjt/M0609/Collected_m0609_camera_cube/onrobot_rg2/urdf) by extension 'ignore'
[0.461s] Level 1:colcon.colcon_core.package_identification:_identify(isaacpjt/M0609/Collected_m0609_camera_cube/onrobot_rg2/urdf) by extension 'ignore_ament_install'
[0.461s] Level 1:colcon.colcon_core.package_identification:_identify(isaacpjt/M0609/Collected_m0609_camera_cube/onrobot_rg2/urdf) by extensions ['colcon_pkg']
[0.461s] Level 1:colcon.colcon_core.package_identification:_identify(isaacpjt/M0609/Collected_m0609_camera_cube/onrobot_rg2/urdf) by extension 'colcon_pkg'
[0.461s] Level 1:colcon.colcon_core.package_identification:_identify(isaacpjt/M0609/Collected_m0609_camera_cube/onrobot_rg2/urdf) by extensions ['colcon_meta']
[0.461s] Level 1:colcon.colcon_core.package_identification:_identify(isaacpjt/M0609/Collected_m0609_camera_cube/onrobot_rg2/urdf) by extension 'colcon_meta'
[0.461s] Level 1:colcon.colcon_core.package_identification:_identify(isaacpjt/M0609/Collected_m0609_camera_cube/onrobot_rg2/urdf) by extensions ['ros']
[0.461s] Level 1:colcon.colcon_core.package_identification:_identify(isaacpjt/M0609/Collected_m0609_camera_cube/onrobot_rg2/urdf) by extension 'ros'
[0.462s] Level 1:colcon.colcon_core.package_identification:_identify(isaacpjt/M0609/Collected_m0609_camera_cube/onrobot_rg2/urdf) by extensions ['cmake', 'python']
[0.462s] Level 1:colcon.colcon_core.package_identification:_identify(isaacpjt/M0609/Collected_m0609_camera_cube/onrobot_rg2/urdf) by extension 'cmake'
[0.462s] Level 1:colcon.colcon_core.package_identification:_identify(isaacpjt/M0609/Collected_m0609_camera_cube/onrobot_rg2/urdf) by extension 'python'
[0.462s] Level 1:colcon.colcon_core.package_identification:_identify(isaacpjt/M0609/Collected_m0609_camera_cube/onrobot_rg2/urdf) by extensions ['python_setup_py']
[0.462s] Level 1:colcon.colcon_core.package_identification:_identify(isaacpjt/M0609/Collected_m0609_camera_cube/onrobot_rg2/urdf) by extension 'python_setup_py'
[0.462s] Level 1:colcon.colcon_core.package_identification:_identify(isaacpjt/M0609/Collected_m0609_camera_cube/onrobot_rg2/urdf/onrobot_rg2) by extensions ['ignore', 'ignore_ament_install']
[0.462s] Level 1:colcon.colcon_core.package_identification:_identify(isaacpjt/M0609/Collected_m0609_camera_cube/onrobot_rg2/urdf/onrobot_rg2) by extension 'ignore'
[0.462s] Level 1:colcon.colcon_core.package_identification:_identify(isaacpjt/M0609/Collected_m0609_camera_cube/onrobot_rg2/urdf/onrobot_rg2) by extension 'ignore_ament_install'
[0.463s] Level 1:colcon.colcon_core.package_identification:_identify(isaacpjt/M0609/Collected_m0609_camera_cube/onrobot_rg2/urdf/onrobot_rg2) by extensions ['colcon_pkg']
[0.463s] Level 1:colcon.colcon_core.package_identification:_identify(isaacpjt/M0609/Collected_m0609_camera_cube/onrobot_rg2/urdf/onrobot_rg2) by extension 'colcon_pkg'
[0.463s] Level 1:colcon.colcon_core.package_identification:_identify(isaacpjt/M0609/Collected_m0609_camera_cube/onrobot_rg2/urdf/onrobot_rg2) by extensions ['colcon_meta']
[0.463s] Level 1:colcon.colcon_core.package_identification:_identify(isaacpjt/M0609/Collected_m0609_camera_cube/onrobot_rg2/urdf/onrobot_rg2) by extension 'colcon_meta'
[0.463s] Level 1:colcon.colcon_core.package_identification:_identify(isaacpjt/M0609/Collected_m0609_camera_cube/onrobot_rg2/urdf/onrobot_rg2) by extensions ['ros']
[0.463s] Level 1:colcon.colcon_core.package_identification:_identify(isaacpjt/M0609/Collected_m0609_camera_cube/onrobot_rg2/urdf/onrobot_rg2) by extension 'ros'
[0.463s] Level 1:colcon.colcon_core.package_identification:_identify(isaacpjt/M0609/Collected_m0609_camera_cube/onrobot_rg2/urdf/onrobot_rg2) by extensions ['cmake', 'python']
[0.463s] Level 1:colcon.colcon_core.package_identification:_identify(isaacpjt/M0609/Collected_m0609_camera_cube/onrobot_rg2/urdf/onrobot_rg2) by extension 'cmake'
[0.463s] Level 1:colcon.colcon_core.package_identification:_identify(isaacpjt/M0609/Collected_m0609_camera_cube/onrobot_rg2/urdf/onrobot_rg2) by extension 'python'
[0.463s] Level 1:colcon.colcon_core.package_identification:_identify(isaacpjt/M0609/Collected_m0609_camera_cube/onrobot_rg2/urdf/onrobot_rg2) by extensions ['python_setup_py']
[0.463s] Level 1:colcon.colcon_core.package_identification:_identify(isaacpjt/M0609/Collected_m0609_camera_cube/onrobot_rg2/urdf/onrobot_rg2) by extension 'python_setup_py'
[0.464s] Level 1:colcon.colcon_core.package_identification:_identify(isaacpjt/M0609/Collected_m0609_camera_cube/onrobot_rg2/urdf/onrobot_rg2/configuration) by extensions ['ignore', 'ignore_ament_install']
[0.464s] Level 1:colcon.colcon_core.package_identification:_identify(isaacpjt/M0609/Collected_m0609_camera_cube/onrobot_rg2/urdf/onrobot_rg2/configuration) by extension 'ignore'
[0.464s] Level 1:colcon.colcon_core.package_identification:_identify(isaacpjt/M0609/Collected_m0609_camera_cube/onrobot_rg2/urdf/onrobot_rg2/configuration) by extension 'ignore_ament_install'
[0.464s] Level 1:colcon.colcon_core.package_identification:_identify(isaacpjt/M0609/Collected_m0609_camera_cube/onrobot_rg2/urdf/onrobot_rg2/configuration) by extensions ['colcon_pkg']
[0.464s] Level 1:colcon.colcon_core.package_identification:_identify(isaacpjt/M0609/Collected_m0609_camera_cube/onrobot_rg2/urdf/onrobot_rg2/configuration) by extension 'colcon_pkg'
[0.464s] Level 1:colcon.colcon_core.package_identification:_identify(isaacpjt/M0609/Collected_m0609_camera_cube/onrobot_rg2/urdf/onrobot_rg2/configuration) by extensions ['colcon_meta']
[0.464s] Level 1:colcon.colcon_core.package_identification:_identify(isaacpjt/M0609/Collected_m0609_camera_cube/onrobot_rg2/urdf/onrobot_rg2/configuration) by extension 'colcon_meta'
[0.464s] Level 1:colcon.colcon_core.package_identification:_identify(isaacpjt/M0609/Collected_m0609_camera_cube/onrobot_rg2/urdf/onrobot_rg2/configuration) by extensions ['ros']
[0.464s] Level 1:colcon.colcon_core.package_identification:_identify(isaacpjt/M0609/Collected_m0609_camera_cube/onrobot_rg2/urdf/onrobot_rg2/configuration) by extension 'ros'
[0.465s] Level 1:colcon.colcon_core.package_identification:_identify(isaacpjt/M0609/Collected_m0609_camera_cube/onrobot_rg2/urdf/onrobot_rg2/configuration) by extensions ['cmake', 'python']
[0.465s] Level 1:colcon.colcon_core.package_identification:_identify(isaacpjt/M0609/Collected_m0609_camera_cube/onrobot_rg2/urdf/onrobot_rg2/configuration) by extension 'cmake'
[0.465s] Level 1:colcon.colcon_core.package_identification:_identify(isaacpjt/M0609/Collected_m0609_camera_cube/onrobot_rg2/urdf/onrobot_rg2/configuration) by extension 'python'
[0.465s] Level 1:colcon.colcon_core.package_identification:_identify(isaacpjt/M0609/Collected_m0609_camera_cube/onrobot_rg2/urdf/onrobot_rg2/configuration) by extensions ['python_setup_py']
[0.465s] Level 1:colcon.colcon_core.package_identification:_identify(isaacpjt/M0609/Collected_m0609_camera_cube/onrobot_rg2/urdf/onrobot_rg2/configuration) by extension 'python_setup_py'
[0.465s] Level 1:colcon.colcon_core.package_identification:_identify(isaacpjt/M0609/Collected_m0609_color_zone) by extensions ['ignore', 'ignore_ament_install']
[0.465s] Level 1:colcon.colcon_core.package_identification:_identify(isaacpjt/M0609/Collected_m0609_color_zone) by extension 'ignore'
[0.465s] Level 1:colcon.colcon_core.package_identification:_identify(isaacpjt/M0609/Collected_m0609_color_zone) by extension 'ignore_ament_install'
[0.466s] Level 1:colcon.colcon_core.package_identification:_identify(isaacpjt/M0609/Collected_m0609_color_zone) by extensions ['colcon_pkg']
[0.466s] Level 1:colcon.colcon_core.package_identification:_identify(isaacpjt/M0609/Collected_m0609_color_zone) by extension 'colcon_pkg'
[0.466s] Level 1:colcon.colcon_core.package_identification:_identify(isaacpjt/M0609/Collected_m0609_color_zone) by extensions ['colcon_meta']
[0.466s] Level 1:colcon.colcon_core.package_identification:_identify(isaacpjt/M0609/Collected_m0609_color_zone) by extension 'colcon_meta'
[0.466s] Level 1:colcon.colcon_core.package_identification:_identify(isaacpjt/M0609/Collected_m0609_color_zone) by extensions ['ros']
[0.466s] Level 1:colcon.colcon_core.package_identification:_identify(isaacpjt/M0609/Collected_m0609_color_zone) by extension 'ros'
[0.466s] Level 1:colcon.colcon_core.package_identification:_identify(isaacpjt/M0609/Collected_m0609_color_zone) by extensions ['cmake', 'python']
[0.466s] Level 1:colcon.colcon_core.package_identification:_identify(isaacpjt/M0609/Collected_m0609_color_zone) by extension 'cmake'
[0.466s] Level 1:colcon.colcon_core.package_identification:_identify(isaacpjt/M0609/Collected_m0609_color_zone) by extension 'python'
[0.466s] Level 1:colcon.colcon_core.package_identification:_identify(isaacpjt/M0609/Collected_m0609_color_zone) by extensions ['python_setup_py']
[0.466s] Level 1:colcon.colcon_core.package_identification:_identify(isaacpjt/M0609/Collected_m0609_color_zone) by extension 'python_setup_py'
[0.466s] Level 1:colcon.colcon_core.package_identification:_identify(isaacpjt/M0609/Collected_m0609_color_zone/doosan-robot2) by extensions ['ignore', 'ignore_ament_install']
[0.466s] Level 1:colcon.colcon_core.package_identification:_identify(isaacpjt/M0609/Collected_m0609_color_zone/doosan-robot2) by extension 'ignore'
[0.466s] Level 1:colcon.colcon_core.package_identification:_identify(isaacpjt/M0609/Collected_m0609_color_zone/doosan-robot2) by extension 'ignore_ament_install'
[0.467s] Level 1:colcon.colcon_core.package_identification:_identify(isaacpjt/M0609/Collected_m0609_color_zone/doosan-robot2) by extensions ['colcon_pkg']
[0.467s] Level 1:colcon.colcon_core.package_identification:_identify(isaacpjt/M0609/Collected_m0609_color_zone/doosan-robot2) by extension 'colcon_pkg'
[0.467s] Level 1:colcon.colcon_core.package_identification:_identify(isaacpjt/M0609/Collected_m0609_color_zone/doosan-robot2) by extensions ['colcon_meta']
[0.467s] Level 1:colcon.colcon_core.package_identification:_identify(isaacpjt/M0609/Collected_m0609_color_zone/doosan-robot2) by extension 'colcon_meta'
[0.467s] Level 1:colcon.colcon_core.package_identification:_identify(isaacpjt/M0609/Collected_m0609_color_zone/doosan-robot2) by extensions ['ros']
[0.467s] Level 1:colcon.colcon_core.package_identification:_identify(isaacpjt/M0609/Collected_m0609_color_zone/doosan-robot2) by extension 'ros'
[0.467s] Level 1:colcon.colcon_core.package_identification:_identify(isaacpjt/M0609/Collected_m0609_color_zone/doosan-robot2) by extensions ['cmake', 'python']
[0.467s] Level 1:colcon.colcon_core.package_identification:_identify(isaacpjt/M0609/Collected_m0609_color_zone/doosan-robot2) by extension 'cmake'
[0.467s] Level 1:colcon.colcon_core.package_identification:_identify(isaacpjt/M0609/Collected_m0609_color_zone/doosan-robot2) by extension 'python'
[0.467s] Level 1:colcon.colcon_core.package_identification:_identify(isaacpjt/M0609/Collected_m0609_color_zone/doosan-robot2) by extensions ['python_setup_py']
[0.467s] Level 1:colcon.colcon_core.package_identification:_identify(isaacpjt/M0609/Collected_m0609_color_zone/doosan-robot2) by extension 'python_setup_py'
[0.467s] Level 1:colcon.colcon_core.package_identification:_identify(isaacpjt/M0609/Collected_m0609_color_zone/doosan-robot2/urdf) by extensions ['ignore', 'ignore_ament_install']
[0.467s] Level 1:colcon.colcon_core.package_identification:_identify(isaacpjt/M0609/Collected_m0609_color_zone/doosan-robot2/urdf) by extension 'ignore'
[0.467s] Level 1:colcon.colcon_core.package_identification:_identify(isaacpjt/M0609/Collected_m0609_color_zone/doosan-robot2/urdf) by extension 'ignore_ament_install'
[0.468s] Level 1:colcon.colcon_core.package_identification:_identify(isaacpjt/M0609/Collected_m0609_color_zone/doosan-robot2/urdf) by extensions ['colcon_pkg']
[0.468s] Level 1:colcon.colcon_core.package_identification:_identify(isaacpjt/M0609/Collected_m0609_color_zone/doosan-robot2/urdf) by extension 'colcon_pkg'
[0.468s] Level 1:colcon.colcon_core.package_identification:_identify(isaacpjt/M0609/Collected_m0609_color_zone/doosan-robot2/urdf) by extensions ['colcon_meta']
[0.468s] Level 1:colcon.colcon_core.package_identification:_identify(isaacpjt/M0609/Collected_m0609_color_zone/doosan-robot2/urdf) by extension 'colcon_meta'
[0.468s] Level 1:colcon.colcon_core.package_identification:_identify(isaacpjt/M0609/Collected_m0609_color_zone/doosan-robot2/urdf) by extensions ['ros']
[0.468s] Level 1:colcon.colcon_core.package_identification:_identify(isaacpjt/M0609/Collected_m0609_color_zone/doosan-robot2/urdf) by extension 'ros'
[0.468s] Level 1:colcon.colcon_core.package_identification:_identify(isaacpjt/M0609/Collected_m0609_color_zone/doosan-robot2/urdf) by extensions ['cmake', 'python']
[0.468s] Level 1:colcon.colcon_core.package_identification:_identify(isaacpjt/M0609/Collected_m0609_color_zone/doosan-robot2/urdf) by extension 'cmake'
[0.468s] Level 1:colcon.colcon_core.package_identification:_identify(isaacpjt/M0609/Collected_m0609_color_zone/doosan-robot2/urdf) by extension 'python'
[0.468s] Level 1:colcon.colcon_core.package_identification:_identify(isaacpjt/M0609/Collected_m0609_color_zone/doosan-robot2/urdf) by extensions ['python_setup_py']
[0.468s] Level 1:colcon.colcon_core.package_identification:_identify(isaacpjt/M0609/Collected_m0609_color_zone/doosan-robot2/urdf) by extension 'python_setup_py'
[0.468s] Level 1:colcon.colcon_core.package_identification:_identify(isaacpjt/M0609/Collected_m0609_color_zone/doosan-robot2/urdf/m0609_isaac_sim) by extensions ['ignore', 'ignore_ament_install']
[0.468s] Level 1:colcon.colcon_core.package_identification:_identify(isaacpjt/M0609/Collected_m0609_color_zone/doosan-robot2/urdf/m0609_isaac_sim) by extension 'ignore'
[0.468s] Level 1:colcon.colcon_core.package_identification:_identify(isaacpjt/M0609/Collected_m0609_color_zone/doosan-robot2/urdf/m0609_isaac_sim) by extension 'ignore_ament_install'
[0.468s] Level 1:colcon.colcon_core.package_identification:_identify(isaacpjt/M0609/Collected_m0609_color_zone/doosan-robot2/urdf/m0609_isaac_sim) by extensions ['colcon_pkg']
[0.469s] Level 1:colcon.colcon_core.package_identification:_identify(isaacpjt/M0609/Collected_m0609_color_zone/doosan-robot2/urdf/m0609_isaac_sim) by extension 'colcon_pkg'
[0.469s] Level 1:colcon.colcon_core.package_identification:_identify(isaacpjt/M0609/Collected_m0609_color_zone/doosan-robot2/urdf/m0609_isaac_sim) by extensions ['colcon_meta']
[0.469s] Level 1:colcon.colcon_core.package_identification:_identify(isaacpjt/M0609/Collected_m0609_color_zone/doosan-robot2/urdf/m0609_isaac_sim) by extension 'colcon_meta'
[0.469s] Level 1:colcon.colcon_core.package_identification:_identify(isaacpjt/M0609/Collected_m0609_color_zone/doosan-robot2/urdf/m0609_isaac_sim) by extensions ['ros']
[0.469s] Level 1:colcon.colcon_core.package_identification:_identify(isaacpjt/M0609/Collected_m0609_color_zone/doosan-robot2/urdf/m0609_isaac_sim) by extension 'ros'
[0.469s] Level 1:colcon.colcon_core.package_identification:_identify(isaacpjt/M0609/Collected_m0609_color_zone/doosan-robot2/urdf/m0609_isaac_sim) by extensions ['cmake', 'python']
[0.469s] Level 1:colcon.colcon_core.package_identification:_identify(isaacpjt/M0609/Collected_m0609_color_zone/doosan-robot2/urdf/m0609_isaac_sim) by extension 'cmake'
[0.469s] Level 1:colcon.colcon_core.package_identification:_identify(isaacpjt/M0609/Collected_m0609_color_zone/doosan-robot2/urdf/m0609_isaac_sim) by extension 'python'
[0.469s] Level 1:colcon.colcon_core.package_identification:_identify(isaacpjt/M0609/Collected_m0609_color_zone/doosan-robot2/urdf/m0609_isaac_sim) by extensions ['python_setup_py']
[0.469s] Level 1:colcon.colcon_core.package_identification:_identify(isaacpjt/M0609/Collected_m0609_color_zone/doosan-robot2/urdf/m0609_isaac_sim) by extension 'python_setup_py'
[0.469s] Level 1:colcon.colcon_core.package_identification:_identify(isaacpjt/M0609/Collected_m0609_color_zone/doosan-robot2/urdf/m0609_isaac_sim/configuration) by extensions ['ignore', 'ignore_ament_install']
[0.469s] Level 1:colcon.colcon_core.package_identification:_identify(isaacpjt/M0609/Collected_m0609_color_zone/doosan-robot2/urdf/m0609_isaac_sim/configuration) by extension 'ignore'
[0.469s] Level 1:colcon.colcon_core.package_identification:_identify(isaacpjt/M0609/Collected_m0609_color_zone/doosan-robot2/urdf/m0609_isaac_sim/configuration) by extension 'ignore_ament_install'
[0.469s] Level 1:colcon.colcon_core.package_identification:_identify(isaacpjt/M0609/Collected_m0609_color_zone/doosan-robot2/urdf/m0609_isaac_sim/configuration) by extensions ['colcon_pkg']
[0.470s] Level 1:colcon.colcon_core.package_identification:_identify(isaacpjt/M0609/Collected_m0609_color_zone/doosan-robot2/urdf/m0609_isaac_sim/configuration) by extension 'colcon_pkg'
[0.470s] Level 1:colcon.colcon_core.package_identification:_identify(isaacpjt/M0609/Collected_m0609_color_zone/doosan-robot2/urdf/m0609_isaac_sim/configuration) by extensions ['colcon_meta']
[0.470s] Level 1:colcon.colcon_core.package_identification:_identify(isaacpjt/M0609/Collected_m0609_color_zone/doosan-robot2/urdf/m0609_isaac_sim/configuration) by extension 'colcon_meta'
[0.470s] Level 1:colcon.colcon_core.package_identification:_identify(isaacpjt/M0609/Collected_m0609_color_zone/doosan-robot2/urdf/m0609_isaac_sim/configuration) by extensions ['ros']
[0.470s] Level 1:colcon.colcon_core.package_identification:_identify(isaacpjt/M0609/Collected_m0609_color_zone/doosan-robot2/urdf/m0609_isaac_sim/configuration) by extension 'ros'
[0.470s] Level 1:colcon.colcon_core.package_identification:_identify(isaacpjt/M0609/Collected_m0609_color_zone/doosan-robot2/urdf/m0609_isaac_sim/configuration) by extensions ['cmake', 'python']
[0.470s] Level 1:colcon.colcon_core.package_identification:_identify(isaacpjt/M0609/Collected_m0609_color_zone/doosan-robot2/urdf/m0609_isaac_sim/configuration) by extension 'cmake'
[0.470s] Level 1:colcon.colcon_core.package_identification:_identify(isaacpjt/M0609/Collected_m0609_color_zone/doosan-robot2/urdf/m0609_isaac_sim/configuration) by extension 'python'
[0.470s] Level 1:colcon.colcon_core.package_identification:_identify(isaacpjt/M0609/Collected_m0609_color_zone/doosan-robot2/urdf/m0609_isaac_sim/configuration) by extensions ['python_setup_py']
[0.470s] Level 1:colcon.colcon_core.package_identification:_identify(isaacpjt/M0609/Collected_m0609_color_zone/doosan-robot2/urdf/m0609_isaac_sim/configuration) by extension 'python_setup_py'
[0.470s] Level 1:colcon.colcon_core.package_identification:_identify(isaacpjt/M0609/Collected_m0609_color_zone/omniverse-content-production.s3-us-west-2.amazonaws.com) by extensions ['ignore', 'ignore_ament_install']
[0.470s] Level 1:colcon.colcon_core.package_identification:_identify(isaacpjt/M0609/Collected_m0609_color_zone/omniverse-content-production.s3-us-west-2.amazonaws.com) by extension 'ignore'
[0.470s] Level 1:colcon.colcon_core.package_identification:_identify(isaacpjt/M0609/Collected_m0609_color_zone/omniverse-content-production.s3-us-west-2.amazonaws.com) by extension 'ignore_ament_install'
[0.470s] Level 1:colcon.colcon_core.package_identification:_identify(isaacpjt/M0609/Collected_m0609_color_zone/omniverse-content-production.s3-us-west-2.amazonaws.com) by extensions ['colcon_pkg']
[0.470s] Level 1:colcon.colcon_core.package_identification:_identify(isaacpjt/M0609/Collected_m0609_color_zone/omniverse-content-production.s3-us-west-2.amazonaws.com) by extension 'colcon_pkg'
[0.471s] Level 1:colcon.colcon_core.package_identification:_identify(isaacpjt/M0609/Collected_m0609_color_zone/omniverse-content-production.s3-us-west-2.amazonaws.com) by extensions ['colcon_meta']
[0.471s] Level 1:colcon.colcon_core.package_identification:_identify(isaacpjt/M0609/Collected_m0609_color_zone/omniverse-content-production.s3-us-west-2.amazonaws.com) by extension 'colcon_meta'
[0.471s] Level 1:colcon.colcon_core.package_identification:_identify(isaacpjt/M0609/Collected_m0609_color_zone/omniverse-content-production.s3-us-west-2.amazonaws.com) by extensions ['ros']
[0.471s] Level 1:colcon.colcon_core.package_identification:_identify(isaacpjt/M0609/Collected_m0609_color_zone/omniverse-content-production.s3-us-west-2.amazonaws.com) by extension 'ros'
[0.471s] Level 1:colcon.colcon_core.package_identification:_identify(isaacpjt/M0609/Collected_m0609_color_zone/omniverse-content-production.s3-us-west-2.amazonaws.com) by extensions ['cmake', 'python']
[0.471s] Level 1:colcon.colcon_core.package_identification:_identify(isaacpjt/M0609/Collected_m0609_color_zone/omniverse-content-production.s3-us-west-2.amazonaws.com) by extension 'cmake'
[0.471s] Level 1:colcon.colcon_core.package_identification:_identify(isaacpjt/M0609/Collected_m0609_color_zone/omniverse-content-production.s3-us-west-2.amazonaws.com) by extension 'python'
[0.471s] Level 1:colcon.colcon_core.package_identification:_identify(isaacpjt/M0609/Collected_m0609_color_zone/omniverse-content-production.s3-us-west-2.amazonaws.com) by extensions ['python_setup_py']
[0.471s] Level 1:colcon.colcon_core.package_identification:_identify(isaacpjt/M0609/Collected_m0609_color_zone/omniverse-content-production.s3-us-west-2.amazonaws.com) by extension 'python_setup_py'
[0.471s] Level 1:colcon.colcon_core.package_identification:_identify(isaacpjt/M0609/Collected_m0609_color_zone/omniverse-content-production.s3-us-west-2.amazonaws.com/Assets) by extensions ['ignore', 'ignore_ament_install']
[0.471s] Level 1:colcon.colcon_core.package_identification:_identify(isaacpjt/M0609/Collected_m0609_color_zone/omniverse-content-production.s3-us-west-2.amazonaws.com/Assets) by extension 'ignore'
[0.471s] Level 1:colcon.colcon_core.package_identification:_identify(isaacpjt/M0609/Collected_m0609_color_zone/omniverse-content-production.s3-us-west-2.amazonaws.com/Assets) by extension 'ignore_ament_install'
[0.471s] Level 1:colcon.colcon_core.package_identification:_identify(isaacpjt/M0609/Collected_m0609_color_zone/omniverse-content-production.s3-us-west-2.amazonaws.com/Assets) by extensions ['colcon_pkg']
[0.471s] Level 1:colcon.colcon_core.package_identification:_identify(isaacpjt/M0609/Collected_m0609_color_zone/omniverse-content-production.s3-us-west-2.amazonaws.com/Assets) by extension 'colcon_pkg'
[0.471s] Level 1:colcon.colcon_core.package_identification:_identify(isaacpjt/M0609/Collected_m0609_color_zone/omniverse-content-production.s3-us-west-2.amazonaws.com/Assets) by extensions ['colcon_meta']
[0.471s] Level 1:colcon.colcon_core.package_identification:_identify(isaacpjt/M0609/Collected_m0609_color_zone/omniverse-content-production.s3-us-west-2.amazonaws.com/Assets) by extension 'colcon_meta'
[0.472s] Level 1:colcon.colcon_core.package_identification:_identify(isaacpjt/M0609/Collected_m0609_color_zone/omniverse-content-production.s3-us-west-2.amazonaws.com/Assets) by extensions ['ros']
[0.472s] Level 1:colcon.colcon_core.package_identification:_identify(isaacpjt/M0609/Collected_m0609_color_zone/omniverse-content-production.s3-us-west-2.amazonaws.com/Assets) by extension 'ros'
[0.472s] Level 1:colcon.colcon_core.package_identification:_identify(isaacpjt/M0609/Collected_m0609_color_zone/omniverse-content-production.s3-us-west-2.amazonaws.com/Assets) by extensions ['cmake', 'python']
[0.472s] Level 1:colcon.colcon_core.package_identification:_identify(isaacpjt/M0609/Collected_m0609_color_zone/omniverse-content-production.s3-us-west-2.amazonaws.com/Assets) by extension 'cmake'
[0.472s] Level 1:colcon.colcon_core.package_identification:_identify(isaacpjt/M0609/Collected_m0609_color_zone/omniverse-content-production.s3-us-west-2.amazonaws.com/Assets) by extension 'python'
[0.472s] Level 1:colcon.colcon_core.package_identification:_identify(isaacpjt/M0609/Collected_m0609_color_zone/omniverse-content-production.s3-us-west-2.amazonaws.com/Assets) by extensions ['python_setup_py']
[0.472s] Level 1:colcon.colcon_core.package_identification:_identify(isaacpjt/M0609/Collected_m0609_color_zone/omniverse-content-production.s3-us-west-2.amazonaws.com/Assets) by extension 'python_setup_py'
[0.472s] Level 1:colcon.colcon_core.package_identification:_identify(isaacpjt/M0609/Collected_m0609_color_zone/omniverse-content-production.s3-us-west-2.amazonaws.com/Assets/Isaac) by extensions ['ignore', 'ignore_ament_install']
[0.473s] Level 1:colcon.colcon_core.package_identification:_identify(isaacpjt/M0609/Collected_m0609_color_zone/omniverse-content-production.s3-us-west-2.amazonaws.com/Assets/Isaac) by extension 'ignore'
[0.473s] Level 1:colcon.colcon_core.package_identification:_identify(isaacpjt/M0609/Collected_m0609_color_zone/omniverse-content-production.s3-us-west-2.amazonaws.com/Assets/Isaac) by extension 'ignore_ament_install'
[0.473s] Level 1:colcon.colcon_core.package_identification:_identify(isaacpjt/M0609/Collected_m0609_color_zone/omniverse-content-production.s3-us-west-2.amazonaws.com/Assets/Isaac) by extensions ['colcon_pkg']
[0.473s] Level 1:colcon.colcon_core.package_identification:_identify(isaacpjt/M0609/Collected_m0609_color_zone/omniverse-content-production.s3-us-west-2.amazonaws.com/Assets/Isaac) by extension 'colcon_pkg'
[0.473s] Level 1:colcon.colcon_core.package_identification:_identify(isaacpjt/M0609/Collected_m0609_color_zone/omniverse-content-production.s3-us-west-2.amazonaws.com/Assets/Isaac) by extensions ['colcon_meta']
[0.473s] Level 1:colcon.colcon_core.package_identification:_identify(isaacpjt/M0609/Collected_m0609_color_zone/omniverse-content-production.s3-us-west-2.amazonaws.com/Assets/Isaac) by extension 'colcon_meta'
[0.473s] Level 1:colcon.colcon_core.package_identification:_identify(isaacpjt/M0609/Collected_m0609_color_zone/omniverse-content-production.s3-us-west-2.amazonaws.com/Assets/Isaac) by extensions ['ros']
[0.473s] Level 1:colcon.colcon_core.package_identification:_identify(isaacpjt/M0609/Collected_m0609_color_zone/omniverse-content-production.s3-us-west-2.amazonaws.com/Assets/Isaac) by extension 'ros'
[0.473s] Level 1:colcon.colcon_core.package_identification:_identify(isaacpjt/M0609/Collected_m0609_color_zone/omniverse-content-production.s3-us-west-2.amazonaws.com/Assets/Isaac) by extensions ['cmake', 'python']
[0.473s] Level 1:colcon.colcon_core.package_identification:_identify(isaacpjt/M0609/Collected_m0609_color_zone/omniverse-content-production.s3-us-west-2.amazonaws.com/Assets/Isaac) by extension 'cmake'
[0.473s] Level 1:colcon.colcon_core.package_identification:_identify(isaacpjt/M0609/Collected_m0609_color_zone/omniverse-content-production.s3-us-west-2.amazonaws.com/Assets/Isaac) by extension 'python'
[0.474s] Level 1:colcon.colcon_core.package_identification:_identify(isaacpjt/M0609/Collected_m0609_color_zone/omniverse-content-production.s3-us-west-2.amazonaws.com/Assets/Isaac) by extensions ['python_setup_py']
[0.474s] Level 1:colcon.colcon_core.package_identification:_identify(isaacpjt/M0609/Collected_m0609_color_zone/omniverse-content-production.s3-us-west-2.amazonaws.com/Assets/Isaac) by extension 'python_setup_py'
[0.474s] Level 1:colcon.colcon_core.package_identification:_identify(isaacpjt/M0609/Collected_m0609_color_zone/omniverse-content-production.s3-us-west-2.amazonaws.com/Assets/Isaac/5.1) by extensions ['ignore', 'ignore_ament_install']
[0.474s] Level 1:colcon.colcon_core.package_identification:_identify(isaacpjt/M0609/Collected_m0609_color_zone/omniverse-content-production.s3-us-west-2.amazonaws.com/Assets/Isaac/5.1) by extension 'ignore'
[0.474s] Level 1:colcon.colcon_core.package_identification:_identify(isaacpjt/M0609/Collected_m0609_color_zone/omniverse-content-production.s3-us-west-2.amazonaws.com/Assets/Isaac/5.1) by extension 'ignore_ament_install'
[0.474s] Level 1:colcon.colcon_core.package_identification:_identify(isaacpjt/M0609/Collected_m0609_color_zone/omniverse-content-production.s3-us-west-2.amazonaws.com/Assets/Isaac/5.1) by extensions ['colcon_pkg']
[0.474s] Level 1:colcon.colcon_core.package_identification:_identify(isaacpjt/M0609/Collected_m0609_color_zone/omniverse-content-production.s3-us-west-2.amazonaws.com/Assets/Isaac/5.1) by extension 'colcon_pkg'
[0.474s] Level 1:colcon.colcon_core.package_identification:_identify(isaacpjt/M0609/Collected_m0609_color_zone/omniverse-content-production.s3-us-west-2.amazonaws.com/Assets/Isaac/5.1) by extensions ['colcon_meta']
[0.474s] Level 1:colcon.colcon_core.package_identification:_identify(isaacpjt/M0609/Collected_m0609_color_zone/omniverse-content-production.s3-us-west-2.amazonaws.com/Assets/Isaac/5.1) by extension 'colcon_meta'
[0.474s] Level 1:colcon.colcon_core.package_identification:_identify(isaacpjt/M0609/Collected_m0609_color_zone/omniverse-content-production.s3-us-west-2.amazonaws.com/Assets/Isaac/5.1) by extensions ['ros']
[0.474s] Level 1:colcon.colcon_core.package_identification:_identify(isaacpjt/M0609/Collected_m0609_color_zone/omniverse-content-production.s3-us-west-2.amazonaws.com/Assets/Isaac/5.1) by extension 'ros'
[0.474s] Level 1:colcon.colcon_core.package_identification:_identify(isaacpjt/M0609/Collected_m0609_color_zone/omniverse-content-production.s3-us-west-2.amazonaws.com/Assets/Isaac/5.1) by extensions ['cmake', 'python']
[0.474s] Level 1:colcon.colcon_core.package_identification:_identify(isaacpjt/M0609/Collected_m0609_color_zone/omniverse-content-production.s3-us-west-2.amazonaws.com/Assets/Isaac/5.1) by extension 'cmake'
[0.475s] Level 1:colcon.colcon_core.package_identification:_identify(isaacpjt/M0609/Collected_m0609_color_zone/omniverse-content-production.s3-us-west-2.amazonaws.com/Assets/Isaac/5.1) by extension 'python'
[0.475s] Level 1:colcon.colcon_core.package_identification:_identify(isaacpjt/M0609/Collected_m0609_color_zone/omniverse-content-production.s3-us-west-2.amazonaws.com/Assets/Isaac/5.1) by extensions ['python_setup_py']
[0.475s] Level 1:colcon.colcon_core.package_identification:_identify(isaacpjt/M0609/Collected_m0609_color_zone/omniverse-content-production.s3-us-west-2.amazonaws.com/Assets/Isaac/5.1) by extension 'python_setup_py'
[0.475s] Level 1:colcon.colcon_core.package_identification:_identify(isaacpjt/M0609/Collected_m0609_color_zone/omniverse-content-production.s3-us-west-2.amazonaws.com/Assets/Isaac/5.1/Isaac) by extensions ['ignore', 'ignore_ament_install']
[0.475s] Level 1:colcon.colcon_core.package_identification:_identify(isaacpjt/M0609/Collected_m0609_color_zone/omniverse-content-production.s3-us-west-2.amazonaws.com/Assets/Isaac/5.1/Isaac) by extension 'ignore'
[0.475s] Level 1:colcon.colcon_core.package_identification:_identify(isaacpjt/M0609/Collected_m0609_color_zone/omniverse-content-production.s3-us-west-2.amazonaws.com/Assets/Isaac/5.1/Isaac) by extension 'ignore_ament_install'
[0.475s] Level 1:colcon.colcon_core.package_identification:_identify(isaacpjt/M0609/Collected_m0609_color_zone/omniverse-content-production.s3-us-west-2.amazonaws.com/Assets/Isaac/5.1/Isaac) by extensions ['colcon_pkg']
[0.475s] Level 1:colcon.colcon_core.package_identification:_identify(isaacpjt/M0609/Collected_m0609_color_zone/omniverse-content-production.s3-us-west-2.amazonaws.com/Assets/Isaac/5.1/Isaac) by extension 'colcon_pkg'
[0.475s] Level 1:colcon.colcon_core.package_identification:_identify(isaacpjt/M0609/Collected_m0609_color_zone/omniverse-content-production.s3-us-west-2.amazonaws.com/Assets/Isaac/5.1/Isaac) by extensions ['colcon_meta']
[0.475s] Level 1:colcon.colcon_core.package_identification:_identify(isaacpjt/M0609/Collected_m0609_color_zone/omniverse-content-production.s3-us-west-2.amazonaws.com/Assets/Isaac/5.1/Isaac) by extension 'colcon_meta'
[0.475s] Level 1:colcon.colcon_core.package_identification:_identify(isaacpjt/M0609/Collected_m0609_color_zone/omniverse-content-production.s3-us-west-2.amazonaws.com/Assets/Isaac/5.1/Isaac) by extensions ['ros']
[0.475s] Level 1:colcon.colcon_core.package_identification:_identify(isaacpjt/M0609/Collected_m0609_color_zone/omniverse-content-production.s3-us-west-2.amazonaws.com/Assets/Isaac/5.1/Isaac) by extension 'ros'
[0.476s] Level 1:colcon.colcon_core.package_identification:_identify(isaacpjt/M0609/Collected_m0609_color_zone/omniverse-content-production.s3-us-west-2.amazonaws.com/Assets/Isaac/5.1/Isaac) by extensions ['cmake', 'python']
[0.476s] Level 1:colcon.colcon_core.package_identification:_identify(isaacpjt/M0609/Collected_m0609_color_zone/omniverse-content-production.s3-us-west-2.amazonaws.com/Assets/Isaac/5.1/Isaac) by extension 'cmake'
[0.476s] Level 1:colcon.colcon_core.package_identification:_identify(isaacpjt/M0609/Collected_m0609_color_zone/omniverse-content-production.s3-us-west-2.amazonaws.com/Assets/Isaac/5.1/Isaac) by extension 'python'
[0.476s] Level 1:colcon.colcon_core.package_identification:_identify(isaacpjt/M0609/Collected_m0609_color_zone/omniverse-content-production.s3-us-west-2.amazonaws.com/Assets/Isaac/5.1/Isaac) by extensions ['python_setup_py']
[0.476s] Level 1:colcon.colcon_core.package_identification:_identify(isaacpjt/M0609/Collected_m0609_color_zone/omniverse-content-production.s3-us-west-2.amazonaws.com/Assets/Isaac/5.1/Isaac) by extension 'python_setup_py'
[0.476s] Level 1:colcon.colcon_core.package_identification:_identify(isaacpjt/M0609/Collected_m0609_color_zone/omniverse-content-production.s3-us-west-2.amazonaws.com/Assets/Isaac/5.1/Isaac/Sensors) by extensions ['ignore', 'ignore_ament_install']
[0.476s] Level 1:colcon.colcon_core.package_identification:_identify(isaacpjt/M0609/Collected_m0609_color_zone/omniverse-content-production.s3-us-west-2.amazonaws.com/Assets/Isaac/5.1/Isaac/Sensors) by extension 'ignore'
[0.476s] Level 1:colcon.colcon_core.package_identification:_identify(isaacpjt/M0609/Collected_m0609_color_zone/omniverse-content-production.s3-us-west-2.amazonaws.com/Assets/Isaac/5.1/Isaac/Sensors) by extension 'ignore_ament_install'
[0.476s] Level 1:colcon.colcon_core.package_identification:_identify(isaacpjt/M0609/Collected_m0609_color_zone/omniverse-content-production.s3-us-west-2.amazonaws.com/Assets/Isaac/5.1/Isaac/Sensors) by extensions ['colcon_pkg']
[0.476s] Level 1:colcon.colcon_core.package_identification:_identify(isaacpjt/M0609/Collected_m0609_color_zone/omniverse-content-production.s3-us-west-2.amazonaws.com/Assets/Isaac/5.1/Isaac/Sensors) by extension 'colcon_pkg'
[0.476s] Level 1:colcon.colcon_core.package_identification:_identify(isaacpjt/M0609/Collected_m0609_color_zone/omniverse-content-production.s3-us-west-2.amazonaws.com/Assets/Isaac/5.1/Isaac/Sensors) by extensions ['colcon_meta']
[0.476s] Level 1:colcon.colcon_core.package_identification:_identify(isaacpjt/M0609/Collected_m0609_color_zone/omniverse-content-production.s3-us-west-2.amazonaws.com/Assets/Isaac/5.1/Isaac/Sensors) by extension 'colcon_meta'
[0.476s] Level 1:colcon.colcon_core.package_identification:_identify(isaacpjt/M0609/Collected_m0609_color_zone/omniverse-content-production.s3-us-west-2.amazonaws.com/Assets/Isaac/5.1/Isaac/Sensors) by extensions ['ros']
[0.477s] Level 1:colcon.colcon_core.package_identification:_identify(isaacpjt/M0609/Collected_m0609_color_zone/omniverse-content-production.s3-us-west-2.amazonaws.com/Assets/Isaac/5.1/Isaac/Sensors) by extension 'ros'
[0.477s] Level 1:colcon.colcon_core.package_identification:_identify(isaacpjt/M0609/Collected_m0609_color_zone/omniverse-content-production.s3-us-west-2.amazonaws.com/Assets/Isaac/5.1/Isaac/Sensors) by extensions ['cmake', 'python']
[0.477s] Level 1:colcon.colcon_core.package_identification:_identify(isaacpjt/M0609/Collected_m0609_color_zone/omniverse-content-production.s3-us-west-2.amazonaws.com/Assets/Isaac/5.1/Isaac/Sensors) by extension 'cmake'
[0.477s] Level 1:colcon.colcon_core.package_identification:_identify(isaacpjt/M0609/Collected_m0609_color_zone/omniverse-content-production.s3-us-west-2.amazonaws.com/Assets/Isaac/5.1/Isaac/Sensors) by extension 'python'
[0.477s] Level 1:colcon.colcon_core.package_identification:_identify(isaacpjt/M0609/Collected_m0609_color_zone/omniverse-content-production.s3-us-west-2.amazonaws.com/Assets/Isaac/5.1/Isaac/Sensors) by extensions ['python_setup_py']
[0.477s] Level 1:colcon.colcon_core.package_identification:_identify(isaacpjt/M0609/Collected_m0609_color_zone/omniverse-content-production.s3-us-west-2.amazonaws.com/Assets/Isaac/5.1/Isaac/Sensors) by extension 'python_setup_py'
[0.477s] Level 1:colcon.colcon_core.package_identification:_identify(isaacpjt/M0609/Collected_m0609_color_zone/omniverse-content-production.s3-us-west-2.amazonaws.com/Assets/Isaac/5.1/Isaac/Sensors/Intel) by extensions ['ignore', 'ignore_ament_install']
[0.477s] Level 1:colcon.colcon_core.package_identification:_identify(isaacpjt/M0609/Collected_m0609_color_zone/omniverse-content-production.s3-us-west-2.amazonaws.com/Assets/Isaac/5.1/Isaac/Sensors/Intel) by extension 'ignore'
[0.478s] Level 1:colcon.colcon_core.package_identification:_identify(isaacpjt/M0609/Collected_m0609_color_zone/omniverse-content-production.s3-us-west-2.amazonaws.com/Assets/Isaac/5.1/Isaac/Sensors/Intel) by extension 'ignore_ament_install'
[0.478s] Level 1:colcon.colcon_core.package_identification:_identify(isaacpjt/M0609/Collected_m0609_color_zone/omniverse-content-production.s3-us-west-2.amazonaws.com/Assets/Isaac/5.1/Isaac/Sensors/Intel) by extensions ['colcon_pkg']
[0.478s] Level 1:colcon.colcon_core.package_identification:_identify(isaacpjt/M0609/Collected_m0609_color_zone/omniverse-content-production.s3-us-west-2.amazonaws.com/Assets/Isaac/5.1/Isaac/Sensors/Intel) by extension 'colcon_pkg'
[0.478s] Level 1:colcon.colcon_core.package_identification:_identify(isaacpjt/M0609/Collected_m0609_color_zone/omniverse-content-production.s3-us-west-2.amazonaws.com/Assets/Isaac/5.1/Isaac/Sensors/Intel) by extensions ['colcon_meta']
[0.478s] Level 1:colcon.colcon_core.package_identification:_identify(isaacpjt/M0609/Collected_m0609_color_zone/omniverse-content-production.s3-us-west-2.amazonaws.com/Assets/Isaac/5.1/Isaac/Sensors/Intel) by extension 'colcon_meta'
[0.478s] Level 1:colcon.colcon_core.package_identification:_identify(isaacpjt/M0609/Collected_m0609_color_zone/omniverse-content-production.s3-us-west-2.amazonaws.com/Assets/Isaac/5.1/Isaac/Sensors/Intel) by extensions ['ros']
[0.478s] Level 1:colcon.colcon_core.package_identification:_identify(isaacpjt/M0609/Collected_m0609_color_zone/omniverse-content-production.s3-us-west-2.amazonaws.com/Assets/Isaac/5.1/Isaac/Sensors/Intel) by extension 'ros'
[0.478s] Level 1:colcon.colcon_core.package_identification:_identify(isaacpjt/M0609/Collected_m0609_color_zone/omniverse-content-production.s3-us-west-2.amazonaws.com/Assets/Isaac/5.1/Isaac/Sensors/Intel) by extensions ['cmake', 'python']
[0.478s] Level 1:colcon.colcon_core.package_identification:_identify(isaacpjt/M0609/Collected_m0609_color_zone/omniverse-content-production.s3-us-west-2.amazonaws.com/Assets/Isaac/5.1/Isaac/Sensors/Intel) by extension 'cmake'
[0.478s] Level 1:colcon.colcon_core.package_identification:_identify(isaacpjt/M0609/Collected_m0609_color_zone/omniverse-content-production.s3-us-west-2.amazonaws.com/Assets/Isaac/5.1/Isaac/Sensors/Intel) by extension 'python'
[0.478s] Level 1:colcon.colcon_core.package_identification:_identify(isaacpjt/M0609/Collected_m0609_color_zone/omniverse-content-production.s3-us-west-2.amazonaws.com/Assets/Isaac/5.1/Isaac/Sensors/Intel) by extensions ['python_setup_py']
[0.478s] Level 1:colcon.colcon_core.package_identification:_identify(isaacpjt/M0609/Collected_m0609_color_zone/omniverse-content-production.s3-us-west-2.amazonaws.com/Assets/Isaac/5.1/Isaac/Sensors/Intel) by extension 'python_setup_py'
[0.479s] Level 1:colcon.colcon_core.package_identification:_identify(isaacpjt/M0609/Collected_m0609_color_zone/omniverse-content-production.s3-us-west-2.amazonaws.com/Assets/Isaac/5.1/Isaac/Sensors/Intel/RealSense) by extensions ['ignore', 'ignore_ament_install']
[0.479s] Level 1:colcon.colcon_core.package_identification:_identify(isaacpjt/M0609/Collected_m0609_color_zone/omniverse-content-production.s3-us-west-2.amazonaws.com/Assets/Isaac/5.1/Isaac/Sensors/Intel/RealSense) by extension 'ignore'
[0.479s] Level 1:colcon.colcon_core.package_identification:_identify(isaacpjt/M0609/Collected_m0609_color_zone/omniverse-content-production.s3-us-west-2.amazonaws.com/Assets/Isaac/5.1/Isaac/Sensors/Intel/RealSense) by extension 'ignore_ament_install'
[0.479s] Level 1:colcon.colcon_core.package_identification:_identify(isaacpjt/M0609/Collected_m0609_color_zone/omniverse-content-production.s3-us-west-2.amazonaws.com/Assets/Isaac/5.1/Isaac/Sensors/Intel/RealSense) by extensions ['colcon_pkg']
[0.479s] Level 1:colcon.colcon_core.package_identification:_identify(isaacpjt/M0609/Collected_m0609_color_zone/omniverse-content-production.s3-us-west-2.amazonaws.com/Assets/Isaac/5.1/Isaac/Sensors/Intel/RealSense) by extension 'colcon_pkg'
[0.479s] Level 1:colcon.colcon_core.package_identification:_identify(isaacpjt/M0609/Collected_m0609_color_zone/omniverse-content-production.s3-us-west-2.amazonaws.com/Assets/Isaac/5.1/Isaac/Sensors/Intel/RealSense) by extensions ['colcon_meta']
[0.479s] Level 1:colcon.colcon_core.package_identification:_identify(isaacpjt/M0609/Collected_m0609_color_zone/omniverse-content-production.s3-us-west-2.amazonaws.com/Assets/Isaac/5.1/Isaac/Sensors/Intel/RealSense) by extension 'colcon_meta'
[0.480s] Level 1:colcon.colcon_core.package_identification:_identify(isaacpjt/M0609/Collected_m0609_color_zone/omniverse-content-production.s3-us-west-2.amazonaws.com/Assets/Isaac/5.1/Isaac/Sensors/Intel/RealSense) by extensions ['ros']
[0.480s] Level 1:colcon.colcon_core.package_identification:_identify(isaacpjt/M0609/Collected_m0609_color_zone/omniverse-content-production.s3-us-west-2.amazonaws.com/Assets/Isaac/5.1/Isaac/Sensors/Intel/RealSense) by extension 'ros'
[0.480s] Level 1:colcon.colcon_core.package_identification:_identify(isaacpjt/M0609/Collected_m0609_color_zone/omniverse-content-production.s3-us-west-2.amazonaws.com/Assets/Isaac/5.1/Isaac/Sensors/Intel/RealSense) by extensions ['cmake', 'python']
[0.480s] Level 1:colcon.colcon_core.package_identification:_identify(isaacpjt/M0609/Collected_m0609_color_zone/omniverse-content-production.s3-us-west-2.amazonaws.com/Assets/Isaac/5.1/Isaac/Sensors/Intel/RealSense) by extension 'cmake'
[0.480s] Level 1:colcon.colcon_core.package_identification:_identify(isaacpjt/M0609/Collected_m0609_color_zone/omniverse-content-production.s3-us-west-2.amazonaws.com/Assets/Isaac/5.1/Isaac/Sensors/Intel/RealSense) by extension 'python'
[0.480s] Level 1:colcon.colcon_core.package_identification:_identify(isaacpjt/M0609/Collected_m0609_color_zone/omniverse-content-production.s3-us-west-2.amazonaws.com/Assets/Isaac/5.1/Isaac/Sensors/Intel/RealSense) by extensions ['python_setup_py']
[0.480s] Level 1:colcon.colcon_core.package_identification:_identify(isaacpjt/M0609/Collected_m0609_color_zone/omniverse-content-production.s3-us-west-2.amazonaws.com/Assets/Isaac/5.1/Isaac/Sensors/Intel/RealSense) by extension 'python_setup_py'
[0.480s] Level 1:colcon.colcon_core.package_identification:_identify(isaacpjt/M0609/Collected_m0609_color_zone/onrobot_rg2) by extensions ['ignore', 'ignore_ament_install']
[0.481s] Level 1:colcon.colcon_core.package_identification:_identify(isaacpjt/M0609/Collected_m0609_color_zone/onrobot_rg2) by extension 'ignore'
[0.481s] Level 1:colcon.colcon_core.package_identification:_identify(isaacpjt/M0609/Collected_m0609_color_zone/onrobot_rg2) by extension 'ignore_ament_install'
[0.481s] Level 1:colcon.colcon_core.package_identification:_identify(isaacpjt/M0609/Collected_m0609_color_zone/onrobot_rg2) by extensions ['colcon_pkg']
[0.481s] Level 1:colcon.colcon_core.package_identification:_identify(isaacpjt/M0609/Collected_m0609_color_zone/onrobot_rg2) by extension 'colcon_pkg'
[0.481s] Level 1:colcon.colcon_core.package_identification:_identify(isaacpjt/M0609/Collected_m0609_color_zone/onrobot_rg2) by extensions ['colcon_meta']
[0.481s] Level 1:colcon.colcon_core.package_identification:_identify(isaacpjt/M0609/Collected_m0609_color_zone/onrobot_rg2) by extension 'colcon_meta'
[0.481s] Level 1:colcon.colcon_core.package_identification:_identify(isaacpjt/M0609/Collected_m0609_color_zone/onrobot_rg2) by extensions ['ros']
[0.481s] Level 1:colcon.colcon_core.package_identification:_identify(isaacpjt/M0609/Collected_m0609_color_zone/onrobot_rg2) by extension 'ros'
[0.481s] Level 1:colcon.colcon_core.package_identification:_identify(isaacpjt/M0609/Collected_m0609_color_zone/onrobot_rg2) by extensions ['cmake', 'python']
[0.481s] Level 1:colcon.colcon_core.package_identification:_identify(isaacpjt/M0609/Collected_m0609_color_zone/onrobot_rg2) by extension 'cmake'
[0.481s] Level 1:colcon.colcon_core.package_identification:_identify(isaacpjt/M0609/Collected_m0609_color_zone/onrobot_rg2) by extension 'python'
[0.481s] Level 1:colcon.colcon_core.package_identification:_identify(isaacpjt/M0609/Collected_m0609_color_zone/onrobot_rg2) by extensions ['python_setup_py']
[0.481s] Level 1:colcon.colcon_core.package_identification:_identify(isaacpjt/M0609/Collected_m0609_color_zone/onrobot_rg2) by extension 'python_setup_py'
[0.482s] Level 1:colcon.colcon_core.package_identification:_identify(isaacpjt/M0609/Collected_m0609_color_zone/onrobot_rg2/urdf) by extensions ['ignore', 'ignore_ament_install']
[0.482s] Level 1:colcon.colcon_core.package_identification:_identify(isaacpjt/M0609/Collected_m0609_color_zone/onrobot_rg2/urdf) by extension 'ignore'
[0.482s] Level 1:colcon.colcon_core.package_identification:_identify(isaacpjt/M0609/Collected_m0609_color_zone/onrobot_rg2/urdf) by extension 'ignore_ament_install'
[0.482s] Level 1:colcon.colcon_core.package_identification:_identify(isaacpjt/M0609/Collected_m0609_color_zone/onrobot_rg2/urdf) by extensions ['colcon_pkg']
[0.482s] Level 1:colcon.colcon_core.package_identification:_identify(isaacpjt/M0609/Collected_m0609_color_zone/onrobot_rg2/urdf) by extension 'colcon_pkg'
[0.482s] Level 1:colcon.colcon_core.package_identification:_identify(isaacpjt/M0609/Collected_m0609_color_zone/onrobot_rg2/urdf) by extensions ['colcon_meta']
[0.482s] Level 1:colcon.colcon_core.package_identification:_identify(isaacpjt/M0609/Collected_m0609_color_zone/onrobot_rg2/urdf) by extension 'colcon_meta'
[0.482s] Level 1:colcon.colcon_core.package_identification:_identify(isaacpjt/M0609/Collected_m0609_color_zone/onrobot_rg2/urdf) by extensions ['ros']
[0.482s] Level 1:colcon.colcon_core.package_identification:_identify(isaacpjt/M0609/Collected_m0609_color_zone/onrobot_rg2/urdf) by extension 'ros'
[0.482s] Level 1:colcon.colcon_core.package_identification:_identify(isaacpjt/M0609/Collected_m0609_color_zone/onrobot_rg2/urdf) by extensions ['cmake', 'python']
[0.482s] Level 1:colcon.colcon_core.package_identification:_identify(isaacpjt/M0609/Collected_m0609_color_zone/onrobot_rg2/urdf) by extension 'cmake'
[0.482s] Level 1:colcon.colcon_core.package_identification:_identify(isaacpjt/M0609/Collected_m0609_color_zone/onrobot_rg2/urdf) by extension 'python'
[0.482s] Level 1:colcon.colcon_core.package_identification:_identify(isaacpjt/M0609/Collected_m0609_color_zone/onrobot_rg2/urdf) by extensions ['python_setup_py']
[0.482s] Level 1:colcon.colcon_core.package_identification:_identify(isaacpjt/M0609/Collected_m0609_color_zone/onrobot_rg2/urdf) by extension 'python_setup_py'
[0.482s] Level 1:colcon.colcon_core.package_identification:_identify(isaacpjt/M0609/Collected_m0609_color_zone/onrobot_rg2/urdf/onrobot_rg2) by extensions ['ignore', 'ignore_ament_install']
[0.483s] Level 1:colcon.colcon_core.package_identification:_identify(isaacpjt/M0609/Collected_m0609_color_zone/onrobot_rg2/urdf/onrobot_rg2) by extension 'ignore'
[0.483s] Level 1:colcon.colcon_core.package_identification:_identify(isaacpjt/M0609/Collected_m0609_color_zone/onrobot_rg2/urdf/onrobot_rg2) by extension 'ignore_ament_install'
[0.483s] Level 1:colcon.colcon_core.package_identification:_identify(isaacpjt/M0609/Collected_m0609_color_zone/onrobot_rg2/urdf/onrobot_rg2) by extensions ['colcon_pkg']
[0.483s] Level 1:colcon.colcon_core.package_identification:_identify(isaacpjt/M0609/Collected_m0609_color_zone/onrobot_rg2/urdf/onrobot_rg2) by extension 'colcon_pkg'
[0.483s] Level 1:colcon.colcon_core.package_identification:_identify(isaacpjt/M0609/Collected_m0609_color_zone/onrobot_rg2/urdf/onrobot_rg2) by extensions ['colcon_meta']
[0.483s] Level 1:colcon.colcon_core.package_identification:_identify(isaacpjt/M0609/Collected_m0609_color_zone/onrobot_rg2/urdf/onrobot_rg2) by extension 'colcon_meta'
[0.483s] Level 1:colcon.colcon_core.package_identification:_identify(isaacpjt/M0609/Collected_m0609_color_zone/onrobot_rg2/urdf/onrobot_rg2) by extensions ['ros']
[0.483s] Level 1:colcon.colcon_core.package_identification:_identify(isaacpjt/M0609/Collected_m0609_color_zone/onrobot_rg2/urdf/onrobot_rg2) by extension 'ros'
[0.483s] Level 1:colcon.colcon_core.package_identification:_identify(isaacpjt/M0609/Collected_m0609_color_zone/onrobot_rg2/urdf/onrobot_rg2) by extensions ['cmake', 'python']
[0.483s] Level 1:colcon.colcon_core.package_identification:_identify(isaacpjt/M0609/Collected_m0609_color_zone/onrobot_rg2/urdf/onrobot_rg2) by extension 'cmake'
[0.483s] Level 1:colcon.colcon_core.package_identification:_identify(isaacpjt/M0609/Collected_m0609_color_zone/onrobot_rg2/urdf/onrobot_rg2) by extension 'python'
[0.483s] Level 1:colcon.colcon_core.package_identification:_identify(isaacpjt/M0609/Collected_m0609_color_zone/onrobot_rg2/urdf/onrobot_rg2) by extensions ['python_setup_py']
[0.483s] Level 1:colcon.colcon_core.package_identification:_identify(isaacpjt/M0609/Collected_m0609_color_zone/onrobot_rg2/urdf/onrobot_rg2) by extension 'python_setup_py'
[0.483s] Level 1:colcon.colcon_core.package_identification:_identify(isaacpjt/M0609/Collected_m0609_color_zone/onrobot_rg2/urdf/onrobot_rg2/configuration) by extensions ['ignore', 'ignore_ament_install']
[0.484s] Level 1:colcon.colcon_core.package_identification:_identify(isaacpjt/M0609/Collected_m0609_color_zone/onrobot_rg2/urdf/onrobot_rg2/configuration) by extension 'ignore'
[0.484s] Level 1:colcon.colcon_core.package_identification:_identify(isaacpjt/M0609/Collected_m0609_color_zone/onrobot_rg2/urdf/onrobot_rg2/configuration) by extension 'ignore_ament_install'
[0.484s] Level 1:colcon.colcon_core.package_identification:_identify(isaacpjt/M0609/Collected_m0609_color_zone/onrobot_rg2/urdf/onrobot_rg2/configuration) by extensions ['colcon_pkg']
[0.484s] Level 1:colcon.colcon_core.package_identification:_identify(isaacpjt/M0609/Collected_m0609_color_zone/onrobot_rg2/urdf/onrobot_rg2/configuration) by extension 'colcon_pkg'
[0.484s] Level 1:colcon.colcon_core.package_identification:_identify(isaacpjt/M0609/Collected_m0609_color_zone/onrobot_rg2/urdf/onrobot_rg2/configuration) by extensions ['colcon_meta']
[0.484s] Level 1:colcon.colcon_core.package_identification:_identify(isaacpjt/M0609/Collected_m0609_color_zone/onrobot_rg2/urdf/onrobot_rg2/configuration) by extension 'colcon_meta'
[0.484s] Level 1:colcon.colcon_core.package_identification:_identify(isaacpjt/M0609/Collected_m0609_color_zone/onrobot_rg2/urdf/onrobot_rg2/configuration) by extensions ['ros']
[0.484s] Level 1:colcon.colcon_core.package_identification:_identify(isaacpjt/M0609/Collected_m0609_color_zone/onrobot_rg2/urdf/onrobot_rg2/configuration) by extension 'ros'
[0.484s] Level 1:colcon.colcon_core.package_identification:_identify(isaacpjt/M0609/Collected_m0609_color_zone/onrobot_rg2/urdf/onrobot_rg2/configuration) by extensions ['cmake', 'python']
[0.484s] Level 1:colcon.colcon_core.package_identification:_identify(isaacpjt/M0609/Collected_m0609_color_zone/onrobot_rg2/urdf/onrobot_rg2/configuration) by extension 'cmake'
[0.484s] Level 1:colcon.colcon_core.package_identification:_identify(isaacpjt/M0609/Collected_m0609_color_zone/onrobot_rg2/urdf/onrobot_rg2/configuration) by extension 'python'
[0.484s] Level 1:colcon.colcon_core.package_identification:_identify(isaacpjt/M0609/Collected_m0609_color_zone/onrobot_rg2/urdf/onrobot_rg2/configuration) by extensions ['python_setup_py']
[0.484s] Level 1:colcon.colcon_core.package_identification:_identify(isaacpjt/M0609/Collected_m0609_color_zone/onrobot_rg2/urdf/onrobot_rg2/configuration) by extension 'python_setup_py'
[0.484s] Level 1:colcon.colcon_core.package_identification:_identify(isaacpjt/M0609/Collected_m0609_with_rg2) by extensions ['ignore', 'ignore_ament_install']
[0.485s] Level 1:colcon.colcon_core.package_identification:_identify(isaacpjt/M0609/Collected_m0609_with_rg2) by extension 'ignore'
[0.485s] Level 1:colcon.colcon_core.package_identification:_identify(isaacpjt/M0609/Collected_m0609_with_rg2) by extension 'ignore_ament_install'
[0.485s] Level 1:colcon.colcon_core.package_identification:_identify(isaacpjt/M0609/Collected_m0609_with_rg2) by extensions ['colcon_pkg']
[0.485s] Level 1:colcon.colcon_core.package_identification:_identify(isaacpjt/M0609/Collected_m0609_with_rg2) by extension 'colcon_pkg'
[0.485s] Level 1:colcon.colcon_core.package_identification:_identify(isaacpjt/M0609/Collected_m0609_with_rg2) by extensions ['colcon_meta']
[0.485s] Level 1:colcon.colcon_core.package_identification:_identify(isaacpjt/M0609/Collected_m0609_with_rg2) by extension 'colcon_meta'
[0.485s] Level 1:colcon.colcon_core.package_identification:_identify(isaacpjt/M0609/Collected_m0609_with_rg2) by extensions ['ros']
[0.485s] Level 1:colcon.colcon_core.package_identification:_identify(isaacpjt/M0609/Collected_m0609_with_rg2) by extension 'ros'
[0.485s] Level 1:colcon.colcon_core.package_identification:_identify(isaacpjt/M0609/Collected_m0609_with_rg2) by extensions ['cmake', 'python']
[0.485s] Level 1:colcon.colcon_core.package_identification:_identify(isaacpjt/M0609/Collected_m0609_with_rg2) by extension 'cmake'
[0.485s] Level 1:colcon.colcon_core.package_identification:_identify(isaacpjt/M0609/Collected_m0609_with_rg2) by extension 'python'
[0.485s] Level 1:colcon.colcon_core.package_identification:_identify(isaacpjt/M0609/Collected_m0609_with_rg2) by extensions ['python_setup_py']
[0.485s] Level 1:colcon.colcon_core.package_identification:_identify(isaacpjt/M0609/Collected_m0609_with_rg2) by extension 'python_setup_py'
[0.485s] Level 1:colcon.colcon_core.package_identification:_identify(isaacpjt/M0609/Collected_m0609_with_rg2/doosan-robot2) by extensions ['ignore', 'ignore_ament_install']
[0.485s] Level 1:colcon.colcon_core.package_identification:_identify(isaacpjt/M0609/Collected_m0609_with_rg2/doosan-robot2) by extension 'ignore'
[0.486s] Level 1:colcon.colcon_core.package_identification:_identify(isaacpjt/M0609/Collected_m0609_with_rg2/doosan-robot2) by extension 'ignore_ament_install'
[0.486s] Level 1:colcon.colcon_core.package_identification:_identify(isaacpjt/M0609/Collected_m0609_with_rg2/doosan-robot2) by extensions ['colcon_pkg']
[0.486s] Level 1:colcon.colcon_core.package_identification:_identify(isaacpjt/M0609/Collected_m0609_with_rg2/doosan-robot2) by extension 'colcon_pkg'
[0.486s] Level 1:colcon.colcon_core.package_identification:_identify(isaacpjt/M0609/Collected_m0609_with_rg2/doosan-robot2) by extensions ['colcon_meta']
[0.486s] Level 1:colcon.colcon_core.package_identification:_identify(isaacpjt/M0609/Collected_m0609_with_rg2/doosan-robot2) by extension 'colcon_meta'
[0.486s] Level 1:colcon.colcon_core.package_identification:_identify(isaacpjt/M0609/Collected_m0609_with_rg2/doosan-robot2) by extensions ['ros']
[0.486s] Level 1:colcon.colcon_core.package_identification:_identify(isaacpjt/M0609/Collected_m0609_with_rg2/doosan-robot2) by extension 'ros'
[0.486s] Level 1:colcon.colcon_core.package_identification:_identify(isaacpjt/M0609/Collected_m0609_with_rg2/doosan-robot2) by extensions ['cmake', 'python']
[0.486s] Level 1:colcon.colcon_core.package_identification:_identify(isaacpjt/M0609/Collected_m0609_with_rg2/doosan-robot2) by extension 'cmake'
[0.486s] Level 1:colcon.colcon_core.package_identification:_identify(isaacpjt/M0609/Collected_m0609_with_rg2/doosan-robot2) by extension 'python'
[0.486s] Level 1:colcon.colcon_core.package_identification:_identify(isaacpjt/M0609/Collected_m0609_with_rg2/doosan-robot2) by extensions ['python_setup_py']
[0.486s] Level 1:colcon.colcon_core.package_identification:_identify(isaacpjt/M0609/Collected_m0609_with_rg2/doosan-robot2) by extension 'python_setup_py'
[0.486s] Level 1:colcon.colcon_core.package_identification:_identify(isaacpjt/M0609/Collected_m0609_with_rg2/doosan-robot2/urdf) by extensions ['ignore', 'ignore_ament_install']
[0.486s] Level 1:colcon.colcon_core.package_identification:_identify(isaacpjt/M0609/Collected_m0609_with_rg2/doosan-robot2/urdf) by extension 'ignore'
[0.486s] Level 1:colcon.colcon_core.package_identification:_identify(isaacpjt/M0609/Collected_m0609_with_rg2/doosan-robot2/urdf) by extension 'ignore_ament_install'
[0.487s] Level 1:colcon.colcon_core.package_identification:_identify(isaacpjt/M0609/Collected_m0609_with_rg2/doosan-robot2/urdf) by extensions ['colcon_pkg']
[0.487s] Level 1:colcon.colcon_core.package_identification:_identify(isaacpjt/M0609/Collected_m0609_with_rg2/doosan-robot2/urdf) by extension 'colcon_pkg'
[0.487s] Level 1:colcon.colcon_core.package_identification:_identify(isaacpjt/M0609/Collected_m0609_with_rg2/doosan-robot2/urdf) by extensions ['colcon_meta']
[0.487s] Level 1:colcon.colcon_core.package_identification:_identify(isaacpjt/M0609/Collected_m0609_with_rg2/doosan-robot2/urdf) by extension 'colcon_meta'
[0.487s] Level 1:colcon.colcon_core.package_identification:_identify(isaacpjt/M0609/Collected_m0609_with_rg2/doosan-robot2/urdf) by extensions ['ros']
[0.487s] Level 1:colcon.colcon_core.package_identification:_identify(isaacpjt/M0609/Collected_m0609_with_rg2/doosan-robot2/urdf) by extension 'ros'
[0.487s] Level 1:colcon.colcon_core.package_identification:_identify(isaacpjt/M0609/Collected_m0609_with_rg2/doosan-robot2/urdf) by extensions ['cmake', 'python']
[0.487s] Level 1:colcon.colcon_core.package_identification:_identify(isaacpjt/M0609/Collected_m0609_with_rg2/doosan-robot2/urdf) by extension 'cmake'
[0.487s] Level 1:colcon.colcon_core.package_identification:_identify(isaacpjt/M0609/Collected_m0609_with_rg2/doosan-robot2/urdf) by extension 'python'
[0.487s] Level 1:colcon.colcon_core.package_identification:_identify(isaacpjt/M0609/Collected_m0609_with_rg2/doosan-robot2/urdf) by extensions ['python_setup_py']
[0.487s] Level 1:colcon.colcon_core.package_identification:_identify(isaacpjt/M0609/Collected_m0609_with_rg2/doosan-robot2/urdf) by extension 'python_setup_py'
[0.487s] Level 1:colcon.colcon_core.package_identification:_identify(isaacpjt/M0609/Collected_m0609_with_rg2/doosan-robot2/urdf/m0609_isaac_sim) by extensions ['ignore', 'ignore_ament_install']
[0.487s] Level 1:colcon.colcon_core.package_identification:_identify(isaacpjt/M0609/Collected_m0609_with_rg2/doosan-robot2/urdf/m0609_isaac_sim) by extension 'ignore'
[0.487s] Level 1:colcon.colcon_core.package_identification:_identify(isaacpjt/M0609/Collected_m0609_with_rg2/doosan-robot2/urdf/m0609_isaac_sim) by extension 'ignore_ament_install'
[0.487s] Level 1:colcon.colcon_core.package_identification:_identify(isaacpjt/M0609/Collected_m0609_with_rg2/doosan-robot2/urdf/m0609_isaac_sim) by extensions ['colcon_pkg']
[0.487s] Level 1:colcon.colcon_core.package_identification:_identify(isaacpjt/M0609/Collected_m0609_with_rg2/doosan-robot2/urdf/m0609_isaac_sim) by extension 'colcon_pkg'
[0.488s] Level 1:colcon.colcon_core.package_identification:_identify(isaacpjt/M0609/Collected_m0609_with_rg2/doosan-robot2/urdf/m0609_isaac_sim) by extensions ['colcon_meta']
[0.488s] Level 1:colcon.colcon_core.package_identification:_identify(isaacpjt/M0609/Collected_m0609_with_rg2/doosan-robot2/urdf/m0609_isaac_sim) by extension 'colcon_meta'
[0.488s] Level 1:colcon.colcon_core.package_identification:_identify(isaacpjt/M0609/Collected_m0609_with_rg2/doosan-robot2/urdf/m0609_isaac_sim) by extensions ['ros']
[0.488s] Level 1:colcon.colcon_core.package_identification:_identify(isaacpjt/M0609/Collected_m0609_with_rg2/doosan-robot2/urdf/m0609_isaac_sim) by extension 'ros'
[0.488s] Level 1:colcon.colcon_core.package_identification:_identify(isaacpjt/M0609/Collected_m0609_with_rg2/doosan-robot2/urdf/m0609_isaac_sim) by extensions ['cmake', 'python']
[0.488s] Level 1:colcon.colcon_core.package_identification:_identify(isaacpjt/M0609/Collected_m0609_with_rg2/doosan-robot2/urdf/m0609_isaac_sim) by extension 'cmake'
[0.488s] Level 1:colcon.colcon_core.package_identification:_identify(isaacpjt/M0609/Collected_m0609_with_rg2/doosan-robot2/urdf/m0609_isaac_sim) by extension 'python'
[0.488s] Level 1:colcon.colcon_core.package_identification:_identify(isaacpjt/M0609/Collected_m0609_with_rg2/doosan-robot2/urdf/m0609_isaac_sim) by extensions ['python_setup_py']
[0.488s] Level 1:colcon.colcon_core.package_identification:_identify(isaacpjt/M0609/Collected_m0609_with_rg2/doosan-robot2/urdf/m0609_isaac_sim) by extension 'python_setup_py'
[0.488s] Level 1:colcon.colcon_core.package_identification:_identify(isaacpjt/M0609/Collected_m0609_with_rg2/doosan-robot2/urdf/m0609_isaac_sim/configuration) by extensions ['ignore', 'ignore_ament_install']
[0.488s] Level 1:colcon.colcon_core.package_identification:_identify(isaacpjt/M0609/Collected_m0609_with_rg2/doosan-robot2/urdf/m0609_isaac_sim/configuration) by extension 'ignore'
[0.488s] Level 1:colcon.colcon_core.package_identification:_identify(isaacpjt/M0609/Collected_m0609_with_rg2/doosan-robot2/urdf/m0609_isaac_sim/configuration) by extension 'ignore_ament_install'
[0.488s] Level 1:colcon.colcon_core.package_identification:_identify(isaacpjt/M0609/Collected_m0609_with_rg2/doosan-robot2/urdf/m0609_isaac_sim/configuration) by extensions ['colcon_pkg']
[0.488s] Level 1:colcon.colcon_core.package_identification:_identify(isaacpjt/M0609/Collected_m0609_with_rg2/doosan-robot2/urdf/m0609_isaac_sim/configuration) by extension 'colcon_pkg'
[0.488s] Level 1:colcon.colcon_core.package_identification:_identify(isaacpjt/M0609/Collected_m0609_with_rg2/doosan-robot2/urdf/m0609_isaac_sim/configuration) by extensions ['colcon_meta']
[0.488s] Level 1:colcon.colcon_core.package_identification:_identify(isaacpjt/M0609/Collected_m0609_with_rg2/doosan-robot2/urdf/m0609_isaac_sim/configuration) by extension 'colcon_meta'
[0.489s] Level 1:colcon.colcon_core.package_identification:_identify(isaacpjt/M0609/Collected_m0609_with_rg2/doosan-robot2/urdf/m0609_isaac_sim/configuration) by extensions ['ros']
[0.489s] Level 1:colcon.colcon_core.package_identification:_identify(isaacpjt/M0609/Collected_m0609_with_rg2/doosan-robot2/urdf/m0609_isaac_sim/configuration) by extension 'ros'
[0.489s] Level 1:colcon.colcon_core.package_identification:_identify(isaacpjt/M0609/Collected_m0609_with_rg2/doosan-robot2/urdf/m0609_isaac_sim/configuration) by extensions ['cmake', 'python']
[0.489s] Level 1:colcon.colcon_core.package_identification:_identify(isaacpjt/M0609/Collected_m0609_with_rg2/doosan-robot2/urdf/m0609_isaac_sim/configuration) by extension 'cmake'
[0.489s] Level 1:colcon.colcon_core.package_identification:_identify(isaacpjt/M0609/Collected_m0609_with_rg2/doosan-robot2/urdf/m0609_isaac_sim/configuration) by extension 'python'
[0.489s] Level 1:colcon.colcon_core.package_identification:_identify(isaacpjt/M0609/Collected_m0609_with_rg2/doosan-robot2/urdf/m0609_isaac_sim/configuration) by extensions ['python_setup_py']
[0.489s] Level 1:colcon.colcon_core.package_identification:_identify(isaacpjt/M0609/Collected_m0609_with_rg2/doosan-robot2/urdf/m0609_isaac_sim/configuration) by extension 'python_setup_py'
[0.489s] Level 1:colcon.colcon_core.package_identification:_identify(isaacpjt/M0609/Collected_m0609_with_rg2/onrobot_rg2) by extensions ['ignore', 'ignore_ament_install']
[0.489s] Level 1:colcon.colcon_core.package_identification:_identify(isaacpjt/M0609/Collected_m0609_with_rg2/onrobot_rg2) by extension 'ignore'
[0.489s] Level 1:colcon.colcon_core.package_identification:_identify(isaacpjt/M0609/Collected_m0609_with_rg2/onrobot_rg2) by extension 'ignore_ament_install'
[0.489s] Level 1:colcon.colcon_core.package_identification:_identify(isaacpjt/M0609/Collected_m0609_with_rg2/onrobot_rg2) by extensions ['colcon_pkg']
[0.489s] Level 1:colcon.colcon_core.package_identification:_identify(isaacpjt/M0609/Collected_m0609_with_rg2/onrobot_rg2) by extension 'colcon_pkg'
[0.489s] Level 1:colcon.colcon_core.package_identification:_identify(isaacpjt/M0609/Collected_m0609_with_rg2/onrobot_rg2) by extensions ['colcon_meta']
[0.489s] Level 1:colcon.colcon_core.package_identification:_identify(isaacpjt/M0609/Collected_m0609_with_rg2/onrobot_rg2) by extension 'colcon_meta'
[0.489s] Level 1:colcon.colcon_core.package_identification:_identify(isaacpjt/M0609/Collected_m0609_with_rg2/onrobot_rg2) by extensions ['ros']
[0.489s] Level 1:colcon.colcon_core.package_identification:_identify(isaacpjt/M0609/Collected_m0609_with_rg2/onrobot_rg2) by extension 'ros'
[0.490s] Level 1:colcon.colcon_core.package_identification:_identify(isaacpjt/M0609/Collected_m0609_with_rg2/onrobot_rg2) by extensions ['cmake', 'python']
[0.490s] Level 1:colcon.colcon_core.package_identification:_identify(isaacpjt/M0609/Collected_m0609_with_rg2/onrobot_rg2) by extension 'cmake'
[0.490s] Level 1:colcon.colcon_core.package_identification:_identify(isaacpjt/M0609/Collected_m0609_with_rg2/onrobot_rg2) by extension 'python'
[0.490s] Level 1:colcon.colcon_core.package_identification:_identify(isaacpjt/M0609/Collected_m0609_with_rg2/onrobot_rg2) by extensions ['python_setup_py']
[0.490s] Level 1:colcon.colcon_core.package_identification:_identify(isaacpjt/M0609/Collected_m0609_with_rg2/onrobot_rg2) by extension 'python_setup_py'
[0.490s] Level 1:colcon.colcon_core.package_identification:_identify(isaacpjt/M0609/Collected_m0609_with_rg2/onrobot_rg2/urdf) by extensions ['ignore', 'ignore_ament_install']
[0.490s] Level 1:colcon.colcon_core.package_identification:_identify(isaacpjt/M0609/Collected_m0609_with_rg2/onrobot_rg2/urdf) by extension 'ignore'
[0.490s] Level 1:colcon.colcon_core.package_identification:_identify(isaacpjt/M0609/Collected_m0609_with_rg2/onrobot_rg2/urdf) by extension 'ignore_ament_install'
[0.490s] Level 1:colcon.colcon_core.package_identification:_identify(isaacpjt/M0609/Collected_m0609_with_rg2/onrobot_rg2/urdf) by extensions ['colcon_pkg']
[0.490s] Level 1:colcon.colcon_core.package_identification:_identify(isaacpjt/M0609/Collected_m0609_with_rg2/onrobot_rg2/urdf) by extension 'colcon_pkg'
[0.490s] Level 1:colcon.colcon_core.package_identification:_identify(isaacpjt/M0609/Collected_m0609_with_rg2/onrobot_rg2/urdf) by extensions ['colcon_meta']
[0.490s] Level 1:colcon.colcon_core.package_identification:_identify(isaacpjt/M0609/Collected_m0609_with_rg2/onrobot_rg2/urdf) by extension 'colcon_meta'
[0.490s] Level 1:colcon.colcon_core.package_identification:_identify(isaacpjt/M0609/Collected_m0609_with_rg2/onrobot_rg2/urdf) by extensions ['ros']
[0.490s] Level 1:colcon.colcon_core.package_identification:_identify(isaacpjt/M0609/Collected_m0609_with_rg2/onrobot_rg2/urdf) by extension 'ros'
[0.490s] Level 1:colcon.colcon_core.package_identification:_identify(isaacpjt/M0609/Collected_m0609_with_rg2/onrobot_rg2/urdf) by extensions ['cmake', 'python']
[0.490s] Level 1:colcon.colcon_core.package_identification:_identify(isaacpjt/M0609/Collected_m0609_with_rg2/onrobot_rg2/urdf) by extension 'cmake'
[0.490s] Level 1:colcon.colcon_core.package_identification:_identify(isaacpjt/M0609/Collected_m0609_with_rg2/onrobot_rg2/urdf) by extension 'python'
[0.491s] Level 1:colcon.colcon_core.package_identification:_identify(isaacpjt/M0609/Collected_m0609_with_rg2/onrobot_rg2/urdf) by extensions ['python_setup_py']
[0.491s] Level 1:colcon.colcon_core.package_identification:_identify(isaacpjt/M0609/Collected_m0609_with_rg2/onrobot_rg2/urdf) by extension 'python_setup_py'
[0.491s] Level 1:colcon.colcon_core.package_identification:_identify(isaacpjt/M0609/Collected_m0609_with_rg2/onrobot_rg2/urdf/onrobot_rg2) by extensions ['ignore', 'ignore_ament_install']
[0.491s] Level 1:colcon.colcon_core.package_identification:_identify(isaacpjt/M0609/Collected_m0609_with_rg2/onrobot_rg2/urdf/onrobot_rg2) by extension 'ignore'
[0.491s] Level 1:colcon.colcon_core.package_identification:_identify(isaacpjt/M0609/Collected_m0609_with_rg2/onrobot_rg2/urdf/onrobot_rg2) by extension 'ignore_ament_install'
[0.491s] Level 1:colcon.colcon_core.package_identification:_identify(isaacpjt/M0609/Collected_m0609_with_rg2/onrobot_rg2/urdf/onrobot_rg2) by extensions ['colcon_pkg']
[0.491s] Level 1:colcon.colcon_core.package_identification:_identify(isaacpjt/M0609/Collected_m0609_with_rg2/onrobot_rg2/urdf/onrobot_rg2) by extension 'colcon_pkg'
[0.491s] Level 1:colcon.colcon_core.package_identification:_identify(isaacpjt/M0609/Collected_m0609_with_rg2/onrobot_rg2/urdf/onrobot_rg2) by extensions ['colcon_meta']
[0.491s] Level 1:colcon.colcon_core.package_identification:_identify(isaacpjt/M0609/Collected_m0609_with_rg2/onrobot_rg2/urdf/onrobot_rg2) by extension 'colcon_meta'
[0.491s] Level 1:colcon.colcon_core.package_identification:_identify(isaacpjt/M0609/Collected_m0609_with_rg2/onrobot_rg2/urdf/onrobot_rg2) by extensions ['ros']
[0.491s] Level 1:colcon.colcon_core.package_identification:_identify(isaacpjt/M0609/Collected_m0609_with_rg2/onrobot_rg2/urdf/onrobot_rg2) by extension 'ros'
[0.491s] Level 1:colcon.colcon_core.package_identification:_identify(isaacpjt/M0609/Collected_m0609_with_rg2/onrobot_rg2/urdf/onrobot_rg2) by extensions ['cmake', 'python']
[0.491s] Level 1:colcon.colcon_core.package_identification:_identify(isaacpjt/M0609/Collected_m0609_with_rg2/onrobot_rg2/urdf/onrobot_rg2) by extension 'cmake'
[0.491s] Level 1:colcon.colcon_core.package_identification:_identify(isaacpjt/M0609/Collected_m0609_with_rg2/onrobot_rg2/urdf/onrobot_rg2) by extension 'python'
[0.491s] Level 1:colcon.colcon_core.package_identification:_identify(isaacpjt/M0609/Collected_m0609_with_rg2/onrobot_rg2/urdf/onrobot_rg2) by extensions ['python_setup_py']
[0.491s] Level 1:colcon.colcon_core.package_identification:_identify(isaacpjt/M0609/Collected_m0609_with_rg2/onrobot_rg2/urdf/onrobot_rg2) by extension 'python_setup_py'
[0.492s] Level 1:colcon.colcon_core.package_identification:_identify(isaacpjt/M0609/Collected_m0609_with_rg2/onrobot_rg2/urdf/onrobot_rg2/configuration) by extensions ['ignore', 'ignore_ament_install']
[0.492s] Level 1:colcon.colcon_core.package_identification:_identify(isaacpjt/M0609/Collected_m0609_with_rg2/onrobot_rg2/urdf/onrobot_rg2/configuration) by extension 'ignore'
[0.492s] Level 1:colcon.colcon_core.package_identification:_identify(isaacpjt/M0609/Collected_m0609_with_rg2/onrobot_rg2/urdf/onrobot_rg2/configuration) by extension 'ignore_ament_install'
[0.492s] Level 1:colcon.colcon_core.package_identification:_identify(isaacpjt/M0609/Collected_m0609_with_rg2/onrobot_rg2/urdf/onrobot_rg2/configuration) by extensions ['colcon_pkg']
[0.492s] Level 1:colcon.colcon_core.package_identification:_identify(isaacpjt/M0609/Collected_m0609_with_rg2/onrobot_rg2/urdf/onrobot_rg2/configuration) by extension 'colcon_pkg'
[0.492s] Level 1:colcon.colcon_core.package_identification:_identify(isaacpjt/M0609/Collected_m0609_with_rg2/onrobot_rg2/urdf/onrobot_rg2/configuration) by extensions ['colcon_meta']
[0.492s] Level 1:colcon.colcon_core.package_identification:_identify(isaacpjt/M0609/Collected_m0609_with_rg2/onrobot_rg2/urdf/onrobot_rg2/configuration) by extension 'colcon_meta'
[0.492s] Level 1:colcon.colcon_core.package_identification:_identify(isaacpjt/M0609/Collected_m0609_with_rg2/onrobot_rg2/urdf/onrobot_rg2/configuration) by extensions ['ros']
[0.492s] Level 1:colcon.colcon_core.package_identification:_identify(isaacpjt/M0609/Collected_m0609_with_rg2/onrobot_rg2/urdf/onrobot_rg2/configuration) by extension 'ros'
[0.492s] Level 1:colcon.colcon_core.package_identification:_identify(isaacpjt/M0609/Collected_m0609_with_rg2/onrobot_rg2/urdf/onrobot_rg2/configuration) by extensions ['cmake', 'python']
[0.492s] Level 1:colcon.colcon_core.package_identification:_identify(isaacpjt/M0609/Collected_m0609_with_rg2/onrobot_rg2/urdf/onrobot_rg2/configuration) by extension 'cmake'
[0.492s] Level 1:colcon.colcon_core.package_identification:_identify(isaacpjt/M0609/Collected_m0609_with_rg2/onrobot_rg2/urdf/onrobot_rg2/configuration) by extension 'python'
[0.492s] Level 1:colcon.colcon_core.package_identification:_identify(isaacpjt/M0609/Collected_m0609_with_rg2/onrobot_rg2/urdf/onrobot_rg2/configuration) by extensions ['python_setup_py']
[0.492s] Level 1:colcon.colcon_core.package_identification:_identify(isaacpjt/M0609/Collected_m0609_with_rg2/onrobot_rg2/urdf/onrobot_rg2/configuration) by extension 'python_setup_py'
[0.493s] Level 1:colcon.colcon_core.package_identification:_identify(isaacpjt/M0609/descriptor) by extensions ['ignore', 'ignore_ament_install']
[0.493s] Level 1:colcon.colcon_core.package_identification:_identify(isaacpjt/M0609/descriptor) by extension 'ignore'
[0.493s] Level 1:colcon.colcon_core.package_identification:_identify(isaacpjt/M0609/descriptor) by extension 'ignore_ament_install'
[0.493s] Level 1:colcon.colcon_core.package_identification:_identify(isaacpjt/M0609/descriptor) by extensions ['colcon_pkg']
[0.493s] Level 1:colcon.colcon_core.package_identification:_identify(isaacpjt/M0609/descriptor) by extension 'colcon_pkg'
[0.493s] Level 1:colcon.colcon_core.package_identification:_identify(isaacpjt/M0609/descriptor) by extensions ['colcon_meta']
[0.493s] Level 1:colcon.colcon_core.package_identification:_identify(isaacpjt/M0609/descriptor) by extension 'colcon_meta'
[0.493s] Level 1:colcon.colcon_core.package_identification:_identify(isaacpjt/M0609/descriptor) by extensions ['ros']
[0.493s] Level 1:colcon.colcon_core.package_identification:_identify(isaacpjt/M0609/descriptor) by extension 'ros'
[0.493s] Level 1:colcon.colcon_core.package_identification:_identify(isaacpjt/M0609/descriptor) by extensions ['cmake', 'python']
[0.493s] Level 1:colcon.colcon_core.package_identification:_identify(isaacpjt/M0609/descriptor) by extension 'cmake'
[0.493s] Level 1:colcon.colcon_core.package_identification:_identify(isaacpjt/M0609/descriptor) by extension 'python'
[0.493s] Level 1:colcon.colcon_core.package_identification:_identify(isaacpjt/M0609/descriptor) by extensions ['python_setup_py']
[0.493s] Level 1:colcon.colcon_core.package_identification:_identify(isaacpjt/M0609/descriptor) by extension 'python_setup_py'
[0.493s] Level 1:colcon.colcon_core.package_identification:_identify(isaacpjt/M0609/doosan-robot2) by extensions ['ignore', 'ignore_ament_install']
[0.493s] Level 1:colcon.colcon_core.package_identification:_identify(isaacpjt/M0609/doosan-robot2) by extension 'ignore'
[0.494s] Level 1:colcon.colcon_core.package_identification:_identify(isaacpjt/M0609/doosan-robot2) by extension 'ignore_ament_install'
[0.494s] Level 1:colcon.colcon_core.package_identification:_identify(isaacpjt/M0609/doosan-robot2) by extensions ['colcon_pkg']
[0.494s] Level 1:colcon.colcon_core.package_identification:_identify(isaacpjt/M0609/doosan-robot2) by extension 'colcon_pkg'
[0.494s] Level 1:colcon.colcon_core.package_identification:_identify(isaacpjt/M0609/doosan-robot2) by extensions ['colcon_meta']
[0.494s] Level 1:colcon.colcon_core.package_identification:_identify(isaacpjt/M0609/doosan-robot2) by extension 'colcon_meta'
[0.494s] Level 1:colcon.colcon_core.package_identification:_identify(isaacpjt/M0609/doosan-robot2) by extensions ['ros']
[0.494s] Level 1:colcon.colcon_core.package_identification:_identify(isaacpjt/M0609/doosan-robot2) by extension 'ros'
[0.494s] Level 1:colcon.colcon_core.package_identification:_identify(isaacpjt/M0609/doosan-robot2) by extensions ['cmake', 'python']
[0.494s] Level 1:colcon.colcon_core.package_identification:_identify(isaacpjt/M0609/doosan-robot2) by extension 'cmake'
[0.494s] Level 1:colcon.colcon_core.package_identification:_identify(isaacpjt/M0609/doosan-robot2) by extension 'python'
[0.494s] Level 1:colcon.colcon_core.package_identification:_identify(isaacpjt/M0609/doosan-robot2) by extensions ['python_setup_py']
[0.494s] Level 1:colcon.colcon_core.package_identification:_identify(isaacpjt/M0609/doosan-robot2) by extension 'python_setup_py'
[0.494s] Level 1:colcon.colcon_core.package_identification:_identify(isaacpjt/M0609/doosan-robot2/urdf) by extensions ['ignore', 'ignore_ament_install']
[0.494s] Level 1:colcon.colcon_core.package_identification:_identify(isaacpjt/M0609/doosan-robot2/urdf) by extension 'ignore'
[0.494s] Level 1:colcon.colcon_core.package_identification:_identify(isaacpjt/M0609/doosan-robot2/urdf) by extension 'ignore_ament_install'
[0.495s] Level 1:colcon.colcon_core.package_identification:_identify(isaacpjt/M0609/doosan-robot2/urdf) by extensions ['colcon_pkg']
[0.495s] Level 1:colcon.colcon_core.package_identification:_identify(isaacpjt/M0609/doosan-robot2/urdf) by extension 'colcon_pkg'
[0.495s] Level 1:colcon.colcon_core.package_identification:_identify(isaacpjt/M0609/doosan-robot2/urdf) by extensions ['colcon_meta']
[0.495s] Level 1:colcon.colcon_core.package_identification:_identify(isaacpjt/M0609/doosan-robot2/urdf) by extension 'colcon_meta'
[0.495s] Level 1:colcon.colcon_core.package_identification:_identify(isaacpjt/M0609/doosan-robot2/urdf) by extensions ['ros']
[0.495s] Level 1:colcon.colcon_core.package_identification:_identify(isaacpjt/M0609/doosan-robot2/urdf) by extension 'ros'
[0.495s] Level 1:colcon.colcon_core.package_identification:_identify(isaacpjt/M0609/doosan-robot2/urdf) by extensions ['cmake', 'python']
[0.495s] Level 1:colcon.colcon_core.package_identification:_identify(isaacpjt/M0609/doosan-robot2/urdf) by extension 'cmake'
[0.495s] Level 1:colcon.colcon_core.package_identification:_identify(isaacpjt/M0609/doosan-robot2/urdf) by extension 'python'
[0.495s] Level 1:colcon.colcon_core.package_identification:_identify(isaacpjt/M0609/doosan-robot2/urdf) by extensions ['python_setup_py']
[0.495s] Level 1:colcon.colcon_core.package_identification:_identify(isaacpjt/M0609/doosan-robot2/urdf) by extension 'python_setup_py'
[0.496s] Level 1:colcon.colcon_core.package_identification:_identify(isaacpjt/M0609/doosan-robot2/urdf/m0609_isaac_sim) by extensions ['ignore', 'ignore_ament_install']
[0.496s] Level 1:colcon.colcon_core.package_identification:_identify(isaacpjt/M0609/doosan-robot2/urdf/m0609_isaac_sim) by extension 'ignore'
[0.496s] Level 1:colcon.colcon_core.package_identification:_identify(isaacpjt/M0609/doosan-robot2/urdf/m0609_isaac_sim) by extension 'ignore_ament_install'
[0.496s] Level 1:colcon.colcon_core.package_identification:_identify(isaacpjt/M0609/doosan-robot2/urdf/m0609_isaac_sim) by extensions ['colcon_pkg']
[0.496s] Level 1:colcon.colcon_core.package_identification:_identify(isaacpjt/M0609/doosan-robot2/urdf/m0609_isaac_sim) by extension 'colcon_pkg'
[0.496s] Level 1:colcon.colcon_core.package_identification:_identify(isaacpjt/M0609/doosan-robot2/urdf/m0609_isaac_sim) by extensions ['colcon_meta']
[0.496s] Level 1:colcon.colcon_core.package_identification:_identify(isaacpjt/M0609/doosan-robot2/urdf/m0609_isaac_sim) by extension 'colcon_meta'
[0.496s] Level 1:colcon.colcon_core.package_identification:_identify(isaacpjt/M0609/doosan-robot2/urdf/m0609_isaac_sim) by extensions ['ros']
[0.496s] Level 1:colcon.colcon_core.package_identification:_identify(isaacpjt/M0609/doosan-robot2/urdf/m0609_isaac_sim) by extension 'ros'
[0.497s] Level 1:colcon.colcon_core.package_identification:_identify(isaacpjt/M0609/doosan-robot2/urdf/m0609_isaac_sim) by extensions ['cmake', 'python']
[0.497s] Level 1:colcon.colcon_core.package_identification:_identify(isaacpjt/M0609/doosan-robot2/urdf/m0609_isaac_sim) by extension 'cmake'
[0.497s] Level 1:colcon.colcon_core.package_identification:_identify(isaacpjt/M0609/doosan-robot2/urdf/m0609_isaac_sim) by extension 'python'
[0.497s] Level 1:colcon.colcon_core.package_identification:_identify(isaacpjt/M0609/doosan-robot2/urdf/m0609_isaac_sim) by extensions ['python_setup_py']
[0.497s] Level 1:colcon.colcon_core.package_identification:_identify(isaacpjt/M0609/doosan-robot2/urdf/m0609_isaac_sim) by extension 'python_setup_py'
[0.497s] Level 1:colcon.colcon_core.package_identification:_identify(isaacpjt/M0609/doosan-robot2/urdf/m0609_isaac_sim/configuration) by extensions ['ignore', 'ignore_ament_install']
[0.497s] Level 1:colcon.colcon_core.package_identification:_identify(isaacpjt/M0609/doosan-robot2/urdf/m0609_isaac_sim/configuration) by extension 'ignore'
[0.497s] Level 1:colcon.colcon_core.package_identification:_identify(isaacpjt/M0609/doosan-robot2/urdf/m0609_isaac_sim/configuration) by extension 'ignore_ament_install'
[0.498s] Level 1:colcon.colcon_core.package_identification:_identify(isaacpjt/M0609/doosan-robot2/urdf/m0609_isaac_sim/configuration) by extensions ['colcon_pkg']
[0.498s] Level 1:colcon.colcon_core.package_identification:_identify(isaacpjt/M0609/doosan-robot2/urdf/m0609_isaac_sim/configuration) by extension 'colcon_pkg'
[0.498s] Level 1:colcon.colcon_core.package_identification:_identify(isaacpjt/M0609/doosan-robot2/urdf/m0609_isaac_sim/configuration) by extensions ['colcon_meta']
[0.498s] Level 1:colcon.colcon_core.package_identification:_identify(isaacpjt/M0609/doosan-robot2/urdf/m0609_isaac_sim/configuration) by extension 'colcon_meta'
[0.498s] Level 1:colcon.colcon_core.package_identification:_identify(isaacpjt/M0609/doosan-robot2/urdf/m0609_isaac_sim/configuration) by extensions ['ros']
[0.498s] Level 1:colcon.colcon_core.package_identification:_identify(isaacpjt/M0609/doosan-robot2/urdf/m0609_isaac_sim/configuration) by extension 'ros'
[0.498s] Level 1:colcon.colcon_core.package_identification:_identify(isaacpjt/M0609/doosan-robot2/urdf/m0609_isaac_sim/configuration) by extensions ['cmake', 'python']
[0.498s] Level 1:colcon.colcon_core.package_identification:_identify(isaacpjt/M0609/doosan-robot2/urdf/m0609_isaac_sim/configuration) by extension 'cmake'
[0.498s] Level 1:colcon.colcon_core.package_identification:_identify(isaacpjt/M0609/doosan-robot2/urdf/m0609_isaac_sim/configuration) by extension 'python'
[0.498s] Level 1:colcon.colcon_core.package_identification:_identify(isaacpjt/M0609/doosan-robot2/urdf/m0609_isaac_sim/configuration) by extensions ['python_setup_py']
[0.498s] Level 1:colcon.colcon_core.package_identification:_identify(isaacpjt/M0609/doosan-robot2/urdf/m0609_isaac_sim/configuration) by extension 'python_setup_py'
[0.499s] Level 1:colcon.colcon_core.package_identification:_identify(isaacpjt/M0609/doosan-robot2/urdf/meshes) by extensions ['ignore', 'ignore_ament_install']
[0.499s] Level 1:colcon.colcon_core.package_identification:_identify(isaacpjt/M0609/doosan-robot2/urdf/meshes) by extension 'ignore'
[0.499s] Level 1:colcon.colcon_core.package_identification:_identify(isaacpjt/M0609/doosan-robot2/urdf/meshes) by extension 'ignore_ament_install'
[0.499s] Level 1:colcon.colcon_core.package_identification:_identify(isaacpjt/M0609/doosan-robot2/urdf/meshes) by extensions ['colcon_pkg']
[0.499s] Level 1:colcon.colcon_core.package_identification:_identify(isaacpjt/M0609/doosan-robot2/urdf/meshes) by extension 'colcon_pkg'
[0.499s] Level 1:colcon.colcon_core.package_identification:_identify(isaacpjt/M0609/doosan-robot2/urdf/meshes) by extensions ['colcon_meta']
[0.499s] Level 1:colcon.colcon_core.package_identification:_identify(isaacpjt/M0609/doosan-robot2/urdf/meshes) by extension 'colcon_meta'
[0.499s] Level 1:colcon.colcon_core.package_identification:_identify(isaacpjt/M0609/doosan-robot2/urdf/meshes) by extensions ['ros']
[0.499s] Level 1:colcon.colcon_core.package_identification:_identify(isaacpjt/M0609/doosan-robot2/urdf/meshes) by extension 'ros'
[0.499s] Level 1:colcon.colcon_core.package_identification:_identify(isaacpjt/M0609/doosan-robot2/urdf/meshes) by extensions ['cmake', 'python']
[0.499s] Level 1:colcon.colcon_core.package_identification:_identify(isaacpjt/M0609/doosan-robot2/urdf/meshes) by extension 'cmake'
[0.500s] Level 1:colcon.colcon_core.package_identification:_identify(isaacpjt/M0609/doosan-robot2/urdf/meshes) by extension 'python'
[0.500s] Level 1:colcon.colcon_core.package_identification:_identify(isaacpjt/M0609/doosan-robot2/urdf/meshes) by extensions ['python_setup_py']
[0.500s] Level 1:colcon.colcon_core.package_identification:_identify(isaacpjt/M0609/doosan-robot2/urdf/meshes) by extension 'python_setup_py'
[0.500s] Level 1:colcon.colcon_core.package_identification:_identify(isaacpjt/M0609/doosan-robot2/urdf/meshes/gripper) by extensions ['ignore', 'ignore_ament_install']
[0.500s] Level 1:colcon.colcon_core.package_identification:_identify(isaacpjt/M0609/doosan-robot2/urdf/meshes/gripper) by extension 'ignore'
[0.500s] Level 1:colcon.colcon_core.package_identification:_identify(isaacpjt/M0609/doosan-robot2/urdf/meshes/gripper) by extension 'ignore_ament_install'
[0.500s] Level 1:colcon.colcon_core.package_identification:_identify(isaacpjt/M0609/doosan-robot2/urdf/meshes/gripper) by extensions ['colcon_pkg']
[0.500s] Level 1:colcon.colcon_core.package_identification:_identify(isaacpjt/M0609/doosan-robot2/urdf/meshes/gripper) by extension 'colcon_pkg'
[0.500s] Level 1:colcon.colcon_core.package_identification:_identify(isaacpjt/M0609/doosan-robot2/urdf/meshes/gripper) by extensions ['colcon_meta']
[0.500s] Level 1:colcon.colcon_core.package_identification:_identify(isaacpjt/M0609/doosan-robot2/urdf/meshes/gripper) by extension 'colcon_meta'
[0.500s] Level 1:colcon.colcon_core.package_identification:_identify(isaacpjt/M0609/doosan-robot2/urdf/meshes/gripper) by extensions ['ros']
[0.500s] Level 1:colcon.colcon_core.package_identification:_identify(isaacpjt/M0609/doosan-robot2/urdf/meshes/gripper) by extension 'ros'
[0.500s] Level 1:colcon.colcon_core.package_identification:_identify(isaacpjt/M0609/doosan-robot2/urdf/meshes/gripper) by extensions ['cmake', 'python']
[0.501s] Level 1:colcon.colcon_core.package_identification:_identify(isaacpjt/M0609/doosan-robot2/urdf/meshes/gripper) by extension 'cmake'
[0.501s] Level 1:colcon.colcon_core.package_identification:_identify(isaacpjt/M0609/doosan-robot2/urdf/meshes/gripper) by extension 'python'
[0.501s] Level 1:colcon.colcon_core.package_identification:_identify(isaacpjt/M0609/doosan-robot2/urdf/meshes/gripper) by extensions ['python_setup_py']
[0.501s] Level 1:colcon.colcon_core.package_identification:_identify(isaacpjt/M0609/doosan-robot2/urdf/meshes/gripper) by extension 'python_setup_py'
[0.501s] Level 1:colcon.colcon_core.package_identification:_identify(isaacpjt/M0609/doosan-robot2/urdf/meshes/gripper/robotiq) by extensions ['ignore', 'ignore_ament_install']
[0.501s] Level 1:colcon.colcon_core.package_identification:_identify(isaacpjt/M0609/doosan-robot2/urdf/meshes/gripper/robotiq) by extension 'ignore'
[0.501s] Level 1:colcon.colcon_core.package_identification:_identify(isaacpjt/M0609/doosan-robot2/urdf/meshes/gripper/robotiq) by extension 'ignore_ament_install'
[0.501s] Level 1:colcon.colcon_core.package_identification:_identify(isaacpjt/M0609/doosan-robot2/urdf/meshes/gripper/robotiq) by extensions ['colcon_pkg']
[0.501s] Level 1:colcon.colcon_core.package_identification:_identify(isaacpjt/M0609/doosan-robot2/urdf/meshes/gripper/robotiq) by extension 'colcon_pkg'
[0.501s] Level 1:colcon.colcon_core.package_identification:_identify(isaacpjt/M0609/doosan-robot2/urdf/meshes/gripper/robotiq) by extensions ['colcon_meta']
[0.502s] Level 1:colcon.colcon_core.package_identification:_identify(isaacpjt/M0609/doosan-robot2/urdf/meshes/gripper/robotiq) by extension 'colcon_meta'
[0.502s] Level 1:colcon.colcon_core.package_identification:_identify(isaacpjt/M0609/doosan-robot2/urdf/meshes/gripper/robotiq) by extensions ['ros']
[0.502s] Level 1:colcon.colcon_core.package_identification:_identify(isaacpjt/M0609/doosan-robot2/urdf/meshes/gripper/robotiq) by extension 'ros'
[0.502s] Level 1:colcon.colcon_core.package_identification:_identify(isaacpjt/M0609/doosan-robot2/urdf/meshes/gripper/robotiq) by extensions ['cmake', 'python']
[0.502s] Level 1:colcon.colcon_core.package_identification:_identify(isaacpjt/M0609/doosan-robot2/urdf/meshes/gripper/robotiq) by extension 'cmake'
[0.502s] Level 1:colcon.colcon_core.package_identification:_identify(isaacpjt/M0609/doosan-robot2/urdf/meshes/gripper/robotiq) by extension 'python'
[0.502s] Level 1:colcon.colcon_core.package_identification:_identify(isaacpjt/M0609/doosan-robot2/urdf/meshes/gripper/robotiq) by extensions ['python_setup_py']
[0.502s] Level 1:colcon.colcon_core.package_identification:_identify(isaacpjt/M0609/doosan-robot2/urdf/meshes/gripper/robotiq) by extension 'python_setup_py'
[0.502s] Level 1:colcon.colcon_core.package_identification:_identify(isaacpjt/M0609/doosan-robot2/urdf/meshes/gripper/robotiq/85_2f) by extensions ['ignore', 'ignore_ament_install']
[0.503s] Level 1:colcon.colcon_core.package_identification:_identify(isaacpjt/M0609/doosan-robot2/urdf/meshes/gripper/robotiq/85_2f) by extension 'ignore'
[0.503s] Level 1:colcon.colcon_core.package_identification:_identify(isaacpjt/M0609/doosan-robot2/urdf/meshes/gripper/robotiq/85_2f) by extension 'ignore_ament_install'
[0.503s] Level 1:colcon.colcon_core.package_identification:_identify(isaacpjt/M0609/doosan-robot2/urdf/meshes/gripper/robotiq/85_2f) by extensions ['colcon_pkg']
[0.503s] Level 1:colcon.colcon_core.package_identification:_identify(isaacpjt/M0609/doosan-robot2/urdf/meshes/gripper/robotiq/85_2f) by extension 'colcon_pkg'
[0.503s] Level 1:colcon.colcon_core.package_identification:_identify(isaacpjt/M0609/doosan-robot2/urdf/meshes/gripper/robotiq/85_2f) by extensions ['colcon_meta']
[0.503s] Level 1:colcon.colcon_core.package_identification:_identify(isaacpjt/M0609/doosan-robot2/urdf/meshes/gripper/robotiq/85_2f) by extension 'colcon_meta'
[0.503s] Level 1:colcon.colcon_core.package_identification:_identify(isaacpjt/M0609/doosan-robot2/urdf/meshes/gripper/robotiq/85_2f) by extensions ['ros']
[0.503s] Level 1:colcon.colcon_core.package_identification:_identify(isaacpjt/M0609/doosan-robot2/urdf/meshes/gripper/robotiq/85_2f) by extension 'ros'
[0.503s] Level 1:colcon.colcon_core.package_identification:_identify(isaacpjt/M0609/doosan-robot2/urdf/meshes/gripper/robotiq/85_2f) by extensions ['cmake', 'python']
[0.503s] Level 1:colcon.colcon_core.package_identification:_identify(isaacpjt/M0609/doosan-robot2/urdf/meshes/gripper/robotiq/85_2f) by extension 'cmake'
[0.503s] Level 1:colcon.colcon_core.package_identification:_identify(isaacpjt/M0609/doosan-robot2/urdf/meshes/gripper/robotiq/85_2f) by extension 'python'
[0.503s] Level 1:colcon.colcon_core.package_identification:_identify(isaacpjt/M0609/doosan-robot2/urdf/meshes/gripper/robotiq/85_2f) by extensions ['python_setup_py']
[0.503s] Level 1:colcon.colcon_core.package_identification:_identify(isaacpjt/M0609/doosan-robot2/urdf/meshes/gripper/robotiq/85_2f) by extension 'python_setup_py'
[0.504s] Level 1:colcon.colcon_core.package_identification:_identify(isaacpjt/M0609/doosan-robot2/urdf/meshes/gripper/robotiq/85_2f/collision) by extensions ['ignore', 'ignore_ament_install']
[0.504s] Level 1:colcon.colcon_core.package_identification:_identify(isaacpjt/M0609/doosan-robot2/urdf/meshes/gripper/robotiq/85_2f/collision) by extension 'ignore'
[0.504s] Level 1:colcon.colcon_core.package_identification:_identify(isaacpjt/M0609/doosan-robot2/urdf/meshes/gripper/robotiq/85_2f/collision) by extension 'ignore_ament_install'
[0.504s] Level 1:colcon.colcon_core.package_identification:_identify(isaacpjt/M0609/doosan-robot2/urdf/meshes/gripper/robotiq/85_2f/collision) by extensions ['colcon_pkg']
[0.504s] Level 1:colcon.colcon_core.package_identification:_identify(isaacpjt/M0609/doosan-robot2/urdf/meshes/gripper/robotiq/85_2f/collision) by extension 'colcon_pkg'
[0.504s] Level 1:colcon.colcon_core.package_identification:_identify(isaacpjt/M0609/doosan-robot2/urdf/meshes/gripper/robotiq/85_2f/collision) by extensions ['colcon_meta']
[0.504s] Level 1:colcon.colcon_core.package_identification:_identify(isaacpjt/M0609/doosan-robot2/urdf/meshes/gripper/robotiq/85_2f/collision) by extension 'colcon_meta'
[0.504s] Level 1:colcon.colcon_core.package_identification:_identify(isaacpjt/M0609/doosan-robot2/urdf/meshes/gripper/robotiq/85_2f/collision) by extensions ['ros']
[0.504s] Level 1:colcon.colcon_core.package_identification:_identify(isaacpjt/M0609/doosan-robot2/urdf/meshes/gripper/robotiq/85_2f/collision) by extension 'ros'
[0.504s] Level 1:colcon.colcon_core.package_identification:_identify(isaacpjt/M0609/doosan-robot2/urdf/meshes/gripper/robotiq/85_2f/collision) by extensions ['cmake', 'python']
[0.504s] Level 1:colcon.colcon_core.package_identification:_identify(isaacpjt/M0609/doosan-robot2/urdf/meshes/gripper/robotiq/85_2f/collision) by extension 'cmake'
[0.504s] Level 1:colcon.colcon_core.package_identification:_identify(isaacpjt/M0609/doosan-robot2/urdf/meshes/gripper/robotiq/85_2f/collision) by extension 'python'
[0.505s] Level 1:colcon.colcon_core.package_identification:_identify(isaacpjt/M0609/doosan-robot2/urdf/meshes/gripper/robotiq/85_2f/collision) by extensions ['python_setup_py']
[0.505s] Level 1:colcon.colcon_core.package_identification:_identify(isaacpjt/M0609/doosan-robot2/urdf/meshes/gripper/robotiq/85_2f/collision) by extension 'python_setup_py'
[0.505s] Level 1:colcon.colcon_core.package_identification:_identify(isaacpjt/M0609/doosan-robot2/urdf/meshes/gripper/robotiq/85_2f/visual) by extensions ['ignore', 'ignore_ament_install']
[0.505s] Level 1:colcon.colcon_core.package_identification:_identify(isaacpjt/M0609/doosan-robot2/urdf/meshes/gripper/robotiq/85_2f/visual) by extension 'ignore'
[0.505s] Level 1:colcon.colcon_core.package_identification:_identify(isaacpjt/M0609/doosan-robot2/urdf/meshes/gripper/robotiq/85_2f/visual) by extension 'ignore_ament_install'
[0.505s] Level 1:colcon.colcon_core.package_identification:_identify(isaacpjt/M0609/doosan-robot2/urdf/meshes/gripper/robotiq/85_2f/visual) by extensions ['colcon_pkg']
[0.505s] Level 1:colcon.colcon_core.package_identification:_identify(isaacpjt/M0609/doosan-robot2/urdf/meshes/gripper/robotiq/85_2f/visual) by extension 'colcon_pkg'
[0.505s] Level 1:colcon.colcon_core.package_identification:_identify(isaacpjt/M0609/doosan-robot2/urdf/meshes/gripper/robotiq/85_2f/visual) by extensions ['colcon_meta']
[0.505s] Level 1:colcon.colcon_core.package_identification:_identify(isaacpjt/M0609/doosan-robot2/urdf/meshes/gripper/robotiq/85_2f/visual) by extension 'colcon_meta'
[0.505s] Level 1:colcon.colcon_core.package_identification:_identify(isaacpjt/M0609/doosan-robot2/urdf/meshes/gripper/robotiq/85_2f/visual) by extensions ['ros']
[0.505s] Level 1:colcon.colcon_core.package_identification:_identify(isaacpjt/M0609/doosan-robot2/urdf/meshes/gripper/robotiq/85_2f/visual) by extension 'ros'
[0.506s] Level 1:colcon.colcon_core.package_identification:_identify(isaacpjt/M0609/doosan-robot2/urdf/meshes/gripper/robotiq/85_2f/visual) by extensions ['cmake', 'python']
[0.506s] Level 1:colcon.colcon_core.package_identification:_identify(isaacpjt/M0609/doosan-robot2/urdf/meshes/gripper/robotiq/85_2f/visual) by extension 'cmake'
[0.506s] Level 1:colcon.colcon_core.package_identification:_identify(isaacpjt/M0609/doosan-robot2/urdf/meshes/gripper/robotiq/85_2f/visual) by extension 'python'
[0.506s] Level 1:colcon.colcon_core.package_identification:_identify(isaacpjt/M0609/doosan-robot2/urdf/meshes/gripper/robotiq/85_2f/visual) by extensions ['python_setup_py']
[0.506s] Level 1:colcon.colcon_core.package_identification:_identify(isaacpjt/M0609/doosan-robot2/urdf/meshes/gripper/robotiq/85_2f/visual) by extension 'python_setup_py'
[0.506s] Level 1:colcon.colcon_core.package_identification:_identify(isaacpjt/M0609/doosan-robot2/urdf/meshes/m0609_blue) by extensions ['ignore', 'ignore_ament_install']
[0.506s] Level 1:colcon.colcon_core.package_identification:_identify(isaacpjt/M0609/doosan-robot2/urdf/meshes/m0609_blue) by extension 'ignore'
[0.506s] Level 1:colcon.colcon_core.package_identification:_identify(isaacpjt/M0609/doosan-robot2/urdf/meshes/m0609_blue) by extension 'ignore_ament_install'
[0.506s] Level 1:colcon.colcon_core.package_identification:_identify(isaacpjt/M0609/doosan-robot2/urdf/meshes/m0609_blue) by extensions ['colcon_pkg']
[0.506s] Level 1:colcon.colcon_core.package_identification:_identify(isaacpjt/M0609/doosan-robot2/urdf/meshes/m0609_blue) by extension 'colcon_pkg'
[0.506s] Level 1:colcon.colcon_core.package_identification:_identify(isaacpjt/M0609/doosan-robot2/urdf/meshes/m0609_blue) by extensions ['colcon_meta']
[0.506s] Level 1:colcon.colcon_core.package_identification:_identify(isaacpjt/M0609/doosan-robot2/urdf/meshes/m0609_blue) by extension 'colcon_meta'
[0.506s] Level 1:colcon.colcon_core.package_identification:_identify(isaacpjt/M0609/doosan-robot2/urdf/meshes/m0609_blue) by extensions ['ros']
[0.506s] Level 1:colcon.colcon_core.package_identification:_identify(isaacpjt/M0609/doosan-robot2/urdf/meshes/m0609_blue) by extension 'ros'
[0.507s] Level 1:colcon.colcon_core.package_identification:_identify(isaacpjt/M0609/doosan-robot2/urdf/meshes/m0609_blue) by extensions ['cmake', 'python']
[0.507s] Level 1:colcon.colcon_core.package_identification:_identify(isaacpjt/M0609/doosan-robot2/urdf/meshes/m0609_blue) by extension 'cmake'
[0.507s] Level 1:colcon.colcon_core.package_identification:_identify(isaacpjt/M0609/doosan-robot2/urdf/meshes/m0609_blue) by extension 'python'
[0.507s] Level 1:colcon.colcon_core.package_identification:_identify(isaacpjt/M0609/doosan-robot2/urdf/meshes/m0609_blue) by extensions ['python_setup_py']
[0.507s] Level 1:colcon.colcon_core.package_identification:_identify(isaacpjt/M0609/doosan-robot2/urdf/meshes/m0609_blue) by extension 'python_setup_py'
[0.507s] Level 1:colcon.colcon_core.package_identification:_identify(isaacpjt/M0609/doosan-robot2/urdf/meshes/m0609_collision) by extensions ['ignore', 'ignore_ament_install']
[0.507s] Level 1:colcon.colcon_core.package_identification:_identify(isaacpjt/M0609/doosan-robot2/urdf/meshes/m0609_collision) by extension 'ignore'
[0.507s] Level 1:colcon.colcon_core.package_identification:_identify(isaacpjt/M0609/doosan-robot2/urdf/meshes/m0609_collision) by extension 'ignore_ament_install'
[0.507s] Level 1:colcon.colcon_core.package_identification:_identify(isaacpjt/M0609/doosan-robot2/urdf/meshes/m0609_collision) by extensions ['colcon_pkg']
[0.507s] Level 1:colcon.colcon_core.package_identification:_identify(isaacpjt/M0609/doosan-robot2/urdf/meshes/m0609_collision) by extension 'colcon_pkg'
[0.507s] Level 1:colcon.colcon_core.package_identification:_identify(isaacpjt/M0609/doosan-robot2/urdf/meshes/m0609_collision) by extensions ['colcon_meta']
[0.507s] Level 1:colcon.colcon_core.package_identification:_identify(isaacpjt/M0609/doosan-robot2/urdf/meshes/m0609_collision) by extension 'colcon_meta'
[0.507s] Level 1:colcon.colcon_core.package_identification:_identify(isaacpjt/M0609/doosan-robot2/urdf/meshes/m0609_collision) by extensions ['ros']
[0.508s] Level 1:colcon.colcon_core.package_identification:_identify(isaacpjt/M0609/doosan-robot2/urdf/meshes/m0609_collision) by extension 'ros'
[0.508s] Level 1:colcon.colcon_core.package_identification:_identify(isaacpjt/M0609/doosan-robot2/urdf/meshes/m0609_collision) by extensions ['cmake', 'python']
[0.508s] Level 1:colcon.colcon_core.package_identification:_identify(isaacpjt/M0609/doosan-robot2/urdf/meshes/m0609_collision) by extension 'cmake'
[0.508s] Level 1:colcon.colcon_core.package_identification:_identify(isaacpjt/M0609/doosan-robot2/urdf/meshes/m0609_collision) by extension 'python'
[0.508s] Level 1:colcon.colcon_core.package_identification:_identify(isaacpjt/M0609/doosan-robot2/urdf/meshes/m0609_collision) by extensions ['python_setup_py']
[0.508s] Level 1:colcon.colcon_core.package_identification:_identify(isaacpjt/M0609/doosan-robot2/urdf/meshes/m0609_collision) by extension 'python_setup_py'
[0.508s] Level 1:colcon.colcon_core.package_identification:_identify(isaacpjt/M0609/doosan-robot2/urdf/meshes/m0609_white) by extensions ['ignore', 'ignore_ament_install']
[0.508s] Level 1:colcon.colcon_core.package_identification:_identify(isaacpjt/M0609/doosan-robot2/urdf/meshes/m0609_white) by extension 'ignore'
[0.508s] Level 1:colcon.colcon_core.package_identification:_identify(isaacpjt/M0609/doosan-robot2/urdf/meshes/m0609_white) by extension 'ignore_ament_install'
[0.508s] Level 1:colcon.colcon_core.package_identification:_identify(isaacpjt/M0609/doosan-robot2/urdf/meshes/m0609_white) by extensions ['colcon_pkg']
[0.508s] Level 1:colcon.colcon_core.package_identification:_identify(isaacpjt/M0609/doosan-robot2/urdf/meshes/m0609_white) by extension 'colcon_pkg'
[0.508s] Level 1:colcon.colcon_core.package_identification:_identify(isaacpjt/M0609/doosan-robot2/urdf/meshes/m0609_white) by extensions ['colcon_meta']
[0.508s] Level 1:colcon.colcon_core.package_identification:_identify(isaacpjt/M0609/doosan-robot2/urdf/meshes/m0609_white) by extension 'colcon_meta'
[0.509s] Level 1:colcon.colcon_core.package_identification:_identify(isaacpjt/M0609/doosan-robot2/urdf/meshes/m0609_white) by extensions ['ros']
[0.509s] Level 1:colcon.colcon_core.package_identification:_identify(isaacpjt/M0609/doosan-robot2/urdf/meshes/m0609_white) by extension 'ros'
[0.509s] Level 1:colcon.colcon_core.package_identification:_identify(isaacpjt/M0609/doosan-robot2/urdf/meshes/m0609_white) by extensions ['cmake', 'python']
[0.509s] Level 1:colcon.colcon_core.package_identification:_identify(isaacpjt/M0609/doosan-robot2/urdf/meshes/m0609_white) by extension 'cmake'
[0.509s] Level 1:colcon.colcon_core.package_identification:_identify(isaacpjt/M0609/doosan-robot2/urdf/meshes/m0609_white) by extension 'python'
[0.509s] Level 1:colcon.colcon_core.package_identification:_identify(isaacpjt/M0609/doosan-robot2/urdf/meshes/m0609_white) by extensions ['python_setup_py']
[0.509s] Level 1:colcon.colcon_core.package_identification:_identify(isaacpjt/M0609/doosan-robot2/urdf/meshes/m0609_white) by extension 'python_setup_py'
[0.509s] Level 1:colcon.colcon_core.package_identification:_identify(isaacpjt/M0609/doosan-robot2/usd) by extensions ['ignore', 'ignore_ament_install']
[0.509s] Level 1:colcon.colcon_core.package_identification:_identify(isaacpjt/M0609/doosan-robot2/usd) by extension 'ignore'
[0.509s] Level 1:colcon.colcon_core.package_identification:_identify(isaacpjt/M0609/doosan-robot2/usd) by extension 'ignore_ament_install'
[0.509s] Level 1:colcon.colcon_core.package_identification:_identify(isaacpjt/M0609/doosan-robot2/usd) by extensions ['colcon_pkg']
[0.509s] Level 1:colcon.colcon_core.package_identification:_identify(isaacpjt/M0609/doosan-robot2/usd) by extension 'colcon_pkg'
[0.509s] Level 1:colcon.colcon_core.package_identification:_identify(isaacpjt/M0609/doosan-robot2/usd) by extensions ['colcon_meta']
[0.509s] Level 1:colcon.colcon_core.package_identification:_identify(isaacpjt/M0609/doosan-robot2/usd) by extension 'colcon_meta'
[0.509s] Level 1:colcon.colcon_core.package_identification:_identify(isaacpjt/M0609/doosan-robot2/usd) by extensions ['ros']
[0.509s] Level 1:colcon.colcon_core.package_identification:_identify(isaacpjt/M0609/doosan-robot2/usd) by extension 'ros'
[0.510s] Level 1:colcon.colcon_core.package_identification:_identify(isaacpjt/M0609/doosan-robot2/usd) by extensions ['cmake', 'python']
[0.510s] Level 1:colcon.colcon_core.package_identification:_identify(isaacpjt/M0609/doosan-robot2/usd) by extension 'cmake'
[0.510s] Level 1:colcon.colcon_core.package_identification:_identify(isaacpjt/M0609/doosan-robot2/usd) by extension 'python'
[0.510s] Level 1:colcon.colcon_core.package_identification:_identify(isaacpjt/M0609/doosan-robot2/usd) by extensions ['python_setup_py']
[0.510s] Level 1:colcon.colcon_core.package_identification:_identify(isaacpjt/M0609/doosan-robot2/usd) by extension 'python_setup_py'
[0.510s] Level 1:colcon.colcon_core.package_identification:_identify(isaacpjt/M0609/lula_ik) by extensions ['ignore', 'ignore_ament_install']
[0.510s] Level 1:colcon.colcon_core.package_identification:_identify(isaacpjt/M0609/lula_ik) by extension 'ignore'
[0.510s] Level 1:colcon.colcon_core.package_identification:_identify(isaacpjt/M0609/lula_ik) by extension 'ignore_ament_install'
[0.510s] Level 1:colcon.colcon_core.package_identification:_identify(isaacpjt/M0609/lula_ik) by extensions ['colcon_pkg']
[0.510s] Level 1:colcon.colcon_core.package_identification:_identify(isaacpjt/M0609/lula_ik) by extension 'colcon_pkg'
[0.511s] Level 1:colcon.colcon_core.package_identification:_identify(isaacpjt/M0609/lula_ik) by extensions ['colcon_meta']
[0.511s] Level 1:colcon.colcon_core.package_identification:_identify(isaacpjt/M0609/lula_ik) by extension 'colcon_meta'
[0.511s] Level 1:colcon.colcon_core.package_identification:_identify(isaacpjt/M0609/lula_ik) by extensions ['ros']
[0.511s] Level 1:colcon.colcon_core.package_identification:_identify(isaacpjt/M0609/lula_ik) by extension 'ros'
[0.511s] Level 1:colcon.colcon_core.package_identification:_identify(isaacpjt/M0609/lula_ik) by extensions ['cmake', 'python']
[0.511s] Level 1:colcon.colcon_core.package_identification:_identify(isaacpjt/M0609/lula_ik) by extension 'cmake'
[0.511s] Level 1:colcon.colcon_core.package_identification:_identify(isaacpjt/M0609/lula_ik) by extension 'python'
[0.511s] Level 1:colcon.colcon_core.package_identification:_identify(isaacpjt/M0609/lula_ik) by extensions ['python_setup_py']
[0.512s] Level 1:colcon.colcon_core.package_identification:_identify(isaacpjt/M0609/lula_ik) by extension 'python_setup_py'
[0.512s] Level 1:colcon.colcon_core.package_identification:_identify(isaacpjt/M0609/onrobot_rg2) by extensions ['ignore', 'ignore_ament_install']
[0.512s] Level 1:colcon.colcon_core.package_identification:_identify(isaacpjt/M0609/onrobot_rg2) by extension 'ignore'
[0.512s] Level 1:colcon.colcon_core.package_identification:_identify(isaacpjt/M0609/onrobot_rg2) by extension 'ignore_ament_install'
[0.512s] Level 1:colcon.colcon_core.package_identification:_identify(isaacpjt/M0609/onrobot_rg2) by extensions ['colcon_pkg']
[0.512s] Level 1:colcon.colcon_core.package_identification:_identify(isaacpjt/M0609/onrobot_rg2) by extension 'colcon_pkg'
[0.512s] Level 1:colcon.colcon_core.package_identification:_identify(isaacpjt/M0609/onrobot_rg2) by extensions ['colcon_meta']
[0.513s] Level 1:colcon.colcon_core.package_identification:_identify(isaacpjt/M0609/onrobot_rg2) by extension 'colcon_meta'
[0.513s] Level 1:colcon.colcon_core.package_identification:_identify(isaacpjt/M0609/onrobot_rg2) by extensions ['ros']
[0.513s] Level 1:colcon.colcon_core.package_identification:_identify(isaacpjt/M0609/onrobot_rg2) by extension 'ros'
[0.513s] Level 1:colcon.colcon_core.package_identification:_identify(isaacpjt/M0609/onrobot_rg2) by extensions ['cmake', 'python']
[0.513s] Level 1:colcon.colcon_core.package_identification:_identify(isaacpjt/M0609/onrobot_rg2) by extension 'cmake'
[0.513s] Level 1:colcon.colcon_core.package_identification:_identify(isaacpjt/M0609/onrobot_rg2) by extension 'python'
[0.513s] Level 1:colcon.colcon_core.package_identification:_identify(isaacpjt/M0609/onrobot_rg2) by extensions ['python_setup_py']
[0.513s] Level 1:colcon.colcon_core.package_identification:_identify(isaacpjt/M0609/onrobot_rg2) by extension 'python_setup_py'
[0.514s] Level 1:colcon.colcon_core.package_identification:_identify(isaacpjt/M0609/onrobot_rg2/meshes) by extensions ['ignore', 'ignore_ament_install']
[0.514s] Level 1:colcon.colcon_core.package_identification:_identify(isaacpjt/M0609/onrobot_rg2/meshes) by extension 'ignore'
[0.514s] Level 1:colcon.colcon_core.package_identification:_identify(isaacpjt/M0609/onrobot_rg2/meshes) by extension 'ignore_ament_install'
[0.514s] Level 1:colcon.colcon_core.package_identification:_identify(isaacpjt/M0609/onrobot_rg2/meshes) by extensions ['colcon_pkg']
[0.514s] Level 1:colcon.colcon_core.package_identification:_identify(isaacpjt/M0609/onrobot_rg2/meshes) by extension 'colcon_pkg'
[0.514s] Level 1:colcon.colcon_core.package_identification:_identify(isaacpjt/M0609/onrobot_rg2/meshes) by extensions ['colcon_meta']
[0.514s] Level 1:colcon.colcon_core.package_identification:_identify(isaacpjt/M0609/onrobot_rg2/meshes) by extension 'colcon_meta'
[0.514s] Level 1:colcon.colcon_core.package_identification:_identify(isaacpjt/M0609/onrobot_rg2/meshes) by extensions ['ros']
[0.514s] Level 1:colcon.colcon_core.package_identification:_identify(isaacpjt/M0609/onrobot_rg2/meshes) by extension 'ros'
[0.514s] Level 1:colcon.colcon_core.package_identification:_identify(isaacpjt/M0609/onrobot_rg2/meshes) by extensions ['cmake', 'python']
[0.515s] Level 1:colcon.colcon_core.package_identification:_identify(isaacpjt/M0609/onrobot_rg2/meshes) by extension 'cmake'
[0.515s] Level 1:colcon.colcon_core.package_identification:_identify(isaacpjt/M0609/onrobot_rg2/meshes) by extension 'python'
[0.515s] Level 1:colcon.colcon_core.package_identification:_identify(isaacpjt/M0609/onrobot_rg2/meshes) by extensions ['python_setup_py']
[0.515s] Level 1:colcon.colcon_core.package_identification:_identify(isaacpjt/M0609/onrobot_rg2/meshes) by extension 'python_setup_py'
[0.515s] Level 1:colcon.colcon_core.package_identification:_identify(isaacpjt/M0609/onrobot_rg2/meshes/collision) by extensions ['ignore', 'ignore_ament_install']
[0.515s] Level 1:colcon.colcon_core.package_identification:_identify(isaacpjt/M0609/onrobot_rg2/meshes/collision) by extension 'ignore'
[0.515s] Level 1:colcon.colcon_core.package_identification:_identify(isaacpjt/M0609/onrobot_rg2/meshes/collision) by extension 'ignore_ament_install'
[0.515s] Level 1:colcon.colcon_core.package_identification:_identify(isaacpjt/M0609/onrobot_rg2/meshes/collision) by extensions ['colcon_pkg']
[0.516s] Level 1:colcon.colcon_core.package_identification:_identify(isaacpjt/M0609/onrobot_rg2/meshes/collision) by extension 'colcon_pkg'
[0.516s] Level 1:colcon.colcon_core.package_identification:_identify(isaacpjt/M0609/onrobot_rg2/meshes/collision) by extensions ['colcon_meta']
[0.516s] Level 1:colcon.colcon_core.package_identification:_identify(isaacpjt/M0609/onrobot_rg2/meshes/collision) by extension 'colcon_meta'
[0.516s] Level 1:colcon.colcon_core.package_identification:_identify(isaacpjt/M0609/onrobot_rg2/meshes/collision) by extensions ['ros']
[0.516s] Level 1:colcon.colcon_core.package_identification:_identify(isaacpjt/M0609/onrobot_rg2/meshes/collision) by extension 'ros'
[0.516s] Level 1:colcon.colcon_core.package_identification:_identify(isaacpjt/M0609/onrobot_rg2/meshes/collision) by extensions ['cmake', 'python']
[0.516s] Level 1:colcon.colcon_core.package_identification:_identify(isaacpjt/M0609/onrobot_rg2/meshes/collision) by extension 'cmake'
[0.516s] Level 1:colcon.colcon_core.package_identification:_identify(isaacpjt/M0609/onrobot_rg2/meshes/collision) by extension 'python'
[0.516s] Level 1:colcon.colcon_core.package_identification:_identify(isaacpjt/M0609/onrobot_rg2/meshes/collision) by extensions ['python_setup_py']
[0.516s] Level 1:colcon.colcon_core.package_identification:_identify(isaacpjt/M0609/onrobot_rg2/meshes/collision) by extension 'python_setup_py'
[0.517s] Level 1:colcon.colcon_core.package_identification:_identify(isaacpjt/M0609/onrobot_rg2/meshes/visual) by extensions ['ignore', 'ignore_ament_install']
[0.517s] Level 1:colcon.colcon_core.package_identification:_identify(isaacpjt/M0609/onrobot_rg2/meshes/visual) by extension 'ignore'
[0.517s] Level 1:colcon.colcon_core.package_identification:_identify(isaacpjt/M0609/onrobot_rg2/meshes/visual) by extension 'ignore_ament_install'
[0.517s] Level 1:colcon.colcon_core.package_identification:_identify(isaacpjt/M0609/onrobot_rg2/meshes/visual) by extensions ['colcon_pkg']
[0.517s] Level 1:colcon.colcon_core.package_identification:_identify(isaacpjt/M0609/onrobot_rg2/meshes/visual) by extension 'colcon_pkg'
[0.517s] Level 1:colcon.colcon_core.package_identification:_identify(isaacpjt/M0609/onrobot_rg2/meshes/visual) by extensions ['colcon_meta']
[0.517s] Level 1:colcon.colcon_core.package_identification:_identify(isaacpjt/M0609/onrobot_rg2/meshes/visual) by extension 'colcon_meta'
[0.517s] Level 1:colcon.colcon_core.package_identification:_identify(isaacpjt/M0609/onrobot_rg2/meshes/visual) by extensions ['ros']
[0.517s] Level 1:colcon.colcon_core.package_identification:_identify(isaacpjt/M0609/onrobot_rg2/meshes/visual) by extension 'ros'
[0.517s] Level 1:colcon.colcon_core.package_identification:_identify(isaacpjt/M0609/onrobot_rg2/meshes/visual) by extensions ['cmake', 'python']
[0.517s] Level 1:colcon.colcon_core.package_identification:_identify(isaacpjt/M0609/onrobot_rg2/meshes/visual) by extension 'cmake'
[0.517s] Level 1:colcon.colcon_core.package_identification:_identify(isaacpjt/M0609/onrobot_rg2/meshes/visual) by extension 'python'
[0.517s] Level 1:colcon.colcon_core.package_identification:_identify(isaacpjt/M0609/onrobot_rg2/meshes/visual) by extensions ['python_setup_py']
[0.517s] Level 1:colcon.colcon_core.package_identification:_identify(isaacpjt/M0609/onrobot_rg2/meshes/visual) by extension 'python_setup_py'
[0.518s] Level 1:colcon.colcon_core.package_identification:_identify(isaacpjt/M0609/onrobot_rg2/urdf) by extensions ['ignore', 'ignore_ament_install']
[0.518s] Level 1:colcon.colcon_core.package_identification:_identify(isaacpjt/M0609/onrobot_rg2/urdf) by extension 'ignore'
[0.518s] Level 1:colcon.colcon_core.package_identification:_identify(isaacpjt/M0609/onrobot_rg2/urdf) by extension 'ignore_ament_install'
[0.518s] Level 1:colcon.colcon_core.package_identification:_identify(isaacpjt/M0609/onrobot_rg2/urdf) by extensions ['colcon_pkg']
[0.518s] Level 1:colcon.colcon_core.package_identification:_identify(isaacpjt/M0609/onrobot_rg2/urdf) by extension 'colcon_pkg'
[0.518s] Level 1:colcon.colcon_core.package_identification:_identify(isaacpjt/M0609/onrobot_rg2/urdf) by extensions ['colcon_meta']
[0.518s] Level 1:colcon.colcon_core.package_identification:_identify(isaacpjt/M0609/onrobot_rg2/urdf) by extension 'colcon_meta'
[0.518s] Level 1:colcon.colcon_core.package_identification:_identify(isaacpjt/M0609/onrobot_rg2/urdf) by extensions ['ros']
[0.518s] Level 1:colcon.colcon_core.package_identification:_identify(isaacpjt/M0609/onrobot_rg2/urdf) by extension 'ros'
[0.519s] Level 1:colcon.colcon_core.package_identification:_identify(isaacpjt/M0609/onrobot_rg2/urdf) by extensions ['cmake', 'python']
[0.519s] Level 1:colcon.colcon_core.package_identification:_identify(isaacpjt/M0609/onrobot_rg2/urdf) by extension 'cmake'
[0.519s] Level 1:colcon.colcon_core.package_identification:_identify(isaacpjt/M0609/onrobot_rg2/urdf) by extension 'python'
[0.519s] Level 1:colcon.colcon_core.package_identification:_identify(isaacpjt/M0609/onrobot_rg2/urdf) by extensions ['python_setup_py']
[0.519s] Level 1:colcon.colcon_core.package_identification:_identify(isaacpjt/M0609/onrobot_rg2/urdf) by extension 'python_setup_py'
[0.519s] Level 1:colcon.colcon_core.package_identification:_identify(isaacpjt/M0609/onrobot_rg2/urdf/onrobot_rg2) by extensions ['ignore', 'ignore_ament_install']
[0.519s] Level 1:colcon.colcon_core.package_identification:_identify(isaacpjt/M0609/onrobot_rg2/urdf/onrobot_rg2) by extension 'ignore'
[0.519s] Level 1:colcon.colcon_core.package_identification:_identify(isaacpjt/M0609/onrobot_rg2/urdf/onrobot_rg2) by extension 'ignore_ament_install'
[0.519s] Level 1:colcon.colcon_core.package_identification:_identify(isaacpjt/M0609/onrobot_rg2/urdf/onrobot_rg2) by extensions ['colcon_pkg']
[0.519s] Level 1:colcon.colcon_core.package_identification:_identify(isaacpjt/M0609/onrobot_rg2/urdf/onrobot_rg2) by extension 'colcon_pkg'
[0.519s] Level 1:colcon.colcon_core.package_identification:_identify(isaacpjt/M0609/onrobot_rg2/urdf/onrobot_rg2) by extensions ['colcon_meta']
[0.519s] Level 1:colcon.colcon_core.package_identification:_identify(isaacpjt/M0609/onrobot_rg2/urdf/onrobot_rg2) by extension 'colcon_meta'
[0.520s] Level 1:colcon.colcon_core.package_identification:_identify(isaacpjt/M0609/onrobot_rg2/urdf/onrobot_rg2) by extensions ['ros']
[0.520s] Level 1:colcon.colcon_core.package_identification:_identify(isaacpjt/M0609/onrobot_rg2/urdf/onrobot_rg2) by extension 'ros'
[0.520s] Level 1:colcon.colcon_core.package_identification:_identify(isaacpjt/M0609/onrobot_rg2/urdf/onrobot_rg2) by extensions ['cmake', 'python']
[0.520s] Level 1:colcon.colcon_core.package_identification:_identify(isaacpjt/M0609/onrobot_rg2/urdf/onrobot_rg2) by extension 'cmake'
[0.520s] Level 1:colcon.colcon_core.package_identification:_identify(isaacpjt/M0609/onrobot_rg2/urdf/onrobot_rg2) by extension 'python'
[0.520s] Level 1:colcon.colcon_core.package_identification:_identify(isaacpjt/M0609/onrobot_rg2/urdf/onrobot_rg2) by extensions ['python_setup_py']
[0.520s] Level 1:colcon.colcon_core.package_identification:_identify(isaacpjt/M0609/onrobot_rg2/urdf/onrobot_rg2) by extension 'python_setup_py'
[0.520s] Level 1:colcon.colcon_core.package_identification:_identify(isaacpjt/M0609/onrobot_rg2/urdf/onrobot_rg2/configuration) by extensions ['ignore', 'ignore_ament_install']
[0.520s] Level 1:colcon.colcon_core.package_identification:_identify(isaacpjt/M0609/onrobot_rg2/urdf/onrobot_rg2/configuration) by extension 'ignore'
[0.520s] Level 1:colcon.colcon_core.package_identification:_identify(isaacpjt/M0609/onrobot_rg2/urdf/onrobot_rg2/configuration) by extension 'ignore_ament_install'
[0.520s] Level 1:colcon.colcon_core.package_identification:_identify(isaacpjt/M0609/onrobot_rg2/urdf/onrobot_rg2/configuration) by extensions ['colcon_pkg']
[0.521s] Level 1:colcon.colcon_core.package_identification:_identify(isaacpjt/M0609/onrobot_rg2/urdf/onrobot_rg2/configuration) by extension 'colcon_pkg'
[0.521s] Level 1:colcon.colcon_core.package_identification:_identify(isaacpjt/M0609/onrobot_rg2/urdf/onrobot_rg2/configuration) by extensions ['colcon_meta']
[0.521s] Level 1:colcon.colcon_core.package_identification:_identify(isaacpjt/M0609/onrobot_rg2/urdf/onrobot_rg2/configuration) by extension 'colcon_meta'
[0.521s] Level 1:colcon.colcon_core.package_identification:_identify(isaacpjt/M0609/onrobot_rg2/urdf/onrobot_rg2/configuration) by extensions ['ros']
[0.521s] Level 1:colcon.colcon_core.package_identification:_identify(isaacpjt/M0609/onrobot_rg2/urdf/onrobot_rg2/configuration) by extension 'ros'
[0.521s] Level 1:colcon.colcon_core.package_identification:_identify(isaacpjt/M0609/onrobot_rg2/urdf/onrobot_rg2/configuration) by extensions ['cmake', 'python']
[0.521s] Level 1:colcon.colcon_core.package_identification:_identify(isaacpjt/M0609/onrobot_rg2/urdf/onrobot_rg2/configuration) by extension 'cmake'
[0.521s] Level 1:colcon.colcon_core.package_identification:_identify(isaacpjt/M0609/onrobot_rg2/urdf/onrobot_rg2/configuration) by extension 'python'
[0.521s] Level 1:colcon.colcon_core.package_identification:_identify(isaacpjt/M0609/onrobot_rg2/urdf/onrobot_rg2/configuration) by extensions ['python_setup_py']
[0.521s] Level 1:colcon.colcon_core.package_identification:_identify(isaacpjt/M0609/onrobot_rg2/urdf/onrobot_rg2/configuration) by extension 'python_setup_py'
[0.521s] Level 1:colcon.colcon_core.package_identification:_identify(isaacpjt/M0609/rmpflow) by extensions ['ignore', 'ignore_ament_install']
[0.522s] Level 1:colcon.colcon_core.package_identification:_identify(isaacpjt/M0609/rmpflow) by extension 'ignore'
[0.522s] Level 1:colcon.colcon_core.package_identification:_identify(isaacpjt/M0609/rmpflow) by extension 'ignore_ament_install'
[0.522s] Level 1:colcon.colcon_core.package_identification:_identify(isaacpjt/M0609/rmpflow) by extensions ['colcon_pkg']
[0.522s] Level 1:colcon.colcon_core.package_identification:_identify(isaacpjt/M0609/rmpflow) by extension 'colcon_pkg'
[0.522s] Level 1:colcon.colcon_core.package_identification:_identify(isaacpjt/M0609/rmpflow) by extensions ['colcon_meta']
[0.522s] Level 1:colcon.colcon_core.package_identification:_identify(isaacpjt/M0609/rmpflow) by extension 'colcon_meta'
[0.522s] Level 1:colcon.colcon_core.package_identification:_identify(isaacpjt/M0609/rmpflow) by extensions ['ros']
[0.522s] Level 1:colcon.colcon_core.package_identification:_identify(isaacpjt/M0609/rmpflow) by extension 'ros'
[0.522s] Level 1:colcon.colcon_core.package_identification:_identify(isaacpjt/M0609/rmpflow) by extensions ['cmake', 'python']
[0.522s] Level 1:colcon.colcon_core.package_identification:_identify(isaacpjt/M0609/rmpflow) by extension 'cmake'
[0.522s] Level 1:colcon.colcon_core.package_identification:_identify(isaacpjt/M0609/rmpflow) by extension 'python'
[0.522s] Level 1:colcon.colcon_core.package_identification:_identify(isaacpjt/M0609/rmpflow) by extensions ['python_setup_py']
[0.522s] Level 1:colcon.colcon_core.package_identification:_identify(isaacpjt/M0609/rmpflow) by extension 'python_setup_py'
[0.523s] Level 1:colcon.colcon_core.package_identification:_identify(isaacpjt/basic) by extensions ['ignore', 'ignore_ament_install']
[0.523s] Level 1:colcon.colcon_core.package_identification:_identify(isaacpjt/basic) by extension 'ignore'
[0.523s] Level 1:colcon.colcon_core.package_identification:_identify(isaacpjt/basic) by extension 'ignore_ament_install'
[0.523s] Level 1:colcon.colcon_core.package_identification:_identify(isaacpjt/basic) by extensions ['colcon_pkg']
[0.523s] Level 1:colcon.colcon_core.package_identification:_identify(isaacpjt/basic) by extension 'colcon_pkg'
[0.523s] Level 1:colcon.colcon_core.package_identification:_identify(isaacpjt/basic) by extensions ['colcon_meta']
[0.523s] Level 1:colcon.colcon_core.package_identification:_identify(isaacpjt/basic) by extension 'colcon_meta'
[0.523s] Level 1:colcon.colcon_core.package_identification:_identify(isaacpjt/basic) by extensions ['ros']
[0.523s] Level 1:colcon.colcon_core.package_identification:_identify(isaacpjt/basic) by extension 'ros'
[0.523s] Level 1:colcon.colcon_core.package_identification:_identify(isaacpjt/basic) by extensions ['cmake', 'python']
[0.524s] Level 1:colcon.colcon_core.package_identification:_identify(isaacpjt/basic) by extension 'cmake'
[0.524s] Level 1:colcon.colcon_core.package_identification:_identify(isaacpjt/basic) by extension 'python'
[0.524s] Level 1:colcon.colcon_core.package_identification:_identify(isaacpjt/basic) by extensions ['python_setup_py']
[0.524s] Level 1:colcon.colcon_core.package_identification:_identify(isaacpjt/basic) by extension 'python_setup_py'
[0.524s] Level 1:colcon.colcon_core.package_identification:_identify(log) by extensions ['ignore', 'ignore_ament_install']
[0.524s] Level 1:colcon.colcon_core.package_identification:_identify(log) by extension 'ignore'
[0.524s] Level 1:colcon.colcon_core.package_identification:_identify(log) ignored
[0.524s] Level 1:colcon.colcon_core.package_identification:_identify(patrol_images) by extensions ['ignore', 'ignore_ament_install']
[0.524s] Level 1:colcon.colcon_core.package_identification:_identify(patrol_images) by extension 'ignore'
[0.524s] Level 1:colcon.colcon_core.package_identification:_identify(patrol_images) by extension 'ignore_ament_install'
[0.525s] Level 1:colcon.colcon_core.package_identification:_identify(patrol_images) by extensions ['colcon_pkg']
[0.525s] Level 1:colcon.colcon_core.package_identification:_identify(patrol_images) by extension 'colcon_pkg'
[0.525s] Level 1:colcon.colcon_core.package_identification:_identify(patrol_images) by extensions ['colcon_meta']
[0.525s] Level 1:colcon.colcon_core.package_identification:_identify(patrol_images) by extension 'colcon_meta'
[0.525s] Level 1:colcon.colcon_core.package_identification:_identify(patrol_images) by extensions ['ros']
[0.525s] Level 1:colcon.colcon_core.package_identification:_identify(patrol_images) by extension 'ros'
[0.525s] Level 1:colcon.colcon_core.package_identification:_identify(patrol_images) by extensions ['cmake', 'python']
[0.525s] Level 1:colcon.colcon_core.package_identification:_identify(patrol_images) by extension 'cmake'
[0.525s] Level 1:colcon.colcon_core.package_identification:_identify(patrol_images) by extension 'python'
[0.525s] Level 1:colcon.colcon_core.package_identification:_identify(patrol_images) by extensions ['python_setup_py']
[0.525s] Level 1:colcon.colcon_core.package_identification:_identify(patrol_images) by extension 'python_setup_py'
[0.525s] Level 1:colcon.colcon_core.package_identification:_identify(src) by extensions ['ignore', 'ignore_ament_install']
[0.525s] Level 1:colcon.colcon_core.package_identification:_identify(src) by extension 'ignore'
[0.526s] Level 1:colcon.colcon_core.package_identification:_identify(src) by extension 'ignore_ament_install'
[0.526s] Level 1:colcon.colcon_core.package_identification:_identify(src) by extensions ['colcon_pkg']
[0.526s] Level 1:colcon.colcon_core.package_identification:_identify(src) by extension 'colcon_pkg'
[0.526s] Level 1:colcon.colcon_core.package_identification:_identify(src) by extensions ['colcon_meta']
[0.526s] Level 1:colcon.colcon_core.package_identification:_identify(src) by extension 'colcon_meta'
[0.526s] Level 1:colcon.colcon_core.package_identification:_identify(src) by extensions ['ros']
[0.526s] Level 1:colcon.colcon_core.package_identification:_identify(src) by extension 'ros'
[0.526s] Level 1:colcon.colcon_core.package_identification:_identify(src) by extensions ['cmake', 'python']
[0.526s] Level 1:colcon.colcon_core.package_identification:_identify(src) by extension 'cmake'
[0.526s] Level 1:colcon.colcon_core.package_identification:_identify(src) by extension 'python'
[0.526s] Level 1:colcon.colcon_core.package_identification:_identify(src) by extensions ['python_setup_py']
[0.526s] Level 1:colcon.colcon_core.package_identification:_identify(src) by extension 'python_setup_py'
[0.527s] Level 1:colcon.colcon_core.package_identification:_identify(src/color_vision) by extensions ['ignore', 'ignore_ament_install']
[0.527s] Level 1:colcon.colcon_core.package_identification:_identify(src/color_vision) by extension 'ignore'
[0.527s] Level 1:colcon.colcon_core.package_identification:_identify(src/color_vision) by extension 'ignore_ament_install'
[0.527s] Level 1:colcon.colcon_core.package_identification:_identify(src/color_vision) by extensions ['colcon_pkg']
[0.527s] Level 1:colcon.colcon_core.package_identification:_identify(src/color_vision) by extension 'colcon_pkg'
[0.527s] Level 1:colcon.colcon_core.package_identification:_identify(src/color_vision) by extensions ['colcon_meta']
[0.527s] Level 1:colcon.colcon_core.package_identification:_identify(src/color_vision) by extension 'colcon_meta'
[0.527s] Level 1:colcon.colcon_core.package_identification:_identify(src/color_vision) by extensions ['ros']
[0.527s] Level 1:colcon.colcon_core.package_identification:_identify(src/color_vision) by extension 'ros'
[0.534s] DEBUG:colcon.colcon_core.package_identification:Package 'src/color_vision' with type 'ros.ament_python' and name 'color_vision'
[0.534s] Level 1:colcon.colcon_core.package_identification:_identify(src/mir100_navigation) by extensions ['ignore', 'ignore_ament_install']
[0.534s] Level 1:colcon.colcon_core.package_identification:_identify(src/mir100_navigation) by extension 'ignore'
[0.534s] Level 1:colcon.colcon_core.package_identification:_identify(src/mir100_navigation) by extension 'ignore_ament_install'
[0.534s] Level 1:colcon.colcon_core.package_identification:_identify(src/mir100_navigation) by extensions ['colcon_pkg']
[0.534s] Level 1:colcon.colcon_core.package_identification:_identify(src/mir100_navigation) by extension 'colcon_pkg'
[0.534s] Level 1:colcon.colcon_core.package_identification:_identify(src/mir100_navigation) by extensions ['colcon_meta']
[0.534s] Level 1:colcon.colcon_core.package_identification:_identify(src/mir100_navigation) by extension 'colcon_meta'
[0.534s] Level 1:colcon.colcon_core.package_identification:_identify(src/mir100_navigation) by extensions ['ros']
[0.534s] Level 1:colcon.colcon_core.package_identification:_identify(src/mir100_navigation) by extension 'ros'
[0.535s] DEBUG:colcon.colcon_core.package_identification:Package 'src/mir100_navigation' with type 'ros.ament_cmake' and name 'mir100_navigation'
[0.536s] Level 1:colcon.colcon_core.package_identification:_identify(src/nova_carter) by extensions ['ignore', 'ignore_ament_install']
[0.536s] Level 1:colcon.colcon_core.package_identification:_identify(src/nova_carter) by extension 'ignore'
[0.536s] Level 1:colcon.colcon_core.package_identification:_identify(src/nova_carter) by extension 'ignore_ament_install'
[0.536s] Level 1:colcon.colcon_core.package_identification:_identify(src/nova_carter) by extensions ['colcon_pkg']
[0.536s] Level 1:colcon.colcon_core.package_identification:_identify(src/nova_carter) by extension 'colcon_pkg'
[0.536s] Level 1:colcon.colcon_core.package_identification:_identify(src/nova_carter) by extensions ['colcon_meta']
[0.536s] Level 1:colcon.colcon_core.package_identification:_identify(src/nova_carter) by extension 'colcon_meta'
[0.536s] Level 1:colcon.colcon_core.package_identification:_identify(src/nova_carter) by extensions ['ros']
[0.536s] Level 1:colcon.colcon_core.package_identification:_identify(src/nova_carter) by extension 'ros'
[0.536s] Level 1:colcon.colcon_core.package_identification:_identify(src/nova_carter) by extensions ['cmake', 'python']
[0.536s] Level 1:colcon.colcon_core.package_identification:_identify(src/nova_carter) by extension 'cmake'
[0.536s] Level 1:colcon.colcon_core.package_identification:_identify(src/nova_carter) by extension 'python'
[0.536s] Level 1:colcon.colcon_core.package_identification:_identify(src/nova_carter) by extensions ['python_setup_py']
[0.536s] Level 1:colcon.colcon_core.package_identification:_identify(src/nova_carter) by extension 'python_setup_py'
[0.537s] Level 1:colcon.colcon_core.package_identification:_identify(src/nova_carter/nav_to_goal) by extensions ['ignore', 'ignore_ament_install']
[0.537s] Level 1:colcon.colcon_core.package_identification:_identify(src/nova_carter/nav_to_goal) by extension 'ignore'
[0.537s] Level 1:colcon.colcon_core.package_identification:_identify(src/nova_carter/nav_to_goal) by extension 'ignore_ament_install'
[0.537s] Level 1:colcon.colcon_core.package_identification:_identify(src/nova_carter/nav_to_goal) by extensions ['colcon_pkg']
[0.537s] Level 1:colcon.colcon_core.package_identification:_identify(src/nova_carter/nav_to_goal) by extension 'colcon_pkg'
[0.537s] Level 1:colcon.colcon_core.package_identification:_identify(src/nova_carter/nav_to_goal) by extensions ['colcon_meta']
[0.537s] Level 1:colcon.colcon_core.package_identification:_identify(src/nova_carter/nav_to_goal) by extension 'colcon_meta'
[0.537s] Level 1:colcon.colcon_core.package_identification:_identify(src/nova_carter/nav_to_goal) by extensions ['ros']
[0.537s] Level 1:colcon.colcon_core.package_identification:_identify(src/nova_carter/nav_to_goal) by extension 'ros'
[0.538s] DEBUG:colcon.colcon_core.package_identification:Package 'src/nova_carter/nav_to_goal' with type 'ros.ament_python' and name 'nav_to_goal'
[0.538s] Level 1:colcon.colcon_core.package_identification:_identify(src/smart_farm_interfaces) by extensions ['ignore', 'ignore_ament_install']
[0.538s] Level 1:colcon.colcon_core.package_identification:_identify(src/smart_farm_interfaces) by extension 'ignore'
[0.538s] Level 1:colcon.colcon_core.package_identification:_identify(src/smart_farm_interfaces) by extension 'ignore_ament_install'
[0.539s] Level 1:colcon.colcon_core.package_identification:_identify(src/smart_farm_interfaces) by extensions ['colcon_pkg']
[0.539s] Level 1:colcon.colcon_core.package_identification:_identify(src/smart_farm_interfaces) by extension 'colcon_pkg'
[0.539s] Level 1:colcon.colcon_core.package_identification:_identify(src/smart_farm_interfaces) by extensions ['colcon_meta']
[0.539s] Level 1:colcon.colcon_core.package_identification:_identify(src/smart_farm_interfaces) by extension 'colcon_meta'
[0.539s] Level 1:colcon.colcon_core.package_identification:_identify(src/smart_farm_interfaces) by extensions ['ros']
[0.539s] Level 1:colcon.colcon_core.package_identification:_identify(src/smart_farm_interfaces) by extension 'ros'
[0.540s] DEBUG:colcon.colcon_core.package_identification:Package 'src/smart_farm_interfaces' with type 'ros.ament_cmake' and name 'smart_farm_interfaces'
[0.540s] Level 1:colcon.colcon_core.package_identification:_identify(src/smart_farm_navigation) by extensions ['ignore', 'ignore_ament_install']
[0.540s] Level 1:colcon.colcon_core.package_identification:_identify(src/smart_farm_navigation) by extension 'ignore'
[0.540s] Level 1:colcon.colcon_core.package_identification:_identify(src/smart_farm_navigation) by extension 'ignore_ament_install'
[0.540s] Level 1:colcon.colcon_core.package_identification:_identify(src/smart_farm_navigation) by extensions ['colcon_pkg']
[0.540s] Level 1:colcon.colcon_core.package_identification:_identify(src/smart_farm_navigation) by extension 'colcon_pkg'
[0.540s] Level 1:colcon.colcon_core.package_identification:_identify(src/smart_farm_navigation) by extensions ['colcon_meta']
[0.541s] Level 1:colcon.colcon_core.package_identification:_identify(src/smart_farm_navigation) by extension 'colcon_meta'
[0.541s] Level 1:colcon.colcon_core.package_identification:_identify(src/smart_farm_navigation) by extensions ['ros']
[0.541s] Level 1:colcon.colcon_core.package_identification:_identify(src/smart_farm_navigation) by extension 'ros'
[0.541s] Level 1:colcon.colcon_core.package_identification:_identify(src/smart_farm_navigation) by extensions ['cmake', 'python']
[0.541s] Level 1:colcon.colcon_core.package_identification:_identify(src/smart_farm_navigation) by extension 'cmake'
[0.541s] Level 1:colcon.colcon_core.package_identification:_identify(src/smart_farm_navigation) by extension 'python'
[0.541s] Level 1:colcon.colcon_core.package_identification:_identify(src/smart_farm_navigation) by extensions ['python_setup_py']
[0.541s] Level 1:colcon.colcon_core.package_identification:_identify(src/smart_farm_navigation) by extension 'python_setup_py'
[0.541s] Level 1:colcon.colcon_core.package_identification:_identify(src/smart_farm_navigation/260916_AMR_test) by extensions ['ignore', 'ignore_ament_install']
[0.541s] Level 1:colcon.colcon_core.package_identification:_identify(src/smart_farm_navigation/260916_AMR_test) by extension 'ignore'
[0.541s] Level 1:colcon.colcon_core.package_identification:_identify(src/smart_farm_navigation/260916_AMR_test) by extension 'ignore_ament_install'
[0.542s] Level 1:colcon.colcon_core.package_identification:_identify(src/smart_farm_navigation/260916_AMR_test) by extensions ['colcon_pkg']
[0.542s] Level 1:colcon.colcon_core.package_identification:_identify(src/smart_farm_navigation/260916_AMR_test) by extension 'colcon_pkg'
[0.542s] Level 1:colcon.colcon_core.package_identification:_identify(src/smart_farm_navigation/260916_AMR_test) by extensions ['colcon_meta']
[0.542s] Level 1:colcon.colcon_core.package_identification:_identify(src/smart_farm_navigation/260916_AMR_test) by extension 'colcon_meta'
[0.542s] Level 1:colcon.colcon_core.package_identification:_identify(src/smart_farm_navigation/260916_AMR_test) by extensions ['ros']
[0.542s] Level 1:colcon.colcon_core.package_identification:_identify(src/smart_farm_navigation/260916_AMR_test) by extension 'ros'
[0.542s] Level 1:colcon.colcon_core.package_identification:_identify(src/smart_farm_navigation/260916_AMR_test) by extensions ['cmake', 'python']
[0.542s] Level 1:colcon.colcon_core.package_identification:_identify(src/smart_farm_navigation/260916_AMR_test) by extension 'cmake'
[0.542s] Level 1:colcon.colcon_core.package_identification:_identify(src/smart_farm_navigation/260916_AMR_test) by extension 'python'
[0.542s] Level 1:colcon.colcon_core.package_identification:_identify(src/smart_farm_navigation/260916_AMR_test) by extensions ['python_setup_py']
[0.542s] Level 1:colcon.colcon_core.package_identification:_identify(src/smart_farm_navigation/260916_AMR_test) by extension 'python_setup_py'
[0.543s] Level 1:colcon.colcon_core.package_identification:_identify(src/smart_farm_navigation/260916_AMR_test/IsaacSim-ros_workspaces) by extensions ['ignore', 'ignore_ament_install']
[0.543s] Level 1:colcon.colcon_core.package_identification:_identify(src/smart_farm_navigation/260916_AMR_test/IsaacSim-ros_workspaces) by extension 'ignore'
[0.543s] Level 1:colcon.colcon_core.package_identification:_identify(src/smart_farm_navigation/260916_AMR_test/IsaacSim-ros_workspaces) by extension 'ignore_ament_install'
[0.543s] Level 1:colcon.colcon_core.package_identification:_identify(src/smart_farm_navigation/260916_AMR_test/IsaacSim-ros_workspaces) by extensions ['colcon_pkg']
[0.543s] Level 1:colcon.colcon_core.package_identification:_identify(src/smart_farm_navigation/260916_AMR_test/IsaacSim-ros_workspaces) by extension 'colcon_pkg'
[0.543s] Level 1:colcon.colcon_core.package_identification:_identify(src/smart_farm_navigation/260916_AMR_test/IsaacSim-ros_workspaces) by extensions ['colcon_meta']
[0.543s] Level 1:colcon.colcon_core.package_identification:_identify(src/smart_farm_navigation/260916_AMR_test/IsaacSim-ros_workspaces) by extension 'colcon_meta'
[0.543s] Level 1:colcon.colcon_core.package_identification:_identify(src/smart_farm_navigation/260916_AMR_test/IsaacSim-ros_workspaces) by extensions ['ros']
[0.543s] Level 1:colcon.colcon_core.package_identification:_identify(src/smart_farm_navigation/260916_AMR_test/IsaacSim-ros_workspaces) by extension 'ros'
[0.543s] Level 1:colcon.colcon_core.package_identification:_identify(src/smart_farm_navigation/260916_AMR_test/IsaacSim-ros_workspaces) by extensions ['cmake', 'python']
[0.543s] Level 1:colcon.colcon_core.package_identification:_identify(src/smart_farm_navigation/260916_AMR_test/IsaacSim-ros_workspaces) by extension 'cmake'
[0.543s] Level 1:colcon.colcon_core.package_identification:_identify(src/smart_farm_navigation/260916_AMR_test/IsaacSim-ros_workspaces) by extension 'python'
[0.543s] Level 1:colcon.colcon_core.package_identification:_identify(src/smart_farm_navigation/260916_AMR_test/IsaacSim-ros_workspaces) by extensions ['python_setup_py']
[0.544s] Level 1:colcon.colcon_core.package_identification:_identify(src/smart_farm_navigation/260916_AMR_test/IsaacSim-ros_workspaces) by extension 'python_setup_py'
[0.544s] Level 1:colcon.colcon_core.package_identification:_identify(src/smart_farm_navigation/260916_AMR_test/IsaacSim-ros_workspaces/dockerfiles) by extensions ['ignore', 'ignore_ament_install']
[0.544s] Level 1:colcon.colcon_core.package_identification:_identify(src/smart_farm_navigation/260916_AMR_test/IsaacSim-ros_workspaces/dockerfiles) by extension 'ignore'
[0.544s] Level 1:colcon.colcon_core.package_identification:_identify(src/smart_farm_navigation/260916_AMR_test/IsaacSim-ros_workspaces/dockerfiles) by extension 'ignore_ament_install'
[0.544s] Level 1:colcon.colcon_core.package_identification:_identify(src/smart_farm_navigation/260916_AMR_test/IsaacSim-ros_workspaces/dockerfiles) by extensions ['colcon_pkg']
[0.544s] Level 1:colcon.colcon_core.package_identification:_identify(src/smart_farm_navigation/260916_AMR_test/IsaacSim-ros_workspaces/dockerfiles) by extension 'colcon_pkg'
[0.545s] Level 1:colcon.colcon_core.package_identification:_identify(src/smart_farm_navigation/260916_AMR_test/IsaacSim-ros_workspaces/dockerfiles) by extensions ['colcon_meta']
[0.545s] Level 1:colcon.colcon_core.package_identification:_identify(src/smart_farm_navigation/260916_AMR_test/IsaacSim-ros_workspaces/dockerfiles) by extension 'colcon_meta'
[0.545s] Level 1:colcon.colcon_core.package_identification:_identify(src/smart_farm_navigation/260916_AMR_test/IsaacSim-ros_workspaces/dockerfiles) by extensions ['ros']
[0.545s] Level 1:colcon.colcon_core.package_identification:_identify(src/smart_farm_navigation/260916_AMR_test/IsaacSim-ros_workspaces/dockerfiles) by extension 'ros'
[0.545s] Level 1:colcon.colcon_core.package_identification:_identify(src/smart_farm_navigation/260916_AMR_test/IsaacSim-ros_workspaces/dockerfiles) by extensions ['cmake', 'python']
[0.545s] Level 1:colcon.colcon_core.package_identification:_identify(src/smart_farm_navigation/260916_AMR_test/IsaacSim-ros_workspaces/dockerfiles) by extension 'cmake'
[0.545s] Level 1:colcon.colcon_core.package_identification:_identify(src/smart_farm_navigation/260916_AMR_test/IsaacSim-ros_workspaces/dockerfiles) by extension 'python'
[0.545s] Level 1:colcon.colcon_core.package_identification:_identify(src/smart_farm_navigation/260916_AMR_test/IsaacSim-ros_workspaces/dockerfiles) by extensions ['python_setup_py']
[0.545s] Level 1:colcon.colcon_core.package_identification:_identify(src/smart_farm_navigation/260916_AMR_test/IsaacSim-ros_workspaces/dockerfiles) by extension 'python_setup_py'
[0.546s] Level 1:colcon.colcon_core.package_identification:_identify(src/smart_farm_navigation/260916_AMR_test/IsaacSim-ros_workspaces/humble_ws) by extensions ['ignore', 'ignore_ament_install']
[0.546s] Level 1:colcon.colcon_core.package_identification:_identify(src/smart_farm_navigation/260916_AMR_test/IsaacSim-ros_workspaces/humble_ws) by extension 'ignore'
[0.546s] Level 1:colcon.colcon_core.package_identification:_identify(src/smart_farm_navigation/260916_AMR_test/IsaacSim-ros_workspaces/humble_ws) by extension 'ignore_ament_install'
[0.546s] Level 1:colcon.colcon_core.package_identification:_identify(src/smart_farm_navigation/260916_AMR_test/IsaacSim-ros_workspaces/humble_ws) by extensions ['colcon_pkg']
[0.546s] Level 1:colcon.colcon_core.package_identification:_identify(src/smart_farm_navigation/260916_AMR_test/IsaacSim-ros_workspaces/humble_ws) by extension 'colcon_pkg'
[0.546s] Level 1:colcon.colcon_core.package_identification:_identify(src/smart_farm_navigation/260916_AMR_test/IsaacSim-ros_workspaces/humble_ws) by extensions ['colcon_meta']
[0.546s] Level 1:colcon.colcon_core.package_identification:_identify(src/smart_farm_navigation/260916_AMR_test/IsaacSim-ros_workspaces/humble_ws) by extension 'colcon_meta'
[0.547s] Level 1:colcon.colcon_core.package_identification:_identify(src/smart_farm_navigation/260916_AMR_test/IsaacSim-ros_workspaces/humble_ws) by extensions ['ros']
[0.547s] Level 1:colcon.colcon_core.package_identification:_identify(src/smart_farm_navigation/260916_AMR_test/IsaacSim-ros_workspaces/humble_ws) by extension 'ros'
[0.547s] Level 1:colcon.colcon_core.package_identification:_identify(src/smart_farm_navigation/260916_AMR_test/IsaacSim-ros_workspaces/humble_ws) by extensions ['cmake', 'python']
[0.547s] Level 1:colcon.colcon_core.package_identification:_identify(src/smart_farm_navigation/260916_AMR_test/IsaacSim-ros_workspaces/humble_ws) by extension 'cmake'
[0.547s] Level 1:colcon.colcon_core.package_identification:_identify(src/smart_farm_navigation/260916_AMR_test/IsaacSim-ros_workspaces/humble_ws) by extension 'python'
[0.547s] Level 1:colcon.colcon_core.package_identification:_identify(src/smart_farm_navigation/260916_AMR_test/IsaacSim-ros_workspaces/humble_ws) by extensions ['python_setup_py']
[0.547s] Level 1:colcon.colcon_core.package_identification:_identify(src/smart_farm_navigation/260916_AMR_test/IsaacSim-ros_workspaces/humble_ws) by extension 'python_setup_py'
[0.548s] Level 1:colcon.colcon_core.package_identification:_identify(src/smart_farm_navigation/260916_AMR_test/IsaacSim-ros_workspaces/humble_ws/src) by extensions ['ignore', 'ignore_ament_install']
[0.548s] Level 1:colcon.colcon_core.package_identification:_identify(src/smart_farm_navigation/260916_AMR_test/IsaacSim-ros_workspaces/humble_ws/src) by extension 'ignore'
[0.548s] Level 1:colcon.colcon_core.package_identification:_identify(src/smart_farm_navigation/260916_AMR_test/IsaacSim-ros_workspaces/humble_ws/src) by extension 'ignore_ament_install'
[0.548s] Level 1:colcon.colcon_core.package_identification:_identify(src/smart_farm_navigation/260916_AMR_test/IsaacSim-ros_workspaces/humble_ws/src) by extensions ['colcon_pkg']
[0.548s] Level 1:colcon.colcon_core.package_identification:_identify(src/smart_farm_navigation/260916_AMR_test/IsaacSim-ros_workspaces/humble_ws/src) by extension 'colcon_pkg'
[0.549s] Level 1:colcon.colcon_core.package_identification:_identify(src/smart_farm_navigation/260916_AMR_test/IsaacSim-ros_workspaces/humble_ws/src) by extensions ['colcon_meta']
[0.549s] Level 1:colcon.colcon_core.package_identification:_identify(src/smart_farm_navigation/260916_AMR_test/IsaacSim-ros_workspaces/humble_ws/src) by extension 'colcon_meta'
[0.549s] Level 1:colcon.colcon_core.package_identification:_identify(src/smart_farm_navigation/260916_AMR_test/IsaacSim-ros_workspaces/humble_ws/src) by extensions ['ros']
[0.549s] Level 1:colcon.colcon_core.package_identification:_identify(src/smart_farm_navigation/260916_AMR_test/IsaacSim-ros_workspaces/humble_ws/src) by extension 'ros'
[0.549s] Level 1:colcon.colcon_core.package_identification:_identify(src/smart_farm_navigation/260916_AMR_test/IsaacSim-ros_workspaces/humble_ws/src) by extensions ['cmake', 'python']
[0.549s] Level 1:colcon.colcon_core.package_identification:_identify(src/smart_farm_navigation/260916_AMR_test/IsaacSim-ros_workspaces/humble_ws/src) by extension 'cmake'
[0.549s] Level 1:colcon.colcon_core.package_identification:_identify(src/smart_farm_navigation/260916_AMR_test/IsaacSim-ros_workspaces/humble_ws/src) by extension 'python'
[0.549s] Level 1:colcon.colcon_core.package_identification:_identify(src/smart_farm_navigation/260916_AMR_test/IsaacSim-ros_workspaces/humble_ws/src) by extensions ['python_setup_py']
[0.549s] Level 1:colcon.colcon_core.package_identification:_identify(src/smart_farm_navigation/260916_AMR_test/IsaacSim-ros_workspaces/humble_ws/src) by extension 'python_setup_py'
[0.550s] Level 1:colcon.colcon_core.package_identification:_identify(src/smart_farm_navigation/260916_AMR_test/IsaacSim-ros_workspaces/humble_ws/src/ackermann_control) by extensions ['ignore', 'ignore_ament_install']
[0.550s] Level 1:colcon.colcon_core.package_identification:_identify(src/smart_farm_navigation/260916_AMR_test/IsaacSim-ros_workspaces/humble_ws/src/ackermann_control) by extension 'ignore'
[0.550s] Level 1:colcon.colcon_core.package_identification:_identify(src/smart_farm_navigation/260916_AMR_test/IsaacSim-ros_workspaces/humble_ws/src/ackermann_control) by extension 'ignore_ament_install'
[0.550s] Level 1:colcon.colcon_core.package_identification:_identify(src/smart_farm_navigation/260916_AMR_test/IsaacSim-ros_workspaces/humble_ws/src/ackermann_control) by extensions ['colcon_pkg']
[0.550s] Level 1:colcon.colcon_core.package_identification:_identify(src/smart_farm_navigation/260916_AMR_test/IsaacSim-ros_workspaces/humble_ws/src/ackermann_control) by extension 'colcon_pkg'
[0.550s] Level 1:colcon.colcon_core.package_identification:_identify(src/smart_farm_navigation/260916_AMR_test/IsaacSim-ros_workspaces/humble_ws/src/ackermann_control) by extensions ['colcon_meta']
[0.550s] Level 1:colcon.colcon_core.package_identification:_identify(src/smart_farm_navigation/260916_AMR_test/IsaacSim-ros_workspaces/humble_ws/src/ackermann_control) by extension 'colcon_meta'
[0.550s] Level 1:colcon.colcon_core.package_identification:_identify(src/smart_farm_navigation/260916_AMR_test/IsaacSim-ros_workspaces/humble_ws/src/ackermann_control) by extensions ['ros']
[0.550s] Level 1:colcon.colcon_core.package_identification:_identify(src/smart_farm_navigation/260916_AMR_test/IsaacSim-ros_workspaces/humble_ws/src/ackermann_control) by extension 'ros'
[0.551s] Level 1:colcon.colcon_core.package_identification:_identify(src/smart_farm_navigation/260916_AMR_test/IsaacSim-ros_workspaces/humble_ws/src/ackermann_control) by extensions ['cmake', 'python']
[0.551s] Level 1:colcon.colcon_core.package_identification:_identify(src/smart_farm_navigation/260916_AMR_test/IsaacSim-ros_workspaces/humble_ws/src/ackermann_control) by extension 'cmake'
[0.551s] Level 1:colcon.colcon_core.package_identification:_identify(src/smart_farm_navigation/260916_AMR_test/IsaacSim-ros_workspaces/humble_ws/src/ackermann_control) by extension 'python'
[0.551s] Level 1:colcon.colcon_core.package_identification:_identify(src/smart_farm_navigation/260916_AMR_test/IsaacSim-ros_workspaces/humble_ws/src/ackermann_control) by extensions ['python_setup_py']
[0.551s] Level 1:colcon.colcon_core.package_identification:_identify(src/smart_farm_navigation/260916_AMR_test/IsaacSim-ros_workspaces/humble_ws/src/ackermann_control) by extension 'python_setup_py'
[0.551s] Level 1:colcon.colcon_core.package_identification:_identify(src/smart_farm_navigation/260916_AMR_test/IsaacSim-ros_workspaces/humble_ws/src/ackermann_control/cmdvel_to_ackermann) by extensions ['ignore', 'ignore_ament_install']
[0.552s] Level 1:colcon.colcon_core.package_identification:_identify(src/smart_farm_navigation/260916_AMR_test/IsaacSim-ros_workspaces/humble_ws/src/ackermann_control/cmdvel_to_ackermann) by extension 'ignore'
[0.552s] Level 1:colcon.colcon_core.package_identification:_identify(src/smart_farm_navigation/260916_AMR_test/IsaacSim-ros_workspaces/humble_ws/src/ackermann_control/cmdvel_to_ackermann) by extension 'ignore_ament_install'
[0.552s] Level 1:colcon.colcon_core.package_identification:_identify(src/smart_farm_navigation/260916_AMR_test/IsaacSim-ros_workspaces/humble_ws/src/ackermann_control/cmdvel_to_ackermann) by extensions ['colcon_pkg']
[0.552s] Level 1:colcon.colcon_core.package_identification:_identify(src/smart_farm_navigation/260916_AMR_test/IsaacSim-ros_workspaces/humble_ws/src/ackermann_control/cmdvel_to_ackermann) by extension 'colcon_pkg'
[0.552s] Level 1:colcon.colcon_core.package_identification:_identify(src/smart_farm_navigation/260916_AMR_test/IsaacSim-ros_workspaces/humble_ws/src/ackermann_control/cmdvel_to_ackermann) by extensions ['colcon_meta']
[0.552s] Level 1:colcon.colcon_core.package_identification:_identify(src/smart_farm_navigation/260916_AMR_test/IsaacSim-ros_workspaces/humble_ws/src/ackermann_control/cmdvel_to_ackermann) by extension 'colcon_meta'
[0.552s] Level 1:colcon.colcon_core.package_identification:_identify(src/smart_farm_navigation/260916_AMR_test/IsaacSim-ros_workspaces/humble_ws/src/ackermann_control/cmdvel_to_ackermann) by extensions ['ros']
[0.552s] Level 1:colcon.colcon_core.package_identification:_identify(src/smart_farm_navigation/260916_AMR_test/IsaacSim-ros_workspaces/humble_ws/src/ackermann_control/cmdvel_to_ackermann) by extension 'ros'
[0.553s] DEBUG:colcon.colcon_core.package_identification:Package 'src/smart_farm_navigation/260916_AMR_test/IsaacSim-ros_workspaces/humble_ws/src/ackermann_control/cmdvel_to_ackermann' with type 'ros.ament_python' and name 'cmdvel_to_ackermann'
[0.554s] Level 1:colcon.colcon_core.package_identification:_identify(src/smart_farm_navigation/260916_AMR_test/IsaacSim-ros_workspaces/humble_ws/src/custom_message) by extensions ['ignore', 'ignore_ament_install']
[0.554s] Level 1:colcon.colcon_core.package_identification:_identify(src/smart_farm_navigation/260916_AMR_test/IsaacSim-ros_workspaces/humble_ws/src/custom_message) by extension 'ignore'
[0.554s] Level 1:colcon.colcon_core.package_identification:_identify(src/smart_farm_navigation/260916_AMR_test/IsaacSim-ros_workspaces/humble_ws/src/custom_message) by extension 'ignore_ament_install'
[0.554s] Level 1:colcon.colcon_core.package_identification:_identify(src/smart_farm_navigation/260916_AMR_test/IsaacSim-ros_workspaces/humble_ws/src/custom_message) by extensions ['colcon_pkg']
[0.554s] Level 1:colcon.colcon_core.package_identification:_identify(src/smart_farm_navigation/260916_AMR_test/IsaacSim-ros_workspaces/humble_ws/src/custom_message) by extension 'colcon_pkg'
[0.554s] Level 1:colcon.colcon_core.package_identification:_identify(src/smart_farm_navigation/260916_AMR_test/IsaacSim-ros_workspaces/humble_ws/src/custom_message) by extensions ['colcon_meta']
[0.554s] Level 1:colcon.colcon_core.package_identification:_identify(src/smart_farm_navigation/260916_AMR_test/IsaacSim-ros_workspaces/humble_ws/src/custom_message) by extension 'colcon_meta'
[0.554s] Level 1:colcon.colcon_core.package_identification:_identify(src/smart_farm_navigation/260916_AMR_test/IsaacSim-ros_workspaces/humble_ws/src/custom_message) by extensions ['ros']
[0.554s] Level 1:colcon.colcon_core.package_identification:_identify(src/smart_farm_navigation/260916_AMR_test/IsaacSim-ros_workspaces/humble_ws/src/custom_message) by extension 'ros'
[0.556s] DEBUG:colcon.colcon_core.package_identification:Package 'src/smart_farm_navigation/260916_AMR_test/IsaacSim-ros_workspaces/humble_ws/src/custom_message' with type 'ros.ament_cmake' and name 'custom_message'
[0.556s] Level 1:colcon.colcon_core.package_identification:_identify(src/smart_farm_navigation/260916_AMR_test/IsaacSim-ros_workspaces/humble_ws/src/greenwave_monitor) by extensions ['ignore', 'ignore_ament_install']
[0.556s] Level 1:colcon.colcon_core.package_identification:_identify(src/smart_farm_navigation/260916_AMR_test/IsaacSim-ros_workspaces/humble_ws/src/greenwave_monitor) by extension 'ignore'
[0.556s] Level 1:colcon.colcon_core.package_identification:_identify(src/smart_farm_navigation/260916_AMR_test/IsaacSim-ros_workspaces/humble_ws/src/greenwave_monitor) by extension 'ignore_ament_install'
[0.556s] Level 1:colcon.colcon_core.package_identification:_identify(src/smart_farm_navigation/260916_AMR_test/IsaacSim-ros_workspaces/humble_ws/src/greenwave_monitor) by extensions ['colcon_pkg']
[0.556s] Level 1:colcon.colcon_core.package_identification:_identify(src/smart_farm_navigation/260916_AMR_test/IsaacSim-ros_workspaces/humble_ws/src/greenwave_monitor) by extension 'colcon_pkg'
[0.556s] Level 1:colcon.colcon_core.package_identification:_identify(src/smart_farm_navigation/260916_AMR_test/IsaacSim-ros_workspaces/humble_ws/src/greenwave_monitor) by extensions ['colcon_meta']
[0.557s] Level 1:colcon.colcon_core.package_identification:_identify(src/smart_farm_navigation/260916_AMR_test/IsaacSim-ros_workspaces/humble_ws/src/greenwave_monitor) by extension 'colcon_meta'
[0.557s] Level 1:colcon.colcon_core.package_identification:_identify(src/smart_farm_navigation/260916_AMR_test/IsaacSim-ros_workspaces/humble_ws/src/greenwave_monitor) by extensions ['ros']
[0.557s] Level 1:colcon.colcon_core.package_identification:_identify(src/smart_farm_navigation/260916_AMR_test/IsaacSim-ros_workspaces/humble_ws/src/greenwave_monitor) by extension 'ros'
[0.557s] Level 1:colcon.colcon_core.package_identification:_identify(src/smart_farm_navigation/260916_AMR_test/IsaacSim-ros_workspaces/humble_ws/src/greenwave_monitor) by extensions ['cmake', 'python']
[0.557s] Level 1:colcon.colcon_core.package_identification:_identify(src/smart_farm_navigation/260916_AMR_test/IsaacSim-ros_workspaces/humble_ws/src/greenwave_monitor) by extension 'cmake'
[0.557s] Level 1:colcon.colcon_core.package_identification:_identify(src/smart_farm_navigation/260916_AMR_test/IsaacSim-ros_workspaces/humble_ws/src/greenwave_monitor) by extension 'python'
[0.557s] Level 1:colcon.colcon_core.package_identification:_identify(src/smart_farm_navigation/260916_AMR_test/IsaacSim-ros_workspaces/humble_ws/src/greenwave_monitor) by extensions ['python_setup_py']
[0.557s] Level 1:colcon.colcon_core.package_identification:_identify(src/smart_farm_navigation/260916_AMR_test/IsaacSim-ros_workspaces/humble_ws/src/greenwave_monitor) by extension 'python_setup_py'
[0.557s] Level 1:colcon.colcon_core.package_identification:_identify(src/smart_farm_navigation/260916_AMR_test/IsaacSim-ros_workspaces/humble_ws/src/humanoid_locomotion_policy_example) by extensions ['ignore', 'ignore_ament_install']
[0.558s] Level 1:colcon.colcon_core.package_identification:_identify(src/smart_farm_navigation/260916_AMR_test/IsaacSim-ros_workspaces/humble_ws/src/humanoid_locomotion_policy_example) by extension 'ignore'
[0.558s] Level 1:colcon.colcon_core.package_identification:_identify(src/smart_farm_navigation/260916_AMR_test/IsaacSim-ros_workspaces/humble_ws/src/humanoid_locomotion_policy_example) by extension 'ignore_ament_install'
[0.558s] Level 1:colcon.colcon_core.package_identification:_identify(src/smart_farm_navigation/260916_AMR_test/IsaacSim-ros_workspaces/humble_ws/src/humanoid_locomotion_policy_example) by extensions ['colcon_pkg']
[0.558s] Level 1:colcon.colcon_core.package_identification:_identify(src/smart_farm_navigation/260916_AMR_test/IsaacSim-ros_workspaces/humble_ws/src/humanoid_locomotion_policy_example) by extension 'colcon_pkg'
[0.558s] Level 1:colcon.colcon_core.package_identification:_identify(src/smart_farm_navigation/260916_AMR_test/IsaacSim-ros_workspaces/humble_ws/src/humanoid_locomotion_policy_example) by extensions ['colcon_meta']
[0.558s] Level 1:colcon.colcon_core.package_identification:_identify(src/smart_farm_navigation/260916_AMR_test/IsaacSim-ros_workspaces/humble_ws/src/humanoid_locomotion_policy_example) by extension 'colcon_meta'
[0.558s] Level 1:colcon.colcon_core.package_identification:_identify(src/smart_farm_navigation/260916_AMR_test/IsaacSim-ros_workspaces/humble_ws/src/humanoid_locomotion_policy_example) by extensions ['ros']
[0.558s] Level 1:colcon.colcon_core.package_identification:_identify(src/smart_farm_navigation/260916_AMR_test/IsaacSim-ros_workspaces/humble_ws/src/humanoid_locomotion_policy_example) by extension 'ros'
[0.558s] Level 1:colcon.colcon_core.package_identification:_identify(src/smart_farm_navigation/260916_AMR_test/IsaacSim-ros_workspaces/humble_ws/src/humanoid_locomotion_policy_example) by extensions ['cmake', 'python']
[0.558s] Level 1:colcon.colcon_core.package_identification:_identify(src/smart_farm_navigation/260916_AMR_test/IsaacSim-ros_workspaces/humble_ws/src/humanoid_locomotion_policy_example) by extension 'cmake'
[0.558s] Level 1:colcon.colcon_core.package_identification:_identify(src/smart_farm_navigation/260916_AMR_test/IsaacSim-ros_workspaces/humble_ws/src/humanoid_locomotion_policy_example) by extension 'python'
[0.558s] Level 1:colcon.colcon_core.package_identification:_identify(src/smart_farm_navigation/260916_AMR_test/IsaacSim-ros_workspaces/humble_ws/src/humanoid_locomotion_policy_example) by extensions ['python_setup_py']
[0.558s] Level 1:colcon.colcon_core.package_identification:_identify(src/smart_farm_navigation/260916_AMR_test/IsaacSim-ros_workspaces/humble_ws/src/humanoid_locomotion_policy_example) by extension 'python_setup_py'
[0.559s] Level 1:colcon.colcon_core.package_identification:_identify(src/smart_farm_navigation/260916_AMR_test/IsaacSim-ros_workspaces/humble_ws/src/humanoid_locomotion_policy_example/h1_fullbody_controller) by extensions ['ignore', 'ignore_ament_install']
[0.559s] Level 1:colcon.colcon_core.package_identification:_identify(src/smart_farm_navigation/260916_AMR_test/IsaacSim-ros_workspaces/humble_ws/src/humanoid_locomotion_policy_example/h1_fullbody_controller) by extension 'ignore'
[0.559s] Level 1:colcon.colcon_core.package_identification:_identify(src/smart_farm_navigation/260916_AMR_test/IsaacSim-ros_workspaces/humble_ws/src/humanoid_locomotion_policy_example/h1_fullbody_controller) by extension 'ignore_ament_install'
[0.559s] Level 1:colcon.colcon_core.package_identification:_identify(src/smart_farm_navigation/260916_AMR_test/IsaacSim-ros_workspaces/humble_ws/src/humanoid_locomotion_policy_example/h1_fullbody_controller) by extensions ['colcon_pkg']
[0.559s] Level 1:colcon.colcon_core.package_identification:_identify(src/smart_farm_navigation/260916_AMR_test/IsaacSim-ros_workspaces/humble_ws/src/humanoid_locomotion_policy_example/h1_fullbody_controller) by extension 'colcon_pkg'
[0.559s] Level 1:colcon.colcon_core.package_identification:_identify(src/smart_farm_navigation/260916_AMR_test/IsaacSim-ros_workspaces/humble_ws/src/humanoid_locomotion_policy_example/h1_fullbody_controller) by extensions ['colcon_meta']
[0.559s] Level 1:colcon.colcon_core.package_identification:_identify(src/smart_farm_navigation/260916_AMR_test/IsaacSim-ros_workspaces/humble_ws/src/humanoid_locomotion_policy_example/h1_fullbody_controller) by extension 'colcon_meta'
[0.559s] Level 1:colcon.colcon_core.package_identification:_identify(src/smart_farm_navigation/260916_AMR_test/IsaacSim-ros_workspaces/humble_ws/src/humanoid_locomotion_policy_example/h1_fullbody_controller) by extensions ['ros']
[0.560s] Level 1:colcon.colcon_core.package_identification:_identify(src/smart_farm_navigation/260916_AMR_test/IsaacSim-ros_workspaces/humble_ws/src/humanoid_locomotion_policy_example/h1_fullbody_controller) by extension 'ros'
[0.562s] DEBUG:colcon.colcon_core.package_identification:Package 'src/smart_farm_navigation/260916_AMR_test/IsaacSim-ros_workspaces/humble_ws/src/humanoid_locomotion_policy_example/h1_fullbody_controller' with type 'ros.ament_python' and name 'h1_fullbody_controller'
[0.562s] Level 1:colcon.colcon_core.package_identification:_identify(src/smart_farm_navigation/260916_AMR_test/IsaacSim-ros_workspaces/humble_ws/src/isaac_compressed_image_decoder) by extensions ['ignore', 'ignore_ament_install']
[0.562s] Level 1:colcon.colcon_core.package_identification:_identify(src/smart_farm_navigation/260916_AMR_test/IsaacSim-ros_workspaces/humble_ws/src/isaac_compressed_image_decoder) by extension 'ignore'
[0.563s] Level 1:colcon.colcon_core.package_identification:_identify(src/smart_farm_navigation/260916_AMR_test/IsaacSim-ros_workspaces/humble_ws/src/isaac_compressed_image_decoder) by extension 'ignore_ament_install'
[0.563s] Level 1:colcon.colcon_core.package_identification:_identify(src/smart_farm_navigation/260916_AMR_test/IsaacSim-ros_workspaces/humble_ws/src/isaac_compressed_image_decoder) by extensions ['colcon_pkg']
[0.563s] Level 1:colcon.colcon_core.package_identification:_identify(src/smart_farm_navigation/260916_AMR_test/IsaacSim-ros_workspaces/humble_ws/src/isaac_compressed_image_decoder) by extension 'colcon_pkg'
[0.563s] Level 1:colcon.colcon_core.package_identification:_identify(src/smart_farm_navigation/260916_AMR_test/IsaacSim-ros_workspaces/humble_ws/src/isaac_compressed_image_decoder) by extensions ['colcon_meta']
[0.563s] Level 1:colcon.colcon_core.package_identification:_identify(src/smart_farm_navigation/260916_AMR_test/IsaacSim-ros_workspaces/humble_ws/src/isaac_compressed_image_decoder) by extension 'colcon_meta'
[0.563s] Level 1:colcon.colcon_core.package_identification:_identify(src/smart_farm_navigation/260916_AMR_test/IsaacSim-ros_workspaces/humble_ws/src/isaac_compressed_image_decoder) by extensions ['ros']
[0.563s] Level 1:colcon.colcon_core.package_identification:_identify(src/smart_farm_navigation/260916_AMR_test/IsaacSim-ros_workspaces/humble_ws/src/isaac_compressed_image_decoder) by extension 'ros'
[0.564s] DEBUG:colcon.colcon_core.package_identification:Package 'src/smart_farm_navigation/260916_AMR_test/IsaacSim-ros_workspaces/humble_ws/src/isaac_compressed_image_decoder' with type 'ros.ament_python' and name 'isaac_compressed_image_decoder'
[0.565s] Level 1:colcon.colcon_core.package_identification:_identify(src/smart_farm_navigation/260916_AMR_test/IsaacSim-ros_workspaces/humble_ws/src/isaac_ros2_messages) by extensions ['ignore', 'ignore_ament_install']
[0.565s] Level 1:colcon.colcon_core.package_identification:_identify(src/smart_farm_navigation/260916_AMR_test/IsaacSim-ros_workspaces/humble_ws/src/isaac_ros2_messages) by extension 'ignore'
[0.565s] Level 1:colcon.colcon_core.package_identification:_identify(src/smart_farm_navigation/260916_AMR_test/IsaacSim-ros_workspaces/humble_ws/src/isaac_ros2_messages) by extension 'ignore_ament_install'
[0.565s] Level 1:colcon.colcon_core.package_identification:_identify(src/smart_farm_navigation/260916_AMR_test/IsaacSim-ros_workspaces/humble_ws/src/isaac_ros2_messages) by extensions ['colcon_pkg']
[0.565s] Level 1:colcon.colcon_core.package_identification:_identify(src/smart_farm_navigation/260916_AMR_test/IsaacSim-ros_workspaces/humble_ws/src/isaac_ros2_messages) by extension 'colcon_pkg'
[0.566s] Level 1:colcon.colcon_core.package_identification:_identify(src/smart_farm_navigation/260916_AMR_test/IsaacSim-ros_workspaces/humble_ws/src/isaac_ros2_messages) by extensions ['colcon_meta']
[0.566s] Level 1:colcon.colcon_core.package_identification:_identify(src/smart_farm_navigation/260916_AMR_test/IsaacSim-ros_workspaces/humble_ws/src/isaac_ros2_messages) by extension 'colcon_meta'
[0.566s] Level 1:colcon.colcon_core.package_identification:_identify(src/smart_farm_navigation/260916_AMR_test/IsaacSim-ros_workspaces/humble_ws/src/isaac_ros2_messages) by extensions ['ros']
[0.566s] Level 1:colcon.colcon_core.package_identification:_identify(src/smart_farm_navigation/260916_AMR_test/IsaacSim-ros_workspaces/humble_ws/src/isaac_ros2_messages) by extension 'ros'
[0.567s] DEBUG:colcon.colcon_core.package_identification:Package 'src/smart_farm_navigation/260916_AMR_test/IsaacSim-ros_workspaces/humble_ws/src/isaac_ros2_messages' with type 'ros.ament_cmake' and name 'isaac_ros2_messages'
[0.567s] Level 1:colcon.colcon_core.package_identification:_identify(src/smart_farm_navigation/260916_AMR_test/IsaacSim-ros_workspaces/humble_ws/src/isaac_tutorials) by extensions ['ignore', 'ignore_ament_install']
[0.567s] Level 1:colcon.colcon_core.package_identification:_identify(src/smart_farm_navigation/260916_AMR_test/IsaacSim-ros_workspaces/humble_ws/src/isaac_tutorials) by extension 'ignore'
[0.567s] Level 1:colcon.colcon_core.package_identification:_identify(src/smart_farm_navigation/260916_AMR_test/IsaacSim-ros_workspaces/humble_ws/src/isaac_tutorials) by extension 'ignore_ament_install'
[0.567s] Level 1:colcon.colcon_core.package_identification:_identify(src/smart_farm_navigation/260916_AMR_test/IsaacSim-ros_workspaces/humble_ws/src/isaac_tutorials) by extensions ['colcon_pkg']
[0.567s] Level 1:colcon.colcon_core.package_identification:_identify(src/smart_farm_navigation/260916_AMR_test/IsaacSim-ros_workspaces/humble_ws/src/isaac_tutorials) by extension 'colcon_pkg'
[0.567s] Level 1:colcon.colcon_core.package_identification:_identify(src/smart_farm_navigation/260916_AMR_test/IsaacSim-ros_workspaces/humble_ws/src/isaac_tutorials) by extensions ['colcon_meta']
[0.567s] Level 1:colcon.colcon_core.package_identification:_identify(src/smart_farm_navigation/260916_AMR_test/IsaacSim-ros_workspaces/humble_ws/src/isaac_tutorials) by extension 'colcon_meta'
[0.568s] Level 1:colcon.colcon_core.package_identification:_identify(src/smart_farm_navigation/260916_AMR_test/IsaacSim-ros_workspaces/humble_ws/src/isaac_tutorials) by extensions ['ros']
[0.568s] Level 1:colcon.colcon_core.package_identification:_identify(src/smart_farm_navigation/260916_AMR_test/IsaacSim-ros_workspaces/humble_ws/src/isaac_tutorials) by extension 'ros'
[0.568s] DEBUG:colcon.colcon_core.package_identification:Package 'src/smart_farm_navigation/260916_AMR_test/IsaacSim-ros_workspaces/humble_ws/src/isaac_tutorials' with type 'ros.ament_cmake' and name 'isaac_tutorials'
[0.569s] Level 1:colcon.colcon_core.package_identification:_identify(src/smart_farm_navigation/260916_AMR_test/IsaacSim-ros_workspaces/humble_ws/src/isaacsim_bringup) by extensions ['ignore', 'ignore_ament_install']
[0.569s] Level 1:colcon.colcon_core.package_identification:_identify(src/smart_farm_navigation/260916_AMR_test/IsaacSim-ros_workspaces/humble_ws/src/isaacsim_bringup) by extension 'ignore'
[0.569s] Level 1:colcon.colcon_core.package_identification:_identify(src/smart_farm_navigation/260916_AMR_test/IsaacSim-ros_workspaces/humble_ws/src/isaacsim_bringup) by extension 'ignore_ament_install'
[0.569s] Level 1:colcon.colcon_core.package_identification:_identify(src/smart_farm_navigation/260916_AMR_test/IsaacSim-ros_workspaces/humble_ws/src/isaacsim_bringup) by extensions ['colcon_pkg']
[0.569s] Level 1:colcon.colcon_core.package_identification:_identify(src/smart_farm_navigation/260916_AMR_test/IsaacSim-ros_workspaces/humble_ws/src/isaacsim_bringup) by extension 'colcon_pkg'
[0.569s] Level 1:colcon.colcon_core.package_identification:_identify(src/smart_farm_navigation/260916_AMR_test/IsaacSim-ros_workspaces/humble_ws/src/isaacsim_bringup) by extensions ['colcon_meta']
[0.569s] Level 1:colcon.colcon_core.package_identification:_identify(src/smart_farm_navigation/260916_AMR_test/IsaacSim-ros_workspaces/humble_ws/src/isaacsim_bringup) by extension 'colcon_meta'
[0.569s] Level 1:colcon.colcon_core.package_identification:_identify(src/smart_farm_navigation/260916_AMR_test/IsaacSim-ros_workspaces/humble_ws/src/isaacsim_bringup) by extensions ['ros']
[0.569s] Level 1:colcon.colcon_core.package_identification:_identify(src/smart_farm_navigation/260916_AMR_test/IsaacSim-ros_workspaces/humble_ws/src/isaacsim_bringup) by extension 'ros'
[0.570s] DEBUG:colcon.colcon_core.package_identification:Package 'src/smart_farm_navigation/260916_AMR_test/IsaacSim-ros_workspaces/humble_ws/src/isaacsim_bringup' with type 'ros.ament_python' and name 'isaacsim_bringup'
[0.570s] Level 1:colcon.colcon_core.package_identification:_identify(src/smart_farm_navigation/260916_AMR_test/IsaacSim-ros_workspaces/humble_ws/src/moveit) by extensions ['ignore', 'ignore_ament_install']
[0.570s] Level 1:colcon.colcon_core.package_identification:_identify(src/smart_farm_navigation/260916_AMR_test/IsaacSim-ros_workspaces/humble_ws/src/moveit) by extension 'ignore'
[0.571s] Level 1:colcon.colcon_core.package_identification:_identify(src/smart_farm_navigation/260916_AMR_test/IsaacSim-ros_workspaces/humble_ws/src/moveit) by extension 'ignore_ament_install'
[0.571s] Level 1:colcon.colcon_core.package_identification:_identify(src/smart_farm_navigation/260916_AMR_test/IsaacSim-ros_workspaces/humble_ws/src/moveit) by extensions ['colcon_pkg']
[0.571s] Level 1:colcon.colcon_core.package_identification:_identify(src/smart_farm_navigation/260916_AMR_test/IsaacSim-ros_workspaces/humble_ws/src/moveit) by extension 'colcon_pkg'
[0.571s] Level 1:colcon.colcon_core.package_identification:_identify(src/smart_farm_navigation/260916_AMR_test/IsaacSim-ros_workspaces/humble_ws/src/moveit) by extensions ['colcon_meta']
[0.571s] Level 1:colcon.colcon_core.package_identification:_identify(src/smart_farm_navigation/260916_AMR_test/IsaacSim-ros_workspaces/humble_ws/src/moveit) by extension 'colcon_meta'
[0.571s] Level 1:colcon.colcon_core.package_identification:_identify(src/smart_farm_navigation/260916_AMR_test/IsaacSim-ros_workspaces/humble_ws/src/moveit) by extensions ['ros']
[0.571s] Level 1:colcon.colcon_core.package_identification:_identify(src/smart_farm_navigation/260916_AMR_test/IsaacSim-ros_workspaces/humble_ws/src/moveit) by extension 'ros'
[0.571s] Level 1:colcon.colcon_core.package_identification:_identify(src/smart_farm_navigation/260916_AMR_test/IsaacSim-ros_workspaces/humble_ws/src/moveit) by extensions ['cmake', 'python']
[0.571s] Level 1:colcon.colcon_core.package_identification:_identify(src/smart_farm_navigation/260916_AMR_test/IsaacSim-ros_workspaces/humble_ws/src/moveit) by extension 'cmake'
[0.571s] Level 1:colcon.colcon_core.package_identification:_identify(src/smart_farm_navigation/260916_AMR_test/IsaacSim-ros_workspaces/humble_ws/src/moveit) by extension 'python'
[0.571s] Level 1:colcon.colcon_core.package_identification:_identify(src/smart_farm_navigation/260916_AMR_test/IsaacSim-ros_workspaces/humble_ws/src/moveit) by extensions ['python_setup_py']
[0.571s] Level 1:colcon.colcon_core.package_identification:_identify(src/smart_farm_navigation/260916_AMR_test/IsaacSim-ros_workspaces/humble_ws/src/moveit) by extension 'python_setup_py'
[0.572s] Level 1:colcon.colcon_core.package_identification:_identify(src/smart_farm_navigation/260916_AMR_test/IsaacSim-ros_workspaces/humble_ws/src/moveit/isaac_moveit) by extensions ['ignore', 'ignore_ament_install']
[0.572s] Level 1:colcon.colcon_core.package_identification:_identify(src/smart_farm_navigation/260916_AMR_test/IsaacSim-ros_workspaces/humble_ws/src/moveit/isaac_moveit) by extension 'ignore'
[0.572s] Level 1:colcon.colcon_core.package_identification:_identify(src/smart_farm_navigation/260916_AMR_test/IsaacSim-ros_workspaces/humble_ws/src/moveit/isaac_moveit) by extension 'ignore_ament_install'
[0.572s] Level 1:colcon.colcon_core.package_identification:_identify(src/smart_farm_navigation/260916_AMR_test/IsaacSim-ros_workspaces/humble_ws/src/moveit/isaac_moveit) by extensions ['colcon_pkg']
[0.572s] Level 1:colcon.colcon_core.package_identification:_identify(src/smart_farm_navigation/260916_AMR_test/IsaacSim-ros_workspaces/humble_ws/src/moveit/isaac_moveit) by extension 'colcon_pkg'
[0.572s] Level 1:colcon.colcon_core.package_identification:_identify(src/smart_farm_navigation/260916_AMR_test/IsaacSim-ros_workspaces/humble_ws/src/moveit/isaac_moveit) by extensions ['colcon_meta']
[0.572s] Level 1:colcon.colcon_core.package_identification:_identify(src/smart_farm_navigation/260916_AMR_test/IsaacSim-ros_workspaces/humble_ws/src/moveit/isaac_moveit) by extension 'colcon_meta'
[0.572s] Level 1:colcon.colcon_core.package_identification:_identify(src/smart_farm_navigation/260916_AMR_test/IsaacSim-ros_workspaces/humble_ws/src/moveit/isaac_moveit) by extensions ['ros']
[0.572s] Level 1:colcon.colcon_core.package_identification:_identify(src/smart_farm_navigation/260916_AMR_test/IsaacSim-ros_workspaces/humble_ws/src/moveit/isaac_moveit) by extension 'ros'
[0.574s] DEBUG:colcon.colcon_core.package_identification:Package 'src/smart_farm_navigation/260916_AMR_test/IsaacSim-ros_workspaces/humble_ws/src/moveit/isaac_moveit' with type 'ros.ament_python' and name 'isaac_moveit'
[0.574s] Level 1:colcon.colcon_core.package_identification:_identify(src/smart_farm_navigation/260916_AMR_test/IsaacSim-ros_workspaces/humble_ws/src/moveit/isaac_ros2_control_demo) by extensions ['ignore', 'ignore_ament_install']
[0.574s] Level 1:colcon.colcon_core.package_identification:_identify(src/smart_farm_navigation/260916_AMR_test/IsaacSim-ros_workspaces/humble_ws/src/moveit/isaac_ros2_control_demo) by extension 'ignore'
[0.575s] Level 1:colcon.colcon_core.package_identification:_identify(src/smart_farm_navigation/260916_AMR_test/IsaacSim-ros_workspaces/humble_ws/src/moveit/isaac_ros2_control_demo) by extension 'ignore_ament_install'
[0.575s] Level 1:colcon.colcon_core.package_identification:_identify(src/smart_farm_navigation/260916_AMR_test/IsaacSim-ros_workspaces/humble_ws/src/moveit/isaac_ros2_control_demo) by extensions ['colcon_pkg']
[0.575s] Level 1:colcon.colcon_core.package_identification:_identify(src/smart_farm_navigation/260916_AMR_test/IsaacSim-ros_workspaces/humble_ws/src/moveit/isaac_ros2_control_demo) by extension 'colcon_pkg'
[0.575s] Level 1:colcon.colcon_core.package_identification:_identify(src/smart_farm_navigation/260916_AMR_test/IsaacSim-ros_workspaces/humble_ws/src/moveit/isaac_ros2_control_demo) by extensions ['colcon_meta']
[0.575s] Level 1:colcon.colcon_core.package_identification:_identify(src/smart_farm_navigation/260916_AMR_test/IsaacSim-ros_workspaces/humble_ws/src/moveit/isaac_ros2_control_demo) by extension 'colcon_meta'
[0.575s] Level 1:colcon.colcon_core.package_identification:_identify(src/smart_farm_navigation/260916_AMR_test/IsaacSim-ros_workspaces/humble_ws/src/moveit/isaac_ros2_control_demo) by extensions ['ros']
[0.575s] Level 1:colcon.colcon_core.package_identification:_identify(src/smart_farm_navigation/260916_AMR_test/IsaacSim-ros_workspaces/humble_ws/src/moveit/isaac_ros2_control_demo) by extension 'ros'
[0.576s] DEBUG:colcon.colcon_core.package_identification:Package 'src/smart_farm_navigation/260916_AMR_test/IsaacSim-ros_workspaces/humble_ws/src/moveit/isaac_ros2_control_demo' with type 'ros.ament_cmake' and name 'isaac_ros2_control_demo'
[0.576s] Level 1:colcon.colcon_core.package_identification:_identify(src/smart_farm_navigation/260916_AMR_test/IsaacSim-ros_workspaces/humble_ws/src/moveit/moveit_resources) by extensions ['ignore', 'ignore_ament_install']
[0.577s] Level 1:colcon.colcon_core.package_identification:_identify(src/smart_farm_navigation/260916_AMR_test/IsaacSim-ros_workspaces/humble_ws/src/moveit/moveit_resources) by extension 'ignore'
[0.577s] Level 1:colcon.colcon_core.package_identification:_identify(src/smart_farm_navigation/260916_AMR_test/IsaacSim-ros_workspaces/humble_ws/src/moveit/moveit_resources) by extension 'ignore_ament_install'
[0.577s] Level 1:colcon.colcon_core.package_identification:_identify(src/smart_farm_navigation/260916_AMR_test/IsaacSim-ros_workspaces/humble_ws/src/moveit/moveit_resources) by extensions ['colcon_pkg']
[0.577s] Level 1:colcon.colcon_core.package_identification:_identify(src/smart_farm_navigation/260916_AMR_test/IsaacSim-ros_workspaces/humble_ws/src/moveit/moveit_resources) by extension 'colcon_pkg'
[0.577s] Level 1:colcon.colcon_core.package_identification:_identify(src/smart_farm_navigation/260916_AMR_test/IsaacSim-ros_workspaces/humble_ws/src/moveit/moveit_resources) by extensions ['colcon_meta']
[0.577s] Level 1:colcon.colcon_core.package_identification:_identify(src/smart_farm_navigation/260916_AMR_test/IsaacSim-ros_workspaces/humble_ws/src/moveit/moveit_resources) by extension 'colcon_meta'
[0.577s] Level 1:colcon.colcon_core.package_identification:_identify(src/smart_farm_navigation/260916_AMR_test/IsaacSim-ros_workspaces/humble_ws/src/moveit/moveit_resources) by extensions ['ros']
[0.577s] Level 1:colcon.colcon_core.package_identification:_identify(src/smart_farm_navigation/260916_AMR_test/IsaacSim-ros_workspaces/humble_ws/src/moveit/moveit_resources) by extension 'ros'
[0.577s] Level 1:colcon.colcon_core.package_identification:_identify(src/smart_farm_navigation/260916_AMR_test/IsaacSim-ros_workspaces/humble_ws/src/moveit/moveit_resources) by extensions ['cmake', 'python']
[0.577s] Level 1:colcon.colcon_core.package_identification:_identify(src/smart_farm_navigation/260916_AMR_test/IsaacSim-ros_workspaces/humble_ws/src/moveit/moveit_resources) by extension 'cmake'
[0.577s] Level 1:colcon.colcon_core.package_identification:_identify(src/smart_farm_navigation/260916_AMR_test/IsaacSim-ros_workspaces/humble_ws/src/moveit/moveit_resources) by extension 'python'
[0.577s] Level 1:colcon.colcon_core.package_identification:_identify(src/smart_farm_navigation/260916_AMR_test/IsaacSim-ros_workspaces/humble_ws/src/moveit/moveit_resources) by extensions ['python_setup_py']
[0.578s] Level 1:colcon.colcon_core.package_identification:_identify(src/smart_farm_navigation/260916_AMR_test/IsaacSim-ros_workspaces/humble_ws/src/moveit/moveit_resources) by extension 'python_setup_py'
[0.578s] Level 1:colcon.colcon_core.package_identification:_identify(src/smart_farm_navigation/260916_AMR_test/IsaacSim-ros_workspaces/humble_ws/src/navigation) by extensions ['ignore', 'ignore_ament_install']
[0.578s] Level 1:colcon.colcon_core.package_identification:_identify(src/smart_farm_navigation/260916_AMR_test/IsaacSim-ros_workspaces/humble_ws/src/navigation) by extension 'ignore'
[0.578s] Level 1:colcon.colcon_core.package_identification:_identify(src/smart_farm_navigation/260916_AMR_test/IsaacSim-ros_workspaces/humble_ws/src/navigation) by extension 'ignore_ament_install'
[0.578s] Level 1:colcon.colcon_core.package_identification:_identify(src/smart_farm_navigation/260916_AMR_test/IsaacSim-ros_workspaces/humble_ws/src/navigation) by extensions ['colcon_pkg']
[0.578s] Level 1:colcon.colcon_core.package_identification:_identify(src/smart_farm_navigation/260916_AMR_test/IsaacSim-ros_workspaces/humble_ws/src/navigation) by extension 'colcon_pkg'
[0.578s] Level 1:colcon.colcon_core.package_identification:_identify(src/smart_farm_navigation/260916_AMR_test/IsaacSim-ros_workspaces/humble_ws/src/navigation) by extensions ['colcon_meta']
[0.579s] Level 1:colcon.colcon_core.package_identification:_identify(src/smart_farm_navigation/260916_AMR_test/IsaacSim-ros_workspaces/humble_ws/src/navigation) by extension 'colcon_meta'
[0.579s] Level 1:colcon.colcon_core.package_identification:_identify(src/smart_farm_navigation/260916_AMR_test/IsaacSim-ros_workspaces/humble_ws/src/navigation) by extensions ['ros']
[0.579s] Level 1:colcon.colcon_core.package_identification:_identify(src/smart_farm_navigation/260916_AMR_test/IsaacSim-ros_workspaces/humble_ws/src/navigation) by extension 'ros'
[0.579s] Level 1:colcon.colcon_core.package_identification:_identify(src/smart_farm_navigation/260916_AMR_test/IsaacSim-ros_workspaces/humble_ws/src/navigation) by extensions ['cmake', 'python']
[0.579s] Level 1:colcon.colcon_core.package_identification:_identify(src/smart_farm_navigation/260916_AMR_test/IsaacSim-ros_workspaces/humble_ws/src/navigation) by extension 'cmake'
[0.579s] Level 1:colcon.colcon_core.package_identification:_identify(src/smart_farm_navigation/260916_AMR_test/IsaacSim-ros_workspaces/humble_ws/src/navigation) by extension 'python'
[0.579s] Level 1:colcon.colcon_core.package_identification:_identify(src/smart_farm_navigation/260916_AMR_test/IsaacSim-ros_workspaces/humble_ws/src/navigation) by extensions ['python_setup_py']
[0.579s] Level 1:colcon.colcon_core.package_identification:_identify(src/smart_farm_navigation/260916_AMR_test/IsaacSim-ros_workspaces/humble_ws/src/navigation) by extension 'python_setup_py'
[0.580s] Level 1:colcon.colcon_core.package_identification:_identify(src/smart_farm_navigation/260916_AMR_test/IsaacSim-ros_workspaces/humble_ws/src/navigation/carter_navigation) by extensions ['ignore', 'ignore_ament_install']
[0.581s] Level 1:colcon.colcon_core.package_identification:_identify(src/smart_farm_navigation/260916_AMR_test/IsaacSim-ros_workspaces/humble_ws/src/navigation/carter_navigation) by extension 'ignore'
[0.581s] Level 1:colcon.colcon_core.package_identification:_identify(src/smart_farm_navigation/260916_AMR_test/IsaacSim-ros_workspaces/humble_ws/src/navigation/carter_navigation) by extension 'ignore_ament_install'
[0.582s] Level 1:colcon.colcon_core.package_identification:_identify(src/smart_farm_navigation/260916_AMR_test/IsaacSim-ros_workspaces/humble_ws/src/navigation/carter_navigation) by extensions ['colcon_pkg']
[0.582s] Level 1:colcon.colcon_core.package_identification:_identify(src/smart_farm_navigation/260916_AMR_test/IsaacSim-ros_workspaces/humble_ws/src/navigation/carter_navigation) by extension 'colcon_pkg'
[0.582s] Level 1:colcon.colcon_core.package_identification:_identify(src/smart_farm_navigation/260916_AMR_test/IsaacSim-ros_workspaces/humble_ws/src/navigation/carter_navigation) by extensions ['colcon_meta']
[0.582s] Level 1:colcon.colcon_core.package_identification:_identify(src/smart_farm_navigation/260916_AMR_test/IsaacSim-ros_workspaces/humble_ws/src/navigation/carter_navigation) by extension 'colcon_meta'
[0.582s] Level 1:colcon.colcon_core.package_identification:_identify(src/smart_farm_navigation/260916_AMR_test/IsaacSim-ros_workspaces/humble_ws/src/navigation/carter_navigation) by extensions ['ros']
[0.582s] Level 1:colcon.colcon_core.package_identification:_identify(src/smart_farm_navigation/260916_AMR_test/IsaacSim-ros_workspaces/humble_ws/src/navigation/carter_navigation) by extension 'ros'
[0.584s] DEBUG:colcon.colcon_core.package_identification:Package 'src/smart_farm_navigation/260916_AMR_test/IsaacSim-ros_workspaces/humble_ws/src/navigation/carter_navigation' with type 'ros.ament_cmake' and name 'carter_navigation'
[0.585s] Level 1:colcon.colcon_core.package_identification:_identify(src/smart_farm_navigation/260916_AMR_test/IsaacSim-ros_workspaces/humble_ws/src/navigation/isaac_ros_navigation_goal) by extensions ['ignore', 'ignore_ament_install']
[0.585s] Level 1:colcon.colcon_core.package_identification:_identify(src/smart_farm_navigation/260916_AMR_test/IsaacSim-ros_workspaces/humble_ws/src/navigation/isaac_ros_navigation_goal) by extension 'ignore'
[0.586s] Level 1:colcon.colcon_core.package_identification:_identify(src/smart_farm_navigation/260916_AMR_test/IsaacSim-ros_workspaces/humble_ws/src/navigation/isaac_ros_navigation_goal) by extension 'ignore_ament_install'
[0.586s] Level 1:colcon.colcon_core.package_identification:_identify(src/smart_farm_navigation/260916_AMR_test/IsaacSim-ros_workspaces/humble_ws/src/navigation/isaac_ros_navigation_goal) by extensions ['colcon_pkg']
[0.586s] Level 1:colcon.colcon_core.package_identification:_identify(src/smart_farm_navigation/260916_AMR_test/IsaacSim-ros_workspaces/humble_ws/src/navigation/isaac_ros_navigation_goal) by extension 'colcon_pkg'
[0.586s] Level 1:colcon.colcon_core.package_identification:_identify(src/smart_farm_navigation/260916_AMR_test/IsaacSim-ros_workspaces/humble_ws/src/navigation/isaac_ros_navigation_goal) by extensions ['colcon_meta']
[0.586s] Level 1:colcon.colcon_core.package_identification:_identify(src/smart_farm_navigation/260916_AMR_test/IsaacSim-ros_workspaces/humble_ws/src/navigation/isaac_ros_navigation_goal) by extension 'colcon_meta'
[0.586s] Level 1:colcon.colcon_core.package_identification:_identify(src/smart_farm_navigation/260916_AMR_test/IsaacSim-ros_workspaces/humble_ws/src/navigation/isaac_ros_navigation_goal) by extensions ['ros']
[0.586s] Level 1:colcon.colcon_core.package_identification:_identify(src/smart_farm_navigation/260916_AMR_test/IsaacSim-ros_workspaces/humble_ws/src/navigation/isaac_ros_navigation_goal) by extension 'ros'
[0.589s] DEBUG:colcon.colcon_core.package_identification:Package 'src/smart_farm_navigation/260916_AMR_test/IsaacSim-ros_workspaces/humble_ws/src/navigation/isaac_ros_navigation_goal' with type 'ros.ament_python' and name 'isaac_ros_navigation_goal'
[0.589s] Level 1:colcon.colcon_core.package_identification:_identify(src/smart_farm_navigation/260916_AMR_test/IsaacSim-ros_workspaces/humble_ws/src/navigation/isaacsim_clearpath_nav2) by extensions ['ignore', 'ignore_ament_install']
[0.590s] Level 1:colcon.colcon_core.package_identification:_identify(src/smart_farm_navigation/260916_AMR_test/IsaacSim-ros_workspaces/humble_ws/src/navigation/isaacsim_clearpath_nav2) by extension 'ignore'
[0.590s] Level 1:colcon.colcon_core.package_identification:_identify(src/smart_farm_navigation/260916_AMR_test/IsaacSim-ros_workspaces/humble_ws/src/navigation/isaacsim_clearpath_nav2) by extension 'ignore_ament_install'
[0.590s] Level 1:colcon.colcon_core.package_identification:_identify(src/smart_farm_navigation/260916_AMR_test/IsaacSim-ros_workspaces/humble_ws/src/navigation/isaacsim_clearpath_nav2) by extensions ['colcon_pkg']
[0.590s] Level 1:colcon.colcon_core.package_identification:_identify(src/smart_farm_navigation/260916_AMR_test/IsaacSim-ros_workspaces/humble_ws/src/navigation/isaacsim_clearpath_nav2) by extension 'colcon_pkg'
[0.590s] Level 1:colcon.colcon_core.package_identification:_identify(src/smart_farm_navigation/260916_AMR_test/IsaacSim-ros_workspaces/humble_ws/src/navigation/isaacsim_clearpath_nav2) by extensions ['colcon_meta']
[0.590s] Level 1:colcon.colcon_core.package_identification:_identify(src/smart_farm_navigation/260916_AMR_test/IsaacSim-ros_workspaces/humble_ws/src/navigation/isaacsim_clearpath_nav2) by extension 'colcon_meta'
[0.590s] Level 1:colcon.colcon_core.package_identification:_identify(src/smart_farm_navigation/260916_AMR_test/IsaacSim-ros_workspaces/humble_ws/src/navigation/isaacsim_clearpath_nav2) by extensions ['ros']
[0.591s] Level 1:colcon.colcon_core.package_identification:_identify(src/smart_farm_navigation/260916_AMR_test/IsaacSim-ros_workspaces/humble_ws/src/navigation/isaacsim_clearpath_nav2) by extension 'ros'
[0.592s] DEBUG:colcon.colcon_core.package_identification:Package 'src/smart_farm_navigation/260916_AMR_test/IsaacSim-ros_workspaces/humble_ws/src/navigation/isaacsim_clearpath_nav2' with type 'ros.ament_cmake' and name 'isaacsim_clearpath_nav2'
[0.592s] Level 1:colcon.colcon_core.package_identification:_identify(src/smart_farm_navigation/260916_AMR_test/IsaacSim-ros_workspaces/humble_ws/src/navigation/iw_hub_navigation) by extensions ['ignore', 'ignore_ament_install']
[0.592s] Level 1:colcon.colcon_core.package_identification:_identify(src/smart_farm_navigation/260916_AMR_test/IsaacSim-ros_workspaces/humble_ws/src/navigation/iw_hub_navigation) by extension 'ignore'
[0.592s] Level 1:colcon.colcon_core.package_identification:_identify(src/smart_farm_navigation/260916_AMR_test/IsaacSim-ros_workspaces/humble_ws/src/navigation/iw_hub_navigation) by extension 'ignore_ament_install'
[0.592s] Level 1:colcon.colcon_core.package_identification:_identify(src/smart_farm_navigation/260916_AMR_test/IsaacSim-ros_workspaces/humble_ws/src/navigation/iw_hub_navigation) by extensions ['colcon_pkg']
[0.593s] Level 1:colcon.colcon_core.package_identification:_identify(src/smart_farm_navigation/260916_AMR_test/IsaacSim-ros_workspaces/humble_ws/src/navigation/iw_hub_navigation) by extension 'colcon_pkg'
[0.593s] Level 1:colcon.colcon_core.package_identification:_identify(src/smart_farm_navigation/260916_AMR_test/IsaacSim-ros_workspaces/humble_ws/src/navigation/iw_hub_navigation) by extensions ['colcon_meta']
[0.593s] Level 1:colcon.colcon_core.package_identification:_identify(src/smart_farm_navigation/260916_AMR_test/IsaacSim-ros_workspaces/humble_ws/src/navigation/iw_hub_navigation) by extension 'colcon_meta'
[0.593s] Level 1:colcon.colcon_core.package_identification:_identify(src/smart_farm_navigation/260916_AMR_test/IsaacSim-ros_workspaces/humble_ws/src/navigation/iw_hub_navigation) by extensions ['ros']
[0.593s] Level 1:colcon.colcon_core.package_identification:_identify(src/smart_farm_navigation/260916_AMR_test/IsaacSim-ros_workspaces/humble_ws/src/navigation/iw_hub_navigation) by extension 'ros'
[0.595s] DEBUG:colcon.colcon_core.package_identification:Package 'src/smart_farm_navigation/260916_AMR_test/IsaacSim-ros_workspaces/humble_ws/src/navigation/iw_hub_navigation' with type 'ros.ament_cmake' and name 'iw_hub_navigation'
[0.595s] Level 1:colcon.colcon_core.package_identification:_identify(src/smart_farm_navigation/260916_AMR_test/IsaacSim-ros_workspaces/jazzy_ws) by extensions ['ignore', 'ignore_ament_install']
[0.596s] Level 1:colcon.colcon_core.package_identification:_identify(src/smart_farm_navigation/260916_AMR_test/IsaacSim-ros_workspaces/jazzy_ws) by extension 'ignore'
[0.596s] Level 1:colcon.colcon_core.package_identification:_identify(src/smart_farm_navigation/260916_AMR_test/IsaacSim-ros_workspaces/jazzy_ws) by extension 'ignore_ament_install'
[0.596s] Level 1:colcon.colcon_core.package_identification:_identify(src/smart_farm_navigation/260916_AMR_test/IsaacSim-ros_workspaces/jazzy_ws) by extensions ['colcon_pkg']
[0.596s] Level 1:colcon.colcon_core.package_identification:_identify(src/smart_farm_navigation/260916_AMR_test/IsaacSim-ros_workspaces/jazzy_ws) by extension 'colcon_pkg'
[0.596s] Level 1:colcon.colcon_core.package_identification:_identify(src/smart_farm_navigation/260916_AMR_test/IsaacSim-ros_workspaces/jazzy_ws) by extensions ['colcon_meta']
[0.596s] Level 1:colcon.colcon_core.package_identification:_identify(src/smart_farm_navigation/260916_AMR_test/IsaacSim-ros_workspaces/jazzy_ws) by extension 'colcon_meta'
[0.596s] Level 1:colcon.colcon_core.package_identification:_identify(src/smart_farm_navigation/260916_AMR_test/IsaacSim-ros_workspaces/jazzy_ws) by extensions ['ros']
[0.596s] Level 1:colcon.colcon_core.package_identification:_identify(src/smart_farm_navigation/260916_AMR_test/IsaacSim-ros_workspaces/jazzy_ws) by extension 'ros'
[0.597s] Level 1:colcon.colcon_core.package_identification:_identify(src/smart_farm_navigation/260916_AMR_test/IsaacSim-ros_workspaces/jazzy_ws) by extensions ['cmake', 'python']
[0.597s] Level 1:colcon.colcon_core.package_identification:_identify(src/smart_farm_navigation/260916_AMR_test/IsaacSim-ros_workspaces/jazzy_ws) by extension 'cmake'
[0.597s] Level 1:colcon.colcon_core.package_identification:_identify(src/smart_farm_navigation/260916_AMR_test/IsaacSim-ros_workspaces/jazzy_ws) by extension 'python'
[0.597s] Level 1:colcon.colcon_core.package_identification:_identify(src/smart_farm_navigation/260916_AMR_test/IsaacSim-ros_workspaces/jazzy_ws) by extensions ['python_setup_py']
[0.597s] Level 1:colcon.colcon_core.package_identification:_identify(src/smart_farm_navigation/260916_AMR_test/IsaacSim-ros_workspaces/jazzy_ws) by extension 'python_setup_py'
[0.598s] Level 1:colcon.colcon_core.package_identification:_identify(src/smart_farm_navigation/260916_AMR_test/IsaacSim-ros_workspaces/jazzy_ws/src) by extensions ['ignore', 'ignore_ament_install']
[0.598s] Level 1:colcon.colcon_core.package_identification:_identify(src/smart_farm_navigation/260916_AMR_test/IsaacSim-ros_workspaces/jazzy_ws/src) by extension 'ignore'
[0.598s] Level 1:colcon.colcon_core.package_identification:_identify(src/smart_farm_navigation/260916_AMR_test/IsaacSim-ros_workspaces/jazzy_ws/src) by extension 'ignore_ament_install'
[0.598s] Level 1:colcon.colcon_core.package_identification:_identify(src/smart_farm_navigation/260916_AMR_test/IsaacSim-ros_workspaces/jazzy_ws/src) by extensions ['colcon_pkg']
[0.598s] Level 1:colcon.colcon_core.package_identification:_identify(src/smart_farm_navigation/260916_AMR_test/IsaacSim-ros_workspaces/jazzy_ws/src) by extension 'colcon_pkg'
[0.598s] Level 1:colcon.colcon_core.package_identification:_identify(src/smart_farm_navigation/260916_AMR_test/IsaacSim-ros_workspaces/jazzy_ws/src) by extensions ['colcon_meta']
[0.598s] Level 1:colcon.colcon_core.package_identification:_identify(src/smart_farm_navigation/260916_AMR_test/IsaacSim-ros_workspaces/jazzy_ws/src) by extension 'colcon_meta'
[0.599s] Level 1:colcon.colcon_core.package_identification:_identify(src/smart_farm_navigation/260916_AMR_test/IsaacSim-ros_workspaces/jazzy_ws/src) by extensions ['ros']
[0.599s] Level 1:colcon.colcon_core.package_identification:_identify(src/smart_farm_navigation/260916_AMR_test/IsaacSim-ros_workspaces/jazzy_ws/src) by extension 'ros'
[0.599s] Level 1:colcon.colcon_core.package_identification:_identify(src/smart_farm_navigation/260916_AMR_test/IsaacSim-ros_workspaces/jazzy_ws/src) by extensions ['cmake', 'python']
[0.599s] Level 1:colcon.colcon_core.package_identification:_identify(src/smart_farm_navigation/260916_AMR_test/IsaacSim-ros_workspaces/jazzy_ws/src) by extension 'cmake'
[0.599s] Level 1:colcon.colcon_core.package_identification:_identify(src/smart_farm_navigation/260916_AMR_test/IsaacSim-ros_workspaces/jazzy_ws/src) by extension 'python'
[0.599s] Level 1:colcon.colcon_core.package_identification:_identify(src/smart_farm_navigation/260916_AMR_test/IsaacSim-ros_workspaces/jazzy_ws/src) by extensions ['python_setup_py']
[0.600s] Level 1:colcon.colcon_core.package_identification:_identify(src/smart_farm_navigation/260916_AMR_test/IsaacSim-ros_workspaces/jazzy_ws/src) by extension 'python_setup_py'
[0.600s] Level 1:colcon.colcon_core.package_identification:_identify(src/smart_farm_navigation/260916_AMR_test/IsaacSim-ros_workspaces/jazzy_ws/src/ackermann_control) by extensions ['ignore', 'ignore_ament_install']
[0.600s] Level 1:colcon.colcon_core.package_identification:_identify(src/smart_farm_navigation/260916_AMR_test/IsaacSim-ros_workspaces/jazzy_ws/src/ackermann_control) by extension 'ignore'
[0.600s] Level 1:colcon.colcon_core.package_identification:_identify(src/smart_farm_navigation/260916_AMR_test/IsaacSim-ros_workspaces/jazzy_ws/src/ackermann_control) by extension 'ignore_ament_install'
[0.600s] Level 1:colcon.colcon_core.package_identification:_identify(src/smart_farm_navigation/260916_AMR_test/IsaacSim-ros_workspaces/jazzy_ws/src/ackermann_control) by extensions ['colcon_pkg']
[0.601s] Level 1:colcon.colcon_core.package_identification:_identify(src/smart_farm_navigation/260916_AMR_test/IsaacSim-ros_workspaces/jazzy_ws/src/ackermann_control) by extension 'colcon_pkg'
[0.601s] Level 1:colcon.colcon_core.package_identification:_identify(src/smart_farm_navigation/260916_AMR_test/IsaacSim-ros_workspaces/jazzy_ws/src/ackermann_control) by extensions ['colcon_meta']
[0.601s] Level 1:colcon.colcon_core.package_identification:_identify(src/smart_farm_navigation/260916_AMR_test/IsaacSim-ros_workspaces/jazzy_ws/src/ackermann_control) by extension 'colcon_meta'
[0.601s] Level 1:colcon.colcon_core.package_identification:_identify(src/smart_farm_navigation/260916_AMR_test/IsaacSim-ros_workspaces/jazzy_ws/src/ackermann_control) by extensions ['ros']
[0.601s] Level 1:colcon.colcon_core.package_identification:_identify(src/smart_farm_navigation/260916_AMR_test/IsaacSim-ros_workspaces/jazzy_ws/src/ackermann_control) by extension 'ros'
[0.601s] Level 1:colcon.colcon_core.package_identification:_identify(src/smart_farm_navigation/260916_AMR_test/IsaacSim-ros_workspaces/jazzy_ws/src/ackermann_control) by extensions ['cmake', 'python']
[0.601s] Level 1:colcon.colcon_core.package_identification:_identify(src/smart_farm_navigation/260916_AMR_test/IsaacSim-ros_workspaces/jazzy_ws/src/ackermann_control) by extension 'cmake'
[0.601s] Level 1:colcon.colcon_core.package_identification:_identify(src/smart_farm_navigation/260916_AMR_test/IsaacSim-ros_workspaces/jazzy_ws/src/ackermann_control) by extension 'python'
[0.601s] Level 1:colcon.colcon_core.package_identification:_identify(src/smart_farm_navigation/260916_AMR_test/IsaacSim-ros_workspaces/jazzy_ws/src/ackermann_control) by extensions ['python_setup_py']
[0.601s] Level 1:colcon.colcon_core.package_identification:_identify(src/smart_farm_navigation/260916_AMR_test/IsaacSim-ros_workspaces/jazzy_ws/src/ackermann_control) by extension 'python_setup_py'
[0.602s] Level 1:colcon.colcon_core.package_identification:_identify(src/smart_farm_navigation/260916_AMR_test/IsaacSim-ros_workspaces/jazzy_ws/src/ackermann_control/cmdvel_to_ackermann) by extensions ['ignore', 'ignore_ament_install']
[0.602s] Level 1:colcon.colcon_core.package_identification:_identify(src/smart_farm_navigation/260916_AMR_test/IsaacSim-ros_workspaces/jazzy_ws/src/ackermann_control/cmdvel_to_ackermann) by extension 'ignore'
[0.602s] Level 1:colcon.colcon_core.package_identification:_identify(src/smart_farm_navigation/260916_AMR_test/IsaacSim-ros_workspaces/jazzy_ws/src/ackermann_control/cmdvel_to_ackermann) by extension 'ignore_ament_install'
[0.602s] Level 1:colcon.colcon_core.package_identification:_identify(src/smart_farm_navigation/260916_AMR_test/IsaacSim-ros_workspaces/jazzy_ws/src/ackermann_control/cmdvel_to_ackermann) by extensions ['colcon_pkg']
[0.602s] Level 1:colcon.colcon_core.package_identification:_identify(src/smart_farm_navigation/260916_AMR_test/IsaacSim-ros_workspaces/jazzy_ws/src/ackermann_control/cmdvel_to_ackermann) by extension 'colcon_pkg'
[0.602s] Level 1:colcon.colcon_core.package_identification:_identify(src/smart_farm_navigation/260916_AMR_test/IsaacSim-ros_workspaces/jazzy_ws/src/ackermann_control/cmdvel_to_ackermann) by extensions ['colcon_meta']
[0.602s] Level 1:colcon.colcon_core.package_identification:_identify(src/smart_farm_navigation/260916_AMR_test/IsaacSim-ros_workspaces/jazzy_ws/src/ackermann_control/cmdvel_to_ackermann) by extension 'colcon_meta'
[0.603s] Level 1:colcon.colcon_core.package_identification:_identify(src/smart_farm_navigation/260916_AMR_test/IsaacSim-ros_workspaces/jazzy_ws/src/ackermann_control/cmdvel_to_ackermann) by extensions ['ros']
[0.603s] Level 1:colcon.colcon_core.package_identification:_identify(src/smart_farm_navigation/260916_AMR_test/IsaacSim-ros_workspaces/jazzy_ws/src/ackermann_control/cmdvel_to_ackermann) by extension 'ros'
[0.604s] DEBUG:colcon.colcon_core.package_identification:Package 'src/smart_farm_navigation/260916_AMR_test/IsaacSim-ros_workspaces/jazzy_ws/src/ackermann_control/cmdvel_to_ackermann' with type 'ros.ament_python' and name 'cmdvel_to_ackermann'
[0.605s] Level 1:colcon.colcon_core.package_identification:_identify(src/smart_farm_navigation/260916_AMR_test/IsaacSim-ros_workspaces/jazzy_ws/src/custom_message) by extensions ['ignore', 'ignore_ament_install']
[0.605s] Level 1:colcon.colcon_core.package_identification:_identify(src/smart_farm_navigation/260916_AMR_test/IsaacSim-ros_workspaces/jazzy_ws/src/custom_message) by extension 'ignore'
[0.605s] Level 1:colcon.colcon_core.package_identification:_identify(src/smart_farm_navigation/260916_AMR_test/IsaacSim-ros_workspaces/jazzy_ws/src/custom_message) by extension 'ignore_ament_install'
[0.605s] Level 1:colcon.colcon_core.package_identification:_identify(src/smart_farm_navigation/260916_AMR_test/IsaacSim-ros_workspaces/jazzy_ws/src/custom_message) by extensions ['colcon_pkg']
[0.605s] Level 1:colcon.colcon_core.package_identification:_identify(src/smart_farm_navigation/260916_AMR_test/IsaacSim-ros_workspaces/jazzy_ws/src/custom_message) by extension 'colcon_pkg'
[0.605s] Level 1:colcon.colcon_core.package_identification:_identify(src/smart_farm_navigation/260916_AMR_test/IsaacSim-ros_workspaces/jazzy_ws/src/custom_message) by extensions ['colcon_meta']
[0.605s] Level 1:colcon.colcon_core.package_identification:_identify(src/smart_farm_navigation/260916_AMR_test/IsaacSim-ros_workspaces/jazzy_ws/src/custom_message) by extension 'colcon_meta'
[0.605s] Level 1:colcon.colcon_core.package_identification:_identify(src/smart_farm_navigation/260916_AMR_test/IsaacSim-ros_workspaces/jazzy_ws/src/custom_message) by extensions ['ros']
[0.605s] Level 1:colcon.colcon_core.package_identification:_identify(src/smart_farm_navigation/260916_AMR_test/IsaacSim-ros_workspaces/jazzy_ws/src/custom_message) by extension 'ros'
[0.607s] DEBUG:colcon.colcon_core.package_identification:Package 'src/smart_farm_navigation/260916_AMR_test/IsaacSim-ros_workspaces/jazzy_ws/src/custom_message' with type 'ros.ament_cmake' and name 'custom_message'
[0.608s] Level 1:colcon.colcon_core.package_identification:_identify(src/smart_farm_navigation/260916_AMR_test/IsaacSim-ros_workspaces/jazzy_ws/src/greenwave_monitor) by extensions ['ignore', 'ignore_ament_install']
[0.608s] Level 1:colcon.colcon_core.package_identification:_identify(src/smart_farm_navigation/260916_AMR_test/IsaacSim-ros_workspaces/jazzy_ws/src/greenwave_monitor) by extension 'ignore'
[0.608s] Level 1:colcon.colcon_core.package_identification:_identify(src/smart_farm_navigation/260916_AMR_test/IsaacSim-ros_workspaces/jazzy_ws/src/greenwave_monitor) by extension 'ignore_ament_install'
[0.608s] Level 1:colcon.colcon_core.package_identification:_identify(src/smart_farm_navigation/260916_AMR_test/IsaacSim-ros_workspaces/jazzy_ws/src/greenwave_monitor) by extensions ['colcon_pkg']
[0.608s] Level 1:colcon.colcon_core.package_identification:_identify(src/smart_farm_navigation/260916_AMR_test/IsaacSim-ros_workspaces/jazzy_ws/src/greenwave_monitor) by extension 'colcon_pkg'
[0.608s] Level 1:colcon.colcon_core.package_identification:_identify(src/smart_farm_navigation/260916_AMR_test/IsaacSim-ros_workspaces/jazzy_ws/src/greenwave_monitor) by extensions ['colcon_meta']
[0.608s] Level 1:colcon.colcon_core.package_identification:_identify(src/smart_farm_navigation/260916_AMR_test/IsaacSim-ros_workspaces/jazzy_ws/src/greenwave_monitor) by extension 'colcon_meta'
[0.608s] Level 1:colcon.colcon_core.package_identification:_identify(src/smart_farm_navigation/260916_AMR_test/IsaacSim-ros_workspaces/jazzy_ws/src/greenwave_monitor) by extensions ['ros']
[0.608s] Level 1:colcon.colcon_core.package_identification:_identify(src/smart_farm_navigation/260916_AMR_test/IsaacSim-ros_workspaces/jazzy_ws/src/greenwave_monitor) by extension 'ros'
[0.609s] Level 1:colcon.colcon_core.package_identification:_identify(src/smart_farm_navigation/260916_AMR_test/IsaacSim-ros_workspaces/jazzy_ws/src/greenwave_monitor) by extensions ['cmake', 'python']
[0.609s] Level 1:colcon.colcon_core.package_identification:_identify(src/smart_farm_navigation/260916_AMR_test/IsaacSim-ros_workspaces/jazzy_ws/src/greenwave_monitor) by extension 'cmake'
[0.609s] Level 1:colcon.colcon_core.package_identification:_identify(src/smart_farm_navigation/260916_AMR_test/IsaacSim-ros_workspaces/jazzy_ws/src/greenwave_monitor) by extension 'python'
[0.609s] Level 1:colcon.colcon_core.package_identification:_identify(src/smart_farm_navigation/260916_AMR_test/IsaacSim-ros_workspaces/jazzy_ws/src/greenwave_monitor) by extensions ['python_setup_py']
[0.609s] Level 1:colcon.colcon_core.package_identification:_identify(src/smart_farm_navigation/260916_AMR_test/IsaacSim-ros_workspaces/jazzy_ws/src/greenwave_monitor) by extension 'python_setup_py'
[0.609s] Level 1:colcon.colcon_core.package_identification:_identify(src/smart_farm_navigation/260916_AMR_test/IsaacSim-ros_workspaces/jazzy_ws/src/humanoid_locomotion_policy_example) by extensions ['ignore', 'ignore_ament_install']
[0.610s] Level 1:colcon.colcon_core.package_identification:_identify(src/smart_farm_navigation/260916_AMR_test/IsaacSim-ros_workspaces/jazzy_ws/src/humanoid_locomotion_policy_example) by extension 'ignore'
[0.610s] Level 1:colcon.colcon_core.package_identification:_identify(src/smart_farm_navigation/260916_AMR_test/IsaacSim-ros_workspaces/jazzy_ws/src/humanoid_locomotion_policy_example) by extension 'ignore_ament_install'
[0.610s] Level 1:colcon.colcon_core.package_identification:_identify(src/smart_farm_navigation/260916_AMR_test/IsaacSim-ros_workspaces/jazzy_ws/src/humanoid_locomotion_policy_example) by extensions ['colcon_pkg']
[0.610s] Level 1:colcon.colcon_core.package_identification:_identify(src/smart_farm_navigation/260916_AMR_test/IsaacSim-ros_workspaces/jazzy_ws/src/humanoid_locomotion_policy_example) by extension 'colcon_pkg'
[0.610s] Level 1:colcon.colcon_core.package_identification:_identify(src/smart_farm_navigation/260916_AMR_test/IsaacSim-ros_workspaces/jazzy_ws/src/humanoid_locomotion_policy_example) by extensions ['colcon_meta']
[0.610s] Level 1:colcon.colcon_core.package_identification:_identify(src/smart_farm_navigation/260916_AMR_test/IsaacSim-ros_workspaces/jazzy_ws/src/humanoid_locomotion_policy_example) by extension 'colcon_meta'
[0.610s] Level 1:colcon.colcon_core.package_identification:_identify(src/smart_farm_navigation/260916_AMR_test/IsaacSim-ros_workspaces/jazzy_ws/src/humanoid_locomotion_policy_example) by extensions ['ros']
[0.610s] Level 1:colcon.colcon_core.package_identification:_identify(src/smart_farm_navigation/260916_AMR_test/IsaacSim-ros_workspaces/jazzy_ws/src/humanoid_locomotion_policy_example) by extension 'ros'
[0.610s] Level 1:colcon.colcon_core.package_identification:_identify(src/smart_farm_navigation/260916_AMR_test/IsaacSim-ros_workspaces/jazzy_ws/src/humanoid_locomotion_policy_example) by extensions ['cmake', 'python']
[0.610s] Level 1:colcon.colcon_core.package_identification:_identify(src/smart_farm_navigation/260916_AMR_test/IsaacSim-ros_workspaces/jazzy_ws/src/humanoid_locomotion_policy_example) by extension 'cmake'
[0.610s] Level 1:colcon.colcon_core.package_identification:_identify(src/smart_farm_navigation/260916_AMR_test/IsaacSim-ros_workspaces/jazzy_ws/src/humanoid_locomotion_policy_example) by extension 'python'
[0.611s] Level 1:colcon.colcon_core.package_identification:_identify(src/smart_farm_navigation/260916_AMR_test/IsaacSim-ros_workspaces/jazzy_ws/src/humanoid_locomotion_policy_example) by extensions ['python_setup_py']
[0.611s] Level 1:colcon.colcon_core.package_identification:_identify(src/smart_farm_navigation/260916_AMR_test/IsaacSim-ros_workspaces/jazzy_ws/src/humanoid_locomotion_policy_example) by extension 'python_setup_py'
[0.611s] Level 1:colcon.colcon_core.package_identification:_identify(src/smart_farm_navigation/260916_AMR_test/IsaacSim-ros_workspaces/jazzy_ws/src/humanoid_locomotion_policy_example/h1_fullbody_controller) by extensions ['ignore', 'ignore_ament_install']
[0.611s] Level 1:colcon.colcon_core.package_identification:_identify(src/smart_farm_navigation/260916_AMR_test/IsaacSim-ros_workspaces/jazzy_ws/src/humanoid_locomotion_policy_example/h1_fullbody_controller) by extension 'ignore'
[0.611s] Level 1:colcon.colcon_core.package_identification:_identify(src/smart_farm_navigation/260916_AMR_test/IsaacSim-ros_workspaces/jazzy_ws/src/humanoid_locomotion_policy_example/h1_fullbody_controller) by extension 'ignore_ament_install'
[0.612s] Level 1:colcon.colcon_core.package_identification:_identify(src/smart_farm_navigation/260916_AMR_test/IsaacSim-ros_workspaces/jazzy_ws/src/humanoid_locomotion_policy_example/h1_fullbody_controller) by extensions ['colcon_pkg']
[0.612s] Level 1:colcon.colcon_core.package_identification:_identify(src/smart_farm_navigation/260916_AMR_test/IsaacSim-ros_workspaces/jazzy_ws/src/humanoid_locomotion_policy_example/h1_fullbody_controller) by extension 'colcon_pkg'
[0.612s] Level 1:colcon.colcon_core.package_identification:_identify(src/smart_farm_navigation/260916_AMR_test/IsaacSim-ros_workspaces/jazzy_ws/src/humanoid_locomotion_policy_example/h1_fullbody_controller) by extensions ['colcon_meta']
[0.612s] Level 1:colcon.colcon_core.package_identification:_identify(src/smart_farm_navigation/260916_AMR_test/IsaacSim-ros_workspaces/jazzy_ws/src/humanoid_locomotion_policy_example/h1_fullbody_controller) by extension 'colcon_meta'
[0.612s] Level 1:colcon.colcon_core.package_identification:_identify(src/smart_farm_navigation/260916_AMR_test/IsaacSim-ros_workspaces/jazzy_ws/src/humanoid_locomotion_policy_example/h1_fullbody_controller) by extensions ['ros']
[0.612s] Level 1:colcon.colcon_core.package_identification:_identify(src/smart_farm_navigation/260916_AMR_test/IsaacSim-ros_workspaces/jazzy_ws/src/humanoid_locomotion_policy_example/h1_fullbody_controller) by extension 'ros'
[0.614s] DEBUG:colcon.colcon_core.package_identification:Package 'src/smart_farm_navigation/260916_AMR_test/IsaacSim-ros_workspaces/jazzy_ws/src/humanoid_locomotion_policy_example/h1_fullbody_controller' with type 'ros.ament_python' and name 'h1_fullbody_controller'
[0.615s] Level 1:colcon.colcon_core.package_identification:_identify(src/smart_farm_navigation/260916_AMR_test/IsaacSim-ros_workspaces/jazzy_ws/src/isaac_compressed_image_decoder) by extensions ['ignore', 'ignore_ament_install']
[0.616s] Level 1:colcon.colcon_core.package_identification:_identify(src/smart_farm_navigation/260916_AMR_test/IsaacSim-ros_workspaces/jazzy_ws/src/isaac_compressed_image_decoder) by extension 'ignore'
[0.616s] Level 1:colcon.colcon_core.package_identification:_identify(src/smart_farm_navigation/260916_AMR_test/IsaacSim-ros_workspaces/jazzy_ws/src/isaac_compressed_image_decoder) by extension 'ignore_ament_install'
[0.616s] Level 1:colcon.colcon_core.package_identification:_identify(src/smart_farm_navigation/260916_AMR_test/IsaacSim-ros_workspaces/jazzy_ws/src/isaac_compressed_image_decoder) by extensions ['colcon_pkg']
[0.616s] Level 1:colcon.colcon_core.package_identification:_identify(src/smart_farm_navigation/260916_AMR_test/IsaacSim-ros_workspaces/jazzy_ws/src/isaac_compressed_image_decoder) by extension 'colcon_pkg'
[0.616s] Level 1:colcon.colcon_core.package_identification:_identify(src/smart_farm_navigation/260916_AMR_test/IsaacSim-ros_workspaces/jazzy_ws/src/isaac_compressed_image_decoder) by extensions ['colcon_meta']
[0.617s] Level 1:colcon.colcon_core.package_identification:_identify(src/smart_farm_navigation/260916_AMR_test/IsaacSim-ros_workspaces/jazzy_ws/src/isaac_compressed_image_decoder) by extension 'colcon_meta'
[0.617s] Level 1:colcon.colcon_core.package_identification:_identify(src/smart_farm_navigation/260916_AMR_test/IsaacSim-ros_workspaces/jazzy_ws/src/isaac_compressed_image_decoder) by extensions ['ros']
[0.617s] Level 1:colcon.colcon_core.package_identification:_identify(src/smart_farm_navigation/260916_AMR_test/IsaacSim-ros_workspaces/jazzy_ws/src/isaac_compressed_image_decoder) by extension 'ros'
[0.618s] DEBUG:colcon.colcon_core.package_identification:Package 'src/smart_farm_navigation/260916_AMR_test/IsaacSim-ros_workspaces/jazzy_ws/src/isaac_compressed_image_decoder' with type 'ros.ament_python' and name 'isaac_compressed_image_decoder'
[0.619s] Level 1:colcon.colcon_core.package_identification:_identify(src/smart_farm_navigation/260916_AMR_test/IsaacSim-ros_workspaces/jazzy_ws/src/isaac_ros2_messages) by extensions ['ignore', 'ignore_ament_install']
[0.619s] Level 1:colcon.colcon_core.package_identification:_identify(src/smart_farm_navigation/260916_AMR_test/IsaacSim-ros_workspaces/jazzy_ws/src/isaac_ros2_messages) by extension 'ignore'
[0.619s] Level 1:colcon.colcon_core.package_identification:_identify(src/smart_farm_navigation/260916_AMR_test/IsaacSim-ros_workspaces/jazzy_ws/src/isaac_ros2_messages) by extension 'ignore_ament_install'
[0.619s] Level 1:colcon.colcon_core.package_identification:_identify(src/smart_farm_navigation/260916_AMR_test/IsaacSim-ros_workspaces/jazzy_ws/src/isaac_ros2_messages) by extensions ['colcon_pkg']
[0.620s] Level 1:colcon.colcon_core.package_identification:_identify(src/smart_farm_navigation/260916_AMR_test/IsaacSim-ros_workspaces/jazzy_ws/src/isaac_ros2_messages) by extension 'colcon_pkg'
[0.620s] Level 1:colcon.colcon_core.package_identification:_identify(src/smart_farm_navigation/260916_AMR_test/IsaacSim-ros_workspaces/jazzy_ws/src/isaac_ros2_messages) by extensions ['colcon_meta']
[0.620s] Level 1:colcon.colcon_core.package_identification:_identify(src/smart_farm_navigation/260916_AMR_test/IsaacSim-ros_workspaces/jazzy_ws/src/isaac_ros2_messages) by extension 'colcon_meta'
[0.620s] Level 1:colcon.colcon_core.package_identification:_identify(src/smart_farm_navigation/260916_AMR_test/IsaacSim-ros_workspaces/jazzy_ws/src/isaac_ros2_messages) by extensions ['ros']
[0.620s] Level 1:colcon.colcon_core.package_identification:_identify(src/smart_farm_navigation/260916_AMR_test/IsaacSim-ros_workspaces/jazzy_ws/src/isaac_ros2_messages) by extension 'ros'
[0.622s] DEBUG:colcon.colcon_core.package_identification:Package 'src/smart_farm_navigation/260916_AMR_test/IsaacSim-ros_workspaces/jazzy_ws/src/isaac_ros2_messages' with type 'ros.ament_cmake' and name 'isaac_ros2_messages'
[0.623s] Level 1:colcon.colcon_core.package_identification:_identify(src/smart_farm_navigation/260916_AMR_test/IsaacSim-ros_workspaces/jazzy_ws/src/isaac_tutorials) by extensions ['ignore', 'ignore_ament_install']
[0.623s] Level 1:colcon.colcon_core.package_identification:_identify(src/smart_farm_navigation/260916_AMR_test/IsaacSim-ros_workspaces/jazzy_ws/src/isaac_tutorials) by extension 'ignore'
[0.623s] Level 1:colcon.colcon_core.package_identification:_identify(src/smart_farm_navigation/260916_AMR_test/IsaacSim-ros_workspaces/jazzy_ws/src/isaac_tutorials) by extension 'ignore_ament_install'
[0.623s] Level 1:colcon.colcon_core.package_identification:_identify(src/smart_farm_navigation/260916_AMR_test/IsaacSim-ros_workspaces/jazzy_ws/src/isaac_tutorials) by extensions ['colcon_pkg']
[0.623s] Level 1:colcon.colcon_core.package_identification:_identify(src/smart_farm_navigation/260916_AMR_test/IsaacSim-ros_workspaces/jazzy_ws/src/isaac_tutorials) by extension 'colcon_pkg'
[0.623s] Level 1:colcon.colcon_core.package_identification:_identify(src/smart_farm_navigation/260916_AMR_test/IsaacSim-ros_workspaces/jazzy_ws/src/isaac_tutorials) by extensions ['colcon_meta']
[0.624s] Level 1:colcon.colcon_core.package_identification:_identify(src/smart_farm_navigation/260916_AMR_test/IsaacSim-ros_workspaces/jazzy_ws/src/isaac_tutorials) by extension 'colcon_meta'
[0.624s] Level 1:colcon.colcon_core.package_identification:_identify(src/smart_farm_navigation/260916_AMR_test/IsaacSim-ros_workspaces/jazzy_ws/src/isaac_tutorials) by extensions ['ros']
[0.624s] Level 1:colcon.colcon_core.package_identification:_identify(src/smart_farm_navigation/260916_AMR_test/IsaacSim-ros_workspaces/jazzy_ws/src/isaac_tutorials) by extension 'ros'
[0.625s] DEBUG:colcon.colcon_core.package_identification:Package 'src/smart_farm_navigation/260916_AMR_test/IsaacSim-ros_workspaces/jazzy_ws/src/isaac_tutorials' with type 'ros.ament_cmake' and name 'isaac_tutorials'
[0.625s] Level 1:colcon.colcon_core.package_identification:_identify(src/smart_farm_navigation/260916_AMR_test/IsaacSim-ros_workspaces/jazzy_ws/src/isaacsim_bringup) by extensions ['ignore', 'ignore_ament_install']
[0.625s] Level 1:colcon.colcon_core.package_identification:_identify(src/smart_farm_navigation/260916_AMR_test/IsaacSim-ros_workspaces/jazzy_ws/src/isaacsim_bringup) by extension 'ignore'
[0.625s] Level 1:colcon.colcon_core.package_identification:_identify(src/smart_farm_navigation/260916_AMR_test/IsaacSim-ros_workspaces/jazzy_ws/src/isaacsim_bringup) by extension 'ignore_ament_install'
[0.625s] Level 1:colcon.colcon_core.package_identification:_identify(src/smart_farm_navigation/260916_AMR_test/IsaacSim-ros_workspaces/jazzy_ws/src/isaacsim_bringup) by extensions ['colcon_pkg']
[0.626s] Level 1:colcon.colcon_core.package_identification:_identify(src/smart_farm_navigation/260916_AMR_test/IsaacSim-ros_workspaces/jazzy_ws/src/isaacsim_bringup) by extension 'colcon_pkg'
[0.626s] Level 1:colcon.colcon_core.package_identification:_identify(src/smart_farm_navigation/260916_AMR_test/IsaacSim-ros_workspaces/jazzy_ws/src/isaacsim_bringup) by extensions ['colcon_meta']
[0.626s] Level 1:colcon.colcon_core.package_identification:_identify(src/smart_farm_navigation/260916_AMR_test/IsaacSim-ros_workspaces/jazzy_ws/src/isaacsim_bringup) by extension 'colcon_meta'
[0.626s] Level 1:colcon.colcon_core.package_identification:_identify(src/smart_farm_navigation/260916_AMR_test/IsaacSim-ros_workspaces/jazzy_ws/src/isaacsim_bringup) by extensions ['ros']
[0.626s] Level 1:colcon.colcon_core.package_identification:_identify(src/smart_farm_navigation/260916_AMR_test/IsaacSim-ros_workspaces/jazzy_ws/src/isaacsim_bringup) by extension 'ros'
[0.627s] DEBUG:colcon.colcon_core.package_identification:Package 'src/smart_farm_navigation/260916_AMR_test/IsaacSim-ros_workspaces/jazzy_ws/src/isaacsim_bringup' with type 'ros.ament_python' and name 'isaacsim_bringup'
[0.627s] Level 1:colcon.colcon_core.package_identification:_identify(src/smart_farm_navigation/260916_AMR_test/IsaacSim-ros_workspaces/jazzy_ws/src/moveit) by extensions ['ignore', 'ignore_ament_install']
[0.628s] Level 1:colcon.colcon_core.package_identification:_identify(src/smart_farm_navigation/260916_AMR_test/IsaacSim-ros_workspaces/jazzy_ws/src/moveit) by extension 'ignore'
[0.628s] Level 1:colcon.colcon_core.package_identification:_identify(src/smart_farm_navigation/260916_AMR_test/IsaacSim-ros_workspaces/jazzy_ws/src/moveit) by extension 'ignore_ament_install'
[0.628s] Level 1:colcon.colcon_core.package_identification:_identify(src/smart_farm_navigation/260916_AMR_test/IsaacSim-ros_workspaces/jazzy_ws/src/moveit) by extensions ['colcon_pkg']
[0.628s] Level 1:colcon.colcon_core.package_identification:_identify(src/smart_farm_navigation/260916_AMR_test/IsaacSim-ros_workspaces/jazzy_ws/src/moveit) by extension 'colcon_pkg'
[0.628s] Level 1:colcon.colcon_core.package_identification:_identify(src/smart_farm_navigation/260916_AMR_test/IsaacSim-ros_workspaces/jazzy_ws/src/moveit) by extensions ['colcon_meta']
[0.628s] Level 1:colcon.colcon_core.package_identification:_identify(src/smart_farm_navigation/260916_AMR_test/IsaacSim-ros_workspaces/jazzy_ws/src/moveit) by extension 'colcon_meta'
[0.628s] Level 1:colcon.colcon_core.package_identification:_identify(src/smart_farm_navigation/260916_AMR_test/IsaacSim-ros_workspaces/jazzy_ws/src/moveit) by extensions ['ros']
[0.628s] Level 1:colcon.colcon_core.package_identification:_identify(src/smart_farm_navigation/260916_AMR_test/IsaacSim-ros_workspaces/jazzy_ws/src/moveit) by extension 'ros'
[0.629s] Level 1:colcon.colcon_core.package_identification:_identify(src/smart_farm_navigation/260916_AMR_test/IsaacSim-ros_workspaces/jazzy_ws/src/moveit) by extensions ['cmake', 'python']
[0.629s] Level 1:colcon.colcon_core.package_identification:_identify(src/smart_farm_navigation/260916_AMR_test/IsaacSim-ros_workspaces/jazzy_ws/src/moveit) by extension 'cmake'
[0.629s] Level 1:colcon.colcon_core.package_identification:_identify(src/smart_farm_navigation/260916_AMR_test/IsaacSim-ros_workspaces/jazzy_ws/src/moveit) by extension 'python'
[0.629s] Level 1:colcon.colcon_core.package_identification:_identify(src/smart_farm_navigation/260916_AMR_test/IsaacSim-ros_workspaces/jazzy_ws/src/moveit) by extensions ['python_setup_py']
[0.629s] Level 1:colcon.colcon_core.package_identification:_identify(src/smart_farm_navigation/260916_AMR_test/IsaacSim-ros_workspaces/jazzy_ws/src/moveit) by extension 'python_setup_py'
[0.629s] Level 1:colcon.colcon_core.package_identification:_identify(src/smart_farm_navigation/260916_AMR_test/IsaacSim-ros_workspaces/jazzy_ws/src/moveit/isaac_moveit) by extensions ['ignore', 'ignore_ament_install']
[0.630s] Level 1:colcon.colcon_core.package_identification:_identify(src/smart_farm_navigation/260916_AMR_test/IsaacSim-ros_workspaces/jazzy_ws/src/moveit/isaac_moveit) by extension 'ignore'
[0.630s] Level 1:colcon.colcon_core.package_identification:_identify(src/smart_farm_navigation/260916_AMR_test/IsaacSim-ros_workspaces/jazzy_ws/src/moveit/isaac_moveit) by extension 'ignore_ament_install'
[0.630s] Level 1:colcon.colcon_core.package_identification:_identify(src/smart_farm_navigation/260916_AMR_test/IsaacSim-ros_workspaces/jazzy_ws/src/moveit/isaac_moveit) by extensions ['colcon_pkg']
[0.630s] Level 1:colcon.colcon_core.package_identification:_identify(src/smart_farm_navigation/260916_AMR_test/IsaacSim-ros_workspaces/jazzy_ws/src/moveit/isaac_moveit) by extension 'colcon_pkg'
[0.630s] Level 1:colcon.colcon_core.package_identification:_identify(src/smart_farm_navigation/260916_AMR_test/IsaacSim-ros_workspaces/jazzy_ws/src/moveit/isaac_moveit) by extensions ['colcon_meta']
[0.630s] Level 1:colcon.colcon_core.package_identification:_identify(src/smart_farm_navigation/260916_AMR_test/IsaacSim-ros_workspaces/jazzy_ws/src/moveit/isaac_moveit) by extension 'colcon_meta'
[0.630s] Level 1:colcon.colcon_core.package_identification:_identify(src/smart_farm_navigation/260916_AMR_test/IsaacSim-ros_workspaces/jazzy_ws/src/moveit/isaac_moveit) by extensions ['ros']
[0.630s] Level 1:colcon.colcon_core.package_identification:_identify(src/smart_farm_navigation/260916_AMR_test/IsaacSim-ros_workspaces/jazzy_ws/src/moveit/isaac_moveit) by extension 'ros'
[0.633s] DEBUG:colcon.colcon_core.package_identification:Package 'src/smart_farm_navigation/260916_AMR_test/IsaacSim-ros_workspaces/jazzy_ws/src/moveit/isaac_moveit' with type 'ros.ament_python' and name 'isaac_moveit'
[0.634s] Level 1:colcon.colcon_core.package_identification:_identify(src/smart_farm_navigation/260916_AMR_test/IsaacSim-ros_workspaces/jazzy_ws/src/moveit/isaac_ros2_control_demo) by extensions ['ignore', 'ignore_ament_install']
[0.634s] Level 1:colcon.colcon_core.package_identification:_identify(src/smart_farm_navigation/260916_AMR_test/IsaacSim-ros_workspaces/jazzy_ws/src/moveit/isaac_ros2_control_demo) by extension 'ignore'
[0.634s] Level 1:colcon.colcon_core.package_identification:_identify(src/smart_farm_navigation/260916_AMR_test/IsaacSim-ros_workspaces/jazzy_ws/src/moveit/isaac_ros2_control_demo) by extension 'ignore_ament_install'
[0.634s] Level 1:colcon.colcon_core.package_identification:_identify(src/smart_farm_navigation/260916_AMR_test/IsaacSim-ros_workspaces/jazzy_ws/src/moveit/isaac_ros2_control_demo) by extensions ['colcon_pkg']
[0.634s] Level 1:colcon.colcon_core.package_identification:_identify(src/smart_farm_navigation/260916_AMR_test/IsaacSim-ros_workspaces/jazzy_ws/src/moveit/isaac_ros2_control_demo) by extension 'colcon_pkg'
[0.634s] Level 1:colcon.colcon_core.package_identification:_identify(src/smart_farm_navigation/260916_AMR_test/IsaacSim-ros_workspaces/jazzy_ws/src/moveit/isaac_ros2_control_demo) by extensions ['colcon_meta']
[0.634s] Level 1:colcon.colcon_core.package_identification:_identify(src/smart_farm_navigation/260916_AMR_test/IsaacSim-ros_workspaces/jazzy_ws/src/moveit/isaac_ros2_control_demo) by extension 'colcon_meta'
[0.635s] Level 1:colcon.colcon_core.package_identification:_identify(src/smart_farm_navigation/260916_AMR_test/IsaacSim-ros_workspaces/jazzy_ws/src/moveit/isaac_ros2_control_demo) by extensions ['ros']
[0.635s] Level 1:colcon.colcon_core.package_identification:_identify(src/smart_farm_navigation/260916_AMR_test/IsaacSim-ros_workspaces/jazzy_ws/src/moveit/isaac_ros2_control_demo) by extension 'ros'
[0.636s] DEBUG:colcon.colcon_core.package_identification:Package 'src/smart_farm_navigation/260916_AMR_test/IsaacSim-ros_workspaces/jazzy_ws/src/moveit/isaac_ros2_control_demo' with type 'ros.ament_cmake' and name 'isaac_ros2_control_demo'
[0.636s] Level 1:colcon.colcon_core.package_identification:_identify(src/smart_farm_navigation/260916_AMR_test/IsaacSim-ros_workspaces/jazzy_ws/src/moveit/moveit_resources) by extensions ['ignore', 'ignore_ament_install']
[0.636s] Level 1:colcon.colcon_core.package_identification:_identify(src/smart_farm_navigation/260916_AMR_test/IsaacSim-ros_workspaces/jazzy_ws/src/moveit/moveit_resources) by extension 'ignore'
[0.637s] Level 1:colcon.colcon_core.package_identification:_identify(src/smart_farm_navigation/260916_AMR_test/IsaacSim-ros_workspaces/jazzy_ws/src/moveit/moveit_resources) by extension 'ignore_ament_install'
[0.637s] Level 1:colcon.colcon_core.package_identification:_identify(src/smart_farm_navigation/260916_AMR_test/IsaacSim-ros_workspaces/jazzy_ws/src/moveit/moveit_resources) by extensions ['colcon_pkg']
[0.637s] Level 1:colcon.colcon_core.package_identification:_identify(src/smart_farm_navigation/260916_AMR_test/IsaacSim-ros_workspaces/jazzy_ws/src/moveit/moveit_resources) by extension 'colcon_pkg'
[0.637s] Level 1:colcon.colcon_core.package_identification:_identify(src/smart_farm_navigation/260916_AMR_test/IsaacSim-ros_workspaces/jazzy_ws/src/moveit/moveit_resources) by extensions ['colcon_meta']
[0.637s] Level 1:colcon.colcon_core.package_identification:_identify(src/smart_farm_navigation/260916_AMR_test/IsaacSim-ros_workspaces/jazzy_ws/src/moveit/moveit_resources) by extension 'colcon_meta'
[0.637s] Level 1:colcon.colcon_core.package_identification:_identify(src/smart_farm_navigation/260916_AMR_test/IsaacSim-ros_workspaces/jazzy_ws/src/moveit/moveit_resources) by extensions ['ros']
[0.637s] Level 1:colcon.colcon_core.package_identification:_identify(src/smart_farm_navigation/260916_AMR_test/IsaacSim-ros_workspaces/jazzy_ws/src/moveit/moveit_resources) by extension 'ros'
[0.637s] Level 1:colcon.colcon_core.package_identification:_identify(src/smart_farm_navigation/260916_AMR_test/IsaacSim-ros_workspaces/jazzy_ws/src/moveit/moveit_resources) by extensions ['cmake', 'python']
[0.638s] Level 1:colcon.colcon_core.package_identification:_identify(src/smart_farm_navigation/260916_AMR_test/IsaacSim-ros_workspaces/jazzy_ws/src/moveit/moveit_resources) by extension 'cmake'
[0.638s] Level 1:colcon.colcon_core.package_identification:_identify(src/smart_farm_navigation/260916_AMR_test/IsaacSim-ros_workspaces/jazzy_ws/src/moveit/moveit_resources) by extension 'python'
[0.638s] Level 1:colcon.colcon_core.package_identification:_identify(src/smart_farm_navigation/260916_AMR_test/IsaacSim-ros_workspaces/jazzy_ws/src/moveit/moveit_resources) by extensions ['python_setup_py']
[0.638s] Level 1:colcon.colcon_core.package_identification:_identify(src/smart_farm_navigation/260916_AMR_test/IsaacSim-ros_workspaces/jazzy_ws/src/moveit/moveit_resources) by extension 'python_setup_py'
[0.638s] Level 1:colcon.colcon_core.package_identification:_identify(src/smart_farm_navigation/260916_AMR_test/IsaacSim-ros_workspaces/jazzy_ws/src/moveit/topic_based_ros2_control) by extensions ['ignore', 'ignore_ament_install']
[0.638s] Level 1:colcon.colcon_core.package_identification:_identify(src/smart_farm_navigation/260916_AMR_test/IsaacSim-ros_workspaces/jazzy_ws/src/moveit/topic_based_ros2_control) by extension 'ignore'
[0.638s] Level 1:colcon.colcon_core.package_identification:_identify(src/smart_farm_navigation/260916_AMR_test/IsaacSim-ros_workspaces/jazzy_ws/src/moveit/topic_based_ros2_control) by extension 'ignore_ament_install'
[0.639s] Level 1:colcon.colcon_core.package_identification:_identify(src/smart_farm_navigation/260916_AMR_test/IsaacSim-ros_workspaces/jazzy_ws/src/moveit/topic_based_ros2_control) by extensions ['colcon_pkg']
[0.639s] Level 1:colcon.colcon_core.package_identification:_identify(src/smart_farm_navigation/260916_AMR_test/IsaacSim-ros_workspaces/jazzy_ws/src/moveit/topic_based_ros2_control) by extension 'colcon_pkg'
[0.639s] Level 1:colcon.colcon_core.package_identification:_identify(src/smart_farm_navigation/260916_AMR_test/IsaacSim-ros_workspaces/jazzy_ws/src/moveit/topic_based_ros2_control) by extensions ['colcon_meta']
[0.639s] Level 1:colcon.colcon_core.package_identification:_identify(src/smart_farm_navigation/260916_AMR_test/IsaacSim-ros_workspaces/jazzy_ws/src/moveit/topic_based_ros2_control) by extension 'colcon_meta'
[0.639s] Level 1:colcon.colcon_core.package_identification:_identify(src/smart_farm_navigation/260916_AMR_test/IsaacSim-ros_workspaces/jazzy_ws/src/moveit/topic_based_ros2_control) by extensions ['ros']
[0.639s] Level 1:colcon.colcon_core.package_identification:_identify(src/smart_farm_navigation/260916_AMR_test/IsaacSim-ros_workspaces/jazzy_ws/src/moveit/topic_based_ros2_control) by extension 'ros'
[0.639s] Level 1:colcon.colcon_core.package_identification:_identify(src/smart_farm_navigation/260916_AMR_test/IsaacSim-ros_workspaces/jazzy_ws/src/moveit/topic_based_ros2_control) by extensions ['cmake', 'python']
[0.639s] Level 1:colcon.colcon_core.package_identification:_identify(src/smart_farm_navigation/260916_AMR_test/IsaacSim-ros_workspaces/jazzy_ws/src/moveit/topic_based_ros2_control) by extension 'cmake'
[0.639s] Level 1:colcon.colcon_core.package_identification:_identify(src/smart_farm_navigation/260916_AMR_test/IsaacSim-ros_workspaces/jazzy_ws/src/moveit/topic_based_ros2_control) by extension 'python'
[0.639s] Level 1:colcon.colcon_core.package_identification:_identify(src/smart_farm_navigation/260916_AMR_test/IsaacSim-ros_workspaces/jazzy_ws/src/moveit/topic_based_ros2_control) by extensions ['python_setup_py']
[0.640s] Level 1:colcon.colcon_core.package_identification:_identify(src/smart_farm_navigation/260916_AMR_test/IsaacSim-ros_workspaces/jazzy_ws/src/moveit/topic_based_ros2_control) by extension 'python_setup_py'
[0.640s] Level 1:colcon.colcon_core.package_identification:_identify(src/smart_farm_navigation/260916_AMR_test/IsaacSim-ros_workspaces/jazzy_ws/src/navigation) by extensions ['ignore', 'ignore_ament_install']
[0.640s] Level 1:colcon.colcon_core.package_identification:_identify(src/smart_farm_navigation/260916_AMR_test/IsaacSim-ros_workspaces/jazzy_ws/src/navigation) by extension 'ignore'
[0.640s] Level 1:colcon.colcon_core.package_identification:_identify(src/smart_farm_navigation/260916_AMR_test/IsaacSim-ros_workspaces/jazzy_ws/src/navigation) by extension 'ignore_ament_install'
[0.640s] Level 1:colcon.colcon_core.package_identification:_identify(src/smart_farm_navigation/260916_AMR_test/IsaacSim-ros_workspaces/jazzy_ws/src/navigation) by extensions ['colcon_pkg']
[0.640s] Level 1:colcon.colcon_core.package_identification:_identify(src/smart_farm_navigation/260916_AMR_test/IsaacSim-ros_workspaces/jazzy_ws/src/navigation) by extension 'colcon_pkg'
[0.641s] Level 1:colcon.colcon_core.package_identification:_identify(src/smart_farm_navigation/260916_AMR_test/IsaacSim-ros_workspaces/jazzy_ws/src/navigation) by extensions ['colcon_meta']
[0.641s] Level 1:colcon.colcon_core.package_identification:_identify(src/smart_farm_navigation/260916_AMR_test/IsaacSim-ros_workspaces/jazzy_ws/src/navigation) by extension 'colcon_meta'
[0.641s] Level 1:colcon.colcon_core.package_identification:_identify(src/smart_farm_navigation/260916_AMR_test/IsaacSim-ros_workspaces/jazzy_ws/src/navigation) by extensions ['ros']
[0.641s] Level 1:colcon.colcon_core.package_identification:_identify(src/smart_farm_navigation/260916_AMR_test/IsaacSim-ros_workspaces/jazzy_ws/src/navigation) by extension 'ros'
[0.641s] Level 1:colcon.colcon_core.package_identification:_identify(src/smart_farm_navigation/260916_AMR_test/IsaacSim-ros_workspaces/jazzy_ws/src/navigation) by extensions ['cmake', 'python']
[0.641s] Level 1:colcon.colcon_core.package_identification:_identify(src/smart_farm_navigation/260916_AMR_test/IsaacSim-ros_workspaces/jazzy_ws/src/navigation) by extension 'cmake'
[0.641s] Level 1:colcon.colcon_core.package_identification:_identify(src/smart_farm_navigation/260916_AMR_test/IsaacSim-ros_workspaces/jazzy_ws/src/navigation) by extension 'python'
[0.641s] Level 1:colcon.colcon_core.package_identification:_identify(src/smart_farm_navigation/260916_AMR_test/IsaacSim-ros_workspaces/jazzy_ws/src/navigation) by extensions ['python_setup_py']
[0.641s] Level 1:colcon.colcon_core.package_identification:_identify(src/smart_farm_navigation/260916_AMR_test/IsaacSim-ros_workspaces/jazzy_ws/src/navigation) by extension 'python_setup_py'
[0.642s] Level 1:colcon.colcon_core.package_identification:_identify(src/smart_farm_navigation/260916_AMR_test/IsaacSim-ros_workspaces/jazzy_ws/src/navigation/carter_navigation) by extensions ['ignore', 'ignore_ament_install']
[0.642s] Level 1:colcon.colcon_core.package_identification:_identify(src/smart_farm_navigation/260916_AMR_test/IsaacSim-ros_workspaces/jazzy_ws/src/navigation/carter_navigation) by extension 'ignore'
[0.642s] Level 1:colcon.colcon_core.package_identification:_identify(src/smart_farm_navigation/260916_AMR_test/IsaacSim-ros_workspaces/jazzy_ws/src/navigation/carter_navigation) by extension 'ignore_ament_install'
[0.642s] Level 1:colcon.colcon_core.package_identification:_identify(src/smart_farm_navigation/260916_AMR_test/IsaacSim-ros_workspaces/jazzy_ws/src/navigation/carter_navigation) by extensions ['colcon_pkg']
[0.642s] Level 1:colcon.colcon_core.package_identification:_identify(src/smart_farm_navigation/260916_AMR_test/IsaacSim-ros_workspaces/jazzy_ws/src/navigation/carter_navigation) by extension 'colcon_pkg'
[0.642s] Level 1:colcon.colcon_core.package_identification:_identify(src/smart_farm_navigation/260916_AMR_test/IsaacSim-ros_workspaces/jazzy_ws/src/navigation/carter_navigation) by extensions ['colcon_meta']
[0.642s] Level 1:colcon.colcon_core.package_identification:_identify(src/smart_farm_navigation/260916_AMR_test/IsaacSim-ros_workspaces/jazzy_ws/src/navigation/carter_navigation) by extension 'colcon_meta'
[0.643s] Level 1:colcon.colcon_core.package_identification:_identify(src/smart_farm_navigation/260916_AMR_test/IsaacSim-ros_workspaces/jazzy_ws/src/navigation/carter_navigation) by extensions ['ros']
[0.643s] Level 1:colcon.colcon_core.package_identification:_identify(src/smart_farm_navigation/260916_AMR_test/IsaacSim-ros_workspaces/jazzy_ws/src/navigation/carter_navigation) by extension 'ros'
[0.644s] DEBUG:colcon.colcon_core.package_identification:Package 'src/smart_farm_navigation/260916_AMR_test/IsaacSim-ros_workspaces/jazzy_ws/src/navigation/carter_navigation' with type 'ros.ament_cmake' and name 'carter_navigation'
[0.645s] Level 1:colcon.colcon_core.package_identification:_identify(src/smart_farm_navigation/260916_AMR_test/IsaacSim-ros_workspaces/jazzy_ws/src/navigation/isaac_ros_navigation_goal) by extensions ['ignore', 'ignore_ament_install']
[0.645s] Level 1:colcon.colcon_core.package_identification:_identify(src/smart_farm_navigation/260916_AMR_test/IsaacSim-ros_workspaces/jazzy_ws/src/navigation/isaac_ros_navigation_goal) by extension 'ignore'
[0.645s] Level 1:colcon.colcon_core.package_identification:_identify(src/smart_farm_navigation/260916_AMR_test/IsaacSim-ros_workspaces/jazzy_ws/src/navigation/isaac_ros_navigation_goal) by extension 'ignore_ament_install'
[0.646s] Level 1:colcon.colcon_core.package_identification:_identify(src/smart_farm_navigation/260916_AMR_test/IsaacSim-ros_workspaces/jazzy_ws/src/navigation/isaac_ros_navigation_goal) by extensions ['colcon_pkg']
[0.646s] Level 1:colcon.colcon_core.package_identification:_identify(src/smart_farm_navigation/260916_AMR_test/IsaacSim-ros_workspaces/jazzy_ws/src/navigation/isaac_ros_navigation_goal) by extension 'colcon_pkg'
[0.646s] Level 1:colcon.colcon_core.package_identification:_identify(src/smart_farm_navigation/260916_AMR_test/IsaacSim-ros_workspaces/jazzy_ws/src/navigation/isaac_ros_navigation_goal) by extensions ['colcon_meta']
[0.646s] Level 1:colcon.colcon_core.package_identification:_identify(src/smart_farm_navigation/260916_AMR_test/IsaacSim-ros_workspaces/jazzy_ws/src/navigation/isaac_ros_navigation_goal) by extension 'colcon_meta'
[0.646s] Level 1:colcon.colcon_core.package_identification:_identify(src/smart_farm_navigation/260916_AMR_test/IsaacSim-ros_workspaces/jazzy_ws/src/navigation/isaac_ros_navigation_goal) by extensions ['ros']
[0.646s] Level 1:colcon.colcon_core.package_identification:_identify(src/smart_farm_navigation/260916_AMR_test/IsaacSim-ros_workspaces/jazzy_ws/src/navigation/isaac_ros_navigation_goal) by extension 'ros'
[0.648s] DEBUG:colcon.colcon_core.package_identification:Package 'src/smart_farm_navigation/260916_AMR_test/IsaacSim-ros_workspaces/jazzy_ws/src/navigation/isaac_ros_navigation_goal' with type 'ros.ament_python' and name 'isaac_ros_navigation_goal'
[0.648s] Level 1:colcon.colcon_core.package_identification:_identify(src/smart_farm_navigation/260916_AMR_test/IsaacSim-ros_workspaces/jazzy_ws/src/navigation/isaacsim_clearpath_nav2) by extensions ['ignore', 'ignore_ament_install']
[0.649s] Level 1:colcon.colcon_core.package_identification:_identify(src/smart_farm_navigation/260916_AMR_test/IsaacSim-ros_workspaces/jazzy_ws/src/navigation/isaacsim_clearpath_nav2) by extension 'ignore'
[0.649s] Level 1:colcon.colcon_core.package_identification:_identify(src/smart_farm_navigation/260916_AMR_test/IsaacSim-ros_workspaces/jazzy_ws/src/navigation/isaacsim_clearpath_nav2) by extension 'ignore_ament_install'
[0.649s] Level 1:colcon.colcon_core.package_identification:_identify(src/smart_farm_navigation/260916_AMR_test/IsaacSim-ros_workspaces/jazzy_ws/src/navigation/isaacsim_clearpath_nav2) by extensions ['colcon_pkg']
[0.649s] Level 1:colcon.colcon_core.package_identification:_identify(src/smart_farm_navigation/260916_AMR_test/IsaacSim-ros_workspaces/jazzy_ws/src/navigation/isaacsim_clearpath_nav2) by extension 'colcon_pkg'
[0.649s] Level 1:colcon.colcon_core.package_identification:_identify(src/smart_farm_navigation/260916_AMR_test/IsaacSim-ros_workspaces/jazzy_ws/src/navigation/isaacsim_clearpath_nav2) by extensions ['colcon_meta']
[0.649s] Level 1:colcon.colcon_core.package_identification:_identify(src/smart_farm_navigation/260916_AMR_test/IsaacSim-ros_workspaces/jazzy_ws/src/navigation/isaacsim_clearpath_nav2) by extension 'colcon_meta'
[0.649s] Level 1:colcon.colcon_core.package_identification:_identify(src/smart_farm_navigation/260916_AMR_test/IsaacSim-ros_workspaces/jazzy_ws/src/navigation/isaacsim_clearpath_nav2) by extensions ['ros']
[0.650s] Level 1:colcon.colcon_core.package_identification:_identify(src/smart_farm_navigation/260916_AMR_test/IsaacSim-ros_workspaces/jazzy_ws/src/navigation/isaacsim_clearpath_nav2) by extension 'ros'
[0.651s] DEBUG:colcon.colcon_core.package_identification:Package 'src/smart_farm_navigation/260916_AMR_test/IsaacSim-ros_workspaces/jazzy_ws/src/navigation/isaacsim_clearpath_nav2' with type 'ros.ament_cmake' and name 'isaacsim_clearpath_nav2'
[0.651s] Level 1:colcon.colcon_core.package_identification:_identify(src/smart_farm_navigation/260916_AMR_test/IsaacSim-ros_workspaces/jazzy_ws/src/navigation/iw_hub_navigation) by extensions ['ignore', 'ignore_ament_install']
[0.652s] Level 1:colcon.colcon_core.package_identification:_identify(src/smart_farm_navigation/260916_AMR_test/IsaacSim-ros_workspaces/jazzy_ws/src/navigation/iw_hub_navigation) by extension 'ignore'
[0.652s] Level 1:colcon.colcon_core.package_identification:_identify(src/smart_farm_navigation/260916_AMR_test/IsaacSim-ros_workspaces/jazzy_ws/src/navigation/iw_hub_navigation) by extension 'ignore_ament_install'
[0.652s] Level 1:colcon.colcon_core.package_identification:_identify(src/smart_farm_navigation/260916_AMR_test/IsaacSim-ros_workspaces/jazzy_ws/src/navigation/iw_hub_navigation) by extensions ['colcon_pkg']
[0.652s] Level 1:colcon.colcon_core.package_identification:_identify(src/smart_farm_navigation/260916_AMR_test/IsaacSim-ros_workspaces/jazzy_ws/src/navigation/iw_hub_navigation) by extension 'colcon_pkg'
[0.652s] Level 1:colcon.colcon_core.package_identification:_identify(src/smart_farm_navigation/260916_AMR_test/IsaacSim-ros_workspaces/jazzy_ws/src/navigation/iw_hub_navigation) by extensions ['colcon_meta']
[0.652s] Level 1:colcon.colcon_core.package_identification:_identify(src/smart_farm_navigation/260916_AMR_test/IsaacSim-ros_workspaces/jazzy_ws/src/navigation/iw_hub_navigation) by extension 'colcon_meta'
[0.652s] Level 1:colcon.colcon_core.package_identification:_identify(src/smart_farm_navigation/260916_AMR_test/IsaacSim-ros_workspaces/jazzy_ws/src/navigation/iw_hub_navigation) by extensions ['ros']
[0.652s] Level 1:colcon.colcon_core.package_identification:_identify(src/smart_farm_navigation/260916_AMR_test/IsaacSim-ros_workspaces/jazzy_ws/src/navigation/iw_hub_navigation) by extension 'ros'
[0.654s] DEBUG:colcon.colcon_core.package_identification:Package 'src/smart_farm_navigation/260916_AMR_test/IsaacSim-ros_workspaces/jazzy_ws/src/navigation/iw_hub_navigation' with type 'ros.ament_cmake' and name 'iw_hub_navigation'
[0.654s] Level 1:colcon.colcon_core.package_identification:_identify(src/smart_farm_navigation/260916_AMR_test/IsaacSim-ros_workspaces/jazzy_ws/src/pal_statistics) by extensions ['ignore', 'ignore_ament_install']
[0.654s] Level 1:colcon.colcon_core.package_identification:_identify(src/smart_farm_navigation/260916_AMR_test/IsaacSim-ros_workspaces/jazzy_ws/src/pal_statistics) by extension 'ignore'
[0.654s] Level 1:colcon.colcon_core.package_identification:_identify(src/smart_farm_navigation/260916_AMR_test/IsaacSim-ros_workspaces/jazzy_ws/src/pal_statistics) by extension 'ignore_ament_install'
[0.654s] Level 1:colcon.colcon_core.package_identification:_identify(src/smart_farm_navigation/260916_AMR_test/IsaacSim-ros_workspaces/jazzy_ws/src/pal_statistics) by extensions ['colcon_pkg']
[0.654s] Level 1:colcon.colcon_core.package_identification:_identify(src/smart_farm_navigation/260916_AMR_test/IsaacSim-ros_workspaces/jazzy_ws/src/pal_statistics) by extension 'colcon_pkg'
[0.655s] Level 1:colcon.colcon_core.package_identification:_identify(src/smart_farm_navigation/260916_AMR_test/IsaacSim-ros_workspaces/jazzy_ws/src/pal_statistics) by extensions ['colcon_meta']
[0.655s] Level 1:colcon.colcon_core.package_identification:_identify(src/smart_farm_navigation/260916_AMR_test/IsaacSim-ros_workspaces/jazzy_ws/src/pal_statistics) by extension 'colcon_meta'
[0.655s] Level 1:colcon.colcon_core.package_identification:_identify(src/smart_farm_navigation/260916_AMR_test/IsaacSim-ros_workspaces/jazzy_ws/src/pal_statistics) by extensions ['ros']
[0.655s] Level 1:colcon.colcon_core.package_identification:_identify(src/smart_farm_navigation/260916_AMR_test/IsaacSim-ros_workspaces/jazzy_ws/src/pal_statistics) by extension 'ros'
[0.655s] Level 1:colcon.colcon_core.package_identification:_identify(src/smart_farm_navigation/260916_AMR_test/IsaacSim-ros_workspaces/jazzy_ws/src/pal_statistics) by extensions ['cmake', 'python']
[0.655s] Level 1:colcon.colcon_core.package_identification:_identify(src/smart_farm_navigation/260916_AMR_test/IsaacSim-ros_workspaces/jazzy_ws/src/pal_statistics) by extension 'cmake'
[0.655s] Level 1:colcon.colcon_core.package_identification:_identify(src/smart_farm_navigation/260916_AMR_test/IsaacSim-ros_workspaces/jazzy_ws/src/pal_statistics) by extension 'python'
[0.655s] Level 1:colcon.colcon_core.package_identification:_identify(src/smart_farm_navigation/260916_AMR_test/IsaacSim-ros_workspaces/jazzy_ws/src/pal_statistics) by extensions ['python_setup_py']
[0.655s] Level 1:colcon.colcon_core.package_identification:_identify(src/smart_farm_navigation/260916_AMR_test/IsaacSim-ros_workspaces/jazzy_ws/src/pal_statistics) by extension 'python_setup_py'
[0.656s] Level 1:colcon.colcon_core.package_identification:_identify(src/smart_farm_navigation/260916_AMR_test/IsaacSim-ros_workspaces/jazzy_ws/src/ros2_control) by extensions ['ignore', 'ignore_ament_install']
[0.656s] Level 1:colcon.colcon_core.package_identification:_identify(src/smart_farm_navigation/260916_AMR_test/IsaacSim-ros_workspaces/jazzy_ws/src/ros2_control) by extension 'ignore'
[0.656s] Level 1:colcon.colcon_core.package_identification:_identify(src/smart_farm_navigation/260916_AMR_test/IsaacSim-ros_workspaces/jazzy_ws/src/ros2_control) by extension 'ignore_ament_install'
[0.656s] Level 1:colcon.colcon_core.package_identification:_identify(src/smart_farm_navigation/260916_AMR_test/IsaacSim-ros_workspaces/jazzy_ws/src/ros2_control) by extensions ['colcon_pkg']
[0.656s] Level 1:colcon.colcon_core.package_identification:_identify(src/smart_farm_navigation/260916_AMR_test/IsaacSim-ros_workspaces/jazzy_ws/src/ros2_control) by extension 'colcon_pkg'
[0.656s] Level 1:colcon.colcon_core.package_identification:_identify(src/smart_farm_navigation/260916_AMR_test/IsaacSim-ros_workspaces/jazzy_ws/src/ros2_control) by extensions ['colcon_meta']
[0.656s] Level 1:colcon.colcon_core.package_identification:_identify(src/smart_farm_navigation/260916_AMR_test/IsaacSim-ros_workspaces/jazzy_ws/src/ros2_control) by extension 'colcon_meta'
[0.656s] Level 1:colcon.colcon_core.package_identification:_identify(src/smart_farm_navigation/260916_AMR_test/IsaacSim-ros_workspaces/jazzy_ws/src/ros2_control) by extensions ['ros']
[0.656s] Level 1:colcon.colcon_core.package_identification:_identify(src/smart_farm_navigation/260916_AMR_test/IsaacSim-ros_workspaces/jazzy_ws/src/ros2_control) by extension 'ros'
[0.656s] Level 1:colcon.colcon_core.package_identification:_identify(src/smart_farm_navigation/260916_AMR_test/IsaacSim-ros_workspaces/jazzy_ws/src/ros2_control) by extensions ['cmake', 'python']
[0.657s] Level 1:colcon.colcon_core.package_identification:_identify(src/smart_farm_navigation/260916_AMR_test/IsaacSim-ros_workspaces/jazzy_ws/src/ros2_control) by extension 'cmake'
[0.657s] Level 1:colcon.colcon_core.package_identification:_identify(src/smart_farm_navigation/260916_AMR_test/IsaacSim-ros_workspaces/jazzy_ws/src/ros2_control) by extension 'python'
[0.657s] Level 1:colcon.colcon_core.package_identification:_identify(src/smart_farm_navigation/260916_AMR_test/IsaacSim-ros_workspaces/jazzy_ws/src/ros2_control) by extensions ['python_setup_py']
[0.657s] Level 1:colcon.colcon_core.package_identification:_identify(src/smart_farm_navigation/260916_AMR_test/IsaacSim-ros_workspaces/jazzy_ws/src/ros2_control) by extension 'python_setup_py'
[0.657s] Level 1:colcon.colcon_core.package_identification:_identify(src/smart_farm_navigation/260916_AMR_test/IsaacSim-ros_workspaces/jazzy_ws/src/ros2_control_cmake) by extensions ['ignore', 'ignore_ament_install']
[0.657s] Level 1:colcon.colcon_core.package_identification:_identify(src/smart_farm_navigation/260916_AMR_test/IsaacSim-ros_workspaces/jazzy_ws/src/ros2_control_cmake) by extension 'ignore'
[0.657s] Level 1:colcon.colcon_core.package_identification:_identify(src/smart_farm_navigation/260916_AMR_test/IsaacSim-ros_workspaces/jazzy_ws/src/ros2_control_cmake) by extension 'ignore_ament_install'
[0.657s] Level 1:colcon.colcon_core.package_identification:_identify(src/smart_farm_navigation/260916_AMR_test/IsaacSim-ros_workspaces/jazzy_ws/src/ros2_control_cmake) by extensions ['colcon_pkg']
[0.657s] Level 1:colcon.colcon_core.package_identification:_identify(src/smart_farm_navigation/260916_AMR_test/IsaacSim-ros_workspaces/jazzy_ws/src/ros2_control_cmake) by extension 'colcon_pkg'
[0.658s] Level 1:colcon.colcon_core.package_identification:_identify(src/smart_farm_navigation/260916_AMR_test/IsaacSim-ros_workspaces/jazzy_ws/src/ros2_control_cmake) by extensions ['colcon_meta']
[0.658s] Level 1:colcon.colcon_core.package_identification:_identify(src/smart_farm_navigation/260916_AMR_test/IsaacSim-ros_workspaces/jazzy_ws/src/ros2_control_cmake) by extension 'colcon_meta'
[0.658s] Level 1:colcon.colcon_core.package_identification:_identify(src/smart_farm_navigation/260916_AMR_test/IsaacSim-ros_workspaces/jazzy_ws/src/ros2_control_cmake) by extensions ['ros']
[0.658s] Level 1:colcon.colcon_core.package_identification:_identify(src/smart_farm_navigation/260916_AMR_test/IsaacSim-ros_workspaces/jazzy_ws/src/ros2_control_cmake) by extension 'ros'
[0.658s] Level 1:colcon.colcon_core.package_identification:_identify(src/smart_farm_navigation/260916_AMR_test/IsaacSim-ros_workspaces/jazzy_ws/src/ros2_control_cmake) by extensions ['cmake', 'python']
[0.658s] Level 1:colcon.colcon_core.package_identification:_identify(src/smart_farm_navigation/260916_AMR_test/IsaacSim-ros_workspaces/jazzy_ws/src/ros2_control_cmake) by extension 'cmake'
[0.658s] Level 1:colcon.colcon_core.package_identification:_identify(src/smart_farm_navigation/260916_AMR_test/IsaacSim-ros_workspaces/jazzy_ws/src/ros2_control_cmake) by extension 'python'
[0.658s] Level 1:colcon.colcon_core.package_identification:_identify(src/smart_farm_navigation/260916_AMR_test/IsaacSim-ros_workspaces/jazzy_ws/src/ros2_control_cmake) by extensions ['python_setup_py']
[0.658s] Level 1:colcon.colcon_core.package_identification:_identify(src/smart_farm_navigation/260916_AMR_test/IsaacSim-ros_workspaces/jazzy_ws/src/ros2_control_cmake) by extension 'python_setup_py'
[0.658s] Level 1:colcon.colcon_core.package_identification:_identify(src/smart_farm_navigation/260916_AMR_test/isaacsim_robot_assets) by extensions ['ignore', 'ignore_ament_install']
[0.659s] Level 1:colcon.colcon_core.package_identification:_identify(src/smart_farm_navigation/260916_AMR_test/isaacsim_robot_assets) by extension 'ignore'
[0.659s] Level 1:colcon.colcon_core.package_identification:_identify(src/smart_farm_navigation/260916_AMR_test/isaacsim_robot_assets) by extension 'ignore_ament_install'
[0.659s] Level 1:colcon.colcon_core.package_identification:_identify(src/smart_farm_navigation/260916_AMR_test/isaacsim_robot_assets) by extensions ['colcon_pkg']
[0.659s] Level 1:colcon.colcon_core.package_identification:_identify(src/smart_farm_navigation/260916_AMR_test/isaacsim_robot_assets) by extension 'colcon_pkg'
[0.659s] Level 1:colcon.colcon_core.package_identification:_identify(src/smart_farm_navigation/260916_AMR_test/isaacsim_robot_assets) by extensions ['colcon_meta']
[0.659s] Level 1:colcon.colcon_core.package_identification:_identify(src/smart_farm_navigation/260916_AMR_test/isaacsim_robot_assets) by extension 'colcon_meta'
[0.659s] Level 1:colcon.colcon_core.package_identification:_identify(src/smart_farm_navigation/260916_AMR_test/isaacsim_robot_assets) by extensions ['ros']
[0.659s] Level 1:colcon.colcon_core.package_identification:_identify(src/smart_farm_navigation/260916_AMR_test/isaacsim_robot_assets) by extension 'ros'
[0.659s] Level 1:colcon.colcon_core.package_identification:_identify(src/smart_farm_navigation/260916_AMR_test/isaacsim_robot_assets) by extensions ['cmake', 'python']
[0.659s] Level 1:colcon.colcon_core.package_identification:_identify(src/smart_farm_navigation/260916_AMR_test/isaacsim_robot_assets) by extension 'cmake'
[0.659s] Level 1:colcon.colcon_core.package_identification:_identify(src/smart_farm_navigation/260916_AMR_test/isaacsim_robot_assets) by extension 'python'
[0.659s] Level 1:colcon.colcon_core.package_identification:_identify(src/smart_farm_navigation/260916_AMR_test/isaacsim_robot_assets) by extensions ['python_setup_py']
[0.659s] Level 1:colcon.colcon_core.package_identification:_identify(src/smart_farm_navigation/260916_AMR_test/isaacsim_robot_assets) by extension 'python_setup_py'
[0.660s] Level 1:colcon.colcon_core.package_identification:_identify(src/smart_farm_navigation/260916_AMR_test/omniverse-content-production.s3-us-west-2.amazonaws.com) by extensions ['ignore', 'ignore_ament_install']
[0.660s] Level 1:colcon.colcon_core.package_identification:_identify(src/smart_farm_navigation/260916_AMR_test/omniverse-content-production.s3-us-west-2.amazonaws.com) by extension 'ignore'
[0.660s] Level 1:colcon.colcon_core.package_identification:_identify(src/smart_farm_navigation/260916_AMR_test/omniverse-content-production.s3-us-west-2.amazonaws.com) by extension 'ignore_ament_install'
[0.660s] Level 1:colcon.colcon_core.package_identification:_identify(src/smart_farm_navigation/260916_AMR_test/omniverse-content-production.s3-us-west-2.amazonaws.com) by extensions ['colcon_pkg']
[0.660s] Level 1:colcon.colcon_core.package_identification:_identify(src/smart_farm_navigation/260916_AMR_test/omniverse-content-production.s3-us-west-2.amazonaws.com) by extension 'colcon_pkg'
[0.660s] Level 1:colcon.colcon_core.package_identification:_identify(src/smart_farm_navigation/260916_AMR_test/omniverse-content-production.s3-us-west-2.amazonaws.com) by extensions ['colcon_meta']
[0.660s] Level 1:colcon.colcon_core.package_identification:_identify(src/smart_farm_navigation/260916_AMR_test/omniverse-content-production.s3-us-west-2.amazonaws.com) by extension 'colcon_meta'
[0.660s] Level 1:colcon.colcon_core.package_identification:_identify(src/smart_farm_navigation/260916_AMR_test/omniverse-content-production.s3-us-west-2.amazonaws.com) by extensions ['ros']
[0.660s] Level 1:colcon.colcon_core.package_identification:_identify(src/smart_farm_navigation/260916_AMR_test/omniverse-content-production.s3-us-west-2.amazonaws.com) by extension 'ros'
[0.660s] Level 1:colcon.colcon_core.package_identification:_identify(src/smart_farm_navigation/260916_AMR_test/omniverse-content-production.s3-us-west-2.amazonaws.com) by extensions ['cmake', 'python']
[0.661s] Level 1:colcon.colcon_core.package_identification:_identify(src/smart_farm_navigation/260916_AMR_test/omniverse-content-production.s3-us-west-2.amazonaws.com) by extension 'cmake'
[0.661s] Level 1:colcon.colcon_core.package_identification:_identify(src/smart_farm_navigation/260916_AMR_test/omniverse-content-production.s3-us-west-2.amazonaws.com) by extension 'python'
[0.661s] Level 1:colcon.colcon_core.package_identification:_identify(src/smart_farm_navigation/260916_AMR_test/omniverse-content-production.s3-us-west-2.amazonaws.com) by extensions ['python_setup_py']
[0.661s] Level 1:colcon.colcon_core.package_identification:_identify(src/smart_farm_navigation/260916_AMR_test/omniverse-content-production.s3-us-west-2.amazonaws.com) by extension 'python_setup_py'
[0.661s] Level 1:colcon.colcon_core.package_identification:_identify(src/smart_farm_navigation/260916_AMR_test/omniverse-content-production.s3-us-west-2.amazonaws.com/Assets) by extensions ['ignore', 'ignore_ament_install']
[0.661s] Level 1:colcon.colcon_core.package_identification:_identify(src/smart_farm_navigation/260916_AMR_test/omniverse-content-production.s3-us-west-2.amazonaws.com/Assets) by extension 'ignore'
[0.662s] Level 1:colcon.colcon_core.package_identification:_identify(src/smart_farm_navigation/260916_AMR_test/omniverse-content-production.s3-us-west-2.amazonaws.com/Assets) by extension 'ignore_ament_install'
[0.662s] Level 1:colcon.colcon_core.package_identification:_identify(src/smart_farm_navigation/260916_AMR_test/omniverse-content-production.s3-us-west-2.amazonaws.com/Assets) by extensions ['colcon_pkg']
[0.662s] Level 1:colcon.colcon_core.package_identification:_identify(src/smart_farm_navigation/260916_AMR_test/omniverse-content-production.s3-us-west-2.amazonaws.com/Assets) by extension 'colcon_pkg'
[0.662s] Level 1:colcon.colcon_core.package_identification:_identify(src/smart_farm_navigation/260916_AMR_test/omniverse-content-production.s3-us-west-2.amazonaws.com/Assets) by extensions ['colcon_meta']
[0.662s] Level 1:colcon.colcon_core.package_identification:_identify(src/smart_farm_navigation/260916_AMR_test/omniverse-content-production.s3-us-west-2.amazonaws.com/Assets) by extension 'colcon_meta'
[0.662s] Level 1:colcon.colcon_core.package_identification:_identify(src/smart_farm_navigation/260916_AMR_test/omniverse-content-production.s3-us-west-2.amazonaws.com/Assets) by extensions ['ros']
[0.662s] Level 1:colcon.colcon_core.package_identification:_identify(src/smart_farm_navigation/260916_AMR_test/omniverse-content-production.s3-us-west-2.amazonaws.com/Assets) by extension 'ros'
[0.662s] Level 1:colcon.colcon_core.package_identification:_identify(src/smart_farm_navigation/260916_AMR_test/omniverse-content-production.s3-us-west-2.amazonaws.com/Assets) by extensions ['cmake', 'python']
[0.663s] Level 1:colcon.colcon_core.package_identification:_identify(src/smart_farm_navigation/260916_AMR_test/omniverse-content-production.s3-us-west-2.amazonaws.com/Assets) by extension 'cmake'
[0.663s] Level 1:colcon.colcon_core.package_identification:_identify(src/smart_farm_navigation/260916_AMR_test/omniverse-content-production.s3-us-west-2.amazonaws.com/Assets) by extension 'python'
[0.663s] Level 1:colcon.colcon_core.package_identification:_identify(src/smart_farm_navigation/260916_AMR_test/omniverse-content-production.s3-us-west-2.amazonaws.com/Assets) by extensions ['python_setup_py']
[0.663s] Level 1:colcon.colcon_core.package_identification:_identify(src/smart_farm_navigation/260916_AMR_test/omniverse-content-production.s3-us-west-2.amazonaws.com/Assets) by extension 'python_setup_py'
[0.664s] Level 1:colcon.colcon_core.package_identification:_identify(src/smart_farm_navigation/260916_AMR_test/omniverse-content-production.s3-us-west-2.amazonaws.com/Assets/Isaac) by extensions ['ignore', 'ignore_ament_install']
[0.664s] Level 1:colcon.colcon_core.package_identification:_identify(src/smart_farm_navigation/260916_AMR_test/omniverse-content-production.s3-us-west-2.amazonaws.com/Assets/Isaac) by extension 'ignore'
[0.664s] Level 1:colcon.colcon_core.package_identification:_identify(src/smart_farm_navigation/260916_AMR_test/omniverse-content-production.s3-us-west-2.amazonaws.com/Assets/Isaac) by extension 'ignore_ament_install'
[0.664s] Level 1:colcon.colcon_core.package_identification:_identify(src/smart_farm_navigation/260916_AMR_test/omniverse-content-production.s3-us-west-2.amazonaws.com/Assets/Isaac) by extensions ['colcon_pkg']
[0.664s] Level 1:colcon.colcon_core.package_identification:_identify(src/smart_farm_navigation/260916_AMR_test/omniverse-content-production.s3-us-west-2.amazonaws.com/Assets/Isaac) by extension 'colcon_pkg'
[0.665s] Level 1:colcon.colcon_core.package_identification:_identify(src/smart_farm_navigation/260916_AMR_test/omniverse-content-production.s3-us-west-2.amazonaws.com/Assets/Isaac) by extensions ['colcon_meta']
[0.665s] Level 1:colcon.colcon_core.package_identification:_identify(src/smart_farm_navigation/260916_AMR_test/omniverse-content-production.s3-us-west-2.amazonaws.com/Assets/Isaac) by extension 'colcon_meta'
[0.665s] Level 1:colcon.colcon_core.package_identification:_identify(src/smart_farm_navigation/260916_AMR_test/omniverse-content-production.s3-us-west-2.amazonaws.com/Assets/Isaac) by extensions ['ros']
[0.665s] Level 1:colcon.colcon_core.package_identification:_identify(src/smart_farm_navigation/260916_AMR_test/omniverse-content-production.s3-us-west-2.amazonaws.com/Assets/Isaac) by extension 'ros'
[0.665s] Level 1:colcon.colcon_core.package_identification:_identify(src/smart_farm_navigation/260916_AMR_test/omniverse-content-production.s3-us-west-2.amazonaws.com/Assets/Isaac) by extensions ['cmake', 'python']
[0.665s] Level 1:colcon.colcon_core.package_identification:_identify(src/smart_farm_navigation/260916_AMR_test/omniverse-content-production.s3-us-west-2.amazonaws.com/Assets/Isaac) by extension 'cmake'
[0.665s] Level 1:colcon.colcon_core.package_identification:_identify(src/smart_farm_navigation/260916_AMR_test/omniverse-content-production.s3-us-west-2.amazonaws.com/Assets/Isaac) by extension 'python'
[0.665s] Level 1:colcon.colcon_core.package_identification:_identify(src/smart_farm_navigation/260916_AMR_test/omniverse-content-production.s3-us-west-2.amazonaws.com/Assets/Isaac) by extensions ['python_setup_py']
[0.666s] Level 1:colcon.colcon_core.package_identification:_identify(src/smart_farm_navigation/260916_AMR_test/omniverse-content-production.s3-us-west-2.amazonaws.com/Assets/Isaac) by extension 'python_setup_py'
[0.666s] Level 1:colcon.colcon_core.package_identification:_identify(src/smart_farm_navigation/260916_AMR_test/omniverse-content-production.s3-us-west-2.amazonaws.com/Assets/Isaac/5.1) by extensions ['ignore', 'ignore_ament_install']
[0.666s] Level 1:colcon.colcon_core.package_identification:_identify(src/smart_farm_navigation/260916_AMR_test/omniverse-content-production.s3-us-west-2.amazonaws.com/Assets/Isaac/5.1) by extension 'ignore'
[0.666s] Level 1:colcon.colcon_core.package_identification:_identify(src/smart_farm_navigation/260916_AMR_test/omniverse-content-production.s3-us-west-2.amazonaws.com/Assets/Isaac/5.1) by extension 'ignore_ament_install'
[0.667s] Level 1:colcon.colcon_core.package_identification:_identify(src/smart_farm_navigation/260916_AMR_test/omniverse-content-production.s3-us-west-2.amazonaws.com/Assets/Isaac/5.1) by extensions ['colcon_pkg']
[0.667s] Level 1:colcon.colcon_core.package_identification:_identify(src/smart_farm_navigation/260916_AMR_test/omniverse-content-production.s3-us-west-2.amazonaws.com/Assets/Isaac/5.1) by extension 'colcon_pkg'
[0.667s] Level 1:colcon.colcon_core.package_identification:_identify(src/smart_farm_navigation/260916_AMR_test/omniverse-content-production.s3-us-west-2.amazonaws.com/Assets/Isaac/5.1) by extensions ['colcon_meta']
[0.667s] Level 1:colcon.colcon_core.package_identification:_identify(src/smart_farm_navigation/260916_AMR_test/omniverse-content-production.s3-us-west-2.amazonaws.com/Assets/Isaac/5.1) by extension 'colcon_meta'
[0.667s] Level 1:colcon.colcon_core.package_identification:_identify(src/smart_farm_navigation/260916_AMR_test/omniverse-content-production.s3-us-west-2.amazonaws.com/Assets/Isaac/5.1) by extensions ['ros']
[0.667s] Level 1:colcon.colcon_core.package_identification:_identify(src/smart_farm_navigation/260916_AMR_test/omniverse-content-production.s3-us-west-2.amazonaws.com/Assets/Isaac/5.1) by extension 'ros'
[0.667s] Level 1:colcon.colcon_core.package_identification:_identify(src/smart_farm_navigation/260916_AMR_test/omniverse-content-production.s3-us-west-2.amazonaws.com/Assets/Isaac/5.1) by extensions ['cmake', 'python']
[0.667s] Level 1:colcon.colcon_core.package_identification:_identify(src/smart_farm_navigation/260916_AMR_test/omniverse-content-production.s3-us-west-2.amazonaws.com/Assets/Isaac/5.1) by extension 'cmake'
[0.667s] Level 1:colcon.colcon_core.package_identification:_identify(src/smart_farm_navigation/260916_AMR_test/omniverse-content-production.s3-us-west-2.amazonaws.com/Assets/Isaac/5.1) by extension 'python'
[0.667s] Level 1:colcon.colcon_core.package_identification:_identify(src/smart_farm_navigation/260916_AMR_test/omniverse-content-production.s3-us-west-2.amazonaws.com/Assets/Isaac/5.1) by extensions ['python_setup_py']
[0.667s] Level 1:colcon.colcon_core.package_identification:_identify(src/smart_farm_navigation/260916_AMR_test/omniverse-content-production.s3-us-west-2.amazonaws.com/Assets/Isaac/5.1) by extension 'python_setup_py'
[0.668s] Level 1:colcon.colcon_core.package_identification:_identify(src/smart_farm_navigation/260916_AMR_test/omniverse-content-production.s3-us-west-2.amazonaws.com/Assets/Isaac/5.1/Isaac) by extensions ['ignore', 'ignore_ament_install']
[0.668s] Level 1:colcon.colcon_core.package_identification:_identify(src/smart_farm_navigation/260916_AMR_test/omniverse-content-production.s3-us-west-2.amazonaws.com/Assets/Isaac/5.1/Isaac) by extension 'ignore'
[0.668s] Level 1:colcon.colcon_core.package_identification:_identify(src/smart_farm_navigation/260916_AMR_test/omniverse-content-production.s3-us-west-2.amazonaws.com/Assets/Isaac/5.1/Isaac) by extension 'ignore_ament_install'
[0.668s] Level 1:colcon.colcon_core.package_identification:_identify(src/smart_farm_navigation/260916_AMR_test/omniverse-content-production.s3-us-west-2.amazonaws.com/Assets/Isaac/5.1/Isaac) by extensions ['colcon_pkg']
[0.668s] Level 1:colcon.colcon_core.package_identification:_identify(src/smart_farm_navigation/260916_AMR_test/omniverse-content-production.s3-us-west-2.amazonaws.com/Assets/Isaac/5.1/Isaac) by extension 'colcon_pkg'
[0.668s] Level 1:colcon.colcon_core.package_identification:_identify(src/smart_farm_navigation/260916_AMR_test/omniverse-content-production.s3-us-west-2.amazonaws.com/Assets/Isaac/5.1/Isaac) by extensions ['colcon_meta']
[0.668s] Level 1:colcon.colcon_core.package_identification:_identify(src/smart_farm_navigation/260916_AMR_test/omniverse-content-production.s3-us-west-2.amazonaws.com/Assets/Isaac/5.1/Isaac) by extension 'colcon_meta'
[0.668s] Level 1:colcon.colcon_core.package_identification:_identify(src/smart_farm_navigation/260916_AMR_test/omniverse-content-production.s3-us-west-2.amazonaws.com/Assets/Isaac/5.1/Isaac) by extensions ['ros']
[0.668s] Level 1:colcon.colcon_core.package_identification:_identify(src/smart_farm_navigation/260916_AMR_test/omniverse-content-production.s3-us-west-2.amazonaws.com/Assets/Isaac/5.1/Isaac) by extension 'ros'
[0.669s] Level 1:colcon.colcon_core.package_identification:_identify(src/smart_farm_navigation/260916_AMR_test/omniverse-content-production.s3-us-west-2.amazonaws.com/Assets/Isaac/5.1/Isaac) by extensions ['cmake', 'python']
[0.669s] Level 1:colcon.colcon_core.package_identification:_identify(src/smart_farm_navigation/260916_AMR_test/omniverse-content-production.s3-us-west-2.amazonaws.com/Assets/Isaac/5.1/Isaac) by extension 'cmake'
[0.669s] Level 1:colcon.colcon_core.package_identification:_identify(src/smart_farm_navigation/260916_AMR_test/omniverse-content-production.s3-us-west-2.amazonaws.com/Assets/Isaac/5.1/Isaac) by extension 'python'
[0.669s] Level 1:colcon.colcon_core.package_identification:_identify(src/smart_farm_navigation/260916_AMR_test/omniverse-content-production.s3-us-west-2.amazonaws.com/Assets/Isaac/5.1/Isaac) by extensions ['python_setup_py']
[0.669s] Level 1:colcon.colcon_core.package_identification:_identify(src/smart_farm_navigation/260916_AMR_test/omniverse-content-production.s3-us-west-2.amazonaws.com/Assets/Isaac/5.1/Isaac) by extension 'python_setup_py'
[0.669s] Level 1:colcon.colcon_core.package_identification:_identify(src/smart_farm_navigation/260916_AMR_test/omniverse-content-production.s3-us-west-2.amazonaws.com/Assets/Isaac/5.1/Isaac/Robots) by extensions ['ignore', 'ignore_ament_install']
[0.670s] Level 1:colcon.colcon_core.package_identification:_identify(src/smart_farm_navigation/260916_AMR_test/omniverse-content-production.s3-us-west-2.amazonaws.com/Assets/Isaac/5.1/Isaac/Robots) by extension 'ignore'
[0.670s] Level 1:colcon.colcon_core.package_identification:_identify(src/smart_farm_navigation/260916_AMR_test/omniverse-content-production.s3-us-west-2.amazonaws.com/Assets/Isaac/5.1/Isaac/Robots) by extension 'ignore_ament_install'
[0.670s] Level 1:colcon.colcon_core.package_identification:_identify(src/smart_farm_navigation/260916_AMR_test/omniverse-content-production.s3-us-west-2.amazonaws.com/Assets/Isaac/5.1/Isaac/Robots) by extensions ['colcon_pkg']
[0.670s] Level 1:colcon.colcon_core.package_identification:_identify(src/smart_farm_navigation/260916_AMR_test/omniverse-content-production.s3-us-west-2.amazonaws.com/Assets/Isaac/5.1/Isaac/Robots) by extension 'colcon_pkg'
[0.670s] Level 1:colcon.colcon_core.package_identification:_identify(src/smart_farm_navigation/260916_AMR_test/omniverse-content-production.s3-us-west-2.amazonaws.com/Assets/Isaac/5.1/Isaac/Robots) by extensions ['colcon_meta']
[0.670s] Level 1:colcon.colcon_core.package_identification:_identify(src/smart_farm_navigation/260916_AMR_test/omniverse-content-production.s3-us-west-2.amazonaws.com/Assets/Isaac/5.1/Isaac/Robots) by extension 'colcon_meta'
[0.670s] Level 1:colcon.colcon_core.package_identification:_identify(src/smart_farm_navigation/260916_AMR_test/omniverse-content-production.s3-us-west-2.amazonaws.com/Assets/Isaac/5.1/Isaac/Robots) by extensions ['ros']
[0.670s] Level 1:colcon.colcon_core.package_identification:_identify(src/smart_farm_navigation/260916_AMR_test/omniverse-content-production.s3-us-west-2.amazonaws.com/Assets/Isaac/5.1/Isaac/Robots) by extension 'ros'
[0.671s] Level 1:colcon.colcon_core.package_identification:_identify(src/smart_farm_navigation/260916_AMR_test/omniverse-content-production.s3-us-west-2.amazonaws.com/Assets/Isaac/5.1/Isaac/Robots) by extensions ['cmake', 'python']
[0.671s] Level 1:colcon.colcon_core.package_identification:_identify(src/smart_farm_navigation/260916_AMR_test/omniverse-content-production.s3-us-west-2.amazonaws.com/Assets/Isaac/5.1/Isaac/Robots) by extension 'cmake'
[0.671s] Level 1:colcon.colcon_core.package_identification:_identify(src/smart_farm_navigation/260916_AMR_test/omniverse-content-production.s3-us-west-2.amazonaws.com/Assets/Isaac/5.1/Isaac/Robots) by extension 'python'
[0.671s] Level 1:colcon.colcon_core.package_identification:_identify(src/smart_farm_navigation/260916_AMR_test/omniverse-content-production.s3-us-west-2.amazonaws.com/Assets/Isaac/5.1/Isaac/Robots) by extensions ['python_setup_py']
[0.671s] Level 1:colcon.colcon_core.package_identification:_identify(src/smart_farm_navigation/260916_AMR_test/omniverse-content-production.s3-us-west-2.amazonaws.com/Assets/Isaac/5.1/Isaac/Robots) by extension 'python_setup_py'
[0.671s] Level 1:colcon.colcon_core.package_identification:_identify(src/smart_farm_navigation/260916_AMR_test/omniverse-content-production.s3-us-west-2.amazonaws.com/Assets/Isaac/5.1/Isaac/Robots/Clearpath) by extensions ['ignore', 'ignore_ament_install']
[0.672s] Level 1:colcon.colcon_core.package_identification:_identify(src/smart_farm_navigation/260916_AMR_test/omniverse-content-production.s3-us-west-2.amazonaws.com/Assets/Isaac/5.1/Isaac/Robots/Clearpath) by extension 'ignore'
[0.672s] Level 1:colcon.colcon_core.package_identification:_identify(src/smart_farm_navigation/260916_AMR_test/omniverse-content-production.s3-us-west-2.amazonaws.com/Assets/Isaac/5.1/Isaac/Robots/Clearpath) by extension 'ignore_ament_install'
[0.672s] Level 1:colcon.colcon_core.package_identification:_identify(src/smart_farm_navigation/260916_AMR_test/omniverse-content-production.s3-us-west-2.amazonaws.com/Assets/Isaac/5.1/Isaac/Robots/Clearpath) by extensions ['colcon_pkg']
[0.672s] Level 1:colcon.colcon_core.package_identification:_identify(src/smart_farm_navigation/260916_AMR_test/omniverse-content-production.s3-us-west-2.amazonaws.com/Assets/Isaac/5.1/Isaac/Robots/Clearpath) by extension 'colcon_pkg'
[0.672s] Level 1:colcon.colcon_core.package_identification:_identify(src/smart_farm_navigation/260916_AMR_test/omniverse-content-production.s3-us-west-2.amazonaws.com/Assets/Isaac/5.1/Isaac/Robots/Clearpath) by extensions ['colcon_meta']
[0.672s] Level 1:colcon.colcon_core.package_identification:_identify(src/smart_farm_navigation/260916_AMR_test/omniverse-content-production.s3-us-west-2.amazonaws.com/Assets/Isaac/5.1/Isaac/Robots/Clearpath) by extension 'colcon_meta'
[0.672s] Level 1:colcon.colcon_core.package_identification:_identify(src/smart_farm_navigation/260916_AMR_test/omniverse-content-production.s3-us-west-2.amazonaws.com/Assets/Isaac/5.1/Isaac/Robots/Clearpath) by extensions ['ros']
[0.672s] Level 1:colcon.colcon_core.package_identification:_identify(src/smart_farm_navigation/260916_AMR_test/omniverse-content-production.s3-us-west-2.amazonaws.com/Assets/Isaac/5.1/Isaac/Robots/Clearpath) by extension 'ros'
[0.673s] Level 1:colcon.colcon_core.package_identification:_identify(src/smart_farm_navigation/260916_AMR_test/omniverse-content-production.s3-us-west-2.amazonaws.com/Assets/Isaac/5.1/Isaac/Robots/Clearpath) by extensions ['cmake', 'python']
[0.673s] Level 1:colcon.colcon_core.package_identification:_identify(src/smart_farm_navigation/260916_AMR_test/omniverse-content-production.s3-us-west-2.amazonaws.com/Assets/Isaac/5.1/Isaac/Robots/Clearpath) by extension 'cmake'
[0.673s] Level 1:colcon.colcon_core.package_identification:_identify(src/smart_farm_navigation/260916_AMR_test/omniverse-content-production.s3-us-west-2.amazonaws.com/Assets/Isaac/5.1/Isaac/Robots/Clearpath) by extension 'python'
[0.673s] Level 1:colcon.colcon_core.package_identification:_identify(src/smart_farm_navigation/260916_AMR_test/omniverse-content-production.s3-us-west-2.amazonaws.com/Assets/Isaac/5.1/Isaac/Robots/Clearpath) by extensions ['python_setup_py']
[0.673s] Level 1:colcon.colcon_core.package_identification:_identify(src/smart_farm_navigation/260916_AMR_test/omniverse-content-production.s3-us-west-2.amazonaws.com/Assets/Isaac/5.1/Isaac/Robots/Clearpath) by extension 'python_setup_py'
[0.673s] Level 1:colcon.colcon_core.package_identification:_identify(src/smart_farm_navigation/260916_AMR_test/omniverse-content-production.s3-us-west-2.amazonaws.com/Assets/Isaac/5.1/Isaac/Robots/Clearpath/RidgebackFranka) by extensions ['ignore', 'ignore_ament_install']
[0.674s] Level 1:colcon.colcon_core.package_identification:_identify(src/smart_farm_navigation/260916_AMR_test/omniverse-content-production.s3-us-west-2.amazonaws.com/Assets/Isaac/5.1/Isaac/Robots/Clearpath/RidgebackFranka) by extension 'ignore'
[0.674s] Level 1:colcon.colcon_core.package_identification:_identify(src/smart_farm_navigation/260916_AMR_test/omniverse-content-production.s3-us-west-2.amazonaws.com/Assets/Isaac/5.1/Isaac/Robots/Clearpath/RidgebackFranka) by extension 'ignore_ament_install'
[0.674s] Level 1:colcon.colcon_core.package_identification:_identify(src/smart_farm_navigation/260916_AMR_test/omniverse-content-production.s3-us-west-2.amazonaws.com/Assets/Isaac/5.1/Isaac/Robots/Clearpath/RidgebackFranka) by extensions ['colcon_pkg']
[0.674s] Level 1:colcon.colcon_core.package_identification:_identify(src/smart_farm_navigation/260916_AMR_test/omniverse-content-production.s3-us-west-2.amazonaws.com/Assets/Isaac/5.1/Isaac/Robots/Clearpath/RidgebackFranka) by extension 'colcon_pkg'
[0.674s] Level 1:colcon.colcon_core.package_identification:_identify(src/smart_farm_navigation/260916_AMR_test/omniverse-content-production.s3-us-west-2.amazonaws.com/Assets/Isaac/5.1/Isaac/Robots/Clearpath/RidgebackFranka) by extensions ['colcon_meta']
[0.674s] Level 1:colcon.colcon_core.package_identification:_identify(src/smart_farm_navigation/260916_AMR_test/omniverse-content-production.s3-us-west-2.amazonaws.com/Assets/Isaac/5.1/Isaac/Robots/Clearpath/RidgebackFranka) by extension 'colcon_meta'
[0.674s] Level 1:colcon.colcon_core.package_identification:_identify(src/smart_farm_navigation/260916_AMR_test/omniverse-content-production.s3-us-west-2.amazonaws.com/Assets/Isaac/5.1/Isaac/Robots/Clearpath/RidgebackFranka) by extensions ['ros']
[0.674s] Level 1:colcon.colcon_core.package_identification:_identify(src/smart_farm_navigation/260916_AMR_test/omniverse-content-production.s3-us-west-2.amazonaws.com/Assets/Isaac/5.1/Isaac/Robots/Clearpath/RidgebackFranka) by extension 'ros'
[0.674s] Level 1:colcon.colcon_core.package_identification:_identify(src/smart_farm_navigation/260916_AMR_test/omniverse-content-production.s3-us-west-2.amazonaws.com/Assets/Isaac/5.1/Isaac/Robots/Clearpath/RidgebackFranka) by extensions ['cmake', 'python']
[0.675s] Level 1:colcon.colcon_core.package_identification:_identify(src/smart_farm_navigation/260916_AMR_test/omniverse-content-production.s3-us-west-2.amazonaws.com/Assets/Isaac/5.1/Isaac/Robots/Clearpath/RidgebackFranka) by extension 'cmake'
[0.675s] Level 1:colcon.colcon_core.package_identification:_identify(src/smart_farm_navigation/260916_AMR_test/omniverse-content-production.s3-us-west-2.amazonaws.com/Assets/Isaac/5.1/Isaac/Robots/Clearpath/RidgebackFranka) by extension 'python'
[0.675s] Level 1:colcon.colcon_core.package_identification:_identify(src/smart_farm_navigation/260916_AMR_test/omniverse-content-production.s3-us-west-2.amazonaws.com/Assets/Isaac/5.1/Isaac/Robots/Clearpath/RidgebackFranka) by extensions ['python_setup_py']
[0.675s] Level 1:colcon.colcon_core.package_identification:_identify(src/smart_farm_navigation/260916_AMR_test/omniverse-content-production.s3-us-west-2.amazonaws.com/Assets/Isaac/5.1/Isaac/Robots/Clearpath/RidgebackFranka) by extension 'python_setup_py'
[0.675s] Level 1:colcon.colcon_core.package_identification:_identify(src/smart_farm_navigation/260916_AMR_test/omniverse-content-production.s3-us-west-2.amazonaws.com/Assets/Isaac/5.1/Isaac/Robots/Clearpath/RidgebackFranka/Materials) by extensions ['ignore', 'ignore_ament_install']
[0.676s] Level 1:colcon.colcon_core.package_identification:_identify(src/smart_farm_navigation/260916_AMR_test/omniverse-content-production.s3-us-west-2.amazonaws.com/Assets/Isaac/5.1/Isaac/Robots/Clearpath/RidgebackFranka/Materials) by extension 'ignore'
[0.676s] Level 1:colcon.colcon_core.package_identification:_identify(src/smart_farm_navigation/260916_AMR_test/omniverse-content-production.s3-us-west-2.amazonaws.com/Assets/Isaac/5.1/Isaac/Robots/Clearpath/RidgebackFranka/Materials) by extension 'ignore_ament_install'
[0.676s] Level 1:colcon.colcon_core.package_identification:_identify(src/smart_farm_navigation/260916_AMR_test/omniverse-content-production.s3-us-west-2.amazonaws.com/Assets/Isaac/5.1/Isaac/Robots/Clearpath/RidgebackFranka/Materials) by extensions ['colcon_pkg']
[0.676s] Level 1:colcon.colcon_core.package_identification:_identify(src/smart_farm_navigation/260916_AMR_test/omniverse-content-production.s3-us-west-2.amazonaws.com/Assets/Isaac/5.1/Isaac/Robots/Clearpath/RidgebackFranka/Materials) by extension 'colcon_pkg'
[0.676s] Level 1:colcon.colcon_core.package_identification:_identify(src/smart_farm_navigation/260916_AMR_test/omniverse-content-production.s3-us-west-2.amazonaws.com/Assets/Isaac/5.1/Isaac/Robots/Clearpath/RidgebackFranka/Materials) by extensions ['colcon_meta']
[0.676s] Level 1:colcon.colcon_core.package_identification:_identify(src/smart_farm_navigation/260916_AMR_test/omniverse-content-production.s3-us-west-2.amazonaws.com/Assets/Isaac/5.1/Isaac/Robots/Clearpath/RidgebackFranka/Materials) by extension 'colcon_meta'
[0.676s] Level 1:colcon.colcon_core.package_identification:_identify(src/smart_farm_navigation/260916_AMR_test/omniverse-content-production.s3-us-west-2.amazonaws.com/Assets/Isaac/5.1/Isaac/Robots/Clearpath/RidgebackFranka/Materials) by extensions ['ros']
[0.676s] Level 1:colcon.colcon_core.package_identification:_identify(src/smart_farm_navigation/260916_AMR_test/omniverse-content-production.s3-us-west-2.amazonaws.com/Assets/Isaac/5.1/Isaac/Robots/Clearpath/RidgebackFranka/Materials) by extension 'ros'
[0.677s] Level 1:colcon.colcon_core.package_identification:_identify(src/smart_farm_navigation/260916_AMR_test/omniverse-content-production.s3-us-west-2.amazonaws.com/Assets/Isaac/5.1/Isaac/Robots/Clearpath/RidgebackFranka/Materials) by extensions ['cmake', 'python']
[0.677s] Level 1:colcon.colcon_core.package_identification:_identify(src/smart_farm_navigation/260916_AMR_test/omniverse-content-production.s3-us-west-2.amazonaws.com/Assets/Isaac/5.1/Isaac/Robots/Clearpath/RidgebackFranka/Materials) by extension 'cmake'
[0.677s] Level 1:colcon.colcon_core.package_identification:_identify(src/smart_farm_navigation/260916_AMR_test/omniverse-content-production.s3-us-west-2.amazonaws.com/Assets/Isaac/5.1/Isaac/Robots/Clearpath/RidgebackFranka/Materials) by extension 'python'
[0.677s] Level 1:colcon.colcon_core.package_identification:_identify(src/smart_farm_navigation/260916_AMR_test/omniverse-content-production.s3-us-west-2.amazonaws.com/Assets/Isaac/5.1/Isaac/Robots/Clearpath/RidgebackFranka/Materials) by extensions ['python_setup_py']
[0.677s] Level 1:colcon.colcon_core.package_identification:_identify(src/smart_farm_navigation/260916_AMR_test/omniverse-content-production.s3-us-west-2.amazonaws.com/Assets/Isaac/5.1/Isaac/Robots/Clearpath/RidgebackFranka/Materials) by extension 'python_setup_py'
[0.678s] Level 1:colcon.colcon_core.package_identification:_identify(src/smart_farm_navigation/260916_AMR_test/omniverse-content-production.s3-us-west-2.amazonaws.com/Assets/Isaac/5.1/Isaac/Robots/Clearpath/RidgebackFranka/Props) by extensions ['ignore', 'ignore_ament_install']
[0.678s] Level 1:colcon.colcon_core.package_identification:_identify(src/smart_farm_navigation/260916_AMR_test/omniverse-content-production.s3-us-west-2.amazonaws.com/Assets/Isaac/5.1/Isaac/Robots/Clearpath/RidgebackFranka/Props) by extension 'ignore'
[0.678s] Level 1:colcon.colcon_core.package_identification:_identify(src/smart_farm_navigation/260916_AMR_test/omniverse-content-production.s3-us-west-2.amazonaws.com/Assets/Isaac/5.1/Isaac/Robots/Clearpath/RidgebackFranka/Props) by extension 'ignore_ament_install'
[0.678s] Level 1:colcon.colcon_core.package_identification:_identify(src/smart_farm_navigation/260916_AMR_test/omniverse-content-production.s3-us-west-2.amazonaws.com/Assets/Isaac/5.1/Isaac/Robots/Clearpath/RidgebackFranka/Props) by extensions ['colcon_pkg']
[0.678s] Level 1:colcon.colcon_core.package_identification:_identify(src/smart_farm_navigation/260916_AMR_test/omniverse-content-production.s3-us-west-2.amazonaws.com/Assets/Isaac/5.1/Isaac/Robots/Clearpath/RidgebackFranka/Props) by extension 'colcon_pkg'
[0.678s] Level 1:colcon.colcon_core.package_identification:_identify(src/smart_farm_navigation/260916_AMR_test/omniverse-content-production.s3-us-west-2.amazonaws.com/Assets/Isaac/5.1/Isaac/Robots/Clearpath/RidgebackFranka/Props) by extensions ['colcon_meta']
[0.678s] Level 1:colcon.colcon_core.package_identification:_identify(src/smart_farm_navigation/260916_AMR_test/omniverse-content-production.s3-us-west-2.amazonaws.com/Assets/Isaac/5.1/Isaac/Robots/Clearpath/RidgebackFranka/Props) by extension 'colcon_meta'
[0.679s] Level 1:colcon.colcon_core.package_identification:_identify(src/smart_farm_navigation/260916_AMR_test/omniverse-content-production.s3-us-west-2.amazonaws.com/Assets/Isaac/5.1/Isaac/Robots/Clearpath/RidgebackFranka/Props) by extensions ['ros']
[0.679s] Level 1:colcon.colcon_core.package_identification:_identify(src/smart_farm_navigation/260916_AMR_test/omniverse-content-production.s3-us-west-2.amazonaws.com/Assets/Isaac/5.1/Isaac/Robots/Clearpath/RidgebackFranka/Props) by extension 'ros'
[0.679s] Level 1:colcon.colcon_core.package_identification:_identify(src/smart_farm_navigation/260916_AMR_test/omniverse-content-production.s3-us-west-2.amazonaws.com/Assets/Isaac/5.1/Isaac/Robots/Clearpath/RidgebackFranka/Props) by extensions ['cmake', 'python']
[0.679s] Level 1:colcon.colcon_core.package_identification:_identify(src/smart_farm_navigation/260916_AMR_test/omniverse-content-production.s3-us-west-2.amazonaws.com/Assets/Isaac/5.1/Isaac/Robots/Clearpath/RidgebackFranka/Props) by extension 'cmake'
[0.679s] Level 1:colcon.colcon_core.package_identification:_identify(src/smart_farm_navigation/260916_AMR_test/omniverse-content-production.s3-us-west-2.amazonaws.com/Assets/Isaac/5.1/Isaac/Robots/Clearpath/RidgebackFranka/Props) by extension 'python'
[0.679s] Level 1:colcon.colcon_core.package_identification:_identify(src/smart_farm_navigation/260916_AMR_test/omniverse-content-production.s3-us-west-2.amazonaws.com/Assets/Isaac/5.1/Isaac/Robots/Clearpath/RidgebackFranka/Props) by extensions ['python_setup_py']
[0.679s] Level 1:colcon.colcon_core.package_identification:_identify(src/smart_farm_navigation/260916_AMR_test/omniverse-content-production.s3-us-west-2.amazonaws.com/Assets/Isaac/5.1/Isaac/Robots/Clearpath/RidgebackFranka/Props) by extension 'python_setup_py'
[0.680s] Level 1:colcon.colcon_core.package_identification:_identify(src/smart_farm_navigation/260916_AMR_test/omniverse-content-production.s3-us-west-2.amazonaws.com/Assets/Isaac/5.1/Isaac/Robots/Clearpath/RidgebackFranka/configuration) by extensions ['ignore', 'ignore_ament_install']
[0.680s] Level 1:colcon.colcon_core.package_identification:_identify(src/smart_farm_navigation/260916_AMR_test/omniverse-content-production.s3-us-west-2.amazonaws.com/Assets/Isaac/5.1/Isaac/Robots/Clearpath/RidgebackFranka/configuration) by extension 'ignore'
[0.680s] Level 1:colcon.colcon_core.package_identification:_identify(src/smart_farm_navigation/260916_AMR_test/omniverse-content-production.s3-us-west-2.amazonaws.com/Assets/Isaac/5.1/Isaac/Robots/Clearpath/RidgebackFranka/configuration) by extension 'ignore_ament_install'
[0.680s] Level 1:colcon.colcon_core.package_identification:_identify(src/smart_farm_navigation/260916_AMR_test/omniverse-content-production.s3-us-west-2.amazonaws.com/Assets/Isaac/5.1/Isaac/Robots/Clearpath/RidgebackFranka/configuration) by extensions ['colcon_pkg']
[0.681s] Level 1:colcon.colcon_core.package_identification:_identify(src/smart_farm_navigation/260916_AMR_test/omniverse-content-production.s3-us-west-2.amazonaws.com/Assets/Isaac/5.1/Isaac/Robots/Clearpath/RidgebackFranka/configuration) by extension 'colcon_pkg'
[0.681s] Level 1:colcon.colcon_core.package_identification:_identify(src/smart_farm_navigation/260916_AMR_test/omniverse-content-production.s3-us-west-2.amazonaws.com/Assets/Isaac/5.1/Isaac/Robots/Clearpath/RidgebackFranka/configuration) by extensions ['colcon_meta']
[0.681s] Level 1:colcon.colcon_core.package_identification:_identify(src/smart_farm_navigation/260916_AMR_test/omniverse-content-production.s3-us-west-2.amazonaws.com/Assets/Isaac/5.1/Isaac/Robots/Clearpath/RidgebackFranka/configuration) by extension 'colcon_meta'
[0.681s] Level 1:colcon.colcon_core.package_identification:_identify(src/smart_farm_navigation/260916_AMR_test/omniverse-content-production.s3-us-west-2.amazonaws.com/Assets/Isaac/5.1/Isaac/Robots/Clearpath/RidgebackFranka/configuration) by extensions ['ros']
[0.681s] Level 1:colcon.colcon_core.package_identification:_identify(src/smart_farm_navigation/260916_AMR_test/omniverse-content-production.s3-us-west-2.amazonaws.com/Assets/Isaac/5.1/Isaac/Robots/Clearpath/RidgebackFranka/configuration) by extension 'ros'
[0.681s] Level 1:colcon.colcon_core.package_identification:_identify(src/smart_farm_navigation/260916_AMR_test/omniverse-content-production.s3-us-west-2.amazonaws.com/Assets/Isaac/5.1/Isaac/Robots/Clearpath/RidgebackFranka/configuration) by extensions ['cmake', 'python']
[0.681s] Level 1:colcon.colcon_core.package_identification:_identify(src/smart_farm_navigation/260916_AMR_test/omniverse-content-production.s3-us-west-2.amazonaws.com/Assets/Isaac/5.1/Isaac/Robots/Clearpath/RidgebackFranka/configuration) by extension 'cmake'
[0.681s] Level 1:colcon.colcon_core.package_identification:_identify(src/smart_farm_navigation/260916_AMR_test/omniverse-content-production.s3-us-west-2.amazonaws.com/Assets/Isaac/5.1/Isaac/Robots/Clearpath/RidgebackFranka/configuration) by extension 'python'
[0.681s] Level 1:colcon.colcon_core.package_identification:_identify(src/smart_farm_navigation/260916_AMR_test/omniverse-content-production.s3-us-west-2.amazonaws.com/Assets/Isaac/5.1/Isaac/Robots/Clearpath/RidgebackFranka/configuration) by extensions ['python_setup_py']
[0.681s] Level 1:colcon.colcon_core.package_identification:_identify(src/smart_farm_navigation/260916_AMR_test/omniverse-content-production.s3-us-west-2.amazonaws.com/Assets/Isaac/5.1/Isaac/Robots/Clearpath/RidgebackFranka/configuration) by extension 'python_setup_py'
[0.682s] Level 1:colcon.colcon_core.package_identification:_identify(src/smart_farm_navigation/260916_AMR_test/scenes) by extensions ['ignore', 'ignore_ament_install']
[0.682s] Level 1:colcon.colcon_core.package_identification:_identify(src/smart_farm_navigation/260916_AMR_test/scenes) by extension 'ignore'
[0.682s] Level 1:colcon.colcon_core.package_identification:_identify(src/smart_farm_navigation/260916_AMR_test/scenes) by extension 'ignore_ament_install'
[0.682s] Level 1:colcon.colcon_core.package_identification:_identify(src/smart_farm_navigation/260916_AMR_test/scenes) by extensions ['colcon_pkg']
[0.682s] Level 1:colcon.colcon_core.package_identification:_identify(src/smart_farm_navigation/260916_AMR_test/scenes) by extension 'colcon_pkg'
[0.682s] Level 1:colcon.colcon_core.package_identification:_identify(src/smart_farm_navigation/260916_AMR_test/scenes) by extensions ['colcon_meta']
[0.683s] Level 1:colcon.colcon_core.package_identification:_identify(src/smart_farm_navigation/260916_AMR_test/scenes) by extension 'colcon_meta'
[0.683s] Level 1:colcon.colcon_core.package_identification:_identify(src/smart_farm_navigation/260916_AMR_test/scenes) by extensions ['ros']
[0.683s] Level 1:colcon.colcon_core.package_identification:_identify(src/smart_farm_navigation/260916_AMR_test/scenes) by extension 'ros'
[0.683s] Level 1:colcon.colcon_core.package_identification:_identify(src/smart_farm_navigation/260916_AMR_test/scenes) by extensions ['cmake', 'python']
[0.683s] Level 1:colcon.colcon_core.package_identification:_identify(src/smart_farm_navigation/260916_AMR_test/scenes) by extension 'cmake'
[0.683s] Level 1:colcon.colcon_core.package_identification:_identify(src/smart_farm_navigation/260916_AMR_test/scenes) by extension 'python'
[0.683s] Level 1:colcon.colcon_core.package_identification:_identify(src/smart_farm_navigation/260916_AMR_test/scenes) by extensions ['python_setup_py']
[0.683s] Level 1:colcon.colcon_core.package_identification:_identify(src/smart_farm_navigation/260916_AMR_test/scenes) by extension 'python_setup_py'
[0.683s] Level 1:colcon.colcon_core.package_identification:_identify(src/smart_farm_navigation/config) by extensions ['ignore', 'ignore_ament_install']
[0.684s] Level 1:colcon.colcon_core.package_identification:_identify(src/smart_farm_navigation/config) by extension 'ignore'
[0.684s] Level 1:colcon.colcon_core.package_identification:_identify(src/smart_farm_navigation/config) by extension 'ignore_ament_install'
[0.684s] Level 1:colcon.colcon_core.package_identification:_identify(src/smart_farm_navigation/config) by extensions ['colcon_pkg']
[0.684s] Level 1:colcon.colcon_core.package_identification:_identify(src/smart_farm_navigation/config) by extension 'colcon_pkg'
[0.684s] Level 1:colcon.colcon_core.package_identification:_identify(src/smart_farm_navigation/config) by extensions ['colcon_meta']
[0.684s] Level 1:colcon.colcon_core.package_identification:_identify(src/smart_farm_navigation/config) by extension 'colcon_meta'
[0.684s] Level 1:colcon.colcon_core.package_identification:_identify(src/smart_farm_navigation/config) by extensions ['ros']
[0.684s] Level 1:colcon.colcon_core.package_identification:_identify(src/smart_farm_navigation/config) by extension 'ros'
[0.684s] Level 1:colcon.colcon_core.package_identification:_identify(src/smart_farm_navigation/config) by extensions ['cmake', 'python']
[0.684s] Level 1:colcon.colcon_core.package_identification:_identify(src/smart_farm_navigation/config) by extension 'cmake'
[0.684s] Level 1:colcon.colcon_core.package_identification:_identify(src/smart_farm_navigation/config) by extension 'python'
[0.684s] Level 1:colcon.colcon_core.package_identification:_identify(src/smart_farm_navigation/config) by extensions ['python_setup_py']
[0.684s] Level 1:colcon.colcon_core.package_identification:_identify(src/smart_farm_navigation/config) by extension 'python_setup_py'
[0.685s] Level 1:colcon.colcon_core.package_identification:_identify(src/smart_farm_navigation/launch) by extensions ['ignore', 'ignore_ament_install']
[0.685s] Level 1:colcon.colcon_core.package_identification:_identify(src/smart_farm_navigation/launch) by extension 'ignore'
[0.685s] Level 1:colcon.colcon_core.package_identification:_identify(src/smart_farm_navigation/launch) by extension 'ignore_ament_install'
[0.685s] Level 1:colcon.colcon_core.package_identification:_identify(src/smart_farm_navigation/launch) by extensions ['colcon_pkg']
[0.685s] Level 1:colcon.colcon_core.package_identification:_identify(src/smart_farm_navigation/launch) by extension 'colcon_pkg'
[0.685s] Level 1:colcon.colcon_core.package_identification:_identify(src/smart_farm_navigation/launch) by extensions ['colcon_meta']
[0.685s] Level 1:colcon.colcon_core.package_identification:_identify(src/smart_farm_navigation/launch) by extension 'colcon_meta'
[0.685s] Level 1:colcon.colcon_core.package_identification:_identify(src/smart_farm_navigation/launch) by extensions ['ros']
[0.685s] Level 1:colcon.colcon_core.package_identification:_identify(src/smart_farm_navigation/launch) by extension 'ros'
[0.686s] Level 1:colcon.colcon_core.package_identification:_identify(src/smart_farm_navigation/launch) by extensions ['cmake', 'python']
[0.686s] Level 1:colcon.colcon_core.package_identification:_identify(src/smart_farm_navigation/launch) by extension 'cmake'
[0.686s] Level 1:colcon.colcon_core.package_identification:_identify(src/smart_farm_navigation/launch) by extension 'python'
[0.686s] Level 1:colcon.colcon_core.package_identification:_identify(src/smart_farm_navigation/launch) by extensions ['python_setup_py']
[0.686s] Level 1:colcon.colcon_core.package_identification:_identify(src/smart_farm_navigation/launch) by extension 'python_setup_py'
[0.686s] Level 1:colcon.colcon_core.package_identification:_identify(src/smart_farm_navigation/maps) by extensions ['ignore', 'ignore_ament_install']
[0.686s] Level 1:colcon.colcon_core.package_identification:_identify(src/smart_farm_navigation/maps) by extension 'ignore'
[0.686s] Level 1:colcon.colcon_core.package_identification:_identify(src/smart_farm_navigation/maps) by extension 'ignore_ament_install'
[0.686s] Level 1:colcon.colcon_core.package_identification:_identify(src/smart_farm_navigation/maps) by extensions ['colcon_pkg']
[0.686s] Level 1:colcon.colcon_core.package_identification:_identify(src/smart_farm_navigation/maps) by extension 'colcon_pkg'
[0.687s] Level 1:colcon.colcon_core.package_identification:_identify(src/smart_farm_navigation/maps) by extensions ['colcon_meta']
[0.687s] Level 1:colcon.colcon_core.package_identification:_identify(src/smart_farm_navigation/maps) by extension 'colcon_meta'
[0.687s] Level 1:colcon.colcon_core.package_identification:_identify(src/smart_farm_navigation/maps) by extensions ['ros']
[0.687s] Level 1:colcon.colcon_core.package_identification:_identify(src/smart_farm_navigation/maps) by extension 'ros'
[0.687s] Level 1:colcon.colcon_core.package_identification:_identify(src/smart_farm_navigation/maps) by extensions ['cmake', 'python']
[0.687s] Level 1:colcon.colcon_core.package_identification:_identify(src/smart_farm_navigation/maps) by extension 'cmake'
[0.687s] Level 1:colcon.colcon_core.package_identification:_identify(src/smart_farm_navigation/maps) by extension 'python'
[0.687s] Level 1:colcon.colcon_core.package_identification:_identify(src/smart_farm_navigation/maps) by extensions ['python_setup_py']
[0.687s] Level 1:colcon.colcon_core.package_identification:_identify(src/smart_farm_navigation/maps) by extension 'python_setup_py'
[0.687s] Level 1:colcon.colcon_core.package_identification:_identify(src/smart_farm_navigation/params) by extensions ['ignore', 'ignore_ament_install']
[0.688s] Level 1:colcon.colcon_core.package_identification:_identify(src/smart_farm_navigation/params) by extension 'ignore'
[0.688s] Level 1:colcon.colcon_core.package_identification:_identify(src/smart_farm_navigation/params) by extension 'ignore_ament_install'
[0.688s] Level 1:colcon.colcon_core.package_identification:_identify(src/smart_farm_navigation/params) by extensions ['colcon_pkg']
[0.688s] Level 1:colcon.colcon_core.package_identification:_identify(src/smart_farm_navigation/params) by extension 'colcon_pkg'
[0.688s] Level 1:colcon.colcon_core.package_identification:_identify(src/smart_farm_navigation/params) by extensions ['colcon_meta']
[0.688s] Level 1:colcon.colcon_core.package_identification:_identify(src/smart_farm_navigation/params) by extension 'colcon_meta'
[0.688s] Level 1:colcon.colcon_core.package_identification:_identify(src/smart_farm_navigation/params) by extensions ['ros']
[0.688s] Level 1:colcon.colcon_core.package_identification:_identify(src/smart_farm_navigation/params) by extension 'ros'
[0.688s] Level 1:colcon.colcon_core.package_identification:_identify(src/smart_farm_navigation/params) by extensions ['cmake', 'python']
[0.688s] Level 1:colcon.colcon_core.package_identification:_identify(src/smart_farm_navigation/params) by extension 'cmake'
[0.688s] Level 1:colcon.colcon_core.package_identification:_identify(src/smart_farm_navigation/params) by extension 'python'
[0.688s] Level 1:colcon.colcon_core.package_identification:_identify(src/smart_farm_navigation/params) by extensions ['python_setup_py']
[0.688s] Level 1:colcon.colcon_core.package_identification:_identify(src/smart_farm_navigation/params) by extension 'python_setup_py'
[0.689s] Level 1:colcon.colcon_core.package_identification:_identify(src/smart_farm_navigation/rviz2) by extensions ['ignore', 'ignore_ament_install']
[0.689s] Level 1:colcon.colcon_core.package_identification:_identify(src/smart_farm_navigation/rviz2) by extension 'ignore'
[0.689s] Level 1:colcon.colcon_core.package_identification:_identify(src/smart_farm_navigation/rviz2) by extension 'ignore_ament_install'
[0.689s] Level 1:colcon.colcon_core.package_identification:_identify(src/smart_farm_navigation/rviz2) by extensions ['colcon_pkg']
[0.689s] Level 1:colcon.colcon_core.package_identification:_identify(src/smart_farm_navigation/rviz2) by extension 'colcon_pkg'
[0.689s] Level 1:colcon.colcon_core.package_identification:_identify(src/smart_farm_navigation/rviz2) by extensions ['colcon_meta']
[0.689s] Level 1:colcon.colcon_core.package_identification:_identify(src/smart_farm_navigation/rviz2) by extension 'colcon_meta'
[0.689s] Level 1:colcon.colcon_core.package_identification:_identify(src/smart_farm_navigation/rviz2) by extensions ['ros']
[0.689s] Level 1:colcon.colcon_core.package_identification:_identify(src/smart_farm_navigation/rviz2) by extension 'ros'
[0.689s] Level 1:colcon.colcon_core.package_identification:_identify(src/smart_farm_navigation/rviz2) by extensions ['cmake', 'python']
[0.690s] Level 1:colcon.colcon_core.package_identification:_identify(src/smart_farm_navigation/rviz2) by extension 'cmake'
[0.690s] Level 1:colcon.colcon_core.package_identification:_identify(src/smart_farm_navigation/rviz2) by extension 'python'
[0.690s] Level 1:colcon.colcon_core.package_identification:_identify(src/smart_farm_navigation/rviz2) by extensions ['python_setup_py']
[0.690s] Level 1:colcon.colcon_core.package_identification:_identify(src/smart_farm_navigation/rviz2) by extension 'python_setup_py'
[0.690s] Level 1:colcon.colcon_core.package_identification:_identify(src/smart_farm_navigation/scripts) by extensions ['ignore', 'ignore_ament_install']
[0.690s] Level 1:colcon.colcon_core.package_identification:_identify(src/smart_farm_navigation/scripts) by extension 'ignore'
[0.690s] Level 1:colcon.colcon_core.package_identification:_identify(src/smart_farm_navigation/scripts) by extension 'ignore_ament_install'
[0.690s] Level 1:colcon.colcon_core.package_identification:_identify(src/smart_farm_navigation/scripts) by extensions ['colcon_pkg']
[0.690s] Level 1:colcon.colcon_core.package_identification:_identify(src/smart_farm_navigation/scripts) by extension 'colcon_pkg'
[0.690s] Level 1:colcon.colcon_core.package_identification:_identify(src/smart_farm_navigation/scripts) by extensions ['colcon_meta']
[0.691s] Level 1:colcon.colcon_core.package_identification:_identify(src/smart_farm_navigation/scripts) by extension 'colcon_meta'
[0.691s] Level 1:colcon.colcon_core.package_identification:_identify(src/smart_farm_navigation/scripts) by extensions ['ros']
[0.691s] Level 1:colcon.colcon_core.package_identification:_identify(src/smart_farm_navigation/scripts) by extension 'ros'
[0.691s] Level 1:colcon.colcon_core.package_identification:_identify(src/smart_farm_navigation/scripts) by extensions ['cmake', 'python']
[0.691s] Level 1:colcon.colcon_core.package_identification:_identify(src/smart_farm_navigation/scripts) by extension 'cmake'
[0.691s] Level 1:colcon.colcon_core.package_identification:_identify(src/smart_farm_navigation/scripts) by extension 'python'
[0.691s] Level 1:colcon.colcon_core.package_identification:_identify(src/smart_farm_navigation/scripts) by extensions ['python_setup_py']
[0.691s] Level 1:colcon.colcon_core.package_identification:_identify(src/smart_farm_navigation/scripts) by extension 'python_setup_py'
[0.691s] Level 1:colcon.colcon_core.package_identification:_identify(src/smart_farm_navigation/smart_farm_navigation) by extensions ['ignore', 'ignore_ament_install']
[0.691s] Level 1:colcon.colcon_core.package_identification:_identify(src/smart_farm_navigation/smart_farm_navigation) by extension 'ignore'
[0.691s] Level 1:colcon.colcon_core.package_identification:_identify(src/smart_farm_navigation/smart_farm_navigation) by extension 'ignore_ament_install'
[0.692s] Level 1:colcon.colcon_core.package_identification:_identify(src/smart_farm_navigation/smart_farm_navigation) by extensions ['colcon_pkg']
[0.692s] Level 1:colcon.colcon_core.package_identification:_identify(src/smart_farm_navigation/smart_farm_navigation) by extension 'colcon_pkg'
[0.692s] Level 1:colcon.colcon_core.package_identification:_identify(src/smart_farm_navigation/smart_farm_navigation) by extensions ['colcon_meta']
[0.692s] Level 1:colcon.colcon_core.package_identification:_identify(src/smart_farm_navigation/smart_farm_navigation) by extension 'colcon_meta'
[0.692s] Level 1:colcon.colcon_core.package_identification:_identify(src/smart_farm_navigation/smart_farm_navigation) by extensions ['ros']
[0.692s] Level 1:colcon.colcon_core.package_identification:_identify(src/smart_farm_navigation/smart_farm_navigation) by extension 'ros'
[0.692s] Level 1:colcon.colcon_core.package_identification:_identify(src/smart_farm_navigation/smart_farm_navigation) by extensions ['cmake', 'python']
[0.692s] Level 1:colcon.colcon_core.package_identification:_identify(src/smart_farm_navigation/smart_farm_navigation) by extension 'cmake'
[0.692s] Level 1:colcon.colcon_core.package_identification:_identify(src/smart_farm_navigation/smart_farm_navigation) by extension 'python'
[0.692s] Level 1:colcon.colcon_core.package_identification:_identify(src/smart_farm_navigation/smart_farm_navigation) by extensions ['python_setup_py']
[0.692s] Level 1:colcon.colcon_core.package_identification:_identify(src/smart_farm_navigation/smart_farm_navigation) by extension 'python_setup_py'
[0.692s] Level 1:colcon.colcon_core.package_discovery:discover_packages(recursive) using defaults
[0.692s] Level 1:colcon.colcon_core.package_discovery:discover_packages(ignore) discover
[0.692s] Level 1:colcon.colcon_core.package_discovery:discover_packages(ignore) using defaults
[0.692s] Level 1:colcon.colcon_core.package_discovery:discover_packages(path) discover
[0.693s] Level 1:colcon.colcon_core.package_discovery:discover_packages(path) using defaults
[0.779s] Level 1:colcon.colcon_core.package_discovery:discover_packages(prefix_path) check parameters
[0.779s] Level 1:colcon.colcon_core.package_discovery:discover_packages(prefix_path) discover
[0.786s] DEBUG:colcon.colcon_installed_package_information.package_discovery:Found 470 installed packages in /opt/ros/jazzy
[0.787s] Level 1:colcon.colcon_core.package_discovery:discover_packages(prefix_path) using defaults
[1.019s] ERROR:colcon:colcon build: Duplicate package names not supported:
- carter_navigation:
  - src/smart_farm_navigation/260916_AMR_test/IsaacSim-ros_workspaces/humble_ws/src/navigation/carter_navigation
  - src/smart_farm_navigation/260916_AMR_test/IsaacSim-ros_workspaces/jazzy_ws/src/navigation/carter_navigation
- cmdvel_to_ackermann:
  - src/smart_farm_navigation/260916_AMR_test/IsaacSim-ros_workspaces/humble_ws/src/ackermann_control/cmdvel_to_ackermann
  - src/smart_farm_navigation/260916_AMR_test/IsaacSim-ros_workspaces/jazzy_ws/src/ackermann_control/cmdvel_to_ackermann
- custom_message:
  - src/smart_farm_navigation/260916_AMR_test/IsaacSim-ros_workspaces/humble_ws/src/custom_message
  - src/smart_farm_navigation/260916_AMR_test/IsaacSim-ros_workspaces/jazzy_ws/src/custom_message
- h1_fullbody_controller:
  - src/smart_farm_navigation/260916_AMR_test/IsaacSim-ros_workspaces/humble_ws/src/humanoid_locomotion_policy_example/h1_fullbody_controller
  - src/smart_farm_navigation/260916_AMR_test/IsaacSim-ros_workspaces/jazzy_ws/src/humanoid_locomotion_policy_example/h1_fullbody_controller
- isaac_compressed_image_decoder:
  - src/smart_farm_navigation/260916_AMR_test/IsaacSim-ros_workspaces/humble_ws/src/isaac_compressed_image_decoder
  - src/smart_farm_navigation/260916_AMR_test/IsaacSim-ros_workspaces/jazzy_ws/src/isaac_compressed_image_decoder
- isaac_moveit:
  - src/smart_farm_navigation/260916_AMR_test/IsaacSim-ros_workspaces/humble_ws/src/moveit/isaac_moveit
  - src/smart_farm_navigation/260916_AMR_test/IsaacSim-ros_workspaces/jazzy_ws/src/moveit/isaac_moveit
- isaac_ros2_control_demo:
  - src/smart_farm_navigation/260916_AMR_test/IsaacSim-ros_workspaces/humble_ws/src/moveit/isaac_ros2_control_demo
  - src/smart_farm_navigation/260916_AMR_test/IsaacSim-ros_workspaces/jazzy_ws/src/moveit/isaac_ros2_control_demo
- isaac_ros2_messages:
  - src/smart_farm_navigation/260916_AMR_test/IsaacSim-ros_workspaces/humble_ws/src/isaac_ros2_messages
  - src/smart_farm_navigation/260916_AMR_test/IsaacSim-ros_workspaces/jazzy_ws/src/isaac_ros2_messages
- isaac_ros_navigation_goal:
  - src/smart_farm_navigation/260916_AMR_test/IsaacSim-ros_workspaces/humble_ws/src/navigation/isaac_ros_navigation_goal
  - src/smart_farm_navigation/260916_AMR_test/IsaacSim-ros_workspaces/jazzy_ws/src/navigation/isaac_ros_navigation_goal
- isaac_tutorials:
  - src/smart_farm_navigation/260916_AMR_test/IsaacSim-ros_workspaces/humble_ws/src/isaac_tutorials
  - src/smart_farm_navigation/260916_AMR_test/IsaacSim-ros_workspaces/jazzy_ws/src/isaac_tutorials
- isaacsim_bringup:
  - src/smart_farm_navigation/260916_AMR_test/IsaacSim-ros_workspaces/humble_ws/src/isaacsim_bringup
  - src/smart_farm_navigation/260916_AMR_test/IsaacSim-ros_workspaces/jazzy_ws/src/isaacsim_bringup
- isaacsim_clearpath_nav2:
  - src/smart_farm_navigation/260916_AMR_test/IsaacSim-ros_workspaces/humble_ws/src/navigation/isaacsim_clearpath_nav2
  - src/smart_farm_navigation/260916_AMR_test/IsaacSim-ros_workspaces/jazzy_ws/src/navigation/isaacsim_clearpath_nav2
- iw_hub_navigation:
  - src/smart_farm_navigation/260916_AMR_test/IsaacSim-ros_workspaces/humble_ws/src/navigation/iw_hub_navigation
  - src/smart_farm_navigation/260916_AMR_test/IsaacSim-ros_workspaces/jazzy_ws/src/navigation/iw_hub_navigation
