split,filename,roi_image,source_scene,slot,label,binary_label,raw_score,predicted_anomaly
val,lighting_only_rgb_0004_SLOT_01.png,validation/good/lighting_only_rgb_0004_SLOT_01.png,raw/lighting_only/rgb_0004.png,SLOT_01,good,0,0.2338404655456543,0
val,lighting_only_rgb_0004_SLOT_02.png,validation/good/lighting_only_rgb_0004_SLOT_02.png,raw/lighting_only/rgb_0004.png,SLOT_02,good,0,0.25400590896606445,0
val,lighting_only_rgb_0004_SLOT_03.png,validation/good/lighting_only_rgb_0004_SLOT_03.png,raw/lighting_only/rgb_0004.png,SLOT_03,good,0,0.26368236541748047,0
val,lighting_only_rgb_0004_SLOT_04.png,validation/good/lighting_only_rgb_0004_SLOT_04.png,raw/lighting_only/rgb_0004.png,SLOT_04,good,0,0.26941347122192383,0
val,lighting_only_rgb_0004_SLOT_05.png,validation/good/lighting_only_rgb_0004_SLOT_05.png,raw/lighting_only/rgb_0004.png,SLOT_05,good,0,0.24274110794067383,0
val,lighting_only_rgb_0004_SLOT_06.png,validation/good/lighting_only_rgb_0004_SLOT_06.png,raw/lighting_only/rgb_0004.png,SLOT_06,good,0,0.23737525939941406,0
val,lighting_only_rgb_0009_SLOT_01.png,validation/good/lighting_only_rgb_0009_SLOT_01.png,raw/lighting_only/rgb_0009.png,SLOT_01,good,0,0.2576439380645752,0
val,lighting_only_rgb_0009_SLOT_02.png,validation/good/lighting_only_rgb_0009_SLOT_02.png,raw/lighting_only/rgb_0009.png,SLOT_02,good,0,0.2352156639099121,0
val,lighting_only_rgb_0009_SLOT_03.png,validation/good/lighting_only_rgb_0009_SLOT_03.png,raw/lighting_only/rgb_0009.png,SLOT_03,good,0,0.2926931381225586,0
val,lighting_only_rgb_0009_SLOT_04.png,validation/good/lighting_only_rgb_0009_SLOT_04.png,raw/lighting_only/rgb_0009.png,SLOT_04,good,0,0.2843599319458008,0
val,lighting_only_rgb_0009_SLOT_05.png,validation/good/lighting_only_rgb_0009_SLOT_05.png,raw/lighting_only/rgb_0009.png,SLOT_05,good,0,0.28205060958862305,0
val,lighting_only_rgb_0009_SLOT_06.png,validation/good/lighting_only_rgb_0009_SLOT_06.png,raw/lighting_only/rgb_0009.png,SLOT_06,good,0,0.24444580078125,0
val,lighting_only_rgb_0021_SLOT_01.png,validation/good/lighting_only_rgb_0021_SLOT_01.png,raw/lighting_only/rgb_0021.png,SLOT_01,good,0,0.24456167221069336,0
val,lighting_only_rgb_0021_SLOT_02.png,validation/good/lighting_only_rgb_0021_SLOT_02.png,raw/lighting_only/rgb_0021.png,SLOT_02,good,0,0.24289798736572266,0
val,lighting_only_rgb_0021_SLOT_03.png,validation/good/lighting_only_rgb_0021_SLOT_03.png,raw/lighting_only/rgb_0021.png,SLOT_03,good,0,0.2678952217102051,0
val,lighting_only_rgb_0021_SLOT_04.png,validation/good/lighting_only_rgb_0021_SLOT_04.png,raw/lighting_only/rgb_0021.png,SLOT_04,good,0,0.275526762008667,0
val,lighting_only_rgb_0021_SLOT_05.png,validation/good/lighting_only_rgb_0021_SLOT_05.png,raw/lighting_only/rgb_0021.png,SLOT_05,good,0,0.29533958435058594,0
val,lighting_only_rgb_0021_SLOT_06.png,validation/good/lighting_only_rgb_0021_SLOT_06.png,raw/lighting_only/rgb_0021.png,SLOT_06,good,0,0.27852773666381836,0
val,lighting_only_rgb_0029_SLOT_01.png,validation/good/lighting_only_rgb_0029_SLOT_01.png,raw/lighting_only/rgb_0029.png,SLOT_01,good,0,0.25323963165283203,0
val,lighting_only_rgb_0029_SLOT_02.png,validation/good/lighting_only_rgb_0029_SLOT_02.png,raw/lighting_only/rgb_0029.png,SLOT_02,good,0,0.2609729766845703,0
val,lighting_only_rgb_0029_SLOT_03.png,validation/good/lighting_only_rgb_0029_SLOT_03.png,raw/lighting_only/rgb_0029.png,SLOT_03,good,0,0.2681996822357178,0
val,lighting_only_rgb_0029_SLOT_04.png,validation/good/lighting_only_rgb_0029_SLOT_04.png,raw/lighting_only/rgb_0029.png,SLOT_04,good,0,0.2672243118286133,0
val,lighting_only_rgb_0029_SLOT_05.png,validation/good/lighting_only_rgb_0029_SLOT_05.png,raw/lighting_only/rgb_0029.png,SLOT_05,good,0,0.27132701873779297,0
val,lighting_only_rgb_0029_SLOT_06.png,validation/good/lighting_only_rgb_0029_SLOT_06.png,raw/lighting_only/rgb_0029.png,SLOT_06,good,0,0.27945518493652344,0
val,lighting_only_rgb_0034_SLOT_01.png,validation/good/lighting_only_rgb_0034_SLOT_01.png,raw/lighting_only/rgb_0034.png,SLOT_01,good,0,0.26444149017333984,0
val,lighting_only_rgb_0034_SLOT_02.png,validation/good/lighting_only_rgb_0034_SLOT_02.png,raw/lighting_only/rgb_0034.png,SLOT_02,good,0,0.26330995559692383,0
val,lighting_only_rgb_0034_SLOT_03.png,validation/good/lighting_only_rgb_0034_SLOT_03.png,raw/lighting_only/rgb_0034.png,SLOT_03,good,0,0.270338773727417,0
val,lighting_only_rgb_0034_SLOT_04.png,validation/good/lighting_only_rgb_0034_SLOT_04.png,raw/lighting_only/rgb_0034.png,SLOT_04,good,0,0.27280569076538086,0
val,lighting_only_rgb_0034_SLOT_05.png,validation/good/lighting_only_rgb_0034_SLOT_05.png,raw/lighting_only/rgb_0034.png,SLOT_05,good,0,0.28974485397338867,0
val,lighting_only_rgb_0034_SLOT_06.png,validation/good/lighting_only_rgb_0034_SLOT_06.png,raw/lighting_only/rgb_0034.png,SLOT_06,good,0,0.28524160385131836,0
val,lighting_only_rgb_0048_SLOT_01.png,validation/good/lighting_only_rgb_0048_SLOT_01.png,raw/lighting_only/rgb_0048.png,SLOT_01,good,0,0.24685096740722656,0
val,lighting_only_rgb_0048_SLOT_02.png,validation/good/lighting_only_rgb_0048_SLOT_02.png,raw/lighting_only/rgb_0048.png,SLOT_02,good,0,0.27194786071777344,0
val,lighting_only_rgb_0048_SLOT_03.png,validation/good/lighting_only_rgb_0048_SLOT_03.png,raw/lighting_only/rgb_0048.png,SLOT_03,good,0,0.2727847099304199,0
val,lighting_only_rgb_0048_SLOT_04.png,validation/good/lighting_only_rgb_0048_SLOT_04.png,raw/lighting_only/rgb_0048.png,SLOT_04,good,0,0.2814610004425049,0
val,lighting_only_rgb_0048_SLOT_05.png,validation/good/lighting_only_rgb_0048_SLOT_05.png,raw/lighting_only/rgb_0048.png,SLOT_05,good,0,0.2766447067260742,0
val,lighting_only_rgb_0048_SLOT_06.png,validation/good/lighting_only_rgb_0048_SLOT_06.png,raw/lighting_only/rgb_0048.png,SLOT_06,good,0,0.28314876556396484,0
val,lighting_only_rgb_0053_SLOT_01.png,validation/good/lighting_only_rgb_0053_SLOT_01.png,raw/lighting_only/rgb_0053.png,SLOT_01,good,0,0.25815582275390625,0
val,lighting_only_rgb_0053_SLOT_02.png,validation/good/lighting_only_rgb_0053_SLOT_02.png,raw/lighting_only/rgb_0053.png,SLOT_02,good,0,0.2703700065612793,0
val,lighting_only_rgb_0053_SLOT_03.png,validation/good/lighting_only_rgb_0053_SLOT_03.png,raw/lighting_only/rgb_0053.png,SLOT_03,good,0,0.2686452865600586,0
val,lighting_only_rgb_0053_SLOT_04.png,validation/good/lighting_only_rgb_0053_SLOT_04.png,raw/lighting_only/rgb_0053.png,SLOT_04,good,0,0.29159069061279297,0
val,lighting_only_rgb_0053_SLOT_05.png,validation/good/lighting_only_rgb_0053_SLOT_05.png,raw/lighting_only/rgb_0053.png,SLOT_05,good,0,0.28969764709472656,0
val,lighting_only_rgb_0053_SLOT_06.png,validation/good/lighting_only_rgb_0053_SLOT_06.png,raw/lighting_only/rgb_0053.png,SLOT_06,good,0,0.2940669059753418,0
val,lighting_only_rgb_0068_SLOT_01.png,validation/good/lighting_only_rgb_0068_SLOT_01.png,raw/lighting_only/rgb_0068.png,SLOT_01,good,0,0.26940441131591797,0
val,lighting_only_rgb_0068_SLOT_02.png,validation/good/lighting_only_rgb_0068_SLOT_02.png,raw/lighting_only/rgb_0068.png,SLOT_02,good,0,0.2715110778808594,0
val,lighting_only_rgb_0068_SLOT_03.png,validation/good/lighting_only_rgb_0068_SLOT_03.png,raw/lighting_only/rgb_0068.png,SLOT_03,good,0,0.2712242603302002,0
val,lighting_only_rgb_0068_SLOT_04.png,validation/good/lighting_only_rgb_0068_SLOT_04.png,raw/lighting_only/rgb_0068.png,SLOT_04,good,0,0.2734692096710205,0
val,lighting_only_rgb_0068_SLOT_05.png,validation/good/lighting_only_rgb_0068_SLOT_05.png,raw/lighting_only/rgb_0068.png,SLOT_05,good,0,0.2928934097290039,0
val,lighting_only_rgb_0068_SLOT_06.png,validation/good/lighting_only_rgb_0068_SLOT_06.png,raw/lighting_only/rgb_0068.png,SLOT_06,good,0,0.279482364654541,0
val,lighting_only_rgb_0077_SLOT_01.png,validation/good/lighting_only_rgb_0077_SLOT_01.png,raw/lighting_only/rgb_0077.png,SLOT_01,good,0,0.2722606658935547,0
val,lighting_only_rgb_0077_SLOT_02.png,validation/good/lighting_only_rgb_0077_SLOT_02.png,raw/lighting_only/rgb_0077.png,SLOT_02,good,0,0.26734161376953125,0
val,lighting_only_rgb_0077_SLOT_03.png,validation/good/lighting_only_rgb_0077_SLOT_03.png,raw/lighting_only/rgb_0077.png,SLOT_03,good,0,0.26224422454833984,0
val,lighting_only_rgb_0077_SLOT_04.png,validation/good/lighting_only_rgb_0077_SLOT_04.png,raw/lighting_only/rgb_0077.png,SLOT_04,good,0,0.2718064785003662,0
val,lighting_only_rgb_0077_SLOT_05.png,validation/good/lighting_only_rgb_0077_SLOT_05.png,raw/lighting_only/rgb_0077.png,SLOT_05,good,0,0.3053135871887207,0
val,lighting_only_rgb_0077_SLOT_06.png,validation/good/lighting_only_rgb_0077_SLOT_06.png,raw/lighting_only/rgb_0077.png,SLOT_06,good,0,0.28380727767944336,0
val,lighting_only_rgb_0081_SLOT_01.png,validation/good/lighting_only_rgb_0081_SLOT_01.png,raw/lighting_only/rgb_0081.png,SLOT_01,good,0,0.2672462463378906,0
val,lighting_only_rgb_0081_SLOT_02.png,validation/good/lighting_only_rgb_0081_SLOT_02.png,raw/lighting_only/rgb_0081.png,SLOT_02,good,0,0.2666778564453125,0
val,lighting_only_rgb_0081_SLOT_03.png,validation/good/lighting_only_rgb_0081_SLOT_03.png,raw/lighting_only/rgb_0081.png,SLOT_03,good,0,0.2664785385131836,0
val,lighting_only_rgb_0081_SLOT_04.png,validation/good/lighting_only_rgb_0081_SLOT_04.png,raw/lighting_only/rgb_0081.png,SLOT_04,good,0,0.2709798812866211,0
val,lighting_only_rgb_0081_SLOT_05.png,validation/good/lighting_only_rgb_0081_SLOT_05.png,raw/lighting_only/rgb_0081.png,SLOT_05,good,0,0.2899775505065918,0
val,lighting_only_rgb_0081_SLOT_06.png,validation/good/lighting_only_rgb_0081_SLOT_06.png,raw/lighting_only/rgb_0081.png,SLOT_06,good,0,0.27938127517700195,0
val,lighting_only_rgb_0082_SLOT_01.png,validation/good/lighting_only_rgb_0082_SLOT_01.png,raw/lighting_only/rgb_0082.png,SLOT_01,good,0,0.2707252502441406,0
val,lighting_only_rgb_0082_SLOT_02.png,validation/good/lighting_only_rgb_0082_SLOT_02.png,raw/lighting_only/rgb_0082.png,SLOT_02,good,0,0.26673316955566406,0
val,lighting_only_rgb_0082_SLOT_03.png,validation/good/lighting_only_rgb_0082_SLOT_03.png,raw/lighting_only/rgb_0082.png,SLOT_03,good,0,0.2654104232788086,0
val,lighting_only_rgb_0082_SLOT_04.png,validation/good/lighting_only_rgb_0082_SLOT_04.png,raw/lighting_only/rgb_0082.png,SLOT_04,good,0,0.26654505729675293,0
val,lighting_only_rgb_0082_SLOT_05.png,validation/good/lighting_only_rgb_0082_SLOT_05.png,raw/lighting_only/rgb_0082.png,SLOT_05,good,0,0.2907252311706543,0
val,lighting_only_rgb_0082_SLOT_06.png,validation/good/lighting_only_rgb_0082_SLOT_06.png,raw/lighting_only/rgb_0082.png,SLOT_06,good,0,0.28157758712768555,0
val,lighting_only_rgb_0089_SLOT_01.png,validation/good/lighting_only_rgb_0089_SLOT_01.png,raw/lighting_only/rgb_0089.png,SLOT_01,good,0,0.27179908752441406,0
val,lighting_only_rgb_0089_SLOT_02.png,validation/good/lighting_only_rgb_0089_SLOT_02.png,raw/lighting_only/rgb_0089.png,SLOT_02,good,0,0.27512502670288086,0
val,lighting_only_rgb_0089_SLOT_03.png,validation/good/lighting_only_rgb_0089_SLOT_03.png,raw/lighting_only/rgb_0089.png,SLOT_03,good,0,0.2697296142578125,0
val,lighting_only_rgb_0089_SLOT_04.png,validation/good/lighting_only_rgb_0089_SLOT_04.png,raw/lighting_only/rgb_0089.png,SLOT_04,good,0,0.2665822505950928,0
val,lighting_only_rgb_0089_SLOT_05.png,validation/good/lighting_only_rgb_0089_SLOT_05.png,raw/lighting_only/rgb_0089.png,SLOT_05,good,0,0.2849597930908203,0
val,lighting_only_rgb_0089_SLOT_06.png,validation/good/lighting_only_rgb_0089_SLOT_06.png,raw/lighting_only/rgb_0089.png,SLOT_06,good,0,0.2836318016052246,0
val,lighting_only_rgb_0090_SLOT_01.png,validation/good/lighting_only_rgb_0090_SLOT_01.png,raw/lighting_only/rgb_0090.png,SLOT_01,good,0,0.27176666259765625,0
val,lighting_only_rgb_0090_SLOT_02.png,validation/good/lighting_only_rgb_0090_SLOT_02.png,raw/lighting_only/rgb_0090.png,SLOT_02,good,0,0.2748098373413086,0
val,lighting_only_rgb_0090_SLOT_03.png,validation/good/lighting_only_rgb_0090_SLOT_03.png,raw/lighting_only/rgb_0090.png,SLOT_03,good,0,0.27312421798706055,0
val,lighting_only_rgb_0090_SLOT_04.png,validation/good/lighting_only_rgb_0090_SLOT_04.png,raw/lighting_only/rgb_0090.png,SLOT_04,good,0,0.26936864852905273,0
val,lighting_only_rgb_0090_SLOT_05.png,validation/good/lighting_only_rgb_0090_SLOT_05.png,raw/lighting_only/rgb_0090.png,SLOT_05,good,0,0.2923765182495117,0
val,lighting_only_rgb_0090_SLOT_06.png,validation/good/lighting_only_rgb_0090_SLOT_06.png,raw/lighting_only/rgb_0090.png,SLOT_06,good,0,0.2829256057739258,0
val,lighting_only_rgb_0098_SLOT_01.png,validation/good/lighting_only_rgb_0098_SLOT_01.png,raw/lighting_only/rgb_0098.png,SLOT_01,good,0,0.27297544479370117,0
val,lighting_only_rgb_0098_SLOT_02.png,validation/good/lighting_only_rgb_0098_SLOT_02.png,raw/lighting_only/rgb_0098.png,SLOT_02,good,0,0.28125953674316406,0
val,lighting_only_rgb_0098_SLOT_03.png,validation/good/lighting_only_rgb_0098_SLOT_03.png,raw/lighting_only/rgb_0098.png,SLOT_03,good,0,0.2800936698913574,0
val,lighting_only_rgb_0098_SLOT_04.png,validation/good/lighting_only_rgb_0098_SLOT_04.png,raw/lighting_only/rgb_0098.png,SLOT_04,good,0,0.2758145332336426,0
val,lighting_only_rgb_0098_SLOT_05.png,validation/good/lighting_only_rgb_0098_SLOT_05.png,raw/lighting_only/rgb_0098.png,SLOT_05,good,0,0.28161096572875977,0
val,lighting_only_rgb_0098_SLOT_06.png,validation/good/lighting_only_rgb_0098_SLOT_06.png,raw/lighting_only/rgb_0098.png,SLOT_06,good,0,0.28684043884277344,0
val,lighting_only_rgb_0099_SLOT_01.png,validation/good/lighting_only_rgb_0099_SLOT_01.png,raw/lighting_only/rgb_0099.png,SLOT_01,good,0,0.27768945693969727,0
val,lighting_only_rgb_0099_SLOT_02.png,validation/good/lighting_only_rgb_0099_SLOT_02.png,raw/lighting_only/rgb_0099.png,SLOT_02,good,0,0.27940988540649414,0
val,lighting_only_rgb_0099_SLOT_03.png,validation/good/lighting_only_rgb_0099_SLOT_03.png,raw/lighting_only/rgb_0099.png,SLOT_03,good,0,0.2783622741699219,0
val,lighting_only_rgb_0099_SLOT_04.png,validation/good/lighting_only_rgb_0099_SLOT_04.png,raw/lighting_only/rgb_0099.png,SLOT_04,good,0,0.27278590202331543,0
val,lighting_only_rgb_0099_SLOT_05.png,validation/good/lighting_only_rgb_0099_SLOT_05.png,raw/lighting_only/rgb_0099.png,SLOT_05,good,0,0.2805356979370117,0
val,lighting_only_rgb_0099_SLOT_06.png,validation/good/lighting_only_rgb_0099_SLOT_06.png,raw/lighting_only/rgb_0099.png,SLOT_06,good,0,0.2840852737426758,0
val,lighting_only_rgb_0119_SLOT_01.png,validation/good/lighting_only_rgb_0119_SLOT_01.png,raw/lighting_only/rgb_0119.png,SLOT_01,good,0,0.27414846420288086,0
val,lighting_only_rgb_0119_SLOT_02.png,validation/good/lighting_only_rgb_0119_SLOT_02.png,raw/lighting_only/rgb_0119.png,SLOT_02,good,0,0.26134777069091797,0
val,lighting_only_rgb_0119_SLOT_03.png,validation/good/lighting_only_rgb_0119_SLOT_03.png,raw/lighting_only/rgb_0119.png,SLOT_03,good,0,0.2762789726257324,0
val,lighting_only_rgb_0119_SLOT_04.png,validation/good/lighting_only_rgb_0119_SLOT_04.png,raw/lighting_only/rgb_0119.png,SLOT_04,good,0,0.2678210735321045,0
val,lighting_only_rgb_0119_SLOT_05.png,validation/good/lighting_only_rgb_0119_SLOT_05.png,raw/lighting_only/rgb_0119.png,SLOT_05,good,0,0.28554821014404297,0
val,lighting_only_rgb_0119_SLOT_06.png,validation/good/lighting_only_rgb_0119_SLOT_06.png,raw/lighting_only/rgb_0119.png,SLOT_06,good,0,0.2901020050048828,0
val,lighting_only_rgb_0120_SLOT_01.png,validation/good/lighting_only_rgb_0120_SLOT_01.png,raw/lighting_only/rgb_0120.png,SLOT_01,good,0,0.2767524719238281,0
val,lighting_only_rgb_0120_SLOT_02.png,validation/good/lighting_only_rgb_0120_SLOT_02.png,raw/lighting_only/rgb_0120.png,SLOT_02,good,0,0.26507568359375,0
val,lighting_only_rgb_0120_SLOT_03.png,validation/good/lighting_only_rgb_0120_SLOT_03.png,raw/lighting_only/rgb_0120.png,SLOT_03,good,0,0.2770075798034668,0
val,lighting_only_rgb_0120_SLOT_04.png,validation/good/lighting_only_rgb_0120_SLOT_04.png,raw/lighting_only/rgb_0120.png,SLOT_04,good,0,0.26726269721984863,0
val,lighting_only_rgb_0120_SLOT_05.png,validation/good/lighting_only_rgb_0120_SLOT_05.png,raw/lighting_only/rgb_0120.png,SLOT_05,good,0,0.28670263290405273,0
val,lighting_only_rgb_0120_SLOT_06.png,validation/good/lighting_only_rgb_0120_SLOT_06.png,raw/lighting_only/rgb_0120.png,SLOT_06,good,0,0.2904844284057617,0
val,lighting_only_rgb_0124_SLOT_01.png,validation/good/lighting_only_rgb_0124_SLOT_01.png,raw/lighting_only/rgb_0124.png,SLOT_01,good,0,0.274838924407959,0
val,lighting_only_rgb_0124_SLOT_02.png,validation/good/lighting_only_rgb_0124_SLOT_02.png,raw/lighting_only/rgb_0124.png,SLOT_02,good,0,0.2697925567626953,0
val,lighting_only_rgb_0124_SLOT_03.png,validation/good/lighting_only_rgb_0124_SLOT_03.png,raw/lighting_only/rgb_0124.png,SLOT_03,good,0,0.27685976028442383,0
val,lighting_only_rgb_0124_SLOT_04.png,validation/good/lighting_only_rgb_0124_SLOT_04.png,raw/lighting_only/rgb_0124.png,SLOT_04,good,0,0.28240275382995605,0
val,lighting_only_rgb_0124_SLOT_05.png,validation/good/lighting_only_rgb_0124_SLOT_05.png,raw/lighting_only/rgb_0124.png,SLOT_05,good,0,0.28389739990234375,0
val,lighting_only_rgb_0124_SLOT_06.png,validation/good/lighting_only_rgb_0124_SLOT_06.png,raw/lighting_only/rgb_0124.png,SLOT_06,good,0,0.28417491912841797,0
val,lighting_only_rgb_0127_SLOT_01.png,validation/good/lighting_only_rgb_0127_SLOT_01.png,raw/lighting_only/rgb_0127.png,SLOT_01,good,0,0.27937841415405273,0
val,lighting_only_rgb_0127_SLOT_02.png,validation/good/lighting_only_rgb_0127_SLOT_02.png,raw/lighting_only/rgb_0127.png,SLOT_02,good,0,0.27231550216674805,0
val,lighting_only_rgb_0127_SLOT_03.png,validation/good/lighting_only_rgb_0127_SLOT_03.png,raw/lighting_only/rgb_0127.png,SLOT_03,good,0,0.2739725112915039,0
val,lighting_only_rgb_0127_SLOT_04.png,validation/good/lighting_only_rgb_0127_SLOT_04.png,raw/lighting_only/rgb_0127.png,SLOT_04,good,0,0.28078508377075195,0
val,lighting_only_rgb_0127_SLOT_05.png,validation/good/lighting_only_rgb_0127_SLOT_05.png,raw/lighting_only/rgb_0127.png,SLOT_05,good,0,0.2887434959411621,0
val,lighting_only_rgb_0127_SLOT_06.png,validation/good/lighting_only_rgb_0127_SLOT_06.png,raw/lighting_only/rgb_0127.png,SLOT_06,good,0,0.2910628318786621,0
val,lighting_only_rgb_0131_SLOT_01.png,validation/good/lighting_only_rgb_0131_SLOT_01.png,raw/lighting_only/rgb_0131.png,SLOT_01,good,0,0.27170848846435547,0
val,lighting_only_rgb_0131_SLOT_02.png,validation/good/lighting_only_rgb_0131_SLOT_02.png,raw/lighting_only/rgb_0131.png,SLOT_02,good,0,0.26717329025268555,0
val,lighting_only_rgb_0131_SLOT_03.png,validation/good/lighting_only_rgb_0131_SLOT_03.png,raw/lighting_only/rgb_0131.png,SLOT_03,good,0,0.2764267921447754,0
val,lighting_only_rgb_0131_SLOT_04.png,validation/good/lighting_only_rgb_0131_SLOT_04.png,raw/lighting_only/rgb_0131.png,SLOT_04,good,0,0.27837586402893066,0
val,lighting_only_rgb_0131_SLOT_05.png,validation/good/lighting_only_rgb_0131_SLOT_05.png,raw/lighting_only/rgb_0131.png,SLOT_05,good,0,0.2933220863342285,0
val,lighting_only_rgb_0131_SLOT_06.png,validation/good/lighting_only_rgb_0131_SLOT_06.png,raw/lighting_only/rgb_0131.png,SLOT_06,good,0,0.28173065185546875,0
val,lighting_only_rgb_0132_SLOT_01.png,validation/good/lighting_only_rgb_0132_SLOT_01.png,raw/lighting_only/rgb_0132.png,SLOT_01,good,0,0.27793312072753906,0
val,lighting_only_rgb_0132_SLOT_02.png,validation/good/lighting_only_rgb_0132_SLOT_02.png,raw/lighting_only/rgb_0132.png,SLOT_02,good,0,0.2647585868835449,0
val,lighting_only_rgb_0132_SLOT_03.png,validation/good/lighting_only_rgb_0132_SLOT_03.png,raw/lighting_only/rgb_0132.png,SLOT_03,good,0,0.2745060920715332,0
val,lighting_only_rgb_0132_SLOT_04.png,validation/good/lighting_only_rgb_0132_SLOT_04.png,raw/lighting_only/rgb_0132.png,SLOT_04,good,0,0.2742946147918701,0
val,lighting_only_rgb_0132_SLOT_05.png,validation/good/lighting_only_rgb_0132_SLOT_05.png,raw/lighting_only/rgb_0132.png,SLOT_05,good,0,0.2946600914001465,0
val,lighting_only_rgb_0132_SLOT_06.png,validation/good/lighting_only_rgb_0132_SLOT_06.png,raw/lighting_only/rgb_0132.png,SLOT_06,good,0,0.29108762741088867,0
val,lighting_only_rgb_0134_SLOT_01.png,validation/good/lighting_only_rgb_0134_SLOT_01.png,raw/lighting_only/rgb_0134.png,SLOT_01,good,0,0.28232383728027344,0
val,lighting_only_rgb_0134_SLOT_02.png,validation/good/lighting_only_rgb_0134_SLOT_02.png,raw/lighting_only/rgb_0134.png,SLOT_02,good,0,0.2626481056213379,0
val,lighting_only_rgb_0134_SLOT_03.png,validation/good/lighting_only_rgb_0134_SLOT_03.png,raw/lighting_only/rgb_0134.png,SLOT_03,good,0,0.27092695236206055,0
val,lighting_only_rgb_0134_SLOT_04.png,validation/good/lighting_only_rgb_0134_SLOT_04.png,raw/lighting_only/rgb_0134.png,SLOT_04,good,0,0.2690541744232178,0
val,lighting_only_rgb_0134_SLOT_05.png,validation/good/lighting_only_rgb_0134_SLOT_05.png,raw/lighting_only/rgb_0134.png,SLOT_05,good,0,0.2931809425354004,0
val,lighting_only_rgb_0134_SLOT_06.png,validation/good/lighting_only_rgb_0134_SLOT_06.png,raw/lighting_only/rgb_0134.png,SLOT_06,good,0,0.2914004325866699,0
val,lighting_only_rgb_0138_SLOT_01.png,validation/good/lighting_only_rgb_0138_SLOT_01.png,raw/lighting_only/rgb_0138.png,SLOT_01,good,0,0.2850942611694336,0
val,lighting_only_rgb_0138_SLOT_02.png,validation/good/lighting_only_rgb_0138_SLOT_02.png,raw/lighting_only/rgb_0138.png,SLOT_02,good,0,0.2743391990661621,0
val,lighting_only_rgb_0138_SLOT_03.png,validation/good/lighting_only_rgb_0138_SLOT_03.png,raw/lighting_only/rgb_0138.png,SLOT_03,good,0,0.27023744583129883,0
val,lighting_only_rgb_0138_SLOT_04.png,validation/good/lighting_only_rgb_0138_SLOT_04.png,raw/lighting_only/rgb_0138.png,SLOT_04,good,0,0.27675700187683105,0
val,lighting_only_rgb_0138_SLOT_05.png,validation/good/lighting_only_rgb_0138_SLOT_05.png,raw/lighting_only/rgb_0138.png,SLOT_05,good,0,0.3049135208129883,0
val,lighting_only_rgb_0138_SLOT_06.png,validation/good/lighting_only_rgb_0138_SLOT_06.png,raw/lighting_only/rgb_0138.png,SLOT_06,good,0,0.2891421318054199,0
val,lighting_only_rgb_0149_SLOT_01.png,validation/good/lighting_only_rgb_0149_SLOT_01.png,raw/lighting_only/rgb_0149.png,SLOT_01,good,0,0.2848396301269531,0
val,lighting_only_rgb_0149_SLOT_02.png,validation/good/lighting_only_rgb_0149_SLOT_02.png,raw/lighting_only/rgb_0149.png,SLOT_02,good,0,0.2731761932373047,0
val,lighting_only_rgb_0149_SLOT_03.png,validation/good/lighting_only_rgb_0149_SLOT_03.png,raw/lighting_only/rgb_0149.png,SLOT_03,good,0,0.2715606689453125,0
val,lighting_only_rgb_0149_SLOT_04.png,validation/good/lighting_only_rgb_0149_SLOT_04.png,raw/lighting_only/rgb_0149.png,SLOT_04,good,0,0.26921510696411133,0
val,lighting_only_rgb_0149_SLOT_05.png,validation/good/lighting_only_rgb_0149_SLOT_05.png,raw/lighting_only/rgb_0149.png,SLOT_05,good,0,0.283597469329834,0
val,lighting_only_rgb_0149_SLOT_06.png,validation/good/lighting_only_rgb_0149_SLOT_06.png,raw/lighting_only/rgb_0149.png,SLOT_06,good,0,0.28641748428344727,0
val,lighting_only_rgb_0164_SLOT_01.png,validation/good/lighting_only_rgb_0164_SLOT_01.png,raw/lighting_only/rgb_0164.png,SLOT_01,good,0,0.26381731033325195,0
val,lighting_only_rgb_0164_SLOT_02.png,validation/good/lighting_only_rgb_0164_SLOT_02.png,raw/lighting_only/rgb_0164.png,SLOT_02,good,0,0.2678532600402832,0
val,lighting_only_rgb_0164_SLOT_03.png,validation/good/lighting_only_rgb_0164_SLOT_03.png,raw/lighting_only/rgb_0164.png,SLOT_03,good,0,0.28544044494628906,0
val,lighting_only_rgb_0164_SLOT_04.png,validation/good/lighting_only_rgb_0164_SLOT_04.png,raw/lighting_only/rgb_0164.png,SLOT_04,good,0,0.27242517471313477,0
val,lighting_only_rgb_0164_SLOT_05.png,validation/good/lighting_only_rgb_0164_SLOT_05.png,raw/lighting_only/rgb_0164.png,SLOT_05,good,0,0.2947678565979004,0
val,lighting_only_rgb_0164_SLOT_06.png,validation/good/lighting_only_rgb_0164_SLOT_06.png,raw/lighting_only/rgb_0164.png,SLOT_06,good,0,0.28810930252075195,0
val,lighting_only_rgb_0169_SLOT_01.png,validation/good/lighting_only_rgb_0169_SLOT_01.png,raw/lighting_only/rgb_0169.png,SLOT_01,good,0,0.2755088806152344,0
val,lighting_only_rgb_0169_SLOT_02.png,validation/good/lighting_only_rgb_0169_SLOT_02.png,raw/lighting_only/rgb_0169.png,SLOT_02,good,0,0.2693324089050293,0
val,lighting_only_rgb_0169_SLOT_03.png,validation/good/lighting_only_rgb_0169_SLOT_03.png,raw/lighting_only/rgb_0169.png,SLOT_03,good,0,0.28317785263061523,0
val,lighting_only_rgb_0169_SLOT_04.png,validation/good/lighting_only_rgb_0169_SLOT_04.png,raw/lighting_only/rgb_0169.png,SLOT_04,good,0,0.2679634094238281,0
val,lighting_only_rgb_0169_SLOT_05.png,validation/good/lighting_only_rgb_0169_SLOT_05.png,raw/lighting_only/rgb_0169.png,SLOT_05,good,0,0.29541444778442383,0
val,lighting_only_rgb_0169_SLOT_06.png,validation/good/lighting_only_rgb_0169_SLOT_06.png,raw/lighting_only/rgb_0169.png,SLOT_06,good,0,0.2896761894226074,0
val,lighting_only_rgb_0174_SLOT_01.png,validation/good/lighting_only_rgb_0174_SLOT_01.png,raw/lighting_only/rgb_0174.png,SLOT_01,good,0,0.2673616409301758,0
val,lighting_only_rgb_0174_SLOT_02.png,validation/good/lighting_only_rgb_0174_SLOT_02.png,raw/lighting_only/rgb_0174.png,SLOT_02,good,0,0.26753759384155273,0
val,lighting_only_rgb_0174_SLOT_03.png,validation/good/lighting_only_rgb_0174_SLOT_03.png,raw/lighting_only/rgb_0174.png,SLOT_03,good,0,0.2780776023864746,0
val,lighting_only_rgb_0174_SLOT_04.png,validation/good/lighting_only_rgb_0174_SLOT_04.png,raw/lighting_only/rgb_0174.png,SLOT_04,good,0,0.28676819801330566,0
val,lighting_only_rgb_0174_SLOT_05.png,validation/good/lighting_only_rgb_0174_SLOT_05.png,raw/lighting_only/rgb_0174.png,SLOT_05,good,0,0.3039727210998535,0
val,lighting_only_rgb_0174_SLOT_06.png,validation/good/lighting_only_rgb_0174_SLOT_06.png,raw/lighting_only/rgb_0174.png,SLOT_06,good,0,0.2923712730407715,0
val,lighting_only_rgb_0178_SLOT_01.png,validation/good/lighting_only_rgb_0178_SLOT_01.png,raw/lighting_only/rgb_0178.png,SLOT_01,good,0,0.26386165618896484,0
val,lighting_only_rgb_0178_SLOT_02.png,validation/good/lighting_only_rgb_0178_SLOT_02.png,raw/lighting_only/rgb_0178.png,SLOT_02,good,0,0.27167510986328125,0
val,lighting_only_rgb_0178_SLOT_03.png,validation/good/lighting_only_rgb_0178_SLOT_03.png,raw/lighting_only/rgb_0178.png,SLOT_03,good,0,0.2794346809387207,0
val,lighting_only_rgb_0178_SLOT_04.png,validation/good/lighting_only_rgb_0178_SLOT_04.png,raw/lighting_only/rgb_0178.png,SLOT_04,good,0,0.30766963958740234,0
val,lighting_only_rgb_0178_SLOT_05.png,validation/good/lighting_only_rgb_0178_SLOT_05.png,raw/lighting_only/rgb_0178.png,SLOT_05,good,0,0.29186487197875977,0
val,lighting_only_rgb_0178_SLOT_06.png,validation/good/lighting_only_rgb_0178_SLOT_06.png,raw/lighting_only/rgb_0178.png,SLOT_06,good,0,0.28704833984375,0
val,lighting_only_rgb_0183_SLOT_01.png,validation/good/lighting_only_rgb_0183_SLOT_01.png,raw/lighting_only/rgb_0183.png,SLOT_01,good,0,0.26830053329467773,0
val,lighting_only_rgb_0183_SLOT_02.png,validation/good/lighting_only_rgb_0183_SLOT_02.png,raw/lighting_only/rgb_0183.png,SLOT_02,good,0,0.2728159427642822,0
val,lighting_only_rgb_0183_SLOT_03.png,validation/good/lighting_only_rgb_0183_SLOT_03.png,raw/lighting_only/rgb_0183.png,SLOT_03,good,0,0.2782158851623535,0
val,lighting_only_rgb_0183_SLOT_04.png,validation/good/lighting_only_rgb_0183_SLOT_04.png,raw/lighting_only/rgb_0183.png,SLOT_04,good,0,0.27680182456970215,0
val,lighting_only_rgb_0183_SLOT_05.png,validation/good/lighting_only_rgb_0183_SLOT_05.png,raw/lighting_only/rgb_0183.png,SLOT_05,good,0,0.2910027503967285,0
val,lighting_only_rgb_0183_SLOT_06.png,validation/good/lighting_only_rgb_0183_SLOT_06.png,raw/lighting_only/rgb_0183.png,SLOT_06,good,0,0.2805900573730469,0
val,lighting_only_rgb_0198_SLOT_01.png,validation/good/lighting_only_rgb_0198_SLOT_01.png,raw/lighting_only/rgb_0198.png,SLOT_01,good,0,0.2665376663208008,0
val,lighting_only_rgb_0198_SLOT_02.png,validation/good/lighting_only_rgb_0198_SLOT_02.png,raw/lighting_only/rgb_0198.png,SLOT_02,good,0,0.27274656295776367,0
val,lighting_only_rgb_0198_SLOT_03.png,validation/good/lighting_only_rgb_0198_SLOT_03.png,raw/lighting_only/rgb_0198.png,SLOT_03,good,0,0.28218984603881836,0
val,lighting_only_rgb_0198_SLOT_04.png,validation/good/lighting_only_rgb_0198_SLOT_04.png,raw/lighting_only/rgb_0198.png,SLOT_04,good,0,0.2767000198364258,0
val,lighting_only_rgb_0198_SLOT_05.png,validation/good/lighting_only_rgb_0198_SLOT_05.png,raw/lighting_only/rgb_0198.png,SLOT_05,good,0,0.29615306854248047,0
val,lighting_only_rgb_0198_SLOT_06.png,validation/good/lighting_only_rgb_0198_SLOT_06.png,raw/lighting_only/rgb_0198.png,SLOT_06,good,0,0.2877020835876465,0
val,prim_rotation_rgb_0000_SLOT_01.png,validation/good/prim_rotation_rgb_0000_SLOT_01.png,raw/prim_rotation/rgb_0000.png,SLOT_01,good,0,0.22154831886291504,0
val,prim_rotation_rgb_0000_SLOT_02.png,validation/good/prim_rotation_rgb_0000_SLOT_02.png,raw/prim_rotation/rgb_0000.png,SLOT_02,good,0,0.23949432373046875,0
val,prim_rotation_rgb_0000_SLOT_03.png,validation/good/prim_rotation_rgb_0000_SLOT_03.png,raw/prim_rotation/rgb_0000.png,SLOT_03,good,0,0.294766902923584,0
val,prim_rotation_rgb_0000_SLOT_04.png,validation/good/prim_rotation_rgb_0000_SLOT_04.png,raw/prim_rotation/rgb_0000.png,SLOT_04,good,0,0.28419017791748047,0
val,prim_rotation_rgb_0000_SLOT_05.png,validation/good/prim_rotation_rgb_0000_SLOT_05.png,raw/prim_rotation/rgb_0000.png,SLOT_05,good,0,0.2631511688232422,0
val,prim_rotation_rgb_0000_SLOT_06.png,validation/good/prim_rotation_rgb_0000_SLOT_06.png,raw/prim_rotation/rgb_0000.png,SLOT_06,good,0,0.30466675758361816,0
val,prim_rotation_rgb_0002_SLOT_01.png,validation/good/prim_rotation_rgb_0002_SLOT_01.png,raw/prim_rotation/rgb_0002.png,SLOT_01,good,0,0.2625594139099121,0
val,prim_rotation_rgb_0002_SLOT_02.png,validation/good/prim_rotation_rgb_0002_SLOT_02.png,raw/prim_rotation/rgb_0002.png,SLOT_02,good,0,0.23200130462646484,0
val,prim_rotation_rgb_0002_SLOT_03.png,validation/good/prim_rotation_rgb_0002_SLOT_03.png,raw/prim_rotation/rgb_0002.png,SLOT_03,good,0,0.2979907989501953,0
val,prim_rotation_rgb_0002_SLOT_04.png,validation/good/prim_rotation_rgb_0002_SLOT_04.png,raw/prim_rotation/rgb_0002.png,SLOT_04,good,0,0.2722969055175781,0
val,prim_rotation_rgb_0002_SLOT_05.png,validation/good/prim_rotation_rgb_0002_SLOT_05.png,raw/prim_rotation/rgb_0002.png,SLOT_05,good,0,0.27491044998168945,0
val,prim_rotation_rgb_0002_SLOT_06.png,validation/good/prim_rotation_rgb_0002_SLOT_06.png,raw/prim_rotation/rgb_0002.png,SLOT_06,good,0,0.29366326332092285,0
val,prim_rotation_rgb_0007_SLOT_01.png,validation/good/prim_rotation_rgb_0007_SLOT_01.png,raw/prim_rotation/rgb_0007.png,SLOT_01,good,0,0.2527766227722168,0
val,prim_rotation_rgb_0007_SLOT_02.png,validation/good/prim_rotation_rgb_0007_SLOT_02.png,raw/prim_rotation/rgb_0007.png,SLOT_02,good,0,0.272613525390625,0
val,prim_rotation_rgb_0007_SLOT_03.png,validation/good/prim_rotation_rgb_0007_SLOT_03.png,raw/prim_rotation/rgb_0007.png,SLOT_03,good,0,0.27716922760009766,0
val,prim_rotation_rgb_0007_SLOT_04.png,validation/good/prim_rotation_rgb_0007_SLOT_04.png,raw/prim_rotation/rgb_0007.png,SLOT_04,good,0,0.28988122940063477,0
val,prim_rotation_rgb_0007_SLOT_05.png,validation/good/prim_rotation_rgb_0007_SLOT_05.png,raw/prim_rotation/rgb_0007.png,SLOT_05,good,0,0.29302978515625,0
val,prim_rotation_rgb_0007_SLOT_06.png,validation/good/prim_rotation_rgb_0007_SLOT_06.png,raw/prim_rotation/rgb_0007.png,SLOT_06,good,0,0.2978811264038086,0
val,prim_rotation_rgb_0008_SLOT_01.png,validation/good/prim_rotation_rgb_0008_SLOT_01.png,raw/prim_rotation/rgb_0008.png,SLOT_01,good,0,0.25780439376831055,0
val,prim_rotation_rgb_0008_SLOT_02.png,validation/good/prim_rotation_rgb_0008_SLOT_02.png,raw/prim_rotation/rgb_0008.png,SLOT_02,good,0,0.26462650299072266,0
val,prim_rotation_rgb_0008_SLOT_03.png,validation/good/prim_rotation_rgb_0008_SLOT_03.png,raw/prim_rotation/rgb_0008.png,SLOT_03,good,0,0.2734379768371582,0
val,prim_rotation_rgb_0008_SLOT_04.png,validation/good/prim_rotation_rgb_0008_SLOT_04.png,raw/prim_rotation/rgb_0008.png,SLOT_04,good,0,0.2991046905517578,0
val,prim_rotation_rgb_0008_SLOT_05.png,validation/good/prim_rotation_rgb_0008_SLOT_05.png,raw/prim_rotation/rgb_0008.png,SLOT_05,good,0,0.3023109436035156,0
val,prim_rotation_rgb_0008_SLOT_06.png,validation/good/prim_rotation_rgb_0008_SLOT_06.png,raw/prim_rotation/rgb_0008.png,SLOT_06,good,0,0.2957935333251953,0
val,prim_rotation_rgb_0009_SLOT_01.png,validation/good/prim_rotation_rgb_0009_SLOT_01.png,raw/prim_rotation/rgb_0009.png,SLOT_01,good,0,0.2535099983215332,0
val,prim_rotation_rgb_0009_SLOT_02.png,validation/good/prim_rotation_rgb_0009_SLOT_02.png,raw/prim_rotation/rgb_0009.png,SLOT_02,good,0,0.2511296272277832,0
val,prim_rotation_rgb_0009_SLOT_03.png,validation/good/prim_rotation_rgb_0009_SLOT_03.png,raw/prim_rotation/rgb_0009.png,SLOT_03,good,0,0.2752261161804199,0
val,prim_rotation_rgb_0009_SLOT_04.png,validation/good/prim_rotation_rgb_0009_SLOT_04.png,raw/prim_rotation/rgb_0009.png,SLOT_04,good,0,0.30138683319091797,0
val,prim_rotation_rgb_0009_SLOT_05.png,validation/good/prim_rotation_rgb_0009_SLOT_05.png,raw/prim_rotation/rgb_0009.png,SLOT_05,good,0,0.31703758239746094,0
val,prim_rotation_rgb_0009_SLOT_06.png,validation/good/prim_rotation_rgb_0009_SLOT_06.png,raw/prim_rotation/rgb_0009.png,SLOT_06,good,0,0.3007473945617676,0
val,prim_rotation_rgb_0015_SLOT_01.png,validation/good/prim_rotation_rgb_0015_SLOT_01.png,raw/prim_rotation/rgb_0015.png,SLOT_01,good,0,0.25378847122192383,0
val,prim_rotation_rgb_0015_SLOT_02.png,validation/good/prim_rotation_rgb_0015_SLOT_02.png,raw/prim_rotation/rgb_0015.png,SLOT_02,good,0,0.24051916599273682,0
val,prim_rotation_rgb_0015_SLOT_03.png,validation/good/prim_rotation_rgb_0015_SLOT_03.png,raw/prim_rotation/rgb_0015.png,SLOT_03,good,0,0.2912564277648926,0
val,prim_rotation_rgb_0015_SLOT_04.png,validation/good/prim_rotation_rgb_0015_SLOT_04.png,raw/prim_rotation/rgb_0015.png,SLOT_04,good,0,0.2486715316772461,0
val,prim_rotation_rgb_0015_SLOT_05.png,validation/good/prim_rotation_rgb_0015_SLOT_05.png,raw/prim_rotation/rgb_0015.png,SLOT_05,good,0,0.26836109161376953,0
val,prim_rotation_rgb_0015_SLOT_06.png,validation/good/prim_rotation_rgb_0015_SLOT_06.png,raw/prim_rotation/rgb_0015.png,SLOT_06,good,0,0.2696208953857422,0
val,prim_rotation_rgb_0028_SLOT_01.png,validation/good/prim_rotation_rgb_0028_SLOT_01.png,raw/prim_rotation/rgb_0028.png,SLOT_01,good,0,0.23918437957763672,0
val,prim_rotation_rgb_0028_SLOT_02.png,validation/good/prim_rotation_rgb_0028_SLOT_02.png,raw/prim_rotation/rgb_0028.png,SLOT_02,good,0,0.30226707458496094,0
val,prim_rotation_rgb_0028_SLOT_03.png,validation/good/prim_rotation_rgb_0028_SLOT_03.png,raw/prim_rotation/rgb_0028.png,SLOT_03,good,0,0.2741551399230957,0
val,prim_rotation_rgb_0028_SLOT_04.png,validation/good/prim_rotation_rgb_0028_SLOT_04.png,raw/prim_rotation/rgb_0028.png,SLOT_04,good,0,0.28885364532470703,0
val,prim_rotation_rgb_0028_SLOT_05.png,validation/good/prim_rotation_rgb_0028_SLOT_05.png,raw/prim_rotation/rgb_0028.png,SLOT_05,good,0,0.27587890625,0
val,prim_rotation_rgb_0028_SLOT_06.png,validation/good/prim_rotation_rgb_0028_SLOT_06.png,raw/prim_rotation/rgb_0028.png,SLOT_06,good,0,0.2870292663574219,0
val,prim_rotation_rgb_0029_SLOT_01.png,validation/good/prim_rotation_rgb_0029_SLOT_01.png,raw/prim_rotation/rgb_0029.png,SLOT_01,good,0,0.24066472053527832,0
val,prim_rotation_rgb_0029_SLOT_02.png,validation/good/prim_rotation_rgb_0029_SLOT_02.png,raw/prim_rotation/rgb_0029.png,SLOT_02,good,0,0.30327606201171875,0
val,prim_rotation_rgb_0029_SLOT_03.png,validation/good/prim_rotation_rgb_0029_SLOT_03.png,raw/prim_rotation/rgb_0029.png,SLOT_03,good,0,0.2800760269165039,0
val,prim_rotation_rgb_0029_SLOT_04.png,validation/good/prim_rotation_rgb_0029_SLOT_04.png,raw/prim_rotation/rgb_0029.png,SLOT_04,good,0,0.2871239185333252,0
val,prim_rotation_rgb_0029_SLOT_05.png,validation/good/prim_rotation_rgb_0029_SLOT_05.png,raw/prim_rotation/rgb_0029.png,SLOT_05,good,0,0.284454345703125,0
val,prim_rotation_rgb_0029_SLOT_06.png,validation/good/prim_rotation_rgb_0029_SLOT_06.png,raw/prim_rotation/rgb_0029.png,SLOT_06,good,0,0.28794336318969727,0
val,prim_rotation_rgb_0031_SLOT_01.png,validation/good/prim_rotation_rgb_0031_SLOT_01.png,raw/prim_rotation/rgb_0031.png,SLOT_01,good,0,0.25537967681884766,0
val,prim_rotation_rgb_0031_SLOT_02.png,validation/good/prim_rotation_rgb_0031_SLOT_02.png,raw/prim_rotation/rgb_0031.png,SLOT_02,good,0,0.3076658248901367,0
val,prim_rotation_rgb_0031_SLOT_03.png,validation/good/prim_rotation_rgb_0031_SLOT_03.png,raw/prim_rotation/rgb_0031.png,SLOT_03,good,0,0.2582881450653076,0
val,prim_rotation_rgb_0031_SLOT_04.png,validation/good/prim_rotation_rgb_0031_SLOT_04.png,raw/prim_rotation/rgb_0031.png,SLOT_04,good,0,0.3017587661743164,0
val,prim_rotation_rgb_0031_SLOT_05.png,validation/good/prim_rotation_rgb_0031_SLOT_05.png,raw/prim_rotation/rgb_0031.png,SLOT_05,good,0,0.28653621673583984,0
val,prim_rotation_rgb_0031_SLOT_06.png,validation/good/prim_rotation_rgb_0031_SLOT_06.png,raw/prim_rotation/rgb_0031.png,SLOT_06,good,0,0.30501770973205566,0
val,prim_rotation_rgb_0043_SLOT_01.png,validation/good/prim_rotation_rgb_0043_SLOT_01.png,raw/prim_rotation/rgb_0043.png,SLOT_01,good,0,0.30849742889404297,0
val,prim_rotation_rgb_0043_SLOT_02.png,validation/good/prim_rotation_rgb_0043_SLOT_02.png,raw/prim_rotation/rgb_0043.png,SLOT_02,good,0,0.28545331954956055,0
val,prim_rotation_rgb_0043_SLOT_03.png,validation/good/prim_rotation_rgb_0043_SLOT_03.png,raw/prim_rotation/rgb_0043.png,SLOT_03,good,0,0.2675657272338867,0
val,prim_rotation_rgb_0043_SLOT_04.png,validation/good/prim_rotation_rgb_0043_SLOT_04.png,raw/prim_rotation/rgb_0043.png,SLOT_04,good,0,0.276918888092041,0
val,prim_rotation_rgb_0043_SLOT_05.png,validation/good/prim_rotation_rgb_0043_SLOT_05.png,raw/prim_rotation/rgb_0043.png,SLOT_05,good,0,0.301760196685791,0
val,prim_rotation_rgb_0043_SLOT_06.png,validation/good/prim_rotation_rgb_0043_SLOT_06.png,raw/prim_rotation/rgb_0043.png,SLOT_06,good,0,0.2710001468658447,0
val,prim_rotation_rgb_0070_SLOT_01.png,validation/good/prim_rotation_rgb_0070_SLOT_01.png,raw/prim_rotation/rgb_0070.png,SLOT_01,good,0,0.3402373790740967,1
val,prim_rotation_rgb_0070_SLOT_02.png,validation/good/prim_rotation_rgb_0070_SLOT_02.png,raw/prim_rotation/rgb_0070.png,SLOT_02,good,0,0.35376596450805664,1
val,prim_rotation_rgb_0070_SLOT_03.png,validation/good/prim_rotation_rgb_0070_SLOT_03.png,raw/prim_rotation/rgb_0070.png,SLOT_03,good,0,0.35038137435913086,1
val,prim_rotation_rgb_0070_SLOT_04.png,validation/good/prim_rotation_rgb_0070_SLOT_04.png,raw/prim_rotation/rgb_0070.png,SLOT_04,good,0,0.37741613388061523,1
val,prim_rotation_rgb_0070_SLOT_05.png,validation/good/prim_rotation_rgb_0070_SLOT_05.png,raw/prim_rotation/rgb_0070.png,SLOT_05,good,0,0.3148372173309326,0
val,prim_rotation_rgb_0070_SLOT_06.png,validation/good/prim_rotation_rgb_0070_SLOT_06.png,raw/prim_rotation/rgb_0070.png,SLOT_06,good,0,0.39057040214538574,1
val,prim_rotation_rgb_0075_SLOT_01.png,validation/good/prim_rotation_rgb_0075_SLOT_01.png,raw/prim_rotation/rgb_0075.png,SLOT_01,good,0,0.2774472236633301,0
val,prim_rotation_rgb_0075_SLOT_02.png,validation/good/prim_rotation_rgb_0075_SLOT_02.png,raw/prim_rotation/rgb_0075.png,SLOT_02,good,0,0.2532796859741211,0
val,prim_rotation_rgb_0075_SLOT_03.png,validation/good/prim_rotation_rgb_0075_SLOT_03.png,raw/prim_rotation/rgb_0075.png,SLOT_03,good,0,0.25073957443237305,0
val,prim_rotation_rgb_0075_SLOT_04.png,validation/good/prim_rotation_rgb_0075_SLOT_04.png,raw/prim_rotation/rgb_0075.png,SLOT_04,good,0,0.2903470993041992,0
val,prim_rotation_rgb_0075_SLOT_05.png,validation/good/prim_rotation_rgb_0075_SLOT_05.png,raw/prim_rotation/rgb_0075.png,SLOT_05,good,0,0.2718181610107422,0
val,prim_rotation_rgb_0075_SLOT_06.png,validation/good/prim_rotation_rgb_0075_SLOT_06.png,raw/prim_rotation/rgb_0075.png,SLOT_06,good,0,0.2466740608215332,0
val,prim_rotation_rgb_0076_SLOT_01.png,validation/good/prim_rotation_rgb_0076_SLOT_01.png,raw/prim_rotation/rgb_0076.png,SLOT_01,good,0,0.2613515853881836,0
val,prim_rotation_rgb_0076_SLOT_02.png,validation/good/prim_rotation_rgb_0076_SLOT_02.png,raw/prim_rotation/rgb_0076.png,SLOT_02,good,0,0.2537984848022461,0
val,prim_rotation_rgb_0076_SLOT_03.png,validation/good/prim_rotation_rgb_0076_SLOT_03.png,raw/prim_rotation/rgb_0076.png,SLOT_03,good,0,0.24585199356079102,0
val,prim_rotation_rgb_0076_SLOT_04.png,validation/good/prim_rotation_rgb_0076_SLOT_04.png,raw/prim_rotation/rgb_0076.png,SLOT_04,good,0,0.2951169013977051,0
val,prim_rotation_rgb_0076_SLOT_05.png,validation/good/prim_rotation_rgb_0076_SLOT_05.png,raw/prim_rotation/rgb_0076.png,SLOT_05,good,0,0.28061437606811523,0
val,prim_rotation_rgb_0076_SLOT_06.png,validation/good/prim_rotation_rgb_0076_SLOT_06.png,raw/prim_rotation/rgb_0076.png,SLOT_06,good,0,0.2525806427001953,0
val,prim_rotation_rgb_0078_SLOT_01.png,validation/good/prim_rotation_rgb_0078_SLOT_01.png,raw/prim_rotation/rgb_0078.png,SLOT_01,good,0,0.24868202209472656,0
val,prim_rotation_rgb_0078_SLOT_02.png,validation/good/prim_rotation_rgb_0078_SLOT_02.png,raw/prim_rotation/rgb_0078.png,SLOT_02,good,0,0.25719261169433594,0
val,prim_rotation_rgb_0078_SLOT_03.png,validation/good/prim_rotation_rgb_0078_SLOT_03.png,raw/prim_rotation/rgb_0078.png,SLOT_03,good,0,0.23837566375732422,0
val,prim_rotation_rgb_0078_SLOT_04.png,validation/good/prim_rotation_rgb_0078_SLOT_04.png,raw/prim_rotation/rgb_0078.png,SLOT_04,good,0,0.2966594696044922,0
val,prim_rotation_rgb_0078_SLOT_05.png,validation/good/prim_rotation_rgb_0078_SLOT_05.png,raw/prim_rotation/rgb_0078.png,SLOT_05,good,0,0.297576904296875,0
val,prim_rotation_rgb_0078_SLOT_06.png,validation/good/prim_rotation_rgb_0078_SLOT_06.png,raw/prim_rotation/rgb_0078.png,SLOT_06,good,0,0.24051856994628906,0
val,prim_rotation_rgb_0082_SLOT_01.png,validation/good/prim_rotation_rgb_0082_SLOT_01.png,raw/prim_rotation/rgb_0082.png,SLOT_01,good,0,0.3020162582397461,0
val,prim_rotation_rgb_0082_SLOT_02.png,validation/good/prim_rotation_rgb_0082_SLOT_02.png,raw/prim_rotation/rgb_0082.png,SLOT_02,good,0,0.27081990242004395,0
val,prim_rotation_rgb_0082_SLOT_03.png,validation/good/prim_rotation_rgb_0082_SLOT_03.png,raw/prim_rotation/rgb_0082.png,SLOT_03,good,0,0.23357534408569336,0
val,prim_rotation_rgb_0082_SLOT_04.png,validation/good/prim_rotation_rgb_0082_SLOT_04.png,raw/prim_rotation/rgb_0082.png,SLOT_04,good,0,0.28290367126464844,0
val,prim_rotation_rgb_0082_SLOT_05.png,validation/good/prim_rotation_rgb_0082_SLOT_05.png,raw/prim_rotation/rgb_0082.png,SLOT_05,good,0,0.28644752502441406,0
val,prim_rotation_rgb_0082_SLOT_06.png,validation/good/prim_rotation_rgb_0082_SLOT_06.png,raw/prim_rotation/rgb_0082.png,SLOT_06,good,0,0.27308225631713867,0
val,synthetic_defect_rgb_0000_SLOT_03.png,validation/yellow/synthetic_defect_rgb_0000_SLOT_03.png,raw/synthetic_defect/rgb_0000.png,SLOT_03,yellow,1,0.4063243865966797,1
val,synthetic_defect_rgb_0000_SLOT_04.png,validation/yellow/synthetic_defect_rgb_0000_SLOT_04.png,raw/synthetic_defect/rgb_0000.png,SLOT_04,yellow,1,0.4654426574707031,1
val,synthetic_defect_rgb_0001_SLOT_03.png,validation/yellow/synthetic_defect_rgb_0001_SLOT_03.png,raw/synthetic_defect/rgb_0001.png,SLOT_03,yellow,1,0.34911537170410156,1
val,synthetic_defect_rgb_0001_SLOT_04.png,validation/yellow/synthetic_defect_rgb_0001_SLOT_04.png,raw/synthetic_defect/rgb_0001.png,SLOT_04,yellow,1,0.3637580871582031,1
val,synthetic_defect_rgb_0002_SLOT_03.png,validation/yellow/synthetic_defect_rgb_0002_SLOT_03.png,raw/synthetic_defect/rgb_0002.png,SLOT_03,yellow,1,0.34285736083984375,1
val,synthetic_defect_rgb_0002_SLOT_04.png,validation/yellow/synthetic_defect_rgb_0002_SLOT_04.png,raw/synthetic_defect/rgb_0002.png,SLOT_04,yellow,1,0.3270235061645508,1
val,synthetic_defect_rgb_0004_SLOT_03.png,validation/yellow/synthetic_defect_rgb_0004_SLOT_03.png,raw/synthetic_defect/rgb_0004.png,SLOT_03,yellow,1,0.33777427673339844,1
val,synthetic_defect_rgb_0004_SLOT_04.png,validation/yellow/synthetic_defect_rgb_0004_SLOT_04.png,raw/synthetic_defect/rgb_0004.png,SLOT_04,yellow,1,0.33605194091796875,1
val,synthetic_defect_rgb_0006_SLOT_03.png,validation/yellow/synthetic_defect_rgb_0006_SLOT_03.png,raw/synthetic_defect/rgb_0006.png,SLOT_03,yellow,1,0.3421287536621094,1
val,synthetic_defect_rgb_0006_SLOT_04.png,validation/yellow/synthetic_defect_rgb_0006_SLOT_04.png,raw/synthetic_defect/rgb_0006.png,SLOT_04,yellow,1,0.33426523208618164,1
val,synthetic_defect_rgb_0007_SLOT_03.png,validation/yellow/synthetic_defect_rgb_0007_SLOT_03.png,raw/synthetic_defect/rgb_0007.png,SLOT_03,yellow,1,0.3419485092163086,1
val,synthetic_defect_rgb_0007_SLOT_04.png,validation/yellow/synthetic_defect_rgb_0007_SLOT_04.png,raw/synthetic_defect/rgb_0007.png,SLOT_04,yellow,1,0.33145809173583984,1
val,synthetic_defect_rgb_0008_SLOT_03.png,validation/yellow/synthetic_defect_rgb_0008_SLOT_03.png,raw/synthetic_defect/rgb_0008.png,SLOT_03,yellow,1,0.34075021743774414,1
val,synthetic_defect_rgb_0008_SLOT_04.png,validation/yellow/synthetic_defect_rgb_0008_SLOT_04.png,raw/synthetic_defect/rgb_0008.png,SLOT_04,yellow,1,0.34069061279296875,1
val,synthetic_defect_rgb_0010_SLOT_03.png,validation/yellow/synthetic_defect_rgb_0010_SLOT_03.png,raw/synthetic_defect/rgb_0010.png,SLOT_03,yellow,1,0.3362455368041992,1
val,synthetic_defect_rgb_0010_SLOT_04.png,validation/yellow/synthetic_defect_rgb_0010_SLOT_04.png,raw/synthetic_defect/rgb_0010.png,SLOT_04,yellow,1,0.359036922454834,1
val,synthetic_defect_rgb_0011_SLOT_03.png,validation/yellow/synthetic_defect_rgb_0011_SLOT_03.png,raw/synthetic_defect/rgb_0011.png,SLOT_03,yellow,1,0.3463706970214844,1
val,synthetic_defect_rgb_0011_SLOT_04.png,validation/yellow/synthetic_defect_rgb_0011_SLOT_04.png,raw/synthetic_defect/rgb_0011.png,SLOT_04,yellow,1,0.3619570732116699,1
val,synthetic_defect_rgb_0014_SLOT_03.png,validation/yellow/synthetic_defect_rgb_0014_SLOT_03.png,raw/synthetic_defect/rgb_0014.png,SLOT_03,yellow,1,0.36161279678344727,1
val,synthetic_defect_rgb_0014_SLOT_04.png,validation/yellow/synthetic_defect_rgb_0014_SLOT_04.png,raw/synthetic_defect/rgb_0014.png,SLOT_04,yellow,1,0.35973548889160156,1
val,synthetic_defect_rgb_0017_SLOT_03.png,validation/yellow/synthetic_defect_rgb_0017_SLOT_03.png,raw/synthetic_defect/rgb_0017.png,SLOT_03,yellow,1,0.3593621253967285,1
val,synthetic_defect_rgb_0017_SLOT_04.png,validation/yellow/synthetic_defect_rgb_0017_SLOT_04.png,raw/synthetic_defect/rgb_0017.png,SLOT_04,yellow,1,0.3491482734680176,1
val,synthetic_defect_rgb_0019_SLOT_03.png,validation/yellow/synthetic_defect_rgb_0019_SLOT_03.png,raw/synthetic_defect/rgb_0019.png,SLOT_03,yellow,1,0.3493671417236328,1
val,synthetic_defect_rgb_0019_SLOT_04.png,validation/yellow/synthetic_defect_rgb_0019_SLOT_04.png,raw/synthetic_defect/rgb_0019.png,SLOT_04,yellow,1,0.3485374450683594,1
val,synthetic_defect_rgb_0021_SLOT_03.png,validation/yellow/synthetic_defect_rgb_0021_SLOT_03.png,raw/synthetic_defect/rgb_0021.png,SLOT_03,yellow,1,0.35080862045288086,1
val,synthetic_defect_rgb_0021_SLOT_04.png,validation/yellow/synthetic_defect_rgb_0021_SLOT_04.png,raw/synthetic_defect/rgb_0021.png,SLOT_04,yellow,1,0.35099220275878906,1
val,synthetic_defect_rgb_0022_SLOT_03.png,validation/yellow/synthetic_defect_rgb_0022_SLOT_03.png,raw/synthetic_defect/rgb_0022.png,SLOT_03,yellow,1,0.3485231399536133,1
val,synthetic_defect_rgb_0022_SLOT_04.png,validation/yellow/synthetic_defect_rgb_0022_SLOT_04.png,raw/synthetic_defect/rgb_0022.png,SLOT_04,yellow,1,0.34439802169799805,1
val,synthetic_defect_rgb_0023_SLOT_03.png,validation/yellow/synthetic_defect_rgb_0023_SLOT_03.png,raw/synthetic_defect/rgb_0023.png,SLOT_03,yellow,1,0.35472774505615234,1
val,synthetic_defect_rgb_0023_SLOT_04.png,validation/yellow/synthetic_defect_rgb_0023_SLOT_04.png,raw/synthetic_defect/rgb_0023.png,SLOT_04,yellow,1,0.3411540985107422,1
val,synthetic_defect_rgb_0025_SLOT_03.png,validation/yellow/synthetic_defect_rgb_0025_SLOT_03.png,raw/synthetic_defect/rgb_0025.png,SLOT_03,yellow,1,0.3480982780456543,1
val,synthetic_defect_rgb_0025_SLOT_04.png,validation/yellow/synthetic_defect_rgb_0025_SLOT_04.png,raw/synthetic_defect/rgb_0025.png,SLOT_04,yellow,1,0.34473276138305664,1
val,synthetic_defect_rgb_0026_SLOT_03.png,validation/yellow/synthetic_defect_rgb_0026_SLOT_03.png,raw/synthetic_defect/rgb_0026.png,SLOT_03,yellow,1,0.3551454544067383,1
val,synthetic_defect_rgb_0026_SLOT_04.png,validation/yellow/synthetic_defect_rgb_0026_SLOT_04.png,raw/synthetic_defect/rgb_0026.png,SLOT_04,yellow,1,0.34654760360717773,1
val,synthetic_defect_rgb_0030_SLOT_03.png,validation/yellow/synthetic_defect_rgb_0030_SLOT_03.png,raw/synthetic_defect/rgb_0030.png,SLOT_03,yellow,1,0.3803110122680664,1
val,synthetic_defect_rgb_0030_SLOT_04.png,validation/yellow/synthetic_defect_rgb_0030_SLOT_04.png,raw/synthetic_defect/rgb_0030.png,SLOT_04,yellow,1,0.36583948135375977,1
val,synthetic_defect_rgb_0033_SLOT_03.png,validation/yellow/synthetic_defect_rgb_0033_SLOT_03.png,raw/synthetic_defect/rgb_0033.png,SLOT_03,yellow,1,0.37206554412841797,1
val,synthetic_defect_rgb_0033_SLOT_04.png,validation/yellow/synthetic_defect_rgb_0033_SLOT_04.png,raw/synthetic_defect/rgb_0033.png,SLOT_04,yellow,1,0.3759021759033203,1
val,synthetic_defect_rgb_0037_SLOT_03.png,validation/yellow/synthetic_defect_rgb_0037_SLOT_03.png,raw/synthetic_defect/rgb_0037.png,SLOT_03,yellow,1,0.35514163970947266,1
val,synthetic_defect_rgb_0037_SLOT_04.png,validation/yellow/synthetic_defect_rgb_0037_SLOT_04.png,raw/synthetic_defect/rgb_0037.png,SLOT_04,yellow,1,0.3819088935852051,1
val,synthetic_defect_rgb_0039_SLOT_03.png,validation/yellow/synthetic_defect_rgb_0039_SLOT_03.png,raw/synthetic_defect/rgb_0039.png,SLOT_03,yellow,1,0.35959672927856445,1
val,synthetic_defect_rgb_0039_SLOT_04.png,validation/yellow/synthetic_defect_rgb_0039_SLOT_04.png,raw/synthetic_defect/rgb_0039.png,SLOT_04,yellow,1,0.38864994049072266,1
val,synthetic_defect_rgb_0040_SLOT_03.png,validation/yellow/synthetic_defect_rgb_0040_SLOT_03.png,raw/synthetic_defect/rgb_0040.png,SLOT_03,yellow,1,0.3558788299560547,1
val,synthetic_defect_rgb_0040_SLOT_04.png,validation/yellow/synthetic_defect_rgb_0040_SLOT_04.png,raw/synthetic_defect/rgb_0040.png,SLOT_04,yellow,1,0.37686824798583984,1
val,synthetic_defect_rgb_0041_SLOT_03.png,validation/yellow/synthetic_defect_rgb_0041_SLOT_03.png,raw/synthetic_defect/rgb_0041.png,SLOT_03,yellow,1,0.3663806915283203,1
val,synthetic_defect_rgb_0041_SLOT_04.png,validation/yellow/synthetic_defect_rgb_0041_SLOT_04.png,raw/synthetic_defect/rgb_0041.png,SLOT_04,yellow,1,0.38930606842041016,1
val,synthetic_defect_rgb_0047_SLOT_03.png,validation/yellow/synthetic_defect_rgb_0047_SLOT_03.png,raw/synthetic_defect/rgb_0047.png,SLOT_03,yellow,1,0.36273670196533203,1
val,synthetic_defect_rgb_0047_SLOT_04.png,validation/yellow/synthetic_defect_rgb_0047_SLOT_04.png,raw/synthetic_defect/rgb_0047.png,SLOT_04,yellow,1,0.37105607986450195,1
val,synthetic_defect_rgb_0049_SLOT_03.png,validation/yellow/synthetic_defect_rgb_0049_SLOT_03.png,raw/synthetic_defect/rgb_0049.png,SLOT_03,yellow,1,0.3683319091796875,1
val,synthetic_defect_rgb_0049_SLOT_04.png,validation/yellow/synthetic_defect_rgb_0049_SLOT_04.png,raw/synthetic_defect/rgb_0049.png,SLOT_04,yellow,1,0.3669166564941406,1
val,synthetic_defect_rgb_0000_SLOT_05.png,validation/brown/synthetic_defect_rgb_0000_SLOT_05.png,raw/synthetic_defect/rgb_0000.png,SLOT_05,brown,1,0.5530261993408203,1
val,synthetic_defect_rgb_0001_SLOT_05.png,validation/brown/synthetic_defect_rgb_0001_SLOT_05.png,raw/synthetic_defect/rgb_0001.png,SLOT_05,brown,1,0.4937915802001953,1
val,synthetic_defect_rgb_0002_SLOT_05.png,validation/brown/synthetic_defect_rgb_0002_SLOT_05.png,raw/synthetic_defect/rgb_0002.png,SLOT_05,brown,1,0.485576868057251,1
val,synthetic_defect_rgb_0004_SLOT_05.png,validation/brown/synthetic_defect_rgb_0004_SLOT_05.png,raw/synthetic_defect/rgb_0004.png,SLOT_05,brown,1,0.48349952697753906,1
val,synthetic_defect_rgb_0006_SLOT_05.png,validation/brown/synthetic_defect_rgb_0006_SLOT_05.png,raw/synthetic_defect/rgb_0006.png,SLOT_05,brown,1,0.4717698097229004,1
val,synthetic_defect_rgb_0007_SLOT_05.png,validation/brown/synthetic_defect_rgb_0007_SLOT_05.png,raw/synthetic_defect/rgb_0007.png,SLOT_05,brown,1,0.4768362045288086,1
val,synthetic_defect_rgb_0008_SLOT_05.png,validation/brown/synthetic_defect_rgb_0008_SLOT_05.png,raw/synthetic_defect/rgb_0008.png,SLOT_05,brown,1,0.4823298454284668,1
val,synthetic_defect_rgb_0010_SLOT_05.png,validation/brown/synthetic_defect_rgb_0010_SLOT_05.png,raw/synthetic_defect/rgb_0010.png,SLOT_05,brown,1,0.4889826774597168,1
val,synthetic_defect_rgb_0011_SLOT_05.png,validation/brown/synthetic_defect_rgb_0011_SLOT_05.png,raw/synthetic_defect/rgb_0011.png,SLOT_05,brown,1,0.49605655670166016,1
val,synthetic_defect_rgb_0014_SLOT_05.png,validation/brown/synthetic_defect_rgb_0014_SLOT_05.png,raw/synthetic_defect/rgb_0014.png,SLOT_05,brown,1,0.4755735397338867,1
val,synthetic_defect_rgb_0017_SLOT_05.png,validation/brown/synthetic_defect_rgb_0017_SLOT_05.png,raw/synthetic_defect/rgb_0017.png,SLOT_05,brown,1,0.4807853698730469,1
val,synthetic_defect_rgb_0019_SLOT_05.png,validation/brown/synthetic_defect_rgb_0019_SLOT_05.png,raw/synthetic_defect/rgb_0019.png,SLOT_05,brown,1,0.4796895980834961,1
val,synthetic_defect_rgb_0021_SLOT_05.png,validation/brown/synthetic_defect_rgb_0021_SLOT_05.png,raw/synthetic_defect/rgb_0021.png,SLOT_05,brown,1,0.47718095779418945,1
val,synthetic_defect_rgb_0022_SLOT_05.png,validation/brown/synthetic_defect_rgb_0022_SLOT_05.png,raw/synthetic_defect/rgb_0022.png,SLOT_05,brown,1,0.47736263275146484,1
val,synthetic_defect_rgb_0023_SLOT_05.png,validation/brown/synthetic_defect_rgb_0023_SLOT_05.png,raw/synthetic_defect/rgb_0023.png,SLOT_05,brown,1,0.4764566421508789,1
val,synthetic_defect_rgb_0025_SLOT_05.png,validation/brown/synthetic_defect_rgb_0025_SLOT_05.png,raw/synthetic_defect/rgb_0025.png,SLOT_05,brown,1,0.46891164779663086,1
val,synthetic_defect_rgb_0026_SLOT_05.png,validation/brown/synthetic_defect_rgb_0026_SLOT_05.png,raw/synthetic_defect/rgb_0026.png,SLOT_05,brown,1,0.46980905532836914,1
val,synthetic_defect_rgb_0030_SLOT_05.png,validation/brown/synthetic_defect_rgb_0030_SLOT_05.png,raw/synthetic_defect/rgb_0030.png,SLOT_05,brown,1,0.4754152297973633,1
val,synthetic_defect_rgb_0033_SLOT_05.png,validation/brown/synthetic_defect_rgb_0033_SLOT_05.png,raw/synthetic_defect/rgb_0033.png,SLOT_05,brown,1,0.4755678176879883,1
val,synthetic_defect_rgb_0037_SLOT_05.png,validation/brown/synthetic_defect_rgb_0037_SLOT_05.png,raw/synthetic_defect/rgb_0037.png,SLOT_05,brown,1,0.48253679275512695,1
val,synthetic_defect_rgb_0039_SLOT_05.png,validation/brown/synthetic_defect_rgb_0039_SLOT_05.png,raw/synthetic_defect/rgb_0039.png,SLOT_05,brown,1,0.4727931022644043,1
val,synthetic_defect_rgb_0040_SLOT_05.png,validation/brown/synthetic_defect_rgb_0040_SLOT_05.png,raw/synthetic_defect/rgb_0040.png,SLOT_05,brown,1,0.46703386306762695,1
val,synthetic_defect_rgb_0041_SLOT_05.png,validation/brown/synthetic_defect_rgb_0041_SLOT_05.png,raw/synthetic_defect/rgb_0041.png,SLOT_05,brown,1,0.46602296829223633,1
val,synthetic_defect_rgb_0047_SLOT_05.png,validation/brown/synthetic_defect_rgb_0047_SLOT_05.png,raw/synthetic_defect/rgb_0047.png,SLOT_05,brown,1,0.48108673095703125,1
val,synthetic_defect_rgb_0049_SLOT_05.png,validation/brown/synthetic_defect_rgb_0049_SLOT_05.png,raw/synthetic_defect/rgb_0049.png,SLOT_05,brown,1,0.4755041003227234,1
test,lighting_only_rgb_0011_SLOT_01.png,mvtec/cabbage/test/good/lighting_only_rgb_0011_SLOT_01.png,raw/lighting_only/rgb_0011.png,SLOT_01,good,0,0.25849056243896484,0
test,lighting_only_rgb_0011_SLOT_02.png,mvtec/cabbage/test/good/lighting_only_rgb_0011_SLOT_02.png,raw/lighting_only/rgb_0011.png,SLOT_02,good,0,0.24036073684692383,0
test,lighting_only_rgb_0011_SLOT_03.png,mvtec/cabbage/test/good/lighting_only_rgb_0011_SLOT_03.png,raw/lighting_only/rgb_0011.png,SLOT_03,good,0,0.2929244041442871,0
test,lighting_only_rgb_0011_SLOT_04.png,mvtec/cabbage/test/good/lighting_only_rgb_0011_SLOT_04.png,raw/lighting_only/rgb_0011.png,SLOT_04,good,0,0.2863898277282715,0
test,lighting_only_rgb_0011_SLOT_05.png,mvtec/cabbage/test/good/lighting_only_rgb_0011_SLOT_05.png,raw/lighting_only/rgb_0011.png,SLOT_05,good,0,0.2876729965209961,0
test,lighting_only_rgb_0011_SLOT_06.png,mvtec/cabbage/test/good/lighting_only_rgb_0011_SLOT_06.png,raw/lighting_only/rgb_0011.png,SLOT_06,good,0,0.2691922187805176,0
test,lighting_only_rgb_0017_SLOT_01.png,mvtec/cabbage/test/good/lighting_only_rgb_0017_SLOT_01.png,raw/lighting_only/rgb_0017.png,SLOT_01,good,0,0.25333499908447266,0
test,lighting_only_rgb_0017_SLOT_02.png,mvtec/cabbage/test/good/lighting_only_rgb_0017_SLOT_02.png,raw/lighting_only/rgb_0017.png,SLOT_02,good,0,0.2418752908706665,0
test,lighting_only_rgb_0017_SLOT_03.png,mvtec/cabbage/test/good/lighting_only_rgb_0017_SLOT_03.png,raw/lighting_only/rgb_0017.png,SLOT_03,good,0,0.2785811424255371,0
test,lighting_only_rgb_0017_SLOT_04.png,mvtec/cabbage/test/good/lighting_only_rgb_0017_SLOT_04.png,raw/lighting_only/rgb_0017.png,SLOT_04,good,0,0.2769019603729248,0
test,lighting_only_rgb_0017_SLOT_05.png,mvtec/cabbage/test/good/lighting_only_rgb_0017_SLOT_05.png,raw/lighting_only/rgb_0017.png,SLOT_05,good,0,0.2914128303527832,0
test,lighting_only_rgb_0017_SLOT_06.png,mvtec/cabbage/test/good/lighting_only_rgb_0017_SLOT_06.png,raw/lighting_only/rgb_0017.png,SLOT_06,good,0,0.29291486740112305,0
test,lighting_only_rgb_0020_SLOT_01.png,mvtec/cabbage/test/good/lighting_only_rgb_0020_SLOT_01.png,raw/lighting_only/rgb_0020.png,SLOT_01,good,0,0.2536640167236328,0
test,lighting_only_rgb_0020_SLOT_02.png,mvtec/cabbage/test/good/lighting_only_rgb_0020_SLOT_02.png,raw/lighting_only/rgb_0020.png,SLOT_02,good,0,0.24241113662719727,0
test,lighting_only_rgb_0020_SLOT_03.png,mvtec/cabbage/test/good/lighting_only_rgb_0020_SLOT_03.png,raw/lighting_only/rgb_0020.png,SLOT_03,good,0,0.27274656295776367,0
test,lighting_only_rgb_0020_SLOT_04.png,mvtec/cabbage/test/good/lighting_only_rgb_0020_SLOT_04.png,raw/lighting_only/rgb_0020.png,SLOT_04,good,0,0.27112436294555664,0
test,lighting_only_rgb_0020_SLOT_05.png,mvtec/cabbage/test/good/lighting_only_rgb_0020_SLOT_05.png,raw/lighting_only/rgb_0020.png,SLOT_05,good,0,0.28980255126953125,0
test,lighting_only_rgb_0020_SLOT_06.png,mvtec/cabbage/test/good/lighting_only_rgb_0020_SLOT_06.png,raw/lighting_only/rgb_0020.png,SLOT_06,good,0,0.28466796875,0
test,lighting_only_rgb_0024_SLOT_01.png,mvtec/cabbage/test/good/lighting_only_rgb_0024_SLOT_01.png,raw/lighting_only/rgb_0024.png,SLOT_01,good,0,0.25238990783691406,0
test,lighting_only_rgb_0024_SLOT_02.png,mvtec/cabbage/test/good/lighting_only_rgb_0024_SLOT_02.png,raw/lighting_only/rgb_0024.png,SLOT_02,good,0,0.25945138931274414,0
test,lighting_only_rgb_0024_SLOT_03.png,mvtec/cabbage/test/good/lighting_only_rgb_0024_SLOT_03.png,raw/lighting_only/rgb_0024.png,SLOT_03,good,0,0.27384138107299805,0
test,lighting_only_rgb_0024_SLOT_04.png,mvtec/cabbage/test/good/lighting_only_rgb_0024_SLOT_04.png,raw/lighting_only/rgb_0024.png,SLOT_04,good,0,0.26209282875061035,0
test,lighting_only_rgb_0024_SLOT_05.png,mvtec/cabbage/test/good/lighting_only_rgb_0024_SLOT_05.png,raw/lighting_only/rgb_0024.png,SLOT_05,good,0,0.2844276428222656,0
test,lighting_only_rgb_0024_SLOT_06.png,mvtec/cabbage/test/good/lighting_only_rgb_0024_SLOT_06.png,raw/lighting_only/rgb_0024.png,SLOT_06,good,0,0.29277849197387695,0
test,lighting_only_rgb_0025_SLOT_01.png,mvtec/cabbage/test/good/lighting_only_rgb_0025_SLOT_01.png,raw/lighting_only/rgb_0025.png,SLOT_01,good,0,0.25255775451660156,0
test,lighting_only_rgb_0025_SLOT_02.png,mvtec/cabbage/test/good/lighting_only_rgb_0025_SLOT_02.png,raw/lighting_only/rgb_0025.png,SLOT_02,good,0,0.2600226402282715,0
test,lighting_only_rgb_0025_SLOT_03.png,mvtec/cabbage/test/good/lighting_only_rgb_0025_SLOT_03.png,raw/lighting_only/rgb_0025.png,SLOT_03,good,0,0.2645735740661621,0
test,lighting_only_rgb_0025_SLOT_04.png,mvtec/cabbage/test/good/lighting_only_rgb_0025_SLOT_04.png,raw/lighting_only/rgb_0025.png,SLOT_04,good,0,0.2670295238494873,0
test,lighting_only_rgb_0025_SLOT_05.png,mvtec/cabbage/test/good/lighting_only_rgb_0025_SLOT_05.png,raw/lighting_only/rgb_0025.png,SLOT_05,good,0,0.2805209159851074,0
test,lighting_only_rgb_0025_SLOT_06.png,mvtec/cabbage/test/good/lighting_only_rgb_0025_SLOT_06.png,raw/lighting_only/rgb_0025.png,SLOT_06,good,0,0.29923200607299805,0
test,lighting_only_rgb_0031_SLOT_01.png,mvtec/cabbage/test/good/lighting_only_rgb_0031_SLOT_01.png,raw/lighting_only/rgb_0031.png,SLOT_01,good,0,0.272247314453125,0
test,lighting_only_rgb_0031_SLOT_02.png,mvtec/cabbage/test/good/lighting_only_rgb_0031_SLOT_02.png,raw/lighting_only/rgb_0031.png,SLOT_02,good,0,0.26145410537719727,0
test,lighting_only_rgb_0031_SLOT_03.png,mvtec/cabbage/test/good/lighting_only_rgb_0031_SLOT_03.png,raw/lighting_only/rgb_0031.png,SLOT_03,good,0,0.26535487174987793,0
test,lighting_only_rgb_0031_SLOT_04.png,mvtec/cabbage/test/good/lighting_only_rgb_0031_SLOT_04.png,raw/lighting_only/rgb_0031.png,SLOT_04,good,0,0.2764441967010498,0
test,lighting_only_rgb_0031_SLOT_05.png,mvtec/cabbage/test/good/lighting_only_rgb_0031_SLOT_05.png,raw/lighting_only/rgb_0031.png,SLOT_05,good,0,0.2913975715637207,0
test,lighting_only_rgb_0031_SLOT_06.png,mvtec/cabbage/test/good/lighting_only_rgb_0031_SLOT_06.png,raw/lighting_only/rgb_0031.png,SLOT_06,good,0,0.28289222717285156,0
test,lighting_only_rgb_0041_SLOT_01.png,mvtec/cabbage/test/good/lighting_only_rgb_0041_SLOT_01.png,raw/lighting_only/rgb_0041.png,SLOT_01,good,0,0.25786447525024414,0
test,lighting_only_rgb_0041_SLOT_02.png,mvtec/cabbage/test/good/lighting_only_rgb_0041_SLOT_02.png,raw/lighting_only/rgb_0041.png,SLOT_02,good,0,0.26888418197631836,0
test,lighting_only_rgb_0041_SLOT_03.png,mvtec/cabbage/test/good/lighting_only_rgb_0041_SLOT_03.png,raw/lighting_only/rgb_0041.png,SLOT_03,good,0,0.2672750949859619,0
test,lighting_only_rgb_0041_SLOT_04.png,mvtec/cabbage/test/good/lighting_only_rgb_0041_SLOT_04.png,raw/lighting_only/rgb_0041.png,SLOT_04,good,0,0.2601778507232666,0
test,lighting_only_rgb_0041_SLOT_05.png,mvtec/cabbage/test/good/lighting_only_rgb_0041_SLOT_05.png,raw/lighting_only/rgb_0041.png,SLOT_05,good,0,0.2823653221130371,0
test,lighting_only_rgb_0041_SLOT_06.png,mvtec/cabbage/test/good/lighting_only_rgb_0041_SLOT_06.png,raw/lighting_only/rgb_0041.png,SLOT_06,good,0,0.28061532974243164,0
test,lighting_only_rgb_0049_SLOT_01.png,mvtec/cabbage/test/good/lighting_only_rgb_0049_SLOT_01.png,raw/lighting_only/rgb_0049.png,SLOT_01,good,0,0.24989032745361328,0
test,lighting_only_rgb_0049_SLOT_02.png,mvtec/cabbage/test/good/lighting_only_rgb_0049_SLOT_02.png,raw/lighting_only/rgb_0049.png,SLOT_02,good,0,0.26803064346313477,0
test,lighting_only_rgb_0049_SLOT_03.png,mvtec/cabbage/test/good/lighting_only_rgb_0049_SLOT_03.png,raw/lighting_only/rgb_0049.png,SLOT_03,good,0,0.27282094955444336,0
test,lighting_only_rgb_0049_SLOT_04.png,mvtec/cabbage/test/good/lighting_only_rgb_0049_SLOT_04.png,raw/lighting_only/rgb_0049.png,SLOT_04,good,0,0.28135180473327637,0
test,lighting_only_rgb_0049_SLOT_05.png,mvtec/cabbage/test/good/lighting_only_rgb_0049_SLOT_05.png,raw/lighting_only/rgb_0049.png,SLOT_05,good,0,0.27672672271728516,0
test,lighting_only_rgb_0049_SLOT_06.png,mvtec/cabbage/test/good/lighting_only_rgb_0049_SLOT_06.png,raw/lighting_only/rgb_0049.png,SLOT_06,good,0,0.29018592834472656,0
test,lighting_only_rgb_0058_SLOT_01.png,mvtec/cabbage/test/good/lighting_only_rgb_0058_SLOT_01.png,raw/lighting_only/rgb_0058.png,SLOT_01,good,0,0.26338672637939453,0
test,lighting_only_rgb_0058_SLOT_02.png,mvtec/cabbage/test/good/lighting_only_rgb_0058_SLOT_02.png,raw/lighting_only/rgb_0058.png,SLOT_02,good,0,0.26369714736938477,0
test,lighting_only_rgb_0058_SLOT_03.png,mvtec/cabbage/test/good/lighting_only_rgb_0058_SLOT_03.png,raw/lighting_only/rgb_0058.png,SLOT_03,good,0,0.2716946601867676,0
test,lighting_only_rgb_0058_SLOT_04.png,mvtec/cabbage/test/good/lighting_only_rgb_0058_SLOT_04.png,raw/lighting_only/rgb_0058.png,SLOT_04,good,0,0.28623008728027344,0
test,lighting_only_rgb_0058_SLOT_05.png,mvtec/cabbage/test/good/lighting_only_rgb_0058_SLOT_05.png,raw/lighting_only/rgb_0058.png,SLOT_05,good,0,0.28971052169799805,0
test,lighting_only_rgb_0058_SLOT_06.png,mvtec/cabbage/test/good/lighting_only_rgb_0058_SLOT_06.png,raw/lighting_only/rgb_0058.png,SLOT_06,good,0,0.29561424255371094,0
test,lighting_only_rgb_0067_SLOT_01.png,mvtec/cabbage/test/good/lighting_only_rgb_0067_SLOT_01.png,raw/lighting_only/rgb_0067.png,SLOT_01,good,0,0.2638092041015625,0
test,lighting_only_rgb_0067_SLOT_02.png,mvtec/cabbage/test/good/lighting_only_rgb_0067_SLOT_02.png,raw/lighting_only/rgb_0067.png,SLOT_02,good,0,0.2692904472351074,0
test,lighting_only_rgb_0067_SLOT_03.png,mvtec/cabbage/test/good/lighting_only_rgb_0067_SLOT_03.png,raw/lighting_only/rgb_0067.png,SLOT_03,good,0,0.27101778984069824,0
test,lighting_only_rgb_0067_SLOT_04.png,mvtec/cabbage/test/good/lighting_only_rgb_0067_SLOT_04.png,raw/lighting_only/rgb_0067.png,SLOT_04,good,0,0.2786378860473633,0
test,lighting_only_rgb_0067_SLOT_05.png,mvtec/cabbage/test/good/lighting_only_rgb_0067_SLOT_05.png,raw/lighting_only/rgb_0067.png,SLOT_05,good,0,0.2905158996582031,0
test,lighting_only_rgb_0067_SLOT_06.png,mvtec/cabbage/test/good/lighting_only_rgb_0067_SLOT_06.png,raw/lighting_only/rgb_0067.png,SLOT_06,good,0,0.28069162368774414,0
test,lighting_only_rgb_0074_SLOT_01.png,mvtec/cabbage/test/good/lighting_only_rgb_0074_SLOT_01.png,raw/lighting_only/rgb_0074.png,SLOT_01,good,0,0.2690591812133789,0
test,lighting_only_rgb_0074_SLOT_02.png,mvtec/cabbage/test/good/lighting_only_rgb_0074_SLOT_02.png,raw/lighting_only/rgb_0074.png,SLOT_02,good,0,0.2689971923828125,0
test,lighting_only_rgb_0074_SLOT_03.png,mvtec/cabbage/test/good/lighting_only_rgb_0074_SLOT_03.png,raw/lighting_only/rgb_0074.png,SLOT_03,good,0,0.26786184310913086,0
test,lighting_only_rgb_0074_SLOT_04.png,mvtec/cabbage/test/good/lighting_only_rgb_0074_SLOT_04.png,raw/lighting_only/rgb_0074.png,SLOT_04,good,0,0.27155351638793945,0
test,lighting_only_rgb_0074_SLOT_05.png,mvtec/cabbage/test/good/lighting_only_rgb_0074_SLOT_05.png,raw/lighting_only/rgb_0074.png,SLOT_05,good,0,0.3045220375061035,0
test,lighting_only_rgb_0074_SLOT_06.png,mvtec/cabbage/test/good/lighting_only_rgb_0074_SLOT_06.png,raw/lighting_only/rgb_0074.png,SLOT_06,good,0,0.2783670425415039,0
test,lighting_only_rgb_0075_SLOT_01.png,mvtec/cabbage/test/good/lighting_only_rgb_0075_SLOT_01.png,raw/lighting_only/rgb_0075.png,SLOT_01,good,0,0.27265167236328125,0
test,lighting_only_rgb_0075_SLOT_02.png,mvtec/cabbage/test/good/lighting_only_rgb_0075_SLOT_02.png,raw/lighting_only/rgb_0075.png,SLOT_02,good,0,0.27141714096069336,0
test,lighting_only_rgb_0075_SLOT_03.png,mvtec/cabbage/test/good/lighting_only_rgb_0075_SLOT_03.png,raw/lighting_only/rgb_0075.png,SLOT_03,good,0,0.2686443328857422,0
test,lighting_only_rgb_0075_SLOT_04.png,mvtec/cabbage/test/good/lighting_only_rgb_0075_SLOT_04.png,raw/lighting_only/rgb_0075.png,SLOT_04,good,0,0.2722494602203369,0
test,lighting_only_rgb_0075_SLOT_05.png,mvtec/cabbage/test/good/lighting_only_rgb_0075_SLOT_05.png,raw/lighting_only/rgb_0075.png,SLOT_05,good,0,0.30179882049560547,0
test,lighting_only_rgb_0075_SLOT_06.png,mvtec/cabbage/test/good/lighting_only_rgb_0075_SLOT_06.png,raw/lighting_only/rgb_0075.png,SLOT_06,good,0,0.2835531234741211,0
test,lighting_only_rgb_0088_SLOT_01.png,mvtec/cabbage/test/good/lighting_only_rgb_0088_SLOT_01.png,raw/lighting_only/rgb_0088.png,SLOT_01,good,0,0.27487707138061523,0
test,lighting_only_rgb_0088_SLOT_02.png,mvtec/cabbage/test/good/lighting_only_rgb_0088_SLOT_02.png,raw/lighting_only/rgb_0088.png,SLOT_02,good,0,0.27063512802124023,0
test,lighting_only_rgb_0088_SLOT_03.png,mvtec/cabbage/test/good/lighting_only_rgb_0088_SLOT_03.png,raw/lighting_only/rgb_0088.png,SLOT_03,good,0,0.26593971252441406,0
test,lighting_only_rgb_0088_SLOT_04.png,mvtec/cabbage/test/good/lighting_only_rgb_0088_SLOT_04.png,raw/lighting_only/rgb_0088.png,SLOT_04,good,0,0.2734692096710205,0
test,lighting_only_rgb_0088_SLOT_05.png,mvtec/cabbage/test/good/lighting_only_rgb_0088_SLOT_05.png,raw/lighting_only/rgb_0088.png,SLOT_05,good,0,0.28500986099243164,0
test,lighting_only_rgb_0088_SLOT_06.png,mvtec/cabbage/test/good/lighting_only_rgb_0088_SLOT_06.png,raw/lighting_only/rgb_0088.png,SLOT_06,good,0,0.2801079750061035,0
test,lighting_only_rgb_0091_SLOT_01.png,mvtec/cabbage/test/good/lighting_only_rgb_0091_SLOT_01.png,raw/lighting_only/rgb_0091.png,SLOT_01,good,0,0.26767635345458984,0
test,lighting_only_rgb_0091_SLOT_02.png,mvtec/cabbage/test/good/lighting_only_rgb_0091_SLOT_02.png,raw/lighting_only/rgb_0091.png,SLOT_02,good,0,0.2731337547302246,0
test,lighting_only_rgb_0091_SLOT_03.png,mvtec/cabbage/test/good/lighting_only_rgb_0091_SLOT_03.png,raw/lighting_only/rgb_0091.png,SLOT_03,good,0,0.274381160736084,0
test,lighting_only_rgb_0091_SLOT_04.png,mvtec/cabbage/test/good/lighting_only_rgb_0091_SLOT_04.png,raw/lighting_only/rgb_0091.png,SLOT_04,good,0,0.26499080657958984,0
test,lighting_only_rgb_0091_SLOT_05.png,mvtec/cabbage/test/good/lighting_only_rgb_0091_SLOT_05.png,raw/lighting_only/rgb_0091.png,SLOT_05,good,0,0.2937126159667969,0
test,lighting_only_rgb_0091_SLOT_06.png,mvtec/cabbage/test/good/lighting_only_rgb_0091_SLOT_06.png,raw/lighting_only/rgb_0091.png,SLOT_06,good,0,0.2831258773803711,0
test,lighting_only_rgb_0092_SLOT_01.png,mvtec/cabbage/test/good/lighting_only_rgb_0092_SLOT_01.png,raw/lighting_only/rgb_0092.png,SLOT_01,good,0,0.264190673828125,0
test,lighting_only_rgb_0092_SLOT_02.png,mvtec/cabbage/test/good/lighting_only_rgb_0092_SLOT_02.png,raw/lighting_only/rgb_0092.png,SLOT_02,good,0,0.273775577545166,0
test,lighting_only_rgb_0092_SLOT_03.png,mvtec/cabbage/test/good/lighting_only_rgb_0092_SLOT_03.png,raw/lighting_only/rgb_0092.png,SLOT_03,good,0,0.2770843505859375,0
test,lighting_only_rgb_0092_SLOT_04.png,mvtec/cabbage/test/good/lighting_only_rgb_0092_SLOT_04.png,raw/lighting_only/rgb_0092.png,SLOT_04,good,0,0.2662637233734131,0
test,lighting_only_rgb_0092_SLOT_05.png,mvtec/cabbage/test/good/lighting_only_rgb_0092_SLOT_05.png,raw/lighting_only/rgb_0092.png,SLOT_05,good,0,0.2950906753540039,0
test,lighting_only_rgb_0092_SLOT_06.png,mvtec/cabbage/test/good/lighting_only_rgb_0092_SLOT_06.png,raw/lighting_only/rgb_0092.png,SLOT_06,good,0,0.28501319885253906,0
test,lighting_only_rgb_0093_SLOT_01.png,mvtec/cabbage/test/good/lighting_only_rgb_0093_SLOT_01.png,raw/lighting_only/rgb_0093.png,SLOT_01,good,0,0.2634086608886719,0
test,lighting_only_rgb_0093_SLOT_02.png,mvtec/cabbage/test/good/lighting_only_rgb_0093_SLOT_02.png,raw/lighting_only/rgb_0093.png,SLOT_02,good,0,0.27043628692626953,0
test,lighting_only_rgb_0093_SLOT_03.png,mvtec/cabbage/test/good/lighting_only_rgb_0093_SLOT_03.png,raw/lighting_only/rgb_0093.png,SLOT_03,good,0,0.2760491371154785,0
test,lighting_only_rgb_0093_SLOT_04.png,mvtec/cabbage/test/good/lighting_only_rgb_0093_SLOT_04.png,raw/lighting_only/rgb_0093.png,SLOT_04,good,0,0.26369690895080566,0
test,lighting_only_rgb_0093_SLOT_05.png,mvtec/cabbage/test/good/lighting_only_rgb_0093_SLOT_05.png,raw/lighting_only/rgb_0093.png,SLOT_05,good,0,0.2972078323364258,0
test,lighting_only_rgb_0093_SLOT_06.png,mvtec/cabbage/test/good/lighting_only_rgb_0093_SLOT_06.png,raw/lighting_only/rgb_0093.png,SLOT_06,good,0,0.28371715545654297,0
test,lighting_only_rgb_0094_SLOT_01.png,mvtec/cabbage/test/good/lighting_only_rgb_0094_SLOT_01.png,raw/lighting_only/rgb_0094.png,SLOT_01,good,0,0.26592063903808594,0
test,lighting_only_rgb_0094_SLOT_02.png,mvtec/cabbage/test/good/lighting_only_rgb_0094_SLOT_02.png,raw/lighting_only/rgb_0094.png,SLOT_02,good,0,0.27236223220825195,0
test,lighting_only_rgb_0094_SLOT_03.png,mvtec/cabbage/test/good/lighting_only_rgb_0094_SLOT_03.png,raw/lighting_only/rgb_0094.png,SLOT_03,good,0,0.278104305267334,0
test,lighting_only_rgb_0094_SLOT_04.png,mvtec/cabbage/test/good/lighting_only_rgb_0094_SLOT_04.png,raw/lighting_only/rgb_0094.png,SLOT_04,good,0,0.26609039306640625,0
test,lighting_only_rgb_0094_SLOT_05.png,mvtec/cabbage/test/good/lighting_only_rgb_0094_SLOT_05.png,raw/lighting_only/rgb_0094.png,SLOT_05,good,0,0.2937803268432617,0
test,lighting_only_rgb_0094_SLOT_06.png,mvtec/cabbage/test/good/lighting_only_rgb_0094_SLOT_06.png,raw/lighting_only/rgb_0094.png,SLOT_06,good,0,0.2823176383972168,0
test,lighting_only_rgb_0096_SLOT_01.png,mvtec/cabbage/test/good/lighting_only_rgb_0096_SLOT_01.png,raw/lighting_only/rgb_0096.png,SLOT_01,good,0,0.2740144729614258,0
test,lighting_only_rgb_0096_SLOT_02.png,mvtec/cabbage/test/good/lighting_only_rgb_0096_SLOT_02.png,raw/lighting_only/rgb_0096.png,SLOT_02,good,0,0.27362990379333496,0
test,lighting_only_rgb_0096_SLOT_03.png,mvtec/cabbage/test/good/lighting_only_rgb_0096_SLOT_03.png,raw/lighting_only/rgb_0096.png,SLOT_03,good,0,0.2814202308654785,0
test,lighting_only_rgb_0096_SLOT_04.png,mvtec/cabbage/test/good/lighting_only_rgb_0096_SLOT_04.png,raw/lighting_only/rgb_0096.png,SLOT_04,good,0,0.2758502960205078,0
test,lighting_only_rgb_0096_SLOT_05.png,mvtec/cabbage/test/good/lighting_only_rgb_0096_SLOT_05.png,raw/lighting_only/rgb_0096.png,SLOT_05,good,0,0.29163599014282227,0
test,lighting_only_rgb_0096_SLOT_06.png,mvtec/cabbage/test/good/lighting_only_rgb_0096_SLOT_06.png,raw/lighting_only/rgb_0096.png,SLOT_06,good,0,0.28441524505615234,0
test,lighting_only_rgb_0097_SLOT_01.png,mvtec/cabbage/test/good/lighting_only_rgb_0097_SLOT_01.png,raw/lighting_only/rgb_0097.png,SLOT_01,good,0,0.2711172103881836,0
test,lighting_only_rgb_0097_SLOT_02.png,mvtec/cabbage/test/good/lighting_only_rgb_0097_SLOT_02.png,raw/lighting_only/rgb_0097.png,SLOT_02,good,0,0.27735471725463867,0
test,lighting_only_rgb_0097_SLOT_03.png,mvtec/cabbage/test/good/lighting_only_rgb_0097_SLOT_03.png,raw/lighting_only/rgb_0097.png,SLOT_03,good,0,0.28095006942749023,0
test,lighting_only_rgb_0097_SLOT_04.png,mvtec/cabbage/test/good/lighting_only_rgb_0097_SLOT_04.png,raw/lighting_only/rgb_0097.png,SLOT_04,good,0,0.27869343757629395,0
test,lighting_only_rgb_0097_SLOT_05.png,mvtec/cabbage/test/good/lighting_only_rgb_0097_SLOT_05.png,raw/lighting_only/rgb_0097.png,SLOT_05,good,0,0.28611326217651367,0
test,lighting_only_rgb_0097_SLOT_06.png,mvtec/cabbage/test/good/lighting_only_rgb_0097_SLOT_06.png,raw/lighting_only/rgb_0097.png,SLOT_06,good,0,0.2846059799194336,0
test,lighting_only_rgb_0116_SLOT_01.png,mvtec/cabbage/test/good/lighting_only_rgb_0116_SLOT_01.png,raw/lighting_only/rgb_0116.png,SLOT_01,good,0,0.28481149673461914,0
test,lighting_only_rgb_0116_SLOT_02.png,mvtec/cabbage/test/good/lighting_only_rgb_0116_SLOT_02.png,raw/lighting_only/rgb_0116.png,SLOT_02,good,0,0.2744607925415039,0
test,lighting_only_rgb_0116_SLOT_03.png,mvtec/cabbage/test/good/lighting_only_rgb_0116_SLOT_03.png,raw/lighting_only/rgb_0116.png,SLOT_03,good,0,0.2794351577758789,0
test,lighting_only_rgb_0116_SLOT_04.png,mvtec/cabbage/test/good/lighting_only_rgb_0116_SLOT_04.png,raw/lighting_only/rgb_0116.png,SLOT_04,good,0,0.2657771110534668,0
test,lighting_only_rgb_0116_SLOT_05.png,mvtec/cabbage/test/good/lighting_only_rgb_0116_SLOT_05.png,raw/lighting_only/rgb_0116.png,SLOT_05,good,0,0.28171396255493164,0
test,lighting_only_rgb_0116_SLOT_06.png,mvtec/cabbage/test/good/lighting_only_rgb_0116_SLOT_06.png,raw/lighting_only/rgb_0116.png,SLOT_06,good,0,0.28925561904907227,0
test,lighting_only_rgb_0117_SLOT_01.png,mvtec/cabbage/test/good/lighting_only_rgb_0117_SLOT_01.png,raw/lighting_only/rgb_0117.png,SLOT_01,good,0,0.2721729278564453,0
test,lighting_only_rgb_0117_SLOT_02.png,mvtec/cabbage/test/good/lighting_only_rgb_0117_SLOT_02.png,raw/lighting_only/rgb_0117.png,SLOT_02,good,0,0.2688302993774414,0
test,lighting_only_rgb_0117_SLOT_03.png,mvtec/cabbage/test/good/lighting_only_rgb_0117_SLOT_03.png,raw/lighting_only/rgb_0117.png,SLOT_03,good,0,0.27610015869140625,0
test,lighting_only_rgb_0117_SLOT_04.png,mvtec/cabbage/test/good/lighting_only_rgb_0117_SLOT_04.png,raw/lighting_only/rgb_0117.png,SLOT_04,good,0,0.27377963066101074,0
test,lighting_only_rgb_0117_SLOT_05.png,mvtec/cabbage/test/good/lighting_only_rgb_0117_SLOT_05.png,raw/lighting_only/rgb_0117.png,SLOT_05,good,0,0.2827749252319336,0
test,lighting_only_rgb_0117_SLOT_06.png,mvtec/cabbage/test/good/lighting_only_rgb_0117_SLOT_06.png,raw/lighting_only/rgb_0117.png,SLOT_06,good,0,0.2872047424316406,0
test,lighting_only_rgb_0137_SLOT_01.png,mvtec/cabbage/test/good/lighting_only_rgb_0137_SLOT_01.png,raw/lighting_only/rgb_0137.png,SLOT_01,good,0,0.283449649810791,0
test,lighting_only_rgb_0137_SLOT_02.png,mvtec/cabbage/test/good/lighting_only_rgb_0137_SLOT_02.png,raw/lighting_only/rgb_0137.png,SLOT_02,good,0,0.2745628356933594,0
test,lighting_only_rgb_0137_SLOT_03.png,mvtec/cabbage/test/good/lighting_only_rgb_0137_SLOT_03.png,raw/lighting_only/rgb_0137.png,SLOT_03,good,0,0.26967382431030273,0
test,lighting_only_rgb_0137_SLOT_04.png,mvtec/cabbage/test/good/lighting_only_rgb_0137_SLOT_04.png,raw/lighting_only/rgb_0137.png,SLOT_04,good,0,0.2749159336090088,0
test,lighting_only_rgb_0137_SLOT_05.png,mvtec/cabbage/test/good/lighting_only_rgb_0137_SLOT_05.png,raw/lighting_only/rgb_0137.png,SLOT_05,good,0,0.2936277389526367,0
test,lighting_only_rgb_0137_SLOT_06.png,mvtec/cabbage/test/good/lighting_only_rgb_0137_SLOT_06.png,raw/lighting_only/rgb_0137.png,SLOT_06,good,0,0.2923774719238281,0
test,lighting_only_rgb_0141_SLOT_01.png,mvtec/cabbage/test/good/lighting_only_rgb_0141_SLOT_01.png,raw/lighting_only/rgb_0141.png,SLOT_01,good,0,0.27907514572143555,0
test,lighting_only_rgb_0141_SLOT_02.png,mvtec/cabbage/test/good/lighting_only_rgb_0141_SLOT_02.png,raw/lighting_only/rgb_0141.png,SLOT_02,good,0,0.272463321685791,0
test,lighting_only_rgb_0141_SLOT_03.png,mvtec/cabbage/test/good/lighting_only_rgb_0141_SLOT_03.png,raw/lighting_only/rgb_0141.png,SLOT_03,good,0,0.2682793140411377,0
test,lighting_only_rgb_0141_SLOT_04.png,mvtec/cabbage/test/good/lighting_only_rgb_0141_SLOT_04.png,raw/lighting_only/rgb_0141.png,SLOT_04,good,0,0.27411437034606934,0
test,lighting_only_rgb_0141_SLOT_05.png,mvtec/cabbage/test/good/lighting_only_rgb_0141_SLOT_05.png,raw/lighting_only/rgb_0141.png,SLOT_05,good,0,0.3036069869995117,0
test,lighting_only_rgb_0141_SLOT_06.png,mvtec/cabbage/test/good/lighting_only_rgb_0141_SLOT_06.png,raw/lighting_only/rgb_0141.png,SLOT_06,good,0,0.2898397445678711,0
test,lighting_only_rgb_0147_SLOT_01.png,mvtec/cabbage/test/good/lighting_only_rgb_0147_SLOT_01.png,raw/lighting_only/rgb_0147.png,SLOT_01,good,0,0.28803348541259766,0
test,lighting_only_rgb_0147_SLOT_02.png,mvtec/cabbage/test/good/lighting_only_rgb_0147_SLOT_02.png,raw/lighting_only/rgb_0147.png,SLOT_02,good,0,0.27567529678344727,0
test,lighting_only_rgb_0147_SLOT_03.png,mvtec/cabbage/test/good/lighting_only_rgb_0147_SLOT_03.png,raw/lighting_only/rgb_0147.png,SLOT_03,good,0,0.27358579635620117,0
test,lighting_only_rgb_0147_SLOT_04.png,mvtec/cabbage/test/good/lighting_only_rgb_0147_SLOT_04.png,raw/lighting_only/rgb_0147.png,SLOT_04,good,0,0.2727217674255371,0
test,lighting_only_rgb_0147_SLOT_05.png,mvtec/cabbage/test/good/lighting_only_rgb_0147_SLOT_05.png,raw/lighting_only/rgb_0147.png,SLOT_05,good,0,0.2952899932861328,0
test,lighting_only_rgb_0147_SLOT_06.png,mvtec/cabbage/test/good/lighting_only_rgb_0147_SLOT_06.png,raw/lighting_only/rgb_0147.png,SLOT_06,good,0,0.2919139862060547,0
test,lighting_only_rgb_0152_SLOT_01.png,mvtec/cabbage/test/good/lighting_only_rgb_0152_SLOT_01.png,raw/lighting_only/rgb_0152.png,SLOT_01,good,0,0.27979183197021484,0
test,lighting_only_rgb_0152_SLOT_02.png,mvtec/cabbage/test/good/lighting_only_rgb_0152_SLOT_02.png,raw/lighting_only/rgb_0152.png,SLOT_02,good,0,0.2800898551940918,0
test,lighting_only_rgb_0152_SLOT_03.png,mvtec/cabbage/test/good/lighting_only_rgb_0152_SLOT_03.png,raw/lighting_only/rgb_0152.png,SLOT_03,good,0,0.27892398834228516,0
test,lighting_only_rgb_0152_SLOT_04.png,mvtec/cabbage/test/good/lighting_only_rgb_0152_SLOT_04.png,raw/lighting_only/rgb_0152.png,SLOT_04,good,0,0.2693052291870117,0
test,lighting_only_rgb_0152_SLOT_05.png,mvtec/cabbage/test/good/lighting_only_rgb_0152_SLOT_05.png,raw/lighting_only/rgb_0152.png,SLOT_05,good,0,0.2914133071899414,0
test,lighting_only_rgb_0152_SLOT_06.png,mvtec/cabbage/test/good/lighting_only_rgb_0152_SLOT_06.png,raw/lighting_only/rgb_0152.png,SLOT_06,good,0,0.29225778579711914,0
test,lighting_only_rgb_0157_SLOT_01.png,mvtec/cabbage/test/good/lighting_only_rgb_0157_SLOT_01.png,raw/lighting_only/rgb_0157.png,SLOT_01,good,0,0.2728548049926758,0
test,lighting_only_rgb_0157_SLOT_02.png,mvtec/cabbage/test/good/lighting_only_rgb_0157_SLOT_02.png,raw/lighting_only/rgb_0157.png,SLOT_02,good,0,0.2720756530761719,0
test,lighting_only_rgb_0157_SLOT_03.png,mvtec/cabbage/test/good/lighting_only_rgb_0157_SLOT_03.png,raw/lighting_only/rgb_0157.png,SLOT_03,good,0,0.28380823135375977,0
test,lighting_only_rgb_0157_SLOT_04.png,mvtec/cabbage/test/good/lighting_only_rgb_0157_SLOT_04.png,raw/lighting_only/rgb_0157.png,SLOT_04,good,0,0.27767348289489746,0
test,lighting_only_rgb_0157_SLOT_05.png,mvtec/cabbage/test/good/lighting_only_rgb_0157_SLOT_05.png,raw/lighting_only/rgb_0157.png,SLOT_05,good,0,0.28763914108276367,0
test,lighting_only_rgb_0157_SLOT_06.png,mvtec/cabbage/test/good/lighting_only_rgb_0157_SLOT_06.png,raw/lighting_only/rgb_0157.png,SLOT_06,good,0,0.2981119155883789,0
test,lighting_only_rgb_0180_SLOT_01.png,mvtec/cabbage/test/good/lighting_only_rgb_0180_SLOT_01.png,raw/lighting_only/rgb_0180.png,SLOT_01,good,0,0.2665553092956543,0
test,lighting_only_rgb_0180_SLOT_02.png,mvtec/cabbage/test/good/lighting_only_rgb_0180_SLOT_02.png,raw/lighting_only/rgb_0180.png,SLOT_02,good,0,0.2758927345275879,0
test,lighting_only_rgb_0180_SLOT_03.png,mvtec/cabbage/test/good/lighting_only_rgb_0180_SLOT_03.png,raw/lighting_only/rgb_0180.png,SLOT_03,good,0,0.27312469482421875,0
test,lighting_only_rgb_0180_SLOT_04.png,mvtec/cabbage/test/good/lighting_only_rgb_0180_SLOT_04.png,raw/lighting_only/rgb_0180.png,SLOT_04,good,0,0.27570581436157227,0
test,lighting_only_rgb_0180_SLOT_05.png,mvtec/cabbage/test/good/lighting_only_rgb_0180_SLOT_05.png,raw/lighting_only/rgb_0180.png,SLOT_05,good,0,0.29024696350097656,0
test,lighting_only_rgb_0180_SLOT_06.png,mvtec/cabbage/test/good/lighting_only_rgb_0180_SLOT_06.png,raw/lighting_only/rgb_0180.png,SLOT_06,good,0,0.28873586654663086,0
test,lighting_only_rgb_0182_SLOT_01.png,mvtec/cabbage/test/good/lighting_only_rgb_0182_SLOT_01.png,raw/lighting_only/rgb_0182.png,SLOT_01,good,0,0.262723445892334,0
test,lighting_only_rgb_0182_SLOT_02.png,mvtec/cabbage/test/good/lighting_only_rgb_0182_SLOT_02.png,raw/lighting_only/rgb_0182.png,SLOT_02,good,0,0.2712531089782715,0
test,lighting_only_rgb_0182_SLOT_03.png,mvtec/cabbage/test/good/lighting_only_rgb_0182_SLOT_03.png,raw/lighting_only/rgb_0182.png,SLOT_03,good,0,0.2761530876159668,0
test,lighting_only_rgb_0182_SLOT_04.png,mvtec/cabbage/test/good/lighting_only_rgb_0182_SLOT_04.png,raw/lighting_only/rgb_0182.png,SLOT_04,good,0,0.27708888053894043,0
test,lighting_only_rgb_0182_SLOT_05.png,mvtec/cabbage/test/good/lighting_only_rgb_0182_SLOT_05.png,raw/lighting_only/rgb_0182.png,SLOT_05,good,0,0.2873077392578125,0
test,lighting_only_rgb_0182_SLOT_06.png,mvtec/cabbage/test/good/lighting_only_rgb_0182_SLOT_06.png,raw/lighting_only/rgb_0182.png,SLOT_06,good,0,0.2865104675292969,0
test,lighting_only_rgb_0190_SLOT_01.png,mvtec/cabbage/test/good/lighting_only_rgb_0190_SLOT_01.png,raw/lighting_only/rgb_0190.png,SLOT_01,good,0,0.2678866386413574,0
test,lighting_only_rgb_0190_SLOT_02.png,mvtec/cabbage/test/good/lighting_only_rgb_0190_SLOT_02.png,raw/lighting_only/rgb_0190.png,SLOT_02,good,0,0.2798805236816406,0
test,lighting_only_rgb_0190_SLOT_03.png,mvtec/cabbage/test/good/lighting_only_rgb_0190_SLOT_03.png,raw/lighting_only/rgb_0190.png,SLOT_03,good,0,0.27962732315063477,0
test,lighting_only_rgb_0190_SLOT_04.png,mvtec/cabbage/test/good/lighting_only_rgb_0190_SLOT_04.png,raw/lighting_only/rgb_0190.png,SLOT_04,good,0,0.2656745910644531,0
test,lighting_only_rgb_0190_SLOT_05.png,mvtec/cabbage/test/good/lighting_only_rgb_0190_SLOT_05.png,raw/lighting_only/rgb_0190.png,SLOT_05,good,0,0.2950291633605957,0
test,lighting_only_rgb_0190_SLOT_06.png,mvtec/cabbage/test/good/lighting_only_rgb_0190_SLOT_06.png,raw/lighting_only/rgb_0190.png,SLOT_06,good,0,0.2844095230102539,0
test,lighting_only_rgb_0199_SLOT_01.png,mvtec/cabbage/test/good/lighting_only_rgb_0199_SLOT_01.png,raw/lighting_only/rgb_0199.png,SLOT_01,good,0,0.2648811340332031,0
test,lighting_only_rgb_0199_SLOT_02.png,mvtec/cabbage/test/good/lighting_only_rgb_0199_SLOT_02.png,raw/lighting_only/rgb_0199.png,SLOT_02,good,0,0.27129507064819336,0
test,lighting_only_rgb_0199_SLOT_03.png,mvtec/cabbage/test/good/lighting_only_rgb_0199_SLOT_03.png,raw/lighting_only/rgb_0199.png,SLOT_03,good,0,0.2838764190673828,0
test,lighting_only_rgb_0199_SLOT_04.png,mvtec/cabbage/test/good/lighting_only_rgb_0199_SLOT_04.png,raw/lighting_only/rgb_0199.png,SLOT_04,good,0,0.27875471115112305,0
test,lighting_only_rgb_0199_SLOT_05.png,mvtec/cabbage/test/good/lighting_only_rgb_0199_SLOT_05.png,raw/lighting_only/rgb_0199.png,SLOT_05,good,0,0.29510068893432617,0
test,lighting_only_rgb_0199_SLOT_06.png,mvtec/cabbage/test/good/lighting_only_rgb_0199_SLOT_06.png,raw/lighting_only/rgb_0199.png,SLOT_06,good,0,0.28129100799560547,0
test,prim_rotation_rgb_0025_SLOT_01.png,mvtec/cabbage/test/good/prim_rotation_rgb_0025_SLOT_01.png,raw/prim_rotation/rgb_0025.png,SLOT_01,good,0,0.25818777084350586,0
test,prim_rotation_rgb_0025_SLOT_02.png,mvtec/cabbage/test/good/prim_rotation_rgb_0025_SLOT_02.png,raw/prim_rotation/rgb_0025.png,SLOT_02,good,0,0.29059886932373047,0
test,prim_rotation_rgb_0025_SLOT_03.png,mvtec/cabbage/test/good/prim_rotation_rgb_0025_SLOT_03.png,raw/prim_rotation/rgb_0025.png,SLOT_03,good,0,0.25673389434814453,0
test,prim_rotation_rgb_0025_SLOT_04.png,mvtec/cabbage/test/good/prim_rotation_rgb_0025_SLOT_04.png,raw/prim_rotation/rgb_0025.png,SLOT_04,good,0,0.2506065368652344,0
test,prim_rotation_rgb_0025_SLOT_05.png,mvtec/cabbage/test/good/prim_rotation_rgb_0025_SLOT_05.png,raw/prim_rotation/rgb_0025.png,SLOT_05,good,0,0.2760486602783203,0
test,prim_rotation_rgb_0025_SLOT_06.png,mvtec/cabbage/test/good/prim_rotation_rgb_0025_SLOT_06.png,raw/prim_rotation/rgb_0025.png,SLOT_06,good,0,0.2812538146972656,0
test,prim_rotation_rgb_0027_SLOT_01.png,mvtec/cabbage/test/good/prim_rotation_rgb_0027_SLOT_01.png,raw/prim_rotation/rgb_0027.png,SLOT_01,good,0,0.24554109573364258,0
test,prim_rotation_rgb_0027_SLOT_02.png,mvtec/cabbage/test/good/prim_rotation_rgb_0027_SLOT_02.png,raw/prim_rotation/rgb_0027.png,SLOT_02,good,0,0.3005199432373047,0
test,prim_rotation_rgb_0027_SLOT_03.png,mvtec/cabbage/test/good/prim_rotation_rgb_0027_SLOT_03.png,raw/prim_rotation/rgb_0027.png,SLOT_03,good,0,0.26801109313964844,0
test,prim_rotation_rgb_0027_SLOT_04.png,mvtec/cabbage/test/good/prim_rotation_rgb_0027_SLOT_04.png,raw/prim_rotation/rgb_0027.png,SLOT_04,good,0,0.2708573341369629,0
test,prim_rotation_rgb_0027_SLOT_05.png,mvtec/cabbage/test/good/prim_rotation_rgb_0027_SLOT_05.png,raw/prim_rotation/rgb_0027.png,SLOT_05,good,0,0.2702672481536865,0
test,prim_rotation_rgb_0027_SLOT_06.png,mvtec/cabbage/test/good/prim_rotation_rgb_0027_SLOT_06.png,raw/prim_rotation/rgb_0027.png,SLOT_06,good,0,0.29050254821777344,0
test,prim_rotation_rgb_0039_SLOT_01.png,mvtec/cabbage/test/good/prim_rotation_rgb_0039_SLOT_01.png,raw/prim_rotation/rgb_0039.png,SLOT_01,good,0,0.24506783485412598,0
test,prim_rotation_rgb_0039_SLOT_02.png,mvtec/cabbage/test/good/prim_rotation_rgb_0039_SLOT_02.png,raw/prim_rotation/rgb_0039.png,SLOT_02,good,0,0.3036985397338867,0
test,prim_rotation_rgb_0039_SLOT_03.png,mvtec/cabbage/test/good/prim_rotation_rgb_0039_SLOT_03.png,raw/prim_rotation/rgb_0039.png,SLOT_03,good,0,0.26944780349731445,0
test,prim_rotation_rgb_0039_SLOT_04.png,mvtec/cabbage/test/good/prim_rotation_rgb_0039_SLOT_04.png,raw/prim_rotation/rgb_0039.png,SLOT_04,good,0,0.26593875885009766,0
test,prim_rotation_rgb_0039_SLOT_05.png,mvtec/cabbage/test/good/prim_rotation_rgb_0039_SLOT_05.png,raw/prim_rotation/rgb_0039.png,SLOT_05,good,0,0.33321428298950195,1
test,prim_rotation_rgb_0039_SLOT_06.png,mvtec/cabbage/test/good/prim_rotation_rgb_0039_SLOT_06.png,raw/prim_rotation/rgb_0039.png,SLOT_06,good,0,0.2936725616455078,0
test,prim_rotation_rgb_0047_SLOT_01.png,mvtec/cabbage/test/good/prim_rotation_rgb_0047_SLOT_01.png,raw/prim_rotation/rgb_0047.png,SLOT_01,good,0,0.29604148864746094,0
test,prim_rotation_rgb_0047_SLOT_02.png,mvtec/cabbage/test/good/prim_rotation_rgb_0047_SLOT_02.png,raw/prim_rotation/rgb_0047.png,SLOT_02,good,0,0.27550458908081055,0
test,prim_rotation_rgb_0047_SLOT_03.png,mvtec/cabbage/test/good/prim_rotation_rgb_0047_SLOT_03.png,raw/prim_rotation/rgb_0047.png,SLOT_03,good,0,0.30206966400146484,0
test,prim_rotation_rgb_0047_SLOT_04.png,mvtec/cabbage/test/good/prim_rotation_rgb_0047_SLOT_04.png,raw/prim_rotation/rgb_0047.png,SLOT_04,good,0,0.25344252586364746,0
test,prim_rotation_rgb_0047_SLOT_05.png,mvtec/cabbage/test/good/prim_rotation_rgb_0047_SLOT_05.png,raw/prim_rotation/rgb_0047.png,SLOT_05,good,0,0.27636051177978516,0
test,prim_rotation_rgb_0047_SLOT_06.png,mvtec/cabbage/test/good/prim_rotation_rgb_0047_SLOT_06.png,raw/prim_rotation/rgb_0047.png,SLOT_06,good,0,0.291825532913208,0
test,prim_rotation_rgb_0051_SLOT_01.png,mvtec/cabbage/test/good/prim_rotation_rgb_0051_SLOT_01.png,raw/prim_rotation/rgb_0051.png,SLOT_01,good,0,0.29380321502685547,0
test,prim_rotation_rgb_0051_SLOT_02.png,mvtec/cabbage/test/good/prim_rotation_rgb_0051_SLOT_02.png,raw/prim_rotation/rgb_0051.png,SLOT_02,good,0,0.27785491943359375,0
test,prim_rotation_rgb_0051_SLOT_03.png,mvtec/cabbage/test/good/prim_rotation_rgb_0051_SLOT_03.png,raw/prim_rotation/rgb_0051.png,SLOT_03,good,0,0.267240047454834,0
test,prim_rotation_rgb_0051_SLOT_04.png,mvtec/cabbage/test/good/prim_rotation_rgb_0051_SLOT_04.png,raw/prim_rotation/rgb_0051.png,SLOT_04,good,0,0.30096912384033203,0
test,prim_rotation_rgb_0051_SLOT_05.png,mvtec/cabbage/test/good/prim_rotation_rgb_0051_SLOT_05.png,raw/prim_rotation/rgb_0051.png,SLOT_05,good,0,0.2658517360687256,0
test,prim_rotation_rgb_0051_SLOT_06.png,mvtec/cabbage/test/good/prim_rotation_rgb_0051_SLOT_06.png,raw/prim_rotation/rgb_0051.png,SLOT_06,good,0,0.28469789028167725,0
test,prim_rotation_rgb_0056_SLOT_01.png,mvtec/cabbage/test/good/prim_rotation_rgb_0056_SLOT_01.png,raw/prim_rotation/rgb_0056.png,SLOT_01,good,0,0.2737002372741699,0
test,prim_rotation_rgb_0056_SLOT_02.png,mvtec/cabbage/test/good/prim_rotation_rgb_0056_SLOT_02.png,raw/prim_rotation/rgb_0056.png,SLOT_02,good,0,0.24080848693847656,0
test,prim_rotation_rgb_0056_SLOT_03.png,mvtec/cabbage/test/good/prim_rotation_rgb_0056_SLOT_03.png,raw/prim_rotation/rgb_0056.png,SLOT_03,good,0,0.2828521728515625,0
test,prim_rotation_rgb_0056_SLOT_04.png,mvtec/cabbage/test/good/prim_rotation_rgb_0056_SLOT_04.png,raw/prim_rotation/rgb_0056.png,SLOT_04,good,0,0.2613334655761719,0
test,prim_rotation_rgb_0056_SLOT_05.png,mvtec/cabbage/test/good/prim_rotation_rgb_0056_SLOT_05.png,raw/prim_rotation/rgb_0056.png,SLOT_05,good,0,0.2587308883666992,0
test,prim_rotation_rgb_0056_SLOT_06.png,mvtec/cabbage/test/good/prim_rotation_rgb_0056_SLOT_06.png,raw/prim_rotation/rgb_0056.png,SLOT_06,good,0,0.27195024490356445,0
test,prim_rotation_rgb_0057_SLOT_01.png,mvtec/cabbage/test/good/prim_rotation_rgb_0057_SLOT_01.png,raw/prim_rotation/rgb_0057.png,SLOT_01,good,0,0.2664213180541992,0
test,prim_rotation_rgb_0057_SLOT_02.png,mvtec/cabbage/test/good/prim_rotation_rgb_0057_SLOT_02.png,raw/prim_rotation/rgb_0057.png,SLOT_02,good,0,0.23305225372314453,0
test,prim_rotation_rgb_0057_SLOT_03.png,mvtec/cabbage/test/good/prim_rotation_rgb_0057_SLOT_03.png,raw/prim_rotation/rgb_0057.png,SLOT_03,good,0,0.28192615509033203,0
test,prim_rotation_rgb_0057_SLOT_04.png,mvtec/cabbage/test/good/prim_rotation_rgb_0057_SLOT_04.png,raw/prim_rotation/rgb_0057.png,SLOT_04,good,0,0.26385021209716797,0
test,prim_rotation_rgb_0057_SLOT_05.png,mvtec/cabbage/test/good/prim_rotation_rgb_0057_SLOT_05.png,raw/prim_rotation/rgb_0057.png,SLOT_05,good,0,0.2700495719909668,0
test,prim_rotation_rgb_0057_SLOT_06.png,mvtec/cabbage/test/good/prim_rotation_rgb_0057_SLOT_06.png,raw/prim_rotation/rgb_0057.png,SLOT_06,good,0,0.26662683486938477,0
test,prim_rotation_rgb_0066_SLOT_01.png,mvtec/cabbage/test/good/prim_rotation_rgb_0066_SLOT_01.png,raw/prim_rotation/rgb_0066.png,SLOT_01,good,0,0.26734161376953125,0
test,prim_rotation_rgb_0066_SLOT_02.png,mvtec/cabbage/test/good/prim_rotation_rgb_0066_SLOT_02.png,raw/prim_rotation/rgb_0066.png,SLOT_02,good,0,0.27583932876586914,0
test,prim_rotation_rgb_0066_SLOT_03.png,mvtec/cabbage/test/good/prim_rotation_rgb_0066_SLOT_03.png,raw/prim_rotation/rgb_0066.png,SLOT_03,good,0,0.307034969329834,0
test,prim_rotation_rgb_0066_SLOT_04.png,mvtec/cabbage/test/good/prim_rotation_rgb_0066_SLOT_04.png,raw/prim_rotation/rgb_0066.png,SLOT_04,good,0,0.27531862258911133,0
test,prim_rotation_rgb_0066_SLOT_05.png,mvtec/cabbage/test/good/prim_rotation_rgb_0066_SLOT_05.png,raw/prim_rotation/rgb_0066.png,SLOT_05,good,0,0.27274608612060547,0
test,prim_rotation_rgb_0066_SLOT_06.png,mvtec/cabbage/test/good/prim_rotation_rgb_0066_SLOT_06.png,raw/prim_rotation/rgb_0066.png,SLOT_06,good,0,0.2455301284790039,0
test,prim_rotation_rgb_0069_SLOT_01.png,mvtec/cabbage/test/good/prim_rotation_rgb_0069_SLOT_01.png,raw/prim_rotation/rgb_0069.png,SLOT_01,good,0,0.292386531829834,0
test,prim_rotation_rgb_0069_SLOT_02.png,mvtec/cabbage/test/good/prim_rotation_rgb_0069_SLOT_02.png,raw/prim_rotation/rgb_0069.png,SLOT_02,good,0,0.2546072006225586,0
test,prim_rotation_rgb_0069_SLOT_03.png,mvtec/cabbage/test/good/prim_rotation_rgb_0069_SLOT_03.png,raw/prim_rotation/rgb_0069.png,SLOT_03,good,0,0.3137016296386719,0
test,prim_rotation_rgb_0069_SLOT_04.png,mvtec/cabbage/test/good/prim_rotation_rgb_0069_SLOT_04.png,raw/prim_rotation/rgb_0069.png,SLOT_04,good,0,0.27400922775268555,0
test,prim_rotation_rgb_0069_SLOT_05.png,mvtec/cabbage/test/good/prim_rotation_rgb_0069_SLOT_05.png,raw/prim_rotation/rgb_0069.png,SLOT_05,good,0,0.27495574951171875,0
test,prim_rotation_rgb_0069_SLOT_06.png,mvtec/cabbage/test/good/prim_rotation_rgb_0069_SLOT_06.png,raw/prim_rotation/rgb_0069.png,SLOT_06,good,0,0.2777748107910156,0
test,prim_rotation_rgb_0083_SLOT_01.png,mvtec/cabbage/test/good/prim_rotation_rgb_0083_SLOT_01.png,raw/prim_rotation/rgb_0083.png,SLOT_01,good,0,0.29854297637939453,0
test,prim_rotation_rgb_0083_SLOT_02.png,mvtec/cabbage/test/good/prim_rotation_rgb_0083_SLOT_02.png,raw/prim_rotation/rgb_0083.png,SLOT_02,good,0,0.28638410568237305,0
test,prim_rotation_rgb_0083_SLOT_03.png,mvtec/cabbage/test/good/prim_rotation_rgb_0083_SLOT_03.png,raw/prim_rotation/rgb_0083.png,SLOT_03,good,0,0.2451012134552002,0
test,prim_rotation_rgb_0083_SLOT_04.png,mvtec/cabbage/test/good/prim_rotation_rgb_0083_SLOT_04.png,raw/prim_rotation/rgb_0083.png,SLOT_04,good,0,0.29180383682250977,0
test,prim_rotation_rgb_0083_SLOT_05.png,mvtec/cabbage/test/good/prim_rotation_rgb_0083_SLOT_05.png,raw/prim_rotation/rgb_0083.png,SLOT_05,good,0,0.26297760009765625,0
test,prim_rotation_rgb_0083_SLOT_06.png,mvtec/cabbage/test/good/prim_rotation_rgb_0083_SLOT_06.png,raw/prim_rotation/rgb_0083.png,SLOT_06,good,0,0.26656150817871094,0
test,prim_rotation_rgb_0085_SLOT_01.png,mvtec/cabbage/test/good/prim_rotation_rgb_0085_SLOT_01.png,raw/prim_rotation/rgb_0085.png,SLOT_01,good,0,0.26869821548461914,0
test,prim_rotation_rgb_0085_SLOT_02.png,mvtec/cabbage/test/good/prim_rotation_rgb_0085_SLOT_02.png,raw/prim_rotation/rgb_0085.png,SLOT_02,good,0,0.2599203586578369,0
test,prim_rotation_rgb_0085_SLOT_03.png,mvtec/cabbage/test/good/prim_rotation_rgb_0085_SLOT_03.png,raw/prim_rotation/rgb_0085.png,SLOT_03,good,0,0.24791407585144043,0
test,prim_rotation_rgb_0085_SLOT_04.png,mvtec/cabbage/test/good/prim_rotation_rgb_0085_SLOT_04.png,raw/prim_rotation/rgb_0085.png,SLOT_04,good,0,0.26987600326538086,0
test,prim_rotation_rgb_0085_SLOT_05.png,mvtec/cabbage/test/good/prim_rotation_rgb_0085_SLOT_05.png,raw/prim_rotation/rgb_0085.png,SLOT_05,good,0,0.2572212219238281,0
test,prim_rotation_rgb_0085_SLOT_06.png,mvtec/cabbage/test/good/prim_rotation_rgb_0085_SLOT_06.png,raw/prim_rotation/rgb_0085.png,SLOT_06,good,0,0.27569055557250977,0
test,prim_rotation_rgb_0088_SLOT_01.png,mvtec/cabbage/test/good/prim_rotation_rgb_0088_SLOT_01.png,raw/prim_rotation/rgb_0088.png,SLOT_01,good,0,0.2590904235839844,0
test,prim_rotation_rgb_0088_SLOT_02.png,mvtec/cabbage/test/good/prim_rotation_rgb_0088_SLOT_02.png,raw/prim_rotation/rgb_0088.png,SLOT_02,good,0,0.24931693077087402,0
test,prim_rotation_rgb_0088_SLOT_03.png,mvtec/cabbage/test/good/prim_rotation_rgb_0088_SLOT_03.png,raw/prim_rotation/rgb_0088.png,SLOT_03,good,0,0.24973106384277344,0
test,prim_rotation_rgb_0088_SLOT_04.png,mvtec/cabbage/test/good/prim_rotation_rgb_0088_SLOT_04.png,raw/prim_rotation/rgb_0088.png,SLOT_04,good,0,0.26285648345947266,0
test,prim_rotation_rgb_0088_SLOT_05.png,mvtec/cabbage/test/good/prim_rotation_rgb_0088_SLOT_05.png,raw/prim_rotation/rgb_0088.png,SLOT_05,good,0,0.25598859786987305,0
test,prim_rotation_rgb_0088_SLOT_06.png,mvtec/cabbage/test/good/prim_rotation_rgb_0088_SLOT_06.png,raw/prim_rotation/rgb_0088.png,SLOT_06,good,0,0.2822103500366211,0
test,prim_rotation_rgb_0091_SLOT_01.png,mvtec/cabbage/test/good/prim_rotation_rgb_0091_SLOT_01.png,raw/prim_rotation/rgb_0091.png,SLOT_01,good,0,0.2645759582519531,0
test,prim_rotation_rgb_0091_SLOT_02.png,mvtec/cabbage/test/good/prim_rotation_rgb_0091_SLOT_02.png,raw/prim_rotation/rgb_0091.png,SLOT_02,good,0,0.26662492752075195,0
test,prim_rotation_rgb_0091_SLOT_03.png,mvtec/cabbage/test/good/prim_rotation_rgb_0091_SLOT_03.png,raw/prim_rotation/rgb_0091.png,SLOT_03,good,0,0.2571239471435547,0
test,prim_rotation_rgb_0091_SLOT_04.png,mvtec/cabbage/test/good/prim_rotation_rgb_0091_SLOT_04.png,raw/prim_rotation/rgb_0091.png,SLOT_04,good,0,0.2617335319519043,0
test,prim_rotation_rgb_0091_SLOT_05.png,mvtec/cabbage/test/good/prim_rotation_rgb_0091_SLOT_05.png,raw/prim_rotation/rgb_0091.png,SLOT_05,good,0,0.2736797332763672,0
test,prim_rotation_rgb_0091_SLOT_06.png,mvtec/cabbage/test/good/prim_rotation_rgb_0091_SLOT_06.png,raw/prim_rotation/rgb_0091.png,SLOT_06,good,0,0.28061819076538086,0
test,prim_rotation_rgb_0093_SLOT_01.png,mvtec/cabbage/test/good/prim_rotation_rgb_0093_SLOT_01.png,raw/prim_rotation/rgb_0093.png,SLOT_01,good,0,0.26729488372802734,0
test,prim_rotation_rgb_0093_SLOT_02.png,mvtec/cabbage/test/good/prim_rotation_rgb_0093_SLOT_02.png,raw/prim_rotation/rgb_0093.png,SLOT_02,good,0,0.2637898921966553,0
test,prim_rotation_rgb_0093_SLOT_03.png,mvtec/cabbage/test/good/prim_rotation_rgb_0093_SLOT_03.png,raw/prim_rotation/rgb_0093.png,SLOT_03,good,0,0.25353336334228516,0
test,prim_rotation_rgb_0093_SLOT_04.png,mvtec/cabbage/test/good/prim_rotation_rgb_0093_SLOT_04.png,raw/prim_rotation/rgb_0093.png,SLOT_04,good,0,0.2732200622558594,0
test,prim_rotation_rgb_0093_SLOT_05.png,mvtec/cabbage/test/good/prim_rotation_rgb_0093_SLOT_05.png,raw/prim_rotation/rgb_0093.png,SLOT_05,good,0,0.2719430923461914,0
test,prim_rotation_rgb_0093_SLOT_06.png,mvtec/cabbage/test/good/prim_rotation_rgb_0093_SLOT_06.png,raw/prim_rotation/rgb_0093.png,SLOT_06,good,0,0.2726707458496094,0
test,prim_rotation_rgb_0096_SLOT_01.png,mvtec/cabbage/test/good/prim_rotation_rgb_0096_SLOT_01.png,raw/prim_rotation/rgb_0096.png,SLOT_01,good,0,0.2633342742919922,0
test,prim_rotation_rgb_0096_SLOT_02.png,mvtec/cabbage/test/good/prim_rotation_rgb_0096_SLOT_02.png,raw/prim_rotation/rgb_0096.png,SLOT_02,good,0,0.26106977462768555,0
test,prim_rotation_rgb_0096_SLOT_03.png,mvtec/cabbage/test/good/prim_rotation_rgb_0096_SLOT_03.png,raw/prim_rotation/rgb_0096.png,SLOT_03,good,0,0.25477075576782227,0
test,prim_rotation_rgb_0096_SLOT_04.png,mvtec/cabbage/test/good/prim_rotation_rgb_0096_SLOT_04.png,raw/prim_rotation/rgb_0096.png,SLOT_04,good,0,0.2651405334472656,0
test,prim_rotation_rgb_0096_SLOT_05.png,mvtec/cabbage/test/good/prim_rotation_rgb_0096_SLOT_05.png,raw/prim_rotation/rgb_0096.png,SLOT_05,good,0,0.2811884880065918,0
test,prim_rotation_rgb_0096_SLOT_06.png,mvtec/cabbage/test/good/prim_rotation_rgb_0096_SLOT_06.png,raw/prim_rotation/rgb_0096.png,SLOT_06,good,0,0.2719593048095703,0
test,synthetic_defect_rgb_0003_SLOT_03.png,mvtec/cabbage/test/yellow/synthetic_defect_rgb_0003_SLOT_03.png,raw/synthetic_defect/rgb_0003.png,SLOT_03,yellow,1,0.3506150245666504,1
test,synthetic_defect_rgb_0003_SLOT_04.png,mvtec/cabbage/test/yellow/synthetic_defect_rgb_0003_SLOT_04.png,raw/synthetic_defect/rgb_0003.png,SLOT_04,yellow,1,0.35216236114501953,1
test,synthetic_defect_rgb_0005_SLOT_03.png,mvtec/cabbage/test/yellow/synthetic_defect_rgb_0005_SLOT_03.png,raw/synthetic_defect/rgb_0005.png,SLOT_03,yellow,1,0.33878517150878906,1
test,synthetic_defect_rgb_0005_SLOT_04.png,mvtec/cabbage/test/yellow/synthetic_defect_rgb_0005_SLOT_04.png,raw/synthetic_defect/rgb_0005.png,SLOT_04,yellow,1,0.3206768035888672,0
test,synthetic_defect_rgb_0009_SLOT_03.png,mvtec/cabbage/test/yellow/synthetic_defect_rgb_0009_SLOT_03.png,raw/synthetic_defect/rgb_0009.png,SLOT_03,yellow,1,0.3322410583496094,1
test,synthetic_defect_rgb_0009_SLOT_04.png,mvtec/cabbage/test/yellow/synthetic_defect_rgb_0009_SLOT_04.png,raw/synthetic_defect/rgb_0009.png,SLOT_04,yellow,1,0.3506937026977539,1
test,synthetic_defect_rgb_0012_SLOT_03.png,mvtec/cabbage/test/yellow/synthetic_defect_rgb_0012_SLOT_03.png,raw/synthetic_defect/rgb_0012.png,SLOT_03,yellow,1,0.3539247512817383,1
test,synthetic_defect_rgb_0012_SLOT_04.png,mvtec/cabbage/test/yellow/synthetic_defect_rgb_0012_SLOT_04.png,raw/synthetic_defect/rgb_0012.png,SLOT_04,yellow,1,0.36606359481811523,1
test,synthetic_defect_rgb_0013_SLOT_03.png,mvtec/cabbage/test/yellow/synthetic_defect_rgb_0013_SLOT_03.png,raw/synthetic_defect/rgb_0013.png,SLOT_03,yellow,1,0.3588557243347168,1
test,synthetic_defect_rgb_0013_SLOT_04.png,mvtec/cabbage/test/yellow/synthetic_defect_rgb_0013_SLOT_04.png,raw/synthetic_defect/rgb_0013.png,SLOT_04,yellow,1,0.36449670791625977,1
test,synthetic_defect_rgb_0015_SLOT_03.png,mvtec/cabbage/test/yellow/synthetic_defect_rgb_0015_SLOT_03.png,raw/synthetic_defect/rgb_0015.png,SLOT_03,yellow,1,0.35952091217041016,1
test,synthetic_defect_rgb_0015_SLOT_04.png,mvtec/cabbage/test/yellow/synthetic_defect_rgb_0015_SLOT_04.png,raw/synthetic_defect/rgb_0015.png,SLOT_04,yellow,1,0.3522825241088867,1
test,synthetic_defect_rgb_0016_SLOT_03.png,mvtec/cabbage/test/yellow/synthetic_defect_rgb_0016_SLOT_03.png,raw/synthetic_defect/rgb_0016.png,SLOT_03,yellow,1,0.3557453155517578,1
test,synthetic_defect_rgb_0016_SLOT_04.png,mvtec/cabbage/test/yellow/synthetic_defect_rgb_0016_SLOT_04.png,raw/synthetic_defect/rgb_0016.png,SLOT_04,yellow,1,0.34630298614501953,1
test,synthetic_defect_rgb_0018_SLOT_03.png,mvtec/cabbage/test/yellow/synthetic_defect_rgb_0018_SLOT_03.png,raw/synthetic_defect/rgb_0018.png,SLOT_03,yellow,1,0.35449695587158203,1
test,synthetic_defect_rgb_0018_SLOT_04.png,mvtec/cabbage/test/yellow/synthetic_defect_rgb_0018_SLOT_04.png,raw/synthetic_defect/rgb_0018.png,SLOT_04,yellow,1,0.3532896041870117,1
test,synthetic_defect_rgb_0020_SLOT_03.png,mvtec/cabbage/test/yellow/synthetic_defect_rgb_0020_SLOT_03.png,raw/synthetic_defect/rgb_0020.png,SLOT_03,yellow,1,0.34615468978881836,1
test,synthetic_defect_rgb_0020_SLOT_04.png,mvtec/cabbage/test/yellow/synthetic_defect_rgb_0020_SLOT_04.png,raw/synthetic_defect/rgb_0020.png,SLOT_04,yellow,1,0.35068225860595703,1
test,synthetic_defect_rgb_0024_SLOT_03.png,mvtec/cabbage/test/yellow/synthetic_defect_rgb_0024_SLOT_03.png,raw/synthetic_defect/rgb_0024.png,SLOT_03,yellow,1,0.35684967041015625,1
test,synthetic_defect_rgb_0024_SLOT_04.png,mvtec/cabbage/test/yellow/synthetic_defect_rgb_0024_SLOT_04.png,raw/synthetic_defect/rgb_0024.png,SLOT_04,yellow,1,0.34616518020629883,1
test,synthetic_defect_rgb_0027_SLOT_03.png,mvtec/cabbage/test/yellow/synthetic_defect_rgb_0027_SLOT_03.png,raw/synthetic_defect/rgb_0027.png,SLOT_03,yellow,1,0.3616971969604492,1
test,synthetic_defect_rgb_0027_SLOT_04.png,mvtec/cabbage/test/yellow/synthetic_defect_rgb_0027_SLOT_04.png,raw/synthetic_defect/rgb_0027.png,SLOT_04,yellow,1,0.35138368606567383,1
test,synthetic_defect_rgb_0028_SLOT_03.png,mvtec/cabbage/test/yellow/synthetic_defect_rgb_0028_SLOT_03.png,raw/synthetic_defect/rgb_0028.png,SLOT_03,yellow,1,0.3654336929321289,1
test,synthetic_defect_rgb_0028_SLOT_04.png,mvtec/cabbage/test/yellow/synthetic_defect_rgb_0028_SLOT_04.png,raw/synthetic_defect/rgb_0028.png,SLOT_04,yellow,1,0.3673081398010254,1
test,synthetic_defect_rgb_0029_SLOT_03.png,mvtec/cabbage/test/yellow/synthetic_defect_rgb_0029_SLOT_03.png,raw/synthetic_defect/rgb_0029.png,SLOT_03,yellow,1,0.37419986724853516,1
test,synthetic_defect_rgb_0029_SLOT_04.png,mvtec/cabbage/test/yellow/synthetic_defect_rgb_0029_SLOT_04.png,raw/synthetic_defect/rgb_0029.png,SLOT_04,yellow,1,0.36585521697998047,1
test,synthetic_defect_rgb_0031_SLOT_03.png,mvtec/cabbage/test/yellow/synthetic_defect_rgb_0031_SLOT_03.png,raw/synthetic_defect/rgb_0031.png,SLOT_03,yellow,1,0.38099002838134766,1
test,synthetic_defect_rgb_0031_SLOT_04.png,mvtec/cabbage/test/yellow/synthetic_defect_rgb_0031_SLOT_04.png,raw/synthetic_defect/rgb_0031.png,SLOT_04,yellow,1,0.3630695343017578,1
test,synthetic_defect_rgb_0032_SLOT_03.png,mvtec/cabbage/test/yellow/synthetic_defect_rgb_0032_SLOT_03.png,raw/synthetic_defect/rgb_0032.png,SLOT_03,yellow,1,0.383209228515625,1
test,synthetic_defect_rgb_0032_SLOT_04.png,mvtec/cabbage/test/yellow/synthetic_defect_rgb_0032_SLOT_04.png,raw/synthetic_defect/rgb_0032.png,SLOT_04,yellow,1,0.36163902282714844,1
test,synthetic_defect_rgb_0034_SLOT_03.png,mvtec/cabbage/test/yellow/synthetic_defect_rgb_0034_SLOT_03.png,raw/synthetic_defect/rgb_0034.png,SLOT_03,yellow,1,0.3708772659301758,1
test,synthetic_defect_rgb_0034_SLOT_04.png,mvtec/cabbage/test/yellow/synthetic_defect_rgb_0034_SLOT_04.png,raw/synthetic_defect/rgb_0034.png,SLOT_04,yellow,1,0.3748016357421875,1
test,synthetic_defect_rgb_0035_SLOT_03.png,mvtec/cabbage/test/yellow/synthetic_defect_rgb_0035_SLOT_03.png,raw/synthetic_defect/rgb_0035.png,SLOT_03,yellow,1,0.35590648651123047,1
test,synthetic_defect_rgb_0035_SLOT_04.png,mvtec/cabbage/test/yellow/synthetic_defect_rgb_0035_SLOT_04.png,raw/synthetic_defect/rgb_0035.png,SLOT_04,yellow,1,0.3757929801940918,1
test,synthetic_defect_rgb_0036_SLOT_03.png,mvtec/cabbage/test/yellow/synthetic_defect_rgb_0036_SLOT_03.png,raw/synthetic_defect/rgb_0036.png,SLOT_03,yellow,1,0.35452938079833984,1
test,synthetic_defect_rgb_0036_SLOT_04.png,mvtec/cabbage/test/yellow/synthetic_defect_rgb_0036_SLOT_04.png,raw/synthetic_defect/rgb_0036.png,SLOT_04,yellow,1,0.37990379333496094,1
test,synthetic_defect_rgb_0038_SLOT_03.png,mvtec/cabbage/test/yellow/synthetic_defect_rgb_0038_SLOT_03.png,raw/synthetic_defect/rgb_0038.png,SLOT_03,yellow,1,0.35314178466796875,1
test,synthetic_defect_rgb_0038_SLOT_04.png,mvtec/cabbage/test/yellow/synthetic_defect_rgb_0038_SLOT_04.png,raw/synthetic_defect/rgb_0038.png,SLOT_04,yellow,1,0.38056135177612305,1
test,synthetic_defect_rgb_0042_SLOT_03.png,mvtec/cabbage/test/yellow/synthetic_defect_rgb_0042_SLOT_03.png,raw/synthetic_defect/rgb_0042.png,SLOT_03,yellow,1,0.36510562896728516,1
test,synthetic_defect_rgb_0042_SLOT_04.png,mvtec/cabbage/test/yellow/synthetic_defect_rgb_0042_SLOT_04.png,raw/synthetic_defect/rgb_0042.png,SLOT_04,yellow,1,0.3902888298034668,1
test,synthetic_defect_rgb_0043_SLOT_03.png,mvtec/cabbage/test/yellow/synthetic_defect_rgb_0043_SLOT_03.png,raw/synthetic_defect/rgb_0043.png,SLOT_03,yellow,1,0.36224985122680664,1
test,synthetic_defect_rgb_0043_SLOT_04.png,mvtec/cabbage/test/yellow/synthetic_defect_rgb_0043_SLOT_04.png,raw/synthetic_defect/rgb_0043.png,SLOT_04,yellow,1,0.38242387771606445,1
test,synthetic_defect_rgb_0044_SLOT_03.png,mvtec/cabbage/test/yellow/synthetic_defect_rgb_0044_SLOT_03.png,raw/synthetic_defect/rgb_0044.png,SLOT_03,yellow,1,0.3592872619628906,1
test,synthetic_defect_rgb_0044_SLOT_04.png,mvtec/cabbage/test/yellow/synthetic_defect_rgb_0044_SLOT_04.png,raw/synthetic_defect/rgb_0044.png,SLOT_04,yellow,1,0.37061023712158203,1
test,synthetic_defect_rgb_0045_SLOT_03.png,mvtec/cabbage/test/yellow/synthetic_defect_rgb_0045_SLOT_03.png,raw/synthetic_defect/rgb_0045.png,SLOT_03,yellow,1,0.35654258728027344,1
test,synthetic_defect_rgb_0045_SLOT_04.png,mvtec/cabbage/test/yellow/synthetic_defect_rgb_0045_SLOT_04.png,raw/synthetic_defect/rgb_0045.png,SLOT_04,yellow,1,0.36686086654663086,1
test,synthetic_defect_rgb_0046_SLOT_03.png,mvtec/cabbage/test/yellow/synthetic_defect_rgb_0046_SLOT_03.png,raw/synthetic_defect/rgb_0046.png,SLOT_03,yellow,1,0.3594551086425781,1
test,synthetic_defect_rgb_0046_SLOT_04.png,mvtec/cabbage/test/yellow/synthetic_defect_rgb_0046_SLOT_04.png,raw/synthetic_defect/rgb_0046.png,SLOT_04,yellow,1,0.3698306083679199,1
test,synthetic_defect_rgb_0048_SLOT_03.png,mvtec/cabbage/test/yellow/synthetic_defect_rgb_0048_SLOT_03.png,raw/synthetic_defect/rgb_0048.png,SLOT_03,yellow,1,0.3682832717895508,1
test,synthetic_defect_rgb_0048_SLOT_04.png,mvtec/cabbage/test/yellow/synthetic_defect_rgb_0048_SLOT_04.png,raw/synthetic_defect/rgb_0048.png,SLOT_04,yellow,1,0.3602132797241211,1
test,synthetic_defect_rgb_0003_SLOT_05.png,mvtec/cabbage/test/brown/synthetic_defect_rgb_0003_SLOT_05.png,raw/synthetic_defect/rgb_0003.png,SLOT_05,brown,1,0.4938826560974121,1
test,synthetic_defect_rgb_0005_SLOT_05.png,mvtec/cabbage/test/brown/synthetic_defect_rgb_0005_SLOT_05.png,raw/synthetic_defect/rgb_0005.png,SLOT_05,brown,1,0.4804415702819824,1
test,synthetic_defect_rgb_0009_SLOT_05.png,mvtec/cabbage/test/brown/synthetic_defect_rgb_0009_SLOT_05.png,raw/synthetic_defect/rgb_0009.png,SLOT_05,brown,1,0.4895744323730469,1
test,synthetic_defect_rgb_0012_SLOT_05.png,mvtec/cabbage/test/brown/synthetic_defect_rgb_0012_SLOT_05.png,raw/synthetic_defect/rgb_0012.png,SLOT_05,brown,1,0.47478628158569336,1
test,synthetic_defect_rgb_0013_SLOT_05.png,mvtec/cabbage/test/brown/synthetic_defect_rgb_0013_SLOT_05.png,raw/synthetic_defect/rgb_0013.png,SLOT_05,brown,1,0.4779825210571289,1
test,synthetic_defect_rgb_0015_SLOT_05.png,mvtec/cabbage/test/brown/synthetic_defect_rgb_0015_SLOT_05.png,raw/synthetic_defect/rgb_0015.png,SLOT_05,brown,1,0.4739561080932617,1
test,synthetic_defect_rgb_0016_SLOT_05.png,mvtec/cabbage/test/brown/synthetic_defect_rgb_0016_SLOT_05.png,raw/synthetic_defect/rgb_0016.png,SLOT_05,brown,1,0.47976160049438477,1
test,synthetic_defect_rgb_0018_SLOT_05.png,mvtec/cabbage/test/brown/synthetic_defect_rgb_0018_SLOT_05.png,raw/synthetic_defect/rgb_0018.png,SLOT_05,brown,1,0.4806551933288574,1
test,synthetic_defect_rgb_0020_SLOT_05.png,mvtec/cabbage/test/brown/synthetic_defect_rgb_0020_SLOT_05.png,raw/synthetic_defect/rgb_0020.png,SLOT_05,brown,1,0.47515296936035156,1
test,synthetic_defect_rgb_0024_SLOT_05.png,mvtec/cabbage/test/brown/synthetic_defect_rgb_0024_SLOT_05.png,raw/synthetic_defect/rgb_0024.png,SLOT_05,brown,1,0.4802255630493164,1
test,synthetic_defect_rgb_0027_SLOT_05.png,mvtec/cabbage/test/brown/synthetic_defect_rgb_0027_SLOT_05.png,raw/synthetic_defect/rgb_0027.png,SLOT_05,brown,1,0.4688725471496582,1
test,synthetic_defect_rgb_0028_SLOT_05.png,mvtec/cabbage/test/brown/synthetic_defect_rgb_0028_SLOT_05.png,raw/synthetic_defect/rgb_0028.png,SLOT_05,brown,1,0.47232532501220703,1
test,synthetic_defect_rgb_0029_SLOT_05.png,mvtec/cabbage/test/brown/synthetic_defect_rgb_0029_SLOT_05.png,raw/synthetic_defect/rgb_0029.png,SLOT_05,brown,1,0.4708561897277832,1
test,synthetic_defect_rgb_0031_SLOT_05.png,mvtec/cabbage/test/brown/synthetic_defect_rgb_0031_SLOT_05.png,raw/synthetic_defect/rgb_0031.png,SLOT_05,brown,1,0.47177696228027344,1
test,synthetic_defect_rgb_0032_SLOT_05.png,mvtec/cabbage/test/brown/synthetic_defect_rgb_0032_SLOT_05.png,raw/synthetic_defect/rgb_0032.png,SLOT_05,brown,1,0.4774360656738281,1
test,synthetic_defect_rgb_0034_SLOT_05.png,mvtec/cabbage/test/brown/synthetic_defect_rgb_0034_SLOT_05.png,raw/synthetic_defect/rgb_0034.png,SLOT_05,brown,1,0.4895925521850586,1
test,synthetic_defect_rgb_0035_SLOT_05.png,mvtec/cabbage/test/brown/synthetic_defect_rgb_0035_SLOT_05.png,raw/synthetic_defect/rgb_0035.png,SLOT_05,brown,1,0.48569774627685547,1
test,synthetic_defect_rgb_0036_SLOT_05.png,mvtec/cabbage/test/brown/synthetic_defect_rgb_0036_SLOT_05.png,raw/synthetic_defect/rgb_0036.png,SLOT_05,brown,1,0.48836803436279297,1
test,synthetic_defect_rgb_0038_SLOT_05.png,mvtec/cabbage/test/brown/synthetic_defect_rgb_0038_SLOT_05.png,raw/synthetic_defect/rgb_0038.png,SLOT_05,brown,1,0.4724540710449219,1
test,synthetic_defect_rgb_0042_SLOT_05.png,mvtec/cabbage/test/brown/synthetic_defect_rgb_0042_SLOT_05.png,raw/synthetic_defect/rgb_0042.png,SLOT_05,brown,1,0.4761166572570801,1
test,synthetic_defect_rgb_0043_SLOT_05.png,mvtec/cabbage/test/brown/synthetic_defect_rgb_0043_SLOT_05.png,raw/synthetic_defect/rgb_0043.png,SLOT_05,brown,1,0.4828987121582031,1
test,synthetic_defect_rgb_0044_SLOT_05.png,mvtec/cabbage/test/brown/synthetic_defect_rgb_0044_SLOT_05.png,raw/synthetic_defect/rgb_0044.png,SLOT_05,brown,1,0.48615026473999023,1
test,synthetic_defect_rgb_0045_SLOT_05.png,mvtec/cabbage/test/brown/synthetic_defect_rgb_0045_SLOT_05.png,raw/synthetic_defect/rgb_0045.png,SLOT_05,brown,1,0.4811973571777344,1
test,synthetic_defect_rgb_0046_SLOT_05.png,mvtec/cabbage/test/brown/synthetic_defect_rgb_0046_SLOT_05.png,raw/synthetic_defect/rgb_0046.png,SLOT_05,brown,1,0.4783344268798828,1
test,synthetic_defect_rgb_0048_SLOT_05.png,mvtec/cabbage/test/brown/synthetic_defect_rgb_0048_SLOT_05.png,raw/synthetic_defect/rgb_0048.png,SLOT_05,brown,1,0.4796472191810608,1
