#usda 1.0
(
    defaultPrim = "root"
    doc = """lift_holder: Z-axis up/down animation placeholder.
Frames 0-24 rise +0.30m, 24-48 hold, 48-72 return.
Adjust TRAVEL_Z and frame range to match real stroke length and speed.
lift_moveparts_1: kept static as the fixed mount plate (attaches toward Carter chassis)."""
    endTimeCode = 72
    framesPerSecond = 24
    metersPerUnit = 1
    startTimeCode = 0
    timeCodesPerSecond = 24
    upAxis = "Z"
)

def Xform "root" (
    prepend apiSchemas = ["ColorSpaceAPI"]
    customData = {
        dictionary Blender = {
            bool generated = 1
        }
    }
)
{
    uniform token colorSpace:name = "lin_rec709_scene"

    def Xform "lift_moveparts_1"
    {
        custom string userProperties:blender:object_name = "lift_moveparts_1"
        float3 xformOp:rotateXYZ = (0, 180, 0)
        float3 xformOp:scale = (-0.15342648, -0.2082965, -0.9364419)
        double3 xformOp:translate = (0.021287987008690834, 0.023866385221481323, 0.8843672275543213)
        uniform token[] xformOpOrder = ["xformOp:translate", "xformOp:rotateXYZ", "xformOp:scale"]

        def Mesh "Plane_010" (
            active = true
            prepend apiSchemas = ["ColorSpaceAPI"]
        )
        {
            uniform token colorSpace:name = "lin_rec709_scene"
            float3[] extent = [(-1.1352787, -0.90886354, -0.036024224), (1.1177591, 1.1113335, 0.052383468)]
            int[] faceVertexCounts = [4, 4, 4, 4, 4, 4, 4, 4, 4, 4, 4, 4, 4, 4, 4, 4, 4, 4, 4, 4, 4, 4, 4, 4, 4, 4, 4, 4, 4, 4, 4, 4, 4, 4, 4, 4, 4, 4, 4, 4, 4, 4, 4, 4, 4, 4, 4, 4, 4, 4, 4, 4, 4, 4, 4, 4, 4, 4, 4, 4, 4, 4, 4, 4, 4, 4, 4, 4, 4, 4, 4, 4, 4, 4, 4, 4, 4, 4, 4, 4, 4, 4, 4, 4, 4, 4, 4, 4, 4, 4, 4, 4, 4, 4, 4, 4, 4, 4, 4, 4, 4, 4, 4, 4, 4, 4, 4, 4, 4, 4, 4, 4, 4, 4, 4, 4, 4, 4, 4, 4, 4, 4, 4, 4, 4, 4, 4, 4, 4, 4, 4, 4, 4, 4, 4, 4, 4, 4, 4, 4, 4, 4, 4, 4, 4, 4, 4, 4, 4, 4, 4, 4, 4, 4, 4, 4, 4, 4, 4, 4, 4, 4, 4, 4, 4, 4, 4, 4, 4, 4, 4, 4, 4, 4, 4, 4, 4, 4, 4, 4, 4, 4, 4, 4, 4, 4, 4, 4, 4, 4, 4, 4, 4, 4, 4, 4, 4, 4, 4, 4, 4, 4, 4, 4, 4, 4, 4, 4, 4, 4, 4, 4, 4, 4, 4, 4, 4, 4, 4, 4, 4, 4, 4, 4, 4, 4, 4, 4, 4, 4, 4, 4, 4, 4, 4, 4, 4, 4, 4, 4, 4, 4, 4, 4, 4, 4, 4, 4, 4, 4, 4, 4, 4, 4, 4, 4, 4, 4, 4, 4, 4, 4, 4, 4, 4, 4, 4, 4, 4, 4, 4, 4, 4, 4, 4, 4, 4, 4, 4, 4, 4, 4, 4, 4, 4, 4, 4, 4, 4, 4, 4, 4, 4, 4, 4, 4, 4, 4, 4, 4, 4, 4, 4, 4, 4, 4, 4, 4, 4, 4, 4, 4, 4, 4, 4, 4, 4, 4, 4, 4, 4, 4, 4, 4, 4, 4, 4, 4, 4, 4, 4, 4, 4, 4, 4, 4, 4, 4, 4, 4, 4, 4, 4, 4, 4, 4, 4, 4, 4, 4, 4, 4, 4, 4, 4, 4, 4, 4, 4, 4, 4, 4, 4, 4, 4, 4, 4, 4, 4, 4, 4, 4, 4, 4, 4, 4, 4, 4, 4, 4, 4, 4, 4, 4, 4, 4, 4, 4, 4, 4, 4, 4, 4, 4, 4, 4, 4, 4, 4, 4, 4, 4, 4, 4, 4, 4, 4, 4, 4, 4, 4, 4, 4, 4, 4, 4, 4, 4, 4, 4, 4, 4, 4, 4, 4, 4, 4, 4, 4, 4, 4, 4, 4, 4, 4, 4, 4, 4, 4, 4, 4, 4, 4, 4, 4, 4, 4, 4, 4, 4, 4, 4, 4, 4, 4, 4, 4, 4, 4, 4, 4, 4, 4, 4, 4, 4, 4, 4, 4, 4, 4, 4, 4, 4, 4, 4, 4, 4, 4, 4, 4, 4, 4, 4, 4, 4, 4, 4, 4, 4, 4, 4, 4, 4, 4, 4, 4, 4, 4, 4, 4, 4, 4, 4, 4, 4, 4, 4, 4, 4, 4, 4, 4, 4, 4, 4, 4, 4, 4, 4, 4, 4, 4, 4, 4, 4, 4, 4, 4, 4, 4, 4, 4, 4, 4, 4, 4, 4, 4, 4, 4, 4, 4, 4, 4, 4, 4, 4, 4, 4, 4, 4, 4, 4, 4, 4, 4, 4, 4, 4, 4, 4, 4, 4, 4, 4, 4, 4, 4, 4, 4, 4, 4, 4, 4, 4, 4, 4, 4, 4, 4, 4, 4, 4, 4, 4, 4, 4, 4, 4, 4, 4, 4, 4, 4, 4, 4, 4, 4, 4, 4, 4, 4, 4, 4, 4, 4, 4, 4, 4, 4, 4, 4, 4, 4, 4, 4, 4, 4, 4, 4, 4]
            int[] faceVertexIndices = [34, 50, 55, 33, 15, 330, 331, 63, 22, 19, 8, 18, 330, 40, 56, 331, 13, 38, 51, 49, 33, 55, 53, 29, 0, 6, 52, 26, 1, 10, 19, 22, 6, 1, 22, 14, 14, 22, 18, 5, 335, 332, 60, 7, 10, 49, 23, 19, 19, 23, 17, 8, 245, 246, 335, 7, 59, 61, 332, 335, 254, 245, 7, 45, 9, 4, 10, 1, 61, 2, 328, 332, 47, 42, 43, 44, 0, 9, 1, 6, 60, 24, 31, 62, 4, 13, 49, 10, 24, 27, 12, 31, 54, 47, 44, 50, 52, 35, 47, 54, 35, 36, 42, 47, 2, 16, 329, 328, 50, 44, 48, 55, 44, 43, 41, 48, 25, 54, 50, 34, 26, 52, 54, 25, 20, 46, 57, 21, 13, 4, 34, 33, 58, 334, 333, 32, 4, 9, 25, 34, 14, 5, 36, 35, 32, 333, 330, 15, 334, 58, 59, 335, 23, 37, 39, 17, 49, 51, 37, 23, 9, 0, 26, 25, 332, 328, 24, 60, 48, 41, 30, 28, 38, 13, 33, 29, 55, 48, 28, 53, 6, 14, 35, 52, 21, 57, 11, 40, 58, 38, 29, 59, 28, 30, 16, 2, 40, 11, 3, 56, 328, 329, 27, 24, 7, 60, 62, 45, 334, 20, 21, 333, 250, 254, 45, 325, 333, 21, 40, 330, 155, 144, 181, 176, 156, 145, 182, 177, 144, 146, 183, 181, 157, 147, 184, 178, 147, 148, 185, 184, 158, 149, 186, 179, 149, 150, 187, 186, 145, 151, 188, 182, 146, 152, 189, 183, 151, 153, 190, 188, 148, 154, 191, 185, 159, 155, 176, 180, 150, 156, 177, 187, 152, 157, 178, 189, 153, 159, 180, 190, 154, 158, 179, 191, 96, 101, 80, 91, 97, 102, 81, 92, 101, 103, 82, 80, 98, 104, 83, 93, 104, 105, 84, 83, 99, 106, 85, 94, 106, 107, 86, 85, 102, 108, 87, 81, 103, 109, 88, 82, 108, 110, 89, 87, 105, 111, 90, 84, 100, 96, 91, 95, 107, 97, 92, 86, 109, 98, 93, 88, 110, 100, 95, 89, 111, 99, 94, 90, 74, 78, 99, 111, 73, 79, 100, 110, 72, 77, 98, 109, 70, 76, 97, 107, 79, 75, 96, 100, 68, 74, 111, 105, 71, 73, 110, 108, 66, 72, 109, 103, 65, 71, 108, 102, 69, 70, 107, 106, 78, 69, 106, 99, 67, 68, 105, 104, 77, 67, 104, 98, 64, 66, 103, 101, 76, 65, 102, 97, 75, 64, 101, 96, 91, 80, 112, 123, 92, 81, 113, 124, 80, 82, 114, 112, 93, 83, 115, 125, 83, 84, 116, 115, 94, 85, 117, 126, 85, 86, 118, 117, 81, 87, 119, 113, 82, 88, 120, 114, 87, 89, 121, 119, 84, 90, 122, 116, 95, 91, 123, 127, 86, 92, 124, 118, 88, 93, 125, 120, 89, 95, 127, 121, 90, 94, 126, 122, 123, 112, 128, 139, 124, 113, 129, 140, 112, 114, 130, 128, 125, 115, 131, 141, 115, 116, 132, 131, 126, 117, 133, 142, 117, 118, 134, 133, 113, 119, 135, 129, 114, 120, 136, 130, 119, 121, 137, 135, 116, 122, 138, 132, 127, 123, 139, 143, 118, 124, 140, 134, 120, 125, 141, 136, 121, 127, 143, 137, 122, 126, 142, 138, 139, 128, 144, 155, 140, 129, 145, 156, 128, 130, 146, 144, 141, 131, 147, 157, 131, 132, 148, 147, 142, 133, 149, 158, 133, 134, 150, 149, 129, 135, 151, 145, 130, 136, 152, 146, 135, 137, 153, 151, 132, 138, 154, 148, 143, 139, 155, 159, 134, 140, 156, 150, 136, 141, 157, 152, 137, 143, 159, 153, 138, 142, 158, 154, 176, 181, 160, 171, 177, 182, 161, 172, 181, 183, 162, 160, 178, 184, 163, 173, 184, 185, 164, 163, 179, 186, 165, 174, 186, 187, 166, 165, 182, 188, 167, 161, 183, 189, 168, 162, 188, 190, 169, 167, 185, 191, 170, 164, 180, 176, 171, 175, 187, 177, 172, 166, 189, 178, 173, 168, 190, 180, 175, 169, 191, 179, 174, 170, 283, 272, 309, 304, 284, 273, 310, 305, 272, 274, 311, 309, 285, 275, 312, 306, 275, 276, 313, 312, 286, 277, 314, 307, 277, 278, 315, 314, 273, 279, 316, 310, 274, 280, 317, 311, 279, 281, 318, 316, 276, 282, 319, 313, 287, 283, 304, 308, 278, 284, 305, 315, 280, 285, 306, 317, 281, 287, 308, 318, 282, 286, 307, 319, 224, 229, 208, 219, 225, 230, 209, 220, 229, 231, 210, 208, 226, 232, 211, 221, 232, 233, 212, 211, 227, 234, 213, 222, 234, 235, 214, 213, 230, 236, 215, 209, 231, 237, 216, 210, 236, 238, 217, 215, 233, 239, 218, 212, 228, 224, 219, 223, 235, 225, 220, 214, 237, 226, 221, 216, 238, 228, 223, 217, 239, 227, 222, 218, 202, 206, 227, 239, 201, 207, 228, 238, 200, 205, 226, 237, 198, 204, 225, 235, 207, 203, 224, 228, 196, 202, 239, 233, 199, 201, 238, 236, 194, 200, 237, 231, 193, 199, 236, 230, 197, 198, 235, 234, 206, 197, 234, 227, 195, 196, 233, 232, 205, 195, 232, 226, 192, 194, 231, 229, 204, 193, 230, 225, 203, 192, 229, 224, 219, 208, 240, 251, 220, 209, 241, 252, 208, 210, 242, 240, 221, 211, 243, 253, 211, 212, 244, 243, 222, 213, 245, 254, 213, 214, 246, 245, 209, 215, 247, 241, 210, 216, 248, 242, 215, 217, 249, 247, 212, 218, 250, 244, 223, 219, 251, 255, 214, 220, 252, 246, 216, 221, 253, 248, 217, 223, 255, 249, 218, 222, 254, 250, 251, 240, 256, 267, 252, 241, 257, 268, 240, 242, 258, 256, 253, 243, 259, 269, 243, 244, 260, 259, 38, 58, 32, 51, 51, 32, 15, 37, 241, 247, 263, 257, 242, 248, 264, 258, 247, 249, 265, 263, 244, 250, 266, 260, 255, 251, 267, 271, 37, 15, 63, 39, 248, 253, 269, 264, 249, 255, 271, 265, 29, 53, 61, 59, 267, 256, 272, 283, 268, 257, 273, 284, 256, 258, 274, 272, 269, 259, 275, 285, 259, 260, 276, 275, 270, 261, 277, 286, 261, 262, 278, 277, 257, 263, 279, 273, 258, 264, 280, 274, 263, 265, 281, 279, 260, 266, 282, 276, 271, 267, 283, 287, 262, 268, 284, 278, 264, 269, 285, 280, 265, 271, 287, 281, 266, 270, 286, 282, 304, 309, 288, 299, 305, 310, 289, 300, 309, 311, 290, 288, 306, 312, 291, 301, 312, 313, 292, 291, 307, 314, 293, 302, 314, 315, 294, 293, 310, 316, 295, 289, 311, 317, 296, 290, 316, 318, 297, 295, 313, 319, 298, 292, 308, 304, 299, 303, 315, 305, 300, 294, 317, 306, 301, 296, 318, 308, 303, 297, 319, 307, 302, 298, 290, 296, 175, 171, 296, 301, 169, 175, 301, 291, 167, 169, 291, 292, 161, 167, 292, 298, 172, 161, 298, 302, 166, 172, 302, 293, 165, 166, 293, 294, 174, 165, 294, 300, 170, 174, 300, 289, 164, 170, 289, 295, 163, 164, 295, 297, 173, 163, 297, 303, 168, 173, 303, 299, 162, 168, 299, 288, 160, 162, 288, 290, 171, 160, 53, 28, 2, 61, 62, 31, 320, 324, 31, 12, 321, 320, 46, 326, 327, 57, 57, 327, 322, 11, 11, 322, 323, 3, 45, 62, 324, 325, 246, 252, 59, 335, 268, 262, 334, 58, 262, 261, 20, 334, 261, 270, 46, 20, 270, 266, 326, 46, 326, 266, 250, 325, 323, 322, 320, 321, 322, 327, 324, 320, 327, 326, 325, 324, 370, 386, 391, 369, 351, 666, 667, 399, 358, 355, 344, 354, 666, 376, 392, 667, 349, 374, 387, 385, 369, 391, 389, 365, 336, 342, 388, 362, 337, 346, 355, 358, 342, 337, 358, 350, 350, 358, 354, 341, 671, 668, 396, 343, 346, 385, 359, 355, 355, 359, 353, 344, 581, 582, 671, 343, 395, 397, 668, 671, 590, 581, 343, 381, 345, 340, 346, 337, 397, 338, 664, 668, 383, 378, 379, 380, 336, 345, 337, 342, 396, 360, 367, 398, 340, 349, 385, 346, 360, 363, 348, 367, 390, 383, 380, 386, 388, 371, 383, 390, 371, 372, 378, 383, 338, 352, 665, 664, 386, 380, 384, 391, 380, 379, 377, 384, 361, 390, 386, 370, 362, 388, 390, 361, 356, 382, 393, 357, 349, 340, 370, 369, 394, 670, 669, 368, 340, 345, 361, 370, 350, 341, 372, 371, 368, 669, 666, 351, 670, 394, 395, 671, 359, 373, 375, 353, 385, 387, 373, 359, 345, 336, 362, 361, 668, 664, 360, 396, 384, 377, 366, 364, 374, 349, 369, 365, 391, 384, 364, 389, 342, 350, 371, 388, 357, 393, 347, 376, 394, 374, 365, 395, 364, 366, 352, 338, 376, 347, 339, 392, 664, 665, 363, 360, 343, 396, 398, 381, 670, 356, 357, 669, 586, 590, 381, 661, 669, 357, 376, 666, 491, 480, 517, 512, 492, 481, 518, 513, 480, 482, 519, 517, 493, 483, 520, 514, 483, 484, 521, 520, 494, 485, 522, 515, 485, 486, 523, 522, 481, 487, 524, 518, 482, 488, 525, 519, 487, 489, 526, 524, 484, 490, 527, 521, 495, 491, 512, 516, 486, 492, 513, 523, 488, 493, 514, 525, 489, 495, 516, 526, 490, 494, 515, 527, 432, 437, 416, 427, 433, 438, 417, 428, 437, 439, 418, 416, 434, 440, 419, 429, 440, 441, 420, 419, 435, 442, 421, 430, 442, 443, 422, 421, 438, 444, 423, 417, 439, 445, 424, 418, 444, 446, 425, 423, 441, 447, 426, 420, 436, 432, 427, 431, 443, 433, 428, 422, 445, 434, 429, 424, 446, 436, 431, 425, 447, 435, 430, 426, 410, 414, 435, 447, 409, 415, 436, 446, 408, 413, 434, 445, 406, 412, 433, 443, 415, 411, 432, 436, 404, 410, 447, 441, 407, 409, 446, 444, 402, 408, 445, 439, 401, 407, 444, 438, 405, 406, 443, 442, 414, 405, 442, 435, 403, 404, 441, 440, 413, 403, 440, 434, 400, 402, 439, 437, 412, 401, 438, 433, 411, 400, 437, 432, 427, 416, 448, 459, 428, 417, 449, 460, 416, 418, 450, 448, 429, 419, 451, 461, 419, 420, 452, 451, 430, 421, 453, 462, 421, 422, 454, 453, 417, 423, 455, 449, 418, 424, 456, 450, 423, 425, 457, 455, 420, 426, 458, 452, 431, 427, 459, 463, 422, 428, 460, 454, 424, 429, 461, 456, 425, 431, 463, 457, 426, 430, 462, 458, 459, 448, 464, 475, 460, 449, 465, 476, 448, 450, 466, 464, 461, 451, 467, 477, 451, 452, 468, 467, 462, 453, 469, 478, 453, 454, 470, 469, 449, 455, 471, 465, 450, 456, 472, 466, 455, 457, 473, 471, 452, 458, 474, 468, 463, 459, 475, 479, 454, 460, 476, 470, 456, 461, 477, 472, 457, 463, 479, 473, 458, 462, 478, 474, 475, 464, 480, 491, 476, 465, 481, 492, 464, 466, 482, 480, 477, 467, 483, 493, 467, 468, 484, 483, 478, 469, 485, 494, 469, 470, 486, 485, 465, 471, 487, 481, 466, 472, 488, 482, 471, 473, 489, 487, 468, 474, 490, 484, 479, 475, 491, 495, 470, 476, 492, 486, 472, 477, 493, 488, 473, 479, 495, 489, 474, 478, 494, 490, 512, 517, 496, 507, 513, 518, 497, 508, 517, 519, 498, 496, 514, 520, 499, 509, 520, 521, 500, 499, 515, 522, 501, 510, 522, 523, 502, 501, 518, 524, 503, 497, 519, 525, 504, 498, 524, 526, 505, 503, 521, 527, 506, 500, 516, 512, 507, 511, 523, 513, 508, 502, 525, 514, 509, 504, 526, 516, 511, 505, 527, 515, 510, 506, 619, 608, 645, 640, 620, 609, 646, 641, 608, 610, 647, 645, 621, 611, 648, 642, 611, 612, 649, 648, 622, 613, 650, 643, 613, 614, 651, 650, 609, 615, 652, 646, 610, 616, 653, 647, 615, 617, 654, 652, 612, 618, 655, 649, 623, 619, 640, 644, 614, 620, 641, 651, 616, 621, 642, 653, 617, 623, 644, 654, 618, 622, 643, 655, 560, 565, 544, 555, 561, 566, 545, 556, 565, 567, 546, 544, 562, 568, 547, 557, 568, 569, 548, 547, 563, 570, 549, 558, 570, 571, 550, 549, 566, 572, 551, 545, 567, 573, 552, 546, 572, 574, 553, 551, 569, 575, 554, 548, 564, 560, 555, 559, 571, 561, 556, 550, 573, 562, 557, 552, 574, 564, 559, 553, 575, 563, 558, 554, 538, 542, 563, 575, 537, 543, 564, 574, 536, 541, 562, 573, 534, 540, 561, 571, 543, 539, 560, 564, 532, 538, 575, 569, 535, 537, 574, 572, 530, 536, 573, 567, 529, 535, 572, 566, 533, 534, 571, 570, 542, 533, 570, 563, 531, 532, 569, 568, 541, 531, 568, 562, 528, 530, 567, 565, 540, 529, 566, 561, 539, 528, 565, 560, 555, 544, 576, 587, 556, 545, 577, 588, 544, 546, 578, 576, 557, 547, 579, 589, 547, 548, 580, 579, 558, 549, 581, 590, 549, 550, 582, 581, 545, 551, 583, 577, 546, 552, 584, 578, 551, 553, 585, 583, 548, 554, 586, 580, 559, 555, 587, 591, 550, 556, 588, 582, 552, 557, 589, 584, 553, 559, 591, 585, 554, 558, 590, 586, 587, 576, 592, 603, 588, 577, 593, 604, 576, 578, 594, 592, 589, 579, 595, 605, 579, 580, 596, 595, 374, 394, 368, 387, 387, 368, 351, 373, 577, 583, 599, 593, 578, 584, 600, 594, 583, 585, 601, 599, 580, 586, 602, 596, 591, 587, 603, 607, 373, 351, 399, 375, 584, 589, 605, 600, 585, 591, 607, 601, 365, 389, 397, 395, 603, 592, 608, 619, 604, 593, 609, 620, 592, 594, 610, 608, 605, 595, 611, 621, 595, 596, 612, 611, 606, 597, 613, 622, 597, 598, 614, 613, 593, 599, 615, 609, 594, 600, 616, 610, 599, 601, 617, 615, 596, 602, 618, 612, 607, 603, 619, 623, 598, 604, 620, 614, 600, 605, 621, 616, 601, 607, 623, 617, 602, 606, 622, 618, 640, 645, 624, 635, 641, 646, 625, 636, 645, 647, 626, 624, 642, 648, 627, 637, 648, 649, 628, 627, 643, 650, 629, 638, 650, 651, 630, 629, 646, 652, 631, 625, 647, 653, 632, 626, 652, 654, 633, 631, 649, 655, 634, 628, 644, 640, 635, 639, 651, 641, 636, 630, 653, 642, 637, 632, 654, 644, 639, 633, 655, 643, 638, 634, 626, 632, 511, 507, 632, 637, 505, 511, 637, 627, 503, 505, 627, 628, 497, 503, 628, 634, 508, 497, 634, 638, 502, 508, 638, 629, 501, 502, 629, 630, 510, 501, 630, 636, 506, 510, 636, 625, 500, 506, 625, 631, 499, 500, 631, 633, 509, 499, 633, 639, 504, 509, 639, 635, 498, 504, 635, 624, 496, 498, 624, 626, 507, 496, 389, 364, 338, 397, 398, 367, 656, 660, 367, 348, 657, 656, 382, 662, 663, 393, 393, 663, 658, 347, 347, 658, 659, 339, 381, 398, 660, 661, 582, 588, 395, 671, 604, 598, 670, 394, 598, 597, 356, 670, 597, 606, 382, 356, 606, 602, 662, 382, 662, 602, 586, 661, 659, 658, 656, 657, 658, 663, 660, 656, 663, 662, 661, 660]
            normal3f[] normals = [(0, 0, 1), (0, 0, 1), (0, 0, 1), (0, 0, 1), (0, 0, -1), (0, 0, -1), (0, 0, -1), (0, 0, -1), (0, 0, -1), (0, 0, -1), (0, 0, -1), (0, 0, -1), (0, 0, -1), (0, 0, -1), (0, 0, -1), (0, 0, -1), (0, 0, -1), (0, 0, -1), (0, 0, -1), (0, 0, -1), (0, 0, 1), (0, 0, 1), (0, 0, 1), (0, 0, 1), (0, -1, 0), (0, -1, 0), (0, -1, 0), (0, -1, 0), (0, 0, -1), (0, 0, -1), (0, 0, -1), (0, 0, -1), (0, 0, -1), (0, 0, -1), (0, 0, -1), (0, 0, -1), (0, 0, -1), (0, 0, -1), (0, 0, -1), (0, 0, -1), (0, 0, 1), (0, 0, 1), (0, 0, 1), (0, 0, 1), (0, 0, -0.99999994), (0, 0, -0.99999994), (0, 0, -0.99999994), (0, 0, -0.99999994), (0, 0, -1), (0, 0, -1), (0, 0, -1), (0, 0, -1), (0.09906709, 0, 0.9950808), (0.09906709, 0, 0.9950808), (0.09906709, 0, 0.9950808), (0.09906709, 0, 0.9950808), (0, 0, 1), (0, 0, 1), (0, 0, 1), (0, 0, 1), (0.09906728, 0, 0.99508077), (0.09906728, 0, 0.99508077), (0.09906728, 0, 0.99508077), (0.09906728, 0, 0.99508077), (0, 0, -1), (0, 0, -1), (0, 0, -1), (0, 0, -1), (0, 0, 1), (0, 0, 1), (0, 0, 1), (0, 0, 1), (0, 0, 1), (0, 0, 1), (0, 0, 1), (0, 0, 1), (0, 0, -1), (0, 0, -1), (0, 0, -1), (0, 0, -1), (0, 0, 1), (0, 0, 1), (0, 0, 1), (0, 0, 1), (0, 0, -1), (0, 0, -1), (0, 0, -1), (0, 0, -1), (0, 0, 1), (0, 0, 1), (0, 0, 1), (0, 0, 1), (0, 0, 1), (0, 0, 1), (0, 0, 1), (0, 0, 1), (0, 0, 1), (0, 0, 1), (0, 0, 1), (0, 0, 1), (0, 0, 1), (0, 0, 1), (0, 0, 1), (0, 0, 1), (0, 0, 1), (0, 0, 1), (0, 0, 1), (0, 0, 1), (0, 0, 0.99999994), (0, 0, 0.99999994), (0, 0, 0.99999994), (0, 0, 0.99999994), (0, 0, 1), (0, 0, 1), (0, 0, 1), (0, 0, 1), (0, 0, 1), (0, 0, 1), (0, 0, 1), (0, 0, 1), (0, 0, 1), (0, 0, 1), (0, 0, 1), (0, 0, 1), (0, 0, -0.99999994), (0, 0, -0.99999994), (0, 0, -0.99999994), (0, 0, -0.99999994), (-1, 0, 0), (-1, 0, 0), (-1, 0, 0), (-1, 0, 0), (0, 0, -1), (0, 0, -1), (0, 0, -1), (0, 0, -1), (-1, 0, 0), (-1, 0, 0), (-1, 0, 0), (-1, 0, 0), (0, -1, 0), (0, -1, 0), (0, -1, 0), (0, -1, 0), (0, 0, -1), (0, 0, -1), (0, 0, -1), (0, 0, -1), (-0.99999994, 0, 0), (-0.99999994, 0, 0), (-0.99999994, 0, 0), (-0.99999994, 0, 0), (0, 0, -1), (0, 0, -1), (0, 0, -1), (0, 0, -1), (0, 0, -1), (0, 0, -1), (0, 0, -1), (0, 0, -1), (-1, 0, 0), (-1, 0, 0), (-1, 0, 0), (-1, 0, 0), (0, 0, 0.99999994), (0, 0, 0.99999994), (0, 0, 0.99999994), (0, 0, 0.99999994), (0, 0, 1), (0, 0, 1), (0, 0, 1), (0, 0, 1), (-1, 0, 0), (-1, 0, 0), (-1, 0, 0), (-1, 0, 0), (0, 0, 1), (0, 0, 1), (0, 0, 1), (0, 0, 1), (0, -1, 0), (0, -1, 0), (0, -1, 0), (0, -1, 0), (0, 0, -1), (0, 0, -1), (0, 0, -1), (0, 0, -1), (-1, 0, 0), (-1, 0, 0), (-1, 0, 0), (-1, 0, 0), (0, 0, 1), (0, 0, 1), (0, 0, 1), (0, 0, 1), (0, 0, -1), (0, 0, -1), (0, 0, -1), (0, 0, -1), (0, 0, 1), (0, 0, 1), (0, 0, 1), (0, 0, 1), (0, 0, 0.99999994), (0, 0, 0.99999994), (0, 0, 0.99999994), (0, 0, 0.99999994), (0, 0, -1), (0, 0, -1), (0, 0, -1), (0, 0, -1), (0.099067144, 0, 0.99508077), (0.099067144, 0, 0.99508077), (0.099067144, 0, 0.99508077), (0.099067144, 0, 0.99508077), (0, 0, -0.99999994), (0, 0, -0.99999994), (0, 0, -0.99999994), (0, 0, -0.99999994), (-0.109981276, 0, 0.9939337), (-0.109980956, 0, 0.9939337), (-0.10998161, 0, 0.9939337), (-0.109982, 0, 0.99393356), (0.055094607, 0.02754189, 0.99810123), (0, 0.05497952, 0.9984874), (0, 0.054980513, 0.9984874), (0.055095043, 0.027542202, 0.9981012), (-0.109980956, 0, 0.9939337), (-0.109980986, 0, 0.99393374), (-0.10998204, 0, 0.99393356), (-0.10998161, 0, 0.9939337), (0, -0.05497966, 0.9984874), (0, -0.054979667, 0.9984875), (0, -0.054979894, 0.9984875), (0, -0.05498015, 0.9984875), (0, -0.054979667, 0.9984875), (0, -0.05497976, 0.9984874), (0, -0.054980252, 0.9984875), (0, -0.054979894, 0.9984875), (0.109981, 0, 0.99393374), (0.109980956, 0, 0.9939337), (0.10998161, 0, 0.9939337), (0.10998206, 0, 0.99393356), (0.109980956, 0, 0.9939337), (0.10998067, 0, 0.99393374), (0.1099818, 0, 0.99393356), (0.10998161, 0, 0.9939337), (0, 0.05497952, 0.9984874), (0, 0.054979574, 0.9984874), (0, 0.05498073, 0.9984874), (0, 0.054980513, 0.9984874), (-0.109980986, 0, 0.99393374), (-0.055094432, -0.02754196, 0.99810123), (-0.055095296, -0.0275423, 0.9981012), (-0.10998204, 0, 0.99393356), (0, 0.054979574, 0.9984874), (0, 0.054979436, 0.9984875), (0, 0.05498041, 0.9984874), (0, 0.05498073, 0.9984874), (0, -0.05497976, 0.9984874), (0.055094514, -0.02754205, 0.99810123), (0.055095296, -0.027542379, 0.9981012), (0, -0.054980252, 0.9984875), (-0.055094816, 0.027541766, 0.99810123), (-0.109981276, 0, 0.9939337), (-0.109982, 0, 0.99393356), (-0.055095706, 0.02754212, 0.9981011), (0.10998067, 0, 0.99393374), (0.055094607, 0.02754189, 0.99810123), (0.055095043, 0.027542202, 0.9981012), (0.1099818, 0, 0.99393356), (-0.055094432, -0.02754196, 0.99810123), (0, -0.05497966, 0.9984874), (0, -0.05498015, 0.9984875), (-0.055095296, -0.0275423, 0.9981012), (0, 0.054979436, 0.9984875), (-0.055094816, 0.027541766, 0.99810123), (-0.055095706, 0.02754212, 0.9981011), (0, 0.05498041, 0.9984874), (0.055094514, -0.02754205, 0.99810123), (0.109981, 0, 0.99393374), (0.10998206, 0, 0.99393356), (0.055095296, -0.027542379, 0.9981012), (-1, 0, 0.0000052787645), (-1, 0, 0.0000052787645), (-1, 0, 0), (-1, 0, 0), (0.70710677, 0.70710677, 0), (0, 1, 0), (0, 1, 0), (0.70710677, 0.70710677, 0), (-1, 0, 0.0000052787645), (-1, 0, 0.0000052787645), (-1, 0, 0), (-1, 0, 0), (0, -1, 0), (0, -1, 0), (0, -1, 0), (0, -1, 0), (0, -1, 0), (0, -1, 0), (0, -1, 0), (0, -1, 0), (1, 0, 0), (1, 0, 0), (1, 0, 0), (1, 0, 0), (1, 0, 0), (1, 0, 0), (1, 0, 0), (1, 0, 0), (0, 1, 0), (0, 1, 0), (0, 1, 0), (0, 1, 0), (-1, 0, 0.0000052787645), (-0.7071056, -0.70710796, 0.0000037326438), (-0.70710677, -0.7071067, 0), (-1, 0, 0), (0, 1, 0), (0, 1, 0), (0, 1, 0), (0, 1, 0), (0, -1, 0), (0.70710677, -0.70710677, 0), (0.70710677, -0.70710677, 0), (0, -1, 0), (-0.7071056, 0.70710796, 0.0000037326438), (-1, 0, 0.0000052787645), (-1, 0, 0), (-0.70710677, 0.7071067, 0), (1, 0, 0), (0.70710677, 0.70710677, 0), (0.70710677, 0.70710677, 0), (1, 0, 0), (-0.7071056, -0.70710796, 0.0000037326438), (0, -1, 0), (0, -1, 0), (-0.70710677, -0.7071067, 0), (0, 1, 0), (-0.7071056, 0.70710796, 0.0000037326438), (-0.70710677, 0.7071067, 0), (0, 1, 0), (0.70710677, -0.70710677, 0), (1, 0, 0), (1, 0, 0), (0.70710677, -0.70710677, 0), (0.70710677, -0.70710677, 0), (1, 0, 0), (1, 0, 0), (0.70710677, -0.70710677, 0), (0, 1, 0), (-0.70710915, 0.7071044, 0.0000074653253), (-0.7071056, 0.70710796, 0.0000037326438), (0, 1, 0), (-0.70710915, -0.7071044, 0.0000074653253), (0, -1, 0), (0, -1, 0), (-0.7071056, -0.70710796, 0.0000037326438), (1, 0, 0), (0.70710677, 0.70710677, 0), (0.70710677, 0.70710677, 0), (1, 0, 0), (-0.70710915, 0.7071044, 0.0000074653253), (-1, 0, 0.000010557529), (-1, 0, 0.0000052787645), (-0.7071056, 0.70710796, 0.0000037326438), (0, -1, 0), (0.70710677, -0.70710677, 0), (0.70710677, -0.70710677, 0), (0, -1, 0), (0, 1, 0), (0, 1, 0), (0, 1, 0), (0, 1, 0), (-1, 0, 0.000010557529), (-0.70710915, -0.7071044, 0.0000074653253), (-0.7071056, -0.70710796, 0.0000037326438), (-1, 0, 0.0000052787645), (0, 1, 0), (0, 1, 0), (0, 1, 0), (0, 1, 0), (1, 0, 0), (1, 0, 0), (1, 0, 0), (1, 0, 0), (1, 0, 0), (1, 0, 0), (1, 0, 0), (1, 0, 0), (0, -1, 0), (0, -1, 0), (0, -1, 0), (0, -1, 0), (0, -1, 0), (0, -1, 0), (0, -1, 0), (0, -1, 0), (-1, 0, 0.000010557529), (-1, 0, 0.000010557529), (-1, 0, 0.0000052787645), (-1, 0, 0.0000052787645), (0.70710677, 0.70710677, 0), (0, 1, 0), (0, 1, 0), (0.70710677, 0.70710677, 0), (-1, 0, 0.000010557529), (-1, 0, 0.000010557529), (-1, 0, 0.0000052787645), (-1, 0, 0.0000052787645), (-1, 0, 0), (-1, 0, 0), (-1, 0, 0), (-1, 0, 0), (0.70710677, 0.70710677, 0), (0, 1, 0), (0, 1, 0), (0.7071067, 0.70710677, 0), (-1, 0, 0), (-1, 0, 0), (-1, 0, 0), (-1, 0, 0), (0, -1, 0), (0, -1, 0), (0, -1, 0), (0, -1, 0), (0, -1, 0), (0, -1, 0), (0, -1, 0), (0, -1, 0), (1, 0, 0), (1, 0, 0), (1, 0, 0), (1, 0, 0), (1, 0, 0), (1, 0, 0), (1, 0, 0), (1, 0, 0), (0, 1, 0), (0, 1, 0), (0, 1, 0), (0, 1, 0), (-1, 0, 0), (-0.70710677, -0.7071067, 0), (-0.7071067, -0.70710677, 0), (-1, 0, 0), (0, 1, 0), (0, 1, 0), (0, 1, 0), (0, 1, 0), (0, -1, 0), (0.70710677, -0.70710677, 0), (0.7071067, -0.70710677, 0), (0, -1, 0), (-0.70710677, 0.7071067, 0), (-1, 0, 0), (-1, 0, 0), (-0.7071067, 0.70710677, 0), (1, 0, 0), (0.70710677, 0.70710677, 0), (0.7071067, 0.70710677, 0), (1, 0, 0), (-0.70710677, -0.7071067, 0), (0, -1, 0), (0, -1, 0), (-0.7071067, -0.70710677, 0), (0, 1, 0), (-0.70710677, 0.7071067, 0), (-0.7071067, 0.70710677, 0), (0, 1, 0), (0.70710677, -0.70710677, 0), (1, 0, 0), (1, 0, 0), (0.7071067, -0.70710677, 0), (-1, 0, 0), (-1, 0, 0), (-0.7449765, 0, 0.6670907), (-0.7449766, 0, 0.66709054), (0.7071067, 0.70710677, 0), (0, 1, 0), (0, 0.7262848, 0.6873939), (0.5823651, 0.5859407, 0.56349295), (-1, 0, 0), (-1, 0, 0), (-0.7449765, 0, 0.6670908), (-0.7449765, 0, 0.6670907), (0, -1, 0), (0, -1, 0), (0, -0.7262848, 0.6873939), (0, -0.7262848, 0.6873939), (0, -1, 0), (0, -1, 0), (0, -0.72628486, 0.68739384), (0, -0.7262848, 0.6873939), (1, 0, 0), (1, 0, 0), (0.7449765, 0, 0.6670907), (0.7449765, 0, 0.6670907), (1, 0, 0), (1, 0, 0), (0.74497664, 0, 0.6670906), (0.7449765, 0, 0.6670907), (0, 1, 0), (0, 1, 0), (0, 0.72628474, 0.68739396), (0, 0.7262848, 0.6873939), (-1, 0, 0), (-0.7071067, -0.70710677, 0), (-0.58236504, -0.5859407, 0.563493), (-0.7449765, 0, 0.6670908), (0, 1, 0), (0, 1, 0), (0, 0.72628474, 0.68739396), (0, 0.72628474, 0.68739396), (0, -1, 0), (0.7071067, -0.70710677, 0), (0.58236504, -0.5859408, 0.56349295), (0, -0.72628486, 0.68739384), (-0.7071067, 0.70710677, 0), (-1, 0, 0), (-0.7449766, 0, 0.66709054), (-0.5823652, 0.58594066, 0.563493), (1, 0, 0), (0.7071067, 0.70710677, 0), (0.5823651, 0.5859407, 0.56349295), (0.74497664, 0, 0.6670906), (-0.7071067, -0.70710677, 0), (0, -1, 0), (0, -0.7262848, 0.6873939), (-0.58236504, -0.5859407, 0.563493), (0, 1, 0), (-0.7071067, 0.70710677, 0), (-0.5823652, 0.58594066, 0.563493), (0, 0.72628474, 0.68739396), (0.7071067, -0.70710677, 0), (1, 0, 0), (0.7449765, 0, 0.6670907), (0.58236504, -0.5859408, 0.56349295), (-0.7449766, 0, 0.66709054), (-0.7449765, 0, 0.6670907), (-0.109980956, 0, 0.9939337), (-0.109981276, 0, 0.9939337), (0.5823651, 0.5859407, 0.56349295), (0, 0.7262848, 0.6873939), (0, 0.05497952, 0.9984874), (0.055094607, 0.02754189, 0.99810123), (-0.7449765, 0, 0.6670907), (-0.7449765, 0, 0.6670908), (-0.109980986, 0, 0.99393374), (-0.109980956, 0, 0.9939337), (0, -0.7262848, 0.6873939), (0, -0.7262848, 0.6873939), (0, -0.054979667, 0.9984875), (0, -0.05497966, 0.9984874), (0, -0.7262848, 0.6873939), (0, -0.72628486, 0.68739384), (0, -0.05497976, 0.9984874), (0, -0.054979667, 0.9984875), (0.7449765, 0, 0.6670907), (0.7449765, 0, 0.6670907), (0.109980956, 0, 0.9939337), (0.109981, 0, 0.99393374), (0.7449765, 0, 0.6670907), (0.74497664, 0, 0.6670906), (0.10998067, 0, 0.99393374), (0.109980956, 0, 0.9939337), (0, 0.7262848, 0.6873939), (0, 0.72628474, 0.68739396), (0, 0.054979574, 0.9984874), (0, 0.05497952, 0.9984874), (-0.7449765, 0, 0.6670908), (-0.58236504, -0.5859407, 0.563493), (-0.055094432, -0.02754196, 0.99810123), (-0.109980986, 0, 0.99393374), (0, 0.72628474, 0.68739396), (0, 0.72628474, 0.68739396), (0, 0.054979436, 0.9984875), (0, 0.054979574, 0.9984874), (0, -0.72628486, 0.68739384), (0.58236504, -0.5859408, 0.56349295), (0.055094514, -0.02754205, 0.99810123), (0, -0.05497976, 0.9984874), (-0.5823652, 0.58594066, 0.563493), (-0.7449766, 0, 0.66709054), (-0.109981276, 0, 0.9939337), (-0.055094816, 0.027541766, 0.99810123), (0.74497664, 0, 0.6670906), (0.5823651, 0.5859407, 0.56349295), (0.055094607, 0.02754189, 0.99810123), (0.10998067, 0, 0.99393374), (-0.58236504, -0.5859407, 0.563493), (0, -0.7262848, 0.6873939), (0, -0.05497966, 0.9984874), (-0.055094432, -0.02754196, 0.99810123), (0, 0.72628474, 0.68739396), (-0.5823652, 0.58594066, 0.563493), (-0.055094816, 0.027541766, 0.99810123), (0, 0.054979436, 0.9984875), (0.58236504, -0.5859408, 0.56349295), (0.7449765, 0, 0.6670907), (0.109981, 0, 0.99393374), (0.055094514, -0.02754205, 0.99810123), (-0.109982, 0, 0.99393356), (-0.10998161, 0, 0.9939337), (0.6678005, 0, 0.74434024), (0.6678006, 0, 0.7443402), (0.055095043, 0.027542202, 0.9981012), (0, 0.054980513, 0.9984874), (0, -0.6866307, 0.72700644), (-0.25084913, -0.28686303, 0.9245455), (-0.10998161, 0, 0.9939337), (-0.10998204, 0, 0.99393356), (0.66780025, 0, 0.74434054), (0.6678005, 0, 0.74434024), (0, -0.05498015, 0.9984875), (0, -0.054979894, 0.9984875), (0, 0.688155, 0.72556376), (0, 0.6881549, 0.72556376), (0, -0.054979894, 0.9984875), (0, -0.054980252, 0.9984875), (0, 0.6881548, 0.7255639), (0, 0.688155, 0.72556376), (0.10998206, 0, 0.99393356), (0.10998161, 0, 0.9939337), (-0.6663786, 0, 0.7456135), (-0.66637844, 0, 0.74561375), (0.10998161, 0, 0.9939337), (0.1099818, 0, 0.99393356), (-0.66637874, 0, 0.7456134), (-0.6663786, 0, 0.7456135), (0, 0.054980513, 0.9984874), (0, 0.05498073, 0.9984874), (0, -0.68663067, 0.72700644), (0, -0.6866307, 0.72700644), (-0.10998204, 0, 0.99393356), (-0.055095296, -0.0275423, 0.9981012), (0.25214475, 0.28815156, 0.923792), (0.66780025, 0, 0.74434054), (0, 0.05498073, 0.9984874), (0, 0.05498041, 0.9984874), (0, -0.68663096, 0.7270062), (0, -0.68663067, 0.72700644), (0, -0.054980252, 0.9984875), (0.055095296, -0.027542379, 0.9981012), (-0.25192323, 0.28714713, 0.9241651), (0, 0.6881548, 0.7255639), (-0.055095706, 0.02754212, 0.9981011), (-0.109982, 0, 0.99393356), (0.6678006, 0, 0.7443402), (0.2510683, -0.2878648, 0.9241745), (0.1099818, 0, 0.99393356), (0.055095043, 0.027542202, 0.9981012), (-0.25084913, -0.28686303, 0.9245455), (-0.66637874, 0, 0.7456134), (-0.055095296, -0.0275423, 0.9981012), (0, -0.05498015, 0.9984875), (0, 0.6881549, 0.72556376), (0.25214475, 0.28815156, 0.923792), (0, 0.05498041, 0.9984874), (-0.055095706, 0.02754212, 0.9981011), (0.2510683, -0.2878648, 0.9241745), (0, -0.68663096, 0.7270062), (0.055095296, -0.027542379, 0.9981012), (0.10998206, 0, 0.99393356), (-0.66637844, 0, 0.74561375), (-0.25192323, 0.28714713, 0.9241651), (-0.1099804, 0, -0.99393374), (-0.1099805, 0, -0.99393374), (-0.1099827, 0, -0.9939335), (-0.109982625, 0, -0.9939335), (0.0550942, -0.027541671, -0.99810123), (0, -0.054979198, -0.9984875), (0, -0.05498019, -0.9984874), (0.055093728, -0.027542029, -0.99810123), (-0.1099805, 0, -0.99393374), (-0.10998027, 0, -0.9939338), (-0.10998303, 0, -0.99393344), (-0.1099827, 0, -0.9939335), (0, 0.05497914, -0.9984875), (0, 0.054979164, -0.9984875), (0, 0.054981094, -0.9984874), (0, 0.05498094, -0.9984874), (0, 0.054979164, -0.9984875), (0, 0.05497927, -0.9984875), (0, 0.054980725, -0.9984874), (0, 0.054981094, -0.9984874), (0.10997891, 0, -0.993934), (0.10997902, 0, -0.99393386), (0.10998123, 0, -0.9939337), (0.10998134, 0, -0.9939337), (0.10997902, 0, -0.99393386), (0.10997907, 0, -0.99393386), (0.10998117, 0, -0.99393374), (0.10998123, 0, -0.9939337), (0, -0.054979198, -0.9984875), (0, -0.054979406, -0.9984875), (0, -0.054980464, -0.9984874), (0, -0.05498019, -0.9984874), (-0.10998027, 0, -0.9939338), (-0.055094488, 0.027541665, -0.99810123), (-0.055095088, 0.027542178, -0.9981012), (-0.10998303, 0, -0.99393344), (0, -0.054979406, -0.9984875), (0, -0.054979455, -0.9984875), (0, -0.054980293, -0.9984875), (0, -0.054980464, -0.9984874), (0, 0.05497927, -0.9984875), (0.055094454, 0.02754182, -0.99810123), (0.05509367, 0.027542414, -0.9981012), (0, 0.054980725, -0.9984874), (-0.055094283, -0.027541855, -0.99810123), (-0.1099804, 0, -0.99393374), (-0.109982625, 0, -0.9939335), (-0.05509494, -0.0275422, -0.9981012), (0.10997907, 0, -0.99393386), (0.0550942, -0.027541671, -0.99810123), (0.055093728, -0.027542029, -0.99810123), (0.10998117, 0, -0.99393374), (-0.055094488, 0.027541665, -0.99810123), (0, 0.05497914, -0.9984875), (0, 0.05498094, -0.9984874), (-0.055095088, 0.027542178, -0.9981012), (0, -0.054979455, -0.9984875), (-0.055094283, -0.027541855, -0.99810123), (-0.05509494, -0.0275422, -0.9981012), (0, -0.054980293, -0.9984875), (0.055094454, 0.02754182, -0.99810123), (0.10997891, 0, -0.993934), (0.10998134, 0, -0.9939337), (0.05509367, 0.027542414, -0.9981012), (-1, 0, 0), (-1, 0, 0), (-1, 0, 0), (-1, 0, 0), (0.70710677, -0.70710677, 0), (0, -1, 0), (0, -1, 0), (0.70710677, -0.70710677, 0), (-1, 0, 0), (-1, 0, 0), (-1, 0, 0), (-1, 0, 0), (0, 1, 0.0000049401688), (0, 1, 0.0000049401624), (0, 1, 0), (0, 1, 0), (0, 1, 0.0000049401624), (0, 1, 0.0000049401624), (0, 1, 0), (0, 1, 0), (1, 0, 0), (1, 0, 0), (1, 0, 0), (1, 0, 0), (1, 0, 0), (1, 0, 0), (1, 0, 0), (1, 0, 0), (0, -1, 0), (0, -1, 0), (0, -1, 0), (0, -1, 0), (-1, 0, 0), (-0.7071056, 0.707108, 0.0000034932373), (-0.70710677, 0.70710677, 0), (-1, 0, 0), (0, -1, 0), (0, -1, 0), (0, -1, 0), (0, -1, 0), (0, 1, 0.0000049401624), (0.7071056, 0.707108, 0.0000034932282), (0.70710677, 0.70710677, 0), (0, 1, 0), (-0.70710677, -0.70710677, 0), (-1, 0, 0), (-1, 0, 0), (-0.70710677, -0.70710677, 0), (1, 0, 0), (0.70710677, -0.70710677, 0), (0.70710677, -0.70710677, 0), (1, 0, 0), (-0.7071056, 0.707108, 0.0000034932373), (0, 1, 0.0000049401688), (0, 1, 0), (-0.70710677, 0.70710677, 0), (0, -1, 0), (-0.70710677, -0.70710677, 0), (-0.70710677, -0.70710677, 0), (0, -1, 0), (0.7071056, 0.707108, 0.0000034932282), (1, 0, 0), (1, 0, 0), (0.70710677, 0.70710677, 0), (0.70710915, 0.7071044, 0.0000069864204), (1, 0, 0), (1, 0, 0), (0.7071056, 0.707108, 0.0000034932282), (0, -1, 0), (-0.70710677, -0.70710677, 0), (-0.70710677, -0.70710677, 0), (0, -1, 0), (-0.70710915, 0.7071044, 0.0000069864386), (0, 1, 0.0000098803375), (0, 1, 0.0000049401688), (-0.7071056, 0.707108, 0.0000034932373), (1, 0, 0), (0.70710677, -0.70710677, 0), (0.70710677, -0.70710677, 0), (1, 0, 0), (-0.70710677, -0.70710677, 0), (-1, 0, 0), (-1, 0, 0), (-0.70710677, -0.70710677, 0), (0, 1, 0.000009880325), (0.70710915, 0.7071044, 0.0000069864204), (0.7071056, 0.707108, 0.0000034932282), (0, 1, 0.0000049401624), (0, -1, 0), (0, -1, 0), (0, -1, 0), (0, -1, 0), (-1, 0, 0), (-0.70710915, 0.7071044, 0.0000069864386), (-0.7071056, 0.707108, 0.0000034932373), (-1, 0, 0), (0, -1, 0), (0, -1, 0), (0, -1, 0), (0, -1, 0), (1, 0, 0), (1, 0, 0), (1, 0, 0), (1, 0, 0), (1, 0, 0), (1, 0, 0), (1, 0, 0), (1, 0, 0), (0, 1, 0.000009880325), (0, 1, 0.000009880325), (0, 1, 0.0000049401624), (0, 1, 0.0000049401624), (0, 1, 0.0000098803375), (0, 1, 0.000009880325), (0, 1, 0.0000049401624), (0, 1, 0.0000049401688), (-1, 0, 0), (-1, 0, 0), (-1, 0, 0), (-1, 0, 0), (0.70710677, -0.70710677, 0), (0, -1, 0), (0, -1, 0), (0.70710677, -0.70710677, 0), (-1, 0, 0), (-1, 0, 0), (-1, 0, 0), (-1, 0, 0), (-1, 0, 0), (-1, 0, 0), (-1, 0, 0), (-1, 0, 0), (0.70710677, -0.70710677, 0), (0, -1, 0), (0, -1, 0), (0.4472136, -0.8944272, 0), (-1, 0, 0), (-1, 0, 0), (-1, 0, 0), (-1, 0, 0), (0, 1, 0), (0, 1, 0), (0, 1, 0), (0, 1, 0), (0, 1, 0), (0, 1, 0), (0, 1, 0), (0, 1, 0), (1, 0, 0), (1, 0, 0), (1, 0, 0), (1, 0, 0), (1, 0, 0), (1, 0, 0), (1, 0, 0), (1, 0, 0), (0, -1, 0), (0, -1, 0), (0, -1, 0), (0, -1, 0), (-1, 0, 0), (-0.70710677, 0.70710677, 0), (-0.70710677, 0.70710677, 0), (-1, 0, 0), (0, -1, 0), (0, -1, 0), (0, -1, 0), (0, -1, 0), (0, 1, 0), (0.70710677, 0.70710677, 0), (0.4472136, 0.8944272, 0), (0, 1, 0), (-0.70710677, -0.70710677, 0), (-1, 0, 0), (-1, 0, 0), (-0.70710677, -0.70710677, 0), (1, 0, 0), (0.70710677, -0.70710677, 0), (0.4472136, -0.8944272, 0), (1, 0, 0), (-0.70710677, 0.70710677, 0), (0, 1, 0), (0, 1, 0), (-0.70710677, 0.70710677, 0), (0, -1, 0), (-0.70710677, -0.70710677, 0), (-0.70710677, -0.70710677, 0), (0, -1, 0), (0.70710677, 0.70710677, 0), (1, 0, 0), (1, 0, 0), (0.4472136, 0.8944272, 0), (-1, 0, 0), (-1, 0, 0), (-0.7449765, 0, -0.6670908), (-0.7449765, 0, -0.66709083), (0.4472136, -0.8944272, 0), (0, -1, 0), (0, -0.7262848, -0.68739396), (0.02254255, -0.72059554, -0.69298905), (-1, 0, 0), (-1, 0, 0), (-0.7449766, 0, -0.6670907), (-0.7449765, 0, -0.6670908), (0, 1, 0), (0, 1, 0), (0, 0.72628474, -0.6873939), (0, 0.72628474, -0.6873939), (0, 1, 0), (0, 1, 0), (0, 0.7262848, -0.68739396), (0, 0.72628474, -0.6873939), (0, 0, -1), (0, 0, -1), (0, 0, -1), (0, 0, -1), (0, 0, -1), (0, 0, -1), (0, 0, -1), (0, 0, -1), (0, -1, 0), (0, -1, 0), (0, -0.7262848, -0.68739396), (0, -0.7262848, -0.68739396), (-1, 0, 0), (-0.70710677, 0.70710677, 0), (-0.58236516, 0.58594066, -0.56349295), (-0.7449766, 0, -0.6670907), (0, -1, 0), (0, -1, 0), (0, -0.7262848, -0.6873939), (0, -0.7262848, -0.68739396), (0, 1, 0), (0.4472136, 0.8944272, 0), (0.022542687, 0.72059554, -0.69298905), (0, 0.7262848, -0.68739396), (-0.70710677, -0.70710677, 0), (-1, 0, 0), (-0.7449765, 0, -0.66709083), (-0.5823651, -0.5859408, -0.563493), (0, 0, -1), (0, 0, -1), (0, 0, -1), (0, 0, -1), (-0.70710677, 0.70710677, 0), (0, 1, 0), (0, 0.72628474, -0.6873939), (-0.58236516, 0.58594066, -0.56349295), (0, -1, 0), (-0.70710677, -0.70710677, 0), (-0.5823651, -0.5859408, -0.563493), (0, -0.7262848, -0.6873939), (0, 0, 1), (0, 0, 1), (0, 0, 1), (0, 0, 1), (-0.7449765, 0, -0.66709083), (-0.7449765, 0, -0.6670908), (-0.1099805, 0, -0.99393374), (-0.1099804, 0, -0.99393374), (0.02254255, -0.72059554, -0.69298905), (0, -0.7262848, -0.68739396), (0, -0.054979198, -0.9984875), (0.0550942, -0.027541671, -0.99810123), (-0.7449765, 0, -0.6670908), (-0.7449766, 0, -0.6670907), (-0.10998027, 0, -0.9939338), (-0.1099805, 0, -0.99393374), (0, 0.72628474, -0.6873939), (0, 0.72628474, -0.6873939), (0, 0.054979164, -0.9984875), (0, 0.05497914, -0.9984875), (0, 0.72628474, -0.6873939), (0, 0.7262848, -0.68739396), (0, 0.05497927, -0.9984875), (0, 0.054979164, -0.9984875), (0.109980136, 0, -0.9939338), (0.10998001, 0, -0.9939338), (0.10997902, 0, -0.99393386), (0.10997891, 0, -0.993934), (0.10998001, 0, -0.9939338), (0.10997968, 0, -0.99393386), (0.10997907, 0, -0.99393386), (0.10997902, 0, -0.99393386), (0, -0.7262848, -0.68739396), (0, -0.7262848, -0.68739396), (0, -0.054979406, -0.9984875), (0, -0.054979198, -0.9984875), (-0.7449766, 0, -0.6670907), (-0.58236516, 0.58594066, -0.56349295), (-0.055094488, 0.027541665, -0.99810123), (-0.10998027, 0, -0.9939338), (0, -0.7262848, -0.68739396), (0, -0.7262848, -0.6873939), (0, -0.054979455, -0.9984875), (0, -0.054979406, -0.9984875), (0, 0.7262848, -0.68739396), (0.022542687, 0.72059554, -0.69298905), (0.055094454, 0.02754182, -0.99810123), (0, 0.05497927, -0.9984875), (-0.5823651, -0.5859408, -0.563493), (-0.7449765, 0, -0.66709083), (-0.1099804, 0, -0.99393374), (-0.055094283, -0.027541855, -0.99810123), (0.10997968, 0, -0.99393386), (0.02254255, -0.72059554, -0.69298905), (0.0550942, -0.027541671, -0.99810123), (0.10997907, 0, -0.99393386), (-0.58236516, 0.58594066, -0.56349295), (0, 0.72628474, -0.6873939), (0, 0.05497914, -0.9984875), (-0.055094488, 0.027541665, -0.99810123), (0, -0.7262848, -0.6873939), (-0.5823651, -0.5859408, -0.563493), (-0.055094283, -0.027541855, -0.99810123), (0, -0.054979455, -0.9984875), (0.022542687, 0.72059554, -0.69298905), (0.109980136, 0, -0.9939338), (0.10997891, 0, -0.993934), (0.055094454, 0.02754182, -0.99810123), (-0.109982625, 0, -0.9939335), (-0.1099827, 0, -0.9939335), (0.666378, 0, -0.74561405), (0.66637814, 0, -0.74561393), (0.055093728, -0.027542029, -0.99810123), (0, -0.05498019, -0.9984874), (0, 0.6866311, -0.727006), (-0.25106743, 0.28786528, -0.92417455), (-0.1099827, 0, -0.9939335), (-0.10998303, 0, -0.99393344), (0.66637784, 0, -0.74561423), (0.666378, 0, -0.74561405), (0, 0.05498094, -0.9984874), (0, 0.054981094, -0.9984874), (0, -0.6881542, -0.7255644), (0, -0.68815416, -0.7255645), (0, 0.054981094, -0.9984874), (0, 0.054980725, -0.9984874), (0, -0.68815446, -0.72556424), (0, -0.6881542, -0.7255644), (0.10998134, 0, -0.9939337), (0.10998123, 0, -0.9939337), (-0.6677999, 0, -0.7443408), (-0.6677998, 0, -0.7443409), (0.10998123, 0, -0.9939337), (0.10998117, 0, -0.99393374), (-0.66780007, 0, -0.74434066), (-0.6677999, 0, -0.7443408), (0, -0.05498019, -0.9984874), (0, -0.054980464, -0.9984874), (0, 0.686631, -0.7270061), (0, 0.6866311, -0.727006), (-0.10998303, 0, -0.99393344), (-0.055095088, 0.027542178, -0.9981012), (0.25192192, -0.28714696, -0.9241655), (0.66637784, 0, -0.74561423), (0, -0.054980464, -0.9984874), (0, -0.054980293, -0.9984875), (0, 0.6866311, -0.72700596), (0, 0.686631, -0.7270061), (0, 0.054980725, -0.9984874), (0.05509367, 0.027542414, -0.9981012), (-0.2521439, -0.28815174, -0.92379224), (0, -0.68815446, -0.72556424), (-0.05509494, -0.0275422, -0.9981012), (-0.109982625, 0, -0.9939335), (0.66637814, 0, -0.74561393), (0.2508484, 0.28686365, -0.9245455), (0.10998117, 0, -0.99393374), (0.055093728, -0.027542029, -0.99810123), (-0.25106743, 0.28786528, -0.92417455), (-0.66780007, 0, -0.74434066), (-0.055095088, 0.027542178, -0.9981012), (0, 0.05498094, -0.9984874), (0, -0.68815416, -0.7255645), (0.25192192, -0.28714696, -0.9241655), (0, -0.054980293, -0.9984875), (-0.05509494, -0.0275422, -0.9981012), (0.2508484, 0.28686365, -0.9245455), (0, 0.6866311, -0.72700596), (0.05509367, 0.027542414, -0.9981012), (0.10998134, 0, -0.9939337), (-0.6677998, 0, -0.7443409), (-0.2521439, -0.28815174, -0.92379224), (0.66637784, 0, -0.74561423), (0.25192192, -0.28714696, -0.9241655), (0.2510683, -0.2878648, 0.9241745), (0.6678006, 0, 0.7443402), (0.25192192, -0.28714696, -0.9241655), (0, -0.68815416, -0.7255645), (0, -0.68663096, 0.7270062), (0.2510683, -0.2878648, 0.9241745), (0, -0.68815416, -0.7255645), (0, -0.6881542, -0.7255644), (0, -0.68663067, 0.72700644), (0, -0.68663096, 0.7270062), (0, -0.6881542, -0.7255644), (0, -0.68815446, -0.72556424), (0, -0.6866307, 0.72700644), (0, -0.68663067, 0.72700644), (0, -0.68815446, -0.72556424), (-0.2521439, -0.28815174, -0.92379224), (-0.25084913, -0.28686303, 0.9245455), (0, -0.6866307, 0.72700644), (-0.2521439, -0.28815174, -0.92379224), (-0.6677998, 0, -0.7443409), (-0.66637874, 0, 0.7456134), (-0.25084913, -0.28686303, 0.9245455), (-0.6677998, 0, -0.7443409), (-0.6677999, 0, -0.7443408), (-0.6663786, 0, 0.7456135), (-0.66637874, 0, 0.7456134), (-0.6677999, 0, -0.7443408), (-0.66780007, 0, -0.74434066), (-0.66637844, 0, 0.74561375), (-0.6663786, 0, 0.7456135), (-0.66780007, 0, -0.74434066), (-0.25106743, 0.28786528, -0.92417455), (-0.25192323, 0.28714713, 0.9241651), (-0.66637844, 0, 0.74561375), (-0.25106743, 0.28786528, -0.92417455), (0, 0.6866311, -0.727006), (0, 0.6881548, 0.7255639), (-0.25192323, 0.28714713, 0.9241651), (0, 0.6866311, -0.727006), (0, 0.686631, -0.7270061), (0, 0.688155, 0.72556376), (0, 0.6881548, 0.7255639), (0, 0.686631, -0.7270061), (0, 0.6866311, -0.72700596), (0, 0.6881549, 0.72556376), (0, 0.688155, 0.72556376), (0, 0.6866311, -0.72700596), (0.2508484, 0.28686365, -0.9245455), (0.25214475, 0.28815156, 0.923792), (0, 0.6881549, 0.72556376), (0.2508484, 0.28686365, -0.9245455), (0.66637814, 0, -0.74561393), (0.66780025, 0, 0.74434054), (0.25214475, 0.28815156, 0.923792), (0.66637814, 0, -0.74561393), (0.666378, 0, -0.74561405), (0.6678005, 0, 0.74434024), (0.66780025, 0, 0.74434054), (0.666378, 0, -0.74561405), (0.66637784, 0, -0.74561423), (0.6678006, 0, 0.7443402), (0.6678005, 0, 0.74434024), (0, 0, 1), (0, 0, 1), (0, 0, 1), (0, 0, 1), (0, 0, 1), (0, 0, 1), (0, 0, 1), (0, 0, 1), (0, 0, 0.99999994), (0, 0, 0.99999994), (0, 0, 0.99999994), (0, 0, 0.99999994), (0, 0, -1), (0, 0, -1), (0, 0, -1), (0, 0, -1), (0, 0, -1), (0, 0, -1), (0, 0, -1), (0, 0, -1), (0, 0, -0.99999994), (0, 0, -0.99999994), (0, 0, -0.99999994), (0, 0, -0.99999994), (0, 0, 1), (0, 0, 1), (0, 0, 1), (0, 0, 1), (0.099067114, 0, 0.99508077), (0.099067114, 0, 0.99508077), (0.099067114, 0, 0.99508077), (0.099067114, 0, 0.99508077), (0.02590303, 0, -0.9996645), (0.02590303, 0, -0.9996645), (0.02590303, 0, -0.9996645), (0.02590303, 0, -0.9996645), (0.025902921, 0, -0.9996645), (0.025902921, 0, -0.9996645), (0.025902921, 0, -0.9996645), (0.025902921, 0, -0.9996645), (0.025902985, 0, -0.9996645), (0.025902985, 0, -0.9996645), (0.025902985, 0, -0.9996645), (0.025902985, 0, -0.9996645), (0.02590301, 0, -0.9996644), (0.02590301, 0, -0.9996644), (0.02590301, 0, -0.9996644), (0.02590301, 0, -0.9996644), (-0.35246643, 0.9358245, 0), (-0.35246643, 0.9358245, 0), (-0.35246643, 0.9358245, 0), (-0.35246643, 0.9358245, 0), (0, 1, 0), (0, 1, 0), (0, 1, 0), (0, 1, 0), (0, 1, 0), (0, 1, 0), (0, 1, 0), (0, 1, 0), (0, 1, 0), (0, 1, 0), (0, 1, 0), (0, 1, 0), (0, 0, -1), (0, 0, -1), (0, 0, -1), (0, 0, -1), (0, 0, 1), (0, 0, 1), (0, 0, 1), (0, 0, 1), (0, 0, 1), (0, 0, 1), (0, 0, 1), (0, 0, 1), (0, 0, 0.99999994), (0, 0, 0.99999994), (0, 0, 0.99999994), (0, 0, 0.99999994), (0, 0, 1), (0, 0, 1), (0, 0, 1), (0, 0, 1), (0, 0, -1), (0, 0, -1), (0, 0, -1), (0, 0, -1), (0, 1, 0), (0, 1, 0), (0, 1, 0), (0, 1, 0), (0, 0, 1), (0, 0, 1), (0, 0, 1), (0, 0, 1), (0, 0, 1), (0, 0, 1), (0, 0, 1), (0, 0, 1), (0, 0, 0.99999994), (0, 0, 0.99999994), (0, 0, 0.99999994), (0, 0, 0.99999994), (0, 0, -1), (0, 0, -1), (0, 0, -1), (0, 0, -1), (0, 0, 0.99999994), (0, 0, 0.99999994), (0, 0, 0.99999994), (0, 0, 0.99999994), (0, 0, 1), (0, 0, 1), (0, 0, 1), (0, 0, 1), (0.10406326, 0, -0.99457073), (0.10406326, 0, -0.99457073), (0.10406326, 0, -0.99457073), (0.10406326, 0, -0.99457073), (0, 0, -1), (0, 0, -1), (0, 0, -1), (0, 0, -1), (0.10406361, 0, -0.9945707), (0.10406361, 0, -0.9945707), (0.10406361, 0, -0.9945707), (0.10406361, 0, -0.9945707), (0, 0, 0.99999994), (0, 0, 0.99999994), (0, 0, 0.99999994), (0, 0, 0.99999994), (0, 0, -1), (0, 0, -1), (0, 0, -1), (0, 0, -1), (0, 0, -1), (0, 0, -1), (0, 0, -1), (0, 0, -1), (0, 0, 1), (0, 0, 1), (0, 0, 1), (0, 0, 1), (0, 0, -1), (0, 0, -1), (0, 0, -1), (0, 0, -1), (0, 0, 1), (0, 0, 1), (0, 0, 1), (0, 0, 1), (0, 0, -1), (0, 0, -1), (0, 0, -1), (0, 0, -1), (0, 0, -1), (0, 0, -1), (0, 0, -1), (0, 0, -1), (0, 0, -1), (0, 0, -1), (0, 0, -1), (0, 0, -1), (0, 0, -0.99999994), (0, 0, -0.99999994), (0, 0, -0.99999994), (0, 0, -0.99999994), (0, 0, -1), (0, 0, -1), (0, 0, -1), (0, 0, -1), (0, 0, -0.99999994), (0, 0, -0.99999994), (0, 0, -0.99999994), (0, 0, -0.99999994), (0, 0, -1), (0, 0, -1), (0, 0, -1), (0, 0, -1), (0, 0, -0.99999994), (0, 0, -0.99999994), (0, 0, -0.99999994), (0, 0, -0.99999994), (0, 0, -1), (0, 0, -1), (0, 0, -1), (0, 0, -1), (0, 0, 0.99999994), (0, 0, 0.99999994), (0, 0, 0.99999994), (0, 0, 0.99999994), (-1, 0, 0), (-1, 0, 0), (-1, 0, 0), (-1, 0, 0), (0, 0, 1), (0, 0, 1), (0, 0, 1), (0, 0, 1), (-1, 0, 0), (-1, 0, 0), (-1, 0, 0), (-1, 0, 0), (0, 1, 0), (0, 1, 0), (0, 1, 0), (0, 1, 0), (0, 0, 1), (0, 0, 1), (0, 0, 1), (0, 0, 1), (-1, 0, 0), (-1, 0, 0), (-1, 0, 0), (-1, 0, 0), (0, 0, 1), (0, 0, 1), (0, 0, 1), (0, 0, 1), (0, 0, 1), (0, 0, 1), (0, 0, 1), (0, 0, 1), (-1, 0, 0), (-1, 0, 0), (-1, 0, 0), (-1, 0, 0), (0, 0, -1), (0, 0, -1), (0, 0, -1), (0, 0, -1), (0, 0, -1), (0, 0, -1), (0, 0, -1), (0, 0, -1), (-1, 0, 0), (-1, 0, 0), (-1, 0, 0), (-1, 0, 0), (0, 0, -1), (0, 0, -1), (0, 0, -1), (0, 0, -1), (0, 1, 0), (0, 1, 0), (0, 1, 0), (0, 1, 0), (0, 0, 1), (0, 0, 1), (0, 0, 1), (0, 0, 1), (-1, 0, 0), (-1, 0, 0), (-1, 0, 0), (-1, 0, 0), (0, 0, -1), (0, 0, -1), (0, 0, -1), (0, 0, -1), (0, 0, 1), (0, 0, 1), (0, 0, 1), (0, 0, 1), (0, 0, -0.99999994), (0, 0, -0.99999994), (0, 0, -0.99999994), (0, 0, -0.99999994), (0, 0, -0.99999994), (0, 0, -0.99999994), (0, 0, -0.99999994), (0, 0, -0.99999994), (0, 0, 1), (0, 0, 1), (0, 0, 1), (0, 0, 1), (0.104063496, 0, -0.9945706), (0.104063496, 0, -0.9945706), (0.104063496, 0, -0.9945706), (0.104063496, 0, -0.9945706), (0, 0, 1), (0, 0, 1), (0, 0, 1), (0, 0, 1), (-0.11551355, 0, -0.993306), (-0.11551362, 0, -0.993306), (-0.11551309, 0, -0.993306), (-0.115513645, 0, -0.993306), (0.057875056, -0.027546236, -0.99794376), (0, -0.054979734, -0.9984874), (0, -0.054980706, -0.9984874), (0.05787564, -0.02754692, -0.9979437), (-0.11551362, 0, -0.993306), (-0.115513355, 0, -0.99330586), (-0.11551416, 0, -0.99330586), (-0.11551309, 0, -0.993306), (0, 0.05497975, -0.9984875), (0, 0.054979824, -0.9984875), (0, 0.054980192, -0.9984875), (0, 0.054980334, -0.9984875), (0, 0.054979824, -0.9984875), (0, 0.054979715, -0.9984874), (0, 0.054980423, -0.9984874), (0, 0.054980192, -0.9984875), (0.115513206, 0, -0.993306), (0.11551315, 0, -0.993306), (0.11551593, 0, -0.9933057), (0.11551684, 0, -0.9933055), (0.11551315, 0, -0.993306), (0.11551305, 0, -0.993306), (0.115516275, 0, -0.99330556), (0.11551593, 0, -0.9933057), (0, -0.054979734, -0.9984874), (0, -0.054979652, -0.9984875), (0, -0.05498052, -0.9984874), (0, -0.054980706, -0.9984874), (-0.115513355, 0, -0.99330586), (-0.057875328, 0.027546255, -0.9979437), (-0.057875622, 0.02754663, -0.9979437), (-0.11551416, 0, -0.99330586), (0, -0.054979652, -0.9984875), (0, -0.05497974, -0.9984875), (0, -0.05498048, -0.9984874), (0, -0.05498052, -0.9984874), (0, 0.054979715, -0.9984874), (0.057874933, 0.027546272, -0.9979437), (0.05787601, 0.027546814, -0.9979437), (0, 0.054980423, -0.9984874), (-0.057875596, -0.027546331, -0.9979437), (-0.11551355, 0, -0.993306), (-0.115513645, 0, -0.993306), (-0.05787561, -0.027546734, -0.9979437), (0.11551305, 0, -0.993306), (0.057875056, -0.027546236, -0.99794376), (0.05787564, -0.02754692, -0.9979437), (0.115516275, 0, -0.99330556), (-0.057875328, 0.027546255, -0.9979437), (0, 0.05497975, -0.9984875), (0, 0.054980334, -0.9984875), (-0.057875622, 0.02754663, -0.9979437), (0, -0.05497974, -0.9984875), (-0.057875596, -0.027546331, -0.9979437), (-0.05787561, -0.027546734, -0.9979437), (0, -0.05498048, -0.9984874), (0.057874933, 0.027546272, -0.9979437), (0.115513206, 0, -0.993306), (0.11551684, 0, -0.9933055), (0.05787601, 0.027546814, -0.9979437), (-1, 0, -0.0000052787645), (-1, 0, -0.0000052787645), (-1, 0, 0), (-1, 0, 0), (0.70710677, -0.70710677, 0), (0, -1, 0), (0, -1, 0), (0.70710677, -0.70710677, 0), (-1, 0, -0.0000052787645), (-1, 0, -0.0000052787645), (-1, 0, 0), (-1, 0, 0), (0, 1, 0), (0, 1, 0), (0, 1, 0), (0, 1, 0), (0, 1, 0), (0, 1, 0), (0, 1, 0), (0, 1, 0), (1, 0, 0), (1, 0, 0), (1, 0, 0), (1, 0, 0), (1, 0, 0), (1, 0, 0), (1, 0, 0), (1, 0, 0), (0, -1, 0), (0, -1, 0), (0, -1, 0), (0, -1, 0), (-1, 0, -0.0000052787645), (-0.7071056, 0.70710796, -0.0000037326438), (-0.70710677, 0.70710677, 0), (-1, 0, 0), (0, -1, 0), (0, -1, -0.0000025959998), (0, -1, 0), (0, -1, 0), (0, 1, 0), (0.70710677, 0.70710677, 0), (0.70710677, 0.70710677, 0), (0, 1, 0), (-0.7071056, -0.70710796, -0.0000074039613), (-1, 0, -0.0000052787645), (-1, 0, 0), (-0.70710677, -0.70710677, 0), (1, 0, 0), (0.70710677, -0.70710677, 0), (0.70710677, -0.70710677, 0), (1, 0, 0), (-0.7071056, 0.70710796, -0.0000037326438), (0, 1, 0), (0, 1, 0), (-0.70710677, 0.70710677, 0), (0, -1, -0.0000025959998), (-0.7071056, -0.70710796, -0.0000074039613), (-0.70710677, -0.70710677, 0), (0, -1, 0), (0.70710677, 0.70710677, 0), (1, 0, 0), (1, 0, 0), (0.70710677, 0.70710677, 0), (0.70710677, 0.70710677, 0), (1, 0, 0), (1, 0, 0), (0.70710677, 0.70710677, 0), (0, -1, -0.0000051919997), (-0.70710915, -0.7071044, -0.000014807897), (-0.7071056, -0.70710796, -0.0000074039613), (0, -1, -0.0000025959998), (-0.70710915, 0.7071044, -0.0000074653253), (0, 1, 0), (0, 1, 0), (-0.7071056, 0.70710796, -0.0000037326438), (1, 0, 0), (0.70710677, -0.70710677, 0), (0.70710677, -0.70710677, 0), (1, 0, 0), (-0.70710915, -0.7071044, -0.000014807897), (-1, 0, -0.000010557529), (-1, 0, -0.0000052787645), (-0.7071056, -0.70710796, -0.0000074039613), (0, 1, 0), (0.70710677, 0.70710677, 0), (0.70710677, 0.70710677, 0), (0, 1, 0), (0, -1, 0), (0, -1, -0.0000051919997), (0, -1, -0.0000025959998), (0, -1, 0), (-1, 0, -0.000010557529), (-0.70710915, 0.7071044, -0.0000074653253), (-0.7071056, 0.70710796, -0.0000037326438), (-1, 0, -0.0000052787645), (0, -1, 0), (0, -1, 0), (0, -1, 0), (0, -1, 0), (1, 0, 0), (1, 0, 0), (1, 0, 0), (1, 0, 0), (1, 0, 0), (1, 0, 0), (1, 0, 0), (1, 0, 0), (0, 1, 0), (0, 1, 0), (0, 1, 0), (0, 1, 0), (0, 1, 0), (0, 1, 0), (0, 1, 0), (0, 1, 0), (-1, 0, -0.000010557529), (-1, 0, -0.000010557529), (-1, 0, -0.0000052787645), (-1, 0, -0.0000052787645), (0.70710677, -0.70710677, 0), (0, -1, 0), (0, -1, 0), (0.70710677, -0.70710677, 0), (-1, 0, -0.000010557529), (-1, 0, -0.000010557529), (-1, 0, -0.0000052787645), (-1, 0, -0.0000052787645), (-1, 0, 0), (-1, 0, 0), (-1, 0, 0), (-1, 0, 0), (0.70710677, -0.70710677, 0), (0, -1, 0), (0, -1, 0), (0.70710677, -0.70710677, 0), (-1, 0, 0), (-1, 0, 0), (-1, 0, 0), (-1, 0, 0), (0, 1, 0), (0, 1, 0), (0, 1, 0), (0, 1, 0), (0, 1, 0), (0, 1, 0), (0, 1, 0), (0, 1, 0), (1, 0, 0), (1, 0, 0), (1, 0, 0), (1, 0, 0), (1, 0, 0), (1, 0, 0), (1, 0, 0), (1, 0, 0), (0, -1, 0), (0, -1, 0), (0, -1, 0), (0, -1, 0), (-1, 0, 0), (-0.70710677, 0.70710677, 0), (-0.70710677, 0.70710677, 0), (-1, 0, 0), (0, -1, 0), (0, -1, 0), (0, -1, 0), (0, -1, 0), (0, 1, 0), (0.70710677, 0.70710677, 0), (0.70710677, 0.70710677, 0), (0, 1, 0), (-0.70710677, -0.70710677, 0), (-1, 0, 0), (-1, 0, 0), (-0.70710677, -0.70710677, 0), (1, 0, 0), (0.70710677, -0.70710677, 0), (0.70710677, -0.70710677, 0), (1, 0, 0), (-0.70710677, 0.70710677, 0), (0, 1, 0), (0, 1, 0), (-0.70710677, 0.70710677, 0), (0, -1, 0), (-0.70710677, -0.70710677, 0), (-0.70710677, -0.70710677, 0), (0, -1, 0), (0.70710677, 0.70710677, 0), (1, 0, 0), (1, 0, 0), (0.70710677, 0.70710677, 0), (-1, 0, 0), (-1, 0, 0), (-0.7468311, 0, -0.66501373), (-0.7468312, 0, -0.6650137), (0.70710677, -0.70710677, 0), (0, -1, 0), (0, -0.72628474, -0.68739396), (0.58231777, -0.58615834, -0.5633155), (-1, 0, 0), (-1, 0, 0), (-0.74683094, 0, -0.66501385), (-0.7468311, 0, -0.66501373), (0, 1, 0), (0, 1, 0), (0, 0.7262848, -0.6873938), (0, 0.72628486, -0.6873938), (0, 1, 0), (0, 1, 0), (0, 0.72628486, -0.68739384), (0, 0.7262848, -0.6873938), (1, 0, 0), (1, 0, 0), (0.7468308, 0, -0.66501415), (0.7468307, 0, -0.66501427), (1, 0, 0), (1, 0, 0), (0.74683076, 0, -0.6650141), (0.7468308, 0, -0.66501415), (0, -1, 0), (0, -1, 0), (0, -0.7262848, -0.68739384), (0, -0.72628474, -0.68739396), (-1, 0, 0), (-0.70710677, 0.70710677, 0), (-0.58231777, 0.58615845, -0.56331545), (-0.74683094, 0, -0.66501385), (0, -1, 0), (0, -1, 0), (0, -0.7262848, -0.6873938), (0, -0.7262848, -0.68739384), (0, 1, 0), (0.70710677, 0.70710677, 0), (0.58231777, 0.58615845, -0.5633154), (0, 0.72628486, -0.68739384), (-0.70710677, -0.70710677, 0), (-1, 0, 0), (-0.7468312, 0, -0.6650137), (-0.58231777, -0.5861585, -0.5633154), (1, 0, 0), (0.70710677, -0.70710677, 0), (0.58231777, -0.58615834, -0.5633155), (0.74683076, 0, -0.6650141), (-0.70710677, 0.70710677, 0), (0, 1, 0), (0, 0.72628486, -0.6873938), (-0.58231777, 0.58615845, -0.56331545), (0, -1, 0), (-0.70710677, -0.70710677, 0), (-0.58231777, -0.5861585, -0.5633154), (0, -0.7262848, -0.6873938), (0.70710677, 0.70710677, 0), (1, 0, 0), (0.7468307, 0, -0.66501427), (0.58231777, 0.58615845, -0.5633154), (-0.7468312, 0, -0.6650137), (-0.7468311, 0, -0.66501373), (-0.11551362, 0, -0.993306), (-0.11551355, 0, -0.993306), (0.58231777, -0.58615834, -0.5633155), (0, -0.72628474, -0.68739396), (0, -0.054979734, -0.9984874), (0.057875056, -0.027546236, -0.99794376), (-0.7468311, 0, -0.66501373), (-0.74683094, 0, -0.66501385), (-0.115513355, 0, -0.99330586), (-0.11551362, 0, -0.993306), (0, 0.72628486, -0.6873938), (0, 0.7262848, -0.6873938), (0, 0.054979824, -0.9984875), (0, 0.05497975, -0.9984875), (0, 0.7262848, -0.6873938), (0, 0.72628486, -0.68739384), (0, 0.054979715, -0.9984874), (0, 0.054979824, -0.9984875), (0.7468307, 0, -0.66501427), (0.7468308, 0, -0.66501415), (0.11551315, 0, -0.993306), (0.115513206, 0, -0.993306), (0.7468308, 0, -0.66501415), (0.74683076, 0, -0.6650141), (0.11551305, 0, -0.993306), (0.11551315, 0, -0.993306), (0, -0.72628474, -0.68739396), (0, -0.7262848, -0.68739384), (0, -0.054979652, -0.9984875), (0, -0.054979734, -0.9984874), (-0.74683094, 0, -0.66501385), (-0.58231777, 0.58615845, -0.56331545), (-0.057875328, 0.027546255, -0.9979437), (-0.115513355, 0, -0.99330586), (0, -0.7262848, -0.68739384), (0, -0.7262848, -0.6873938), (0, -0.05497974, -0.9984875), (0, -0.054979652, -0.9984875), (0, 0.72628486, -0.68739384), (0.58231777, 0.58615845, -0.5633154), (0.057874933, 0.027546272, -0.9979437), (0, 0.054979715, -0.9984874), (-0.58231777, -0.5861585, -0.5633154), (-0.7468312, 0, -0.6650137), (-0.11551355, 0, -0.993306), (-0.057875596, -0.027546331, -0.9979437), (0.74683076, 0, -0.6650141), (0.58231777, -0.58615834, -0.5633155), (0.057875056, -0.027546236, -0.99794376), (0.11551305, 0, -0.993306), (-0.58231777, 0.58615845, -0.56331545), (0, 0.72628486, -0.6873938), (0, 0.05497975, -0.9984875), (-0.057875328, 0.027546255, -0.9979437), (0, -0.7262848, -0.6873938), (-0.58231777, -0.5861585, -0.5633154), (-0.057875596, -0.027546331, -0.9979437), (0, -0.05497974, -0.9984875), (0.58231777, 0.58615845, -0.5633154), (0.7468307, 0, -0.66501427), (0.115513206, 0, -0.993306), (0.057874933, 0.027546272, -0.9979437), (-0.115513645, 0, -0.993306), (-0.11551309, 0, -0.993306), (0.6656921, 0, -0.7462265), (0.6656922, 0, -0.7462265), (0.05787564, -0.02754692, -0.9979437), (0, -0.054980706, -0.9984874), (0, 0.6866308, -0.7270063), (-0.24777496, 0.28742233, -0.9252005), (-0.11551309, 0, -0.993306), (-0.11551416, 0, -0.99330586), (0.6656917, 0, -0.74622685), (0.6656921, 0, -0.7462265), (0, 0.054980334, -0.9984875), (0, 0.054980192, -0.9984875), (0, -0.688155, -0.7255637), (0, -0.6881552, -0.72556347), (0, 0.054980192, -0.9984875), (0, 0.054980423, -0.9984874), (0, -0.6881549, -0.7255638), (0, -0.688155, -0.7255637), (0.11551684, 0, -0.9933055), (0.11551593, 0, -0.9933057), (-0.6643331, 0, -0.74743676), (-0.6643327, 0, -0.74743694), (0.11551593, 0, -0.9933057), (0.115516275, 0, -0.99330556), (-0.66433305, 0, -0.74743664), (-0.6643331, 0, -0.74743676), (0, -0.054980706, -0.9984874), (0, -0.05498052, -0.9984874), (0, 0.68663096, -0.7270062), (0, 0.6866308, -0.7270063), (-0.11551416, 0, -0.99330586), (-0.057875622, 0.02754663, -0.9979437), (0.24905895, -0.28866595, -0.9244682), (0.6656917, 0, -0.74622685), (0, -0.05498052, -0.9984874), (0, -0.05498048, -0.9984874), (0, 0.68663096, -0.7270062), (0, 0.68663096, -0.7270062), (0, 0.054980423, -0.9984874), (0.05787601, 0.027546814, -0.9979437), (-0.24884737, -0.28770846, -0.92482364), (0, -0.6881549, -0.7255638), (-0.05787561, -0.027546734, -0.9979437), (-0.115513645, 0, -0.993306), (0.6656922, 0, -0.7462265), (0.2479842, 0.28837723, -0.9248473), (0.115516275, 0, -0.99330556), (0.05787564, -0.02754692, -0.9979437), (-0.24777496, 0.28742233, -0.9252005), (-0.66433305, 0, -0.74743664), (-0.057875622, 0.02754663, -0.9979437), (0, 0.054980334, -0.9984875), (0, -0.6881552, -0.72556347), (0.24905895, -0.28866595, -0.9244682), (0, -0.05498048, -0.9984874), (-0.05787561, -0.027546734, -0.9979437), (0.2479842, 0.28837723, -0.9248473), (0, 0.68663096, -0.7270062), (0.05787601, 0.027546814, -0.9979437), (0.11551684, 0, -0.9933055), (-0.6643327, 0, -0.74743694), (-0.24884737, -0.28770846, -0.92482364), (-0.11551244, 0, 0.99330604), (-0.11551229, 0, 0.99330604), (-0.115516484, 0, 0.99330556), (-0.115516864, 0, 0.9933055), (0.05787521, 0.027545916, 0.9979437), (0, 0.054979265, 0.9984875), (0, 0.054980643, 0.9984874), (0.057873674, 0.02754669, 0.9979438), (-0.11551229, 0, 0.99330604), (-0.11551248, 0, 0.993306), (-0.11551684, 0, 0.9933055), (-0.115516484, 0, 0.99330556), (0, -0.05497918, 0.9984875), (0, -0.054979302, 0.9984875), (0, -0.054980885, 0.9984874), (0, -0.054980855, 0.9984874), (0, -0.054979302, 0.9984875), (0, -0.054979295, 0.9984875), (0, -0.054980807, 0.9984874), (0, -0.054980885, 0.9984874), (0.11551125, 0, 0.9933061), (0.1155111, 0, 0.99330616), (0.1155124, 0, 0.99330604), (0.115513034, 0, 0.993306), (0.1155111, 0, 0.99330616), (0.115511104, 0, 0.99330616), (0.11551265, 0, 0.99330604), (0.1155124, 0, 0.99330604), (0, 0.054979265, 0.9984875), (0, 0.054979336, 0.9984875), (0, 0.054980442, 0.9984874), (0, 0.054980643, 0.9984874), (-0.11551248, 0, 0.993306), (-0.05787515, -0.027545998, 0.99794376), (-0.05787547, -0.027546674, 0.9979437), (-0.11551684, 0, 0.9933055), (0, 0.054979336, 0.9984875), (0, 0.05497925, 0.9984875), (0, 0.054980636, 0.9984874), (0, 0.054980442, 0.9984874), (0, -0.054979295, 0.9984875), (0.057875313, -0.027545998, 0.99794376), (0.057873968, -0.027546795, 0.99794376), (0, -0.054980807, 0.9984874), (-0.057875056, 0.02754608, 0.9979437), (-0.11551244, 0, 0.99330604), (-0.115516864, 0, 0.9933055), (-0.05787523, 0.027546855, 0.9979437), (0.115511104, 0, 0.99330616), (0.05787521, 0.027545916, 0.9979437), (0.057873674, 0.02754669, 0.9979438), (0.11551265, 0, 0.99330604), (-0.05787515, -0.027545998, 0.99794376), (0, -0.05497918, 0.9984875), (0, -0.054980855, 0.9984874), (-0.05787547, -0.027546674, 0.9979437), (0, 0.05497925, 0.9984875), (-0.057875056, 0.02754608, 0.9979437), (-0.05787523, 0.027546855, 0.9979437), (0, 0.054980636, 0.9984874), (0.057875313, -0.027545998, 0.99794376), (0.11551125, 0, 0.9933061), (0.115513034, 0, 0.993306), (0.057873968, -0.027546795, 0.99794376), (-1, 0, 0), (-1, 0, 0), (-1, 0, 0), (-1, 0, 0), (0.70710677, 0.70710677, 0), (0, 1, 0), (0, 1, 0), (0.70710677, 0.70710677, 0), (-1, 0, 0), (-1, 0, 0), (-1, 0, 0), (-1, 0, 0), (0, -1, -0.000005191967), (0, -1, -0.000005191967), (0, -1, 0), (0, -1, 0), (0, -1, -0.000005191967), (0, -1, -0.0000051919733), (0, -1, 0), (0, -1, 0), (1, 0, 0), (1, 0, 0), (1, 0, 0), (1, 0, 0), (1, 0, 0), (1, 0, 0), (1, 0, 0), (1, 0, 0), (0, 1, 0), (0, 1, 0), (0, 1, 0), (0, 1, 0), (-1, 0, 0), (-0.70710564, -0.707108, -0.000003671286), (-0.70710677, -0.7071067, 0), (-1, 0, 0), (0, 1, 0), (0, 1, 0), (0, 1, 0), (0, 1, 0), (0, -1, -0.0000051919733), (0.7071056, -0.707108, -0.0000036712859), (0.70710677, -0.70710677, 0), (0, -1, 0), (-0.70710677, 0.7071067, 0), (-1, 0, 0), (-1, 0, 0), (-0.70710677, 0.7071067, 0), (1, 0, 0), (0.70710677, 0.70710677, 0), (0.70710677, 0.70710677, 0), (1, 0, 0), (-0.70710564, -0.707108, -0.000003671286), (0, -1, -0.000005191967), (0, -1, 0), (-0.70710677, -0.7071067, 0), (0, 1, 0), (-0.70710677, 0.7071067, 0), (-0.70710677, 0.7071067, 0), (0, 1, 0), (0.7071056, -0.707108, -0.0000036712859), (1, 0, 0), (1, 0, 0), (0.70710677, -0.70710677, 0), (0.70710915, -0.7071044, -0.000007342534), (1, 0, 0), (1, 0, 0), (0.7071056, -0.707108, -0.0000036712859), (0, 1, 0), (-0.70710677, 0.70710677, 0), (-0.70710677, 0.7071067, 0), (0, 1, 0), (-0.70710915, -0.7071044, -0.000007342534), (0, -1, -0.000010383934), (0, -1, -0.000005191967), (-0.70710564, -0.707108, -0.000003671286), (1, 0, 0), (0.70710677, 0.70710677, 0), (0.70710677, 0.70710677, 0), (1, 0, 0), (-0.70710677, 0.70710677, 0), (-1, 0, 0), (-1, 0, 0), (-0.70710677, 0.7071067, 0), (0, -1, -0.000010383947), (0.70710915, -0.7071044, -0.000007342534), (0.7071056, -0.707108, -0.0000036712859), (0, -1, -0.0000051919733), (0, 1, 0), (0, 1, 0), (0, 1, 0), (0, 1, 0), (-1, 0, 0), (-0.70710915, -0.7071044, -0.000007342534), (-0.70710564, -0.707108, -0.000003671286), (-1, 0, 0), (0, 1, 0), (0, 1, 0), (0, 1, 0), (0, 1, 0), (1, 0, 0), (1, 0, 0), (1, 0, 0), (1, 0, 0), (1, 0, 0), (1, 0, 0), (1, 0, 0), (1, 0, 0), (0, -1, -0.000010383934), (0, -1, -0.000010383947), (0, -1, -0.0000051919733), (0, -1, -0.000005191967), (0, -1, -0.000010383934), (0, -1, -0.000010383934), (0, -1, -0.000005191967), (0, -1, -0.000005191967), (-1, 0, 0), (-1, 0, 0), (-1, 0, 0), (-1, 0, 0), (0.70710677, 0.70710677, 0), (0, 1, 0), (0, 1, 0), (0.70710677, 0.70710677, 0), (-1, 0, 0), (-1, 0, 0), (-1, 0, 0), (-1, 0, 0), (-1, 0, 0), (-1, 0, 0), (-1, 0, 0), (-1, 0, 0), (0.70710677, 0.70710677, 0), (0, 1, 0), (0, 1, 0), (0.4472136, 0.8944272, 0), (-1, 0, 0), (-1, 0, 0), (-1, 0, 0), (-1, 0, 0), (0, -1, 0), (0, -1, 0), (0, -1, 0), (0, -1, 0), (0, -1, 0), (0, -1, 0), (0, -1, 0), (0, -1, 0), (1, 0, 0), (1, 0, 0), (1, 0, 0), (1, 0, 0), (1, 0, 0), (1, 0, 0), (1, 0, 0), (1, 0, 0), (0, 1, 0), (0, 1, 0), (0, 1, 0), (0, 1, 0), (-1, 0, 0), (-0.70710677, -0.7071067, 0), (-0.70710677, -0.7071067, 0), (-1, 0, 0), (0, 1, 0), (0, 1, 0), (0, 1, 0), (0, 1, 0), (0, -1, 0), (0.70710677, -0.70710677, 0), (0.4472136, -0.8944272, 0), (0, -1, 0), (-0.70710677, 0.7071067, 0), (-1, 0, 0), (-1, 0, 0), (-0.70710677, 0.7071067, 0), (1, 0, 0), (0.70710677, 0.70710677, 0), (0.4472136, 0.8944272, 0), (1, 0, 0), (-0.70710677, -0.7071067, 0), (0, -1, 0), (0, -1, 0), (-0.70710677, -0.7071067, 0), (0, 1, 0), (-0.70710677, 0.7071067, 0), (-0.70710677, 0.7071067, 0), (0, 1, 0), (0.70710677, -0.70710677, 0), (1, 0, 0), (1, 0, 0), (0.4472136, -0.8944272, 0), (-1, 0, 0), (-1, 0, 0), (-0.74683076, 0, 0.6650141), (-0.7468308, 0, 0.66501397), (0.4472136, 0.8944272, 0), (0, 1, 0), (0, 0.72628474, 0.6873939), (0.022681534, 0.7208309, 0.6927398), (-1, 0, 0), (-1, 0, 0), (-0.7468309, 0, 0.66501397), (-0.74683076, 0, 0.6650141), (0, -1, 0), (0, -1, 0), (0, -0.72628474, 0.6873939), (0, -0.72628474, 0.6873939), (0, -1, 0), (0, -1, 0), (0, -0.72628474, 0.6873939), (0, -0.72628474, 0.6873939), (0, 0, 1), (0, 0, 1), (0, 0, 1), (0, 0, 1), (0, 0, 1), (0, 0, 1), (0, 0, 1), (0, 0, 1), (0, 1, 0), (0, 1, 0), (0, 0.7262848, 0.68739384), (0, 0.72628474, 0.6873939), (-1, 0, 0), (-0.70710677, -0.7071067, 0), (-0.5823178, -0.5861584, 0.56331545), (-0.7468309, 0, 0.66501397), (0, 1, 0), (0, 1, 0), (0, 0.7262848, 0.6873939), (0, 0.7262848, 0.68739384), (0, -1, 0), (0.4472136, -0.8944272, 0), (0.022681568, -0.7208309, 0.6927398), (0, -0.72628474, 0.6873939), (-0.70710677, 0.7071067, 0), (-1, 0, 0), (-0.7468308, 0, 0.66501397), (-0.5823178, 0.5861584, 0.56331545), (0, 0, 1), (0, 0, 1), (0, 0, 1), (0, 0, 1), (-0.70710677, -0.7071067, 0), (0, -1, 0), (0, -0.72628474, 0.6873939), (-0.5823178, -0.5861584, 0.56331545), (0, 1, 0), (-0.70710677, 0.7071067, 0), (-0.5823178, 0.5861584, 0.56331545), (0, 0.7262848, 0.6873939), (0, 0, -1), (0, 0, -1), (0, 0, -1), (0, 0, -1), (-0.7468308, 0, 0.66501397), (-0.74683076, 0, 0.6650141), (-0.11551229, 0, 0.99330604), (-0.11551244, 0, 0.99330604), (0.022681534, 0.7208309, 0.6927398), (0, 0.72628474, 0.6873939), (0, 0.054979265, 0.9984875), (0.05787521, 0.027545916, 0.9979437), (-0.74683076, 0, 0.6650141), (-0.7468309, 0, 0.66501397), (-0.11551248, 0, 0.993306), (-0.11551229, 0, 0.99330604), (0, -0.72628474, 0.6873939), (0, -0.72628474, 0.6873939), (0, -0.054979302, 0.9984875), (0, -0.05497918, 0.9984875), (0, -0.72628474, 0.6873939), (0, -0.72628474, 0.6873939), (0, -0.054979295, 0.9984875), (0, -0.054979302, 0.9984875), (0.11551317, 0, 0.993306), (0.11551305, 0, 0.993306), (0.1155111, 0, 0.99330616), (0.11551125, 0, 0.9933061), (0.11551305, 0, 0.993306), (0.11551304, 0, 0.993306), (0.115511104, 0, 0.99330616), (0.1155111, 0, 0.99330616), (0, 0.72628474, 0.6873939), (0, 0.7262848, 0.68739384), (0, 0.054979336, 0.9984875), (0, 0.054979265, 0.9984875), (-0.7468309, 0, 0.66501397), (-0.5823178, -0.5861584, 0.56331545), (-0.05787515, -0.027545998, 0.99794376), (-0.11551248, 0, 0.993306), (0, 0.7262848, 0.68739384), (0, 0.7262848, 0.6873939), (0, 0.05497925, 0.9984875), (0, 0.054979336, 0.9984875), (0, -0.72628474, 0.6873939), (0.022681568, -0.7208309, 0.6927398), (0.057875313, -0.027545998, 0.99794376), (0, -0.054979295, 0.9984875), (-0.5823178, 0.5861584, 0.56331545), (-0.7468308, 0, 0.66501397), (-0.11551244, 0, 0.99330604), (-0.057875056, 0.02754608, 0.9979437), (0.11551304, 0, 0.993306), (0.022681534, 0.7208309, 0.6927398), (0.05787521, 0.027545916, 0.9979437), (0.115511104, 0, 0.99330616), (-0.5823178, -0.5861584, 0.56331545), (0, -0.72628474, 0.6873939), (0, -0.05497918, 0.9984875), (-0.05787515, -0.027545998, 0.99794376), (0, 0.7262848, 0.6873939), (-0.5823178, 0.5861584, 0.56331545), (-0.057875056, 0.02754608, 0.9979437), (0, 0.05497925, 0.9984875), (0.022681568, -0.7208309, 0.6927398), (0.11551317, 0, 0.993306), (0.11551125, 0, 0.9933061), (0.057875313, -0.027545998, 0.99794376), (-0.115516864, 0, 0.9933055), (-0.115516484, 0, 0.99330556), (0.66433245, 0, 0.74743724), (0.66433257, 0, 0.7474372), (0.057873674, 0.02754669, 0.9979438), (0, 0.054980643, 0.9984874), (0, -0.6866309, 0.7270062), (-0.247983, -0.28837729, 0.9248475), (-0.115516484, 0, 0.99330556), (-0.11551684, 0, 0.9933055), (0.6643322, 0, 0.7474374), (0.66433245, 0, 0.74743724), (0, -0.054980855, 0.9984874), (0, -0.054980885, 0.9984874), (0, 0.6881544, 0.7255643), (0, 0.6881544, 0.7255643), (0, -0.054980885, 0.9984874), (0, -0.054980807, 0.9984874), (0, 0.6881545, 0.72556406), (0, 0.6881544, 0.7255643), (0.115513034, 0, 0.993306), (0.1155124, 0, 0.99330604), (-0.6656913, 0, 0.7462272), (-0.66569114, 0, 0.7462274), (0.1155124, 0, 0.99330604), (0.11551265, 0, 0.99330604), (-0.6656914, 0, 0.7462272), (-0.6656913, 0, 0.7462272), (0, 0.054980643, 0.9984874), (0, 0.054980442, 0.9984874), (0, -0.68663096, 0.72700614), (0, -0.6866309, 0.7270062), (-0.11551684, 0, 0.9933055), (-0.05787547, -0.027546674, 0.9979437), (0.24884704, 0.28770846, 0.92482376), (0.6643322, 0, 0.7474374), (0, 0.054980442, 0.9984874), (0, 0.054980636, 0.9984874), (0, -0.6866304, 0.7270065), (0, -0.68663096, 0.72700614), (0, -0.054980807, 0.9984874), (0.057873968, -0.027546795, 0.99794376), (-0.24905834, 0.28866592, 0.92446846), (0, 0.6881545, 0.72556406), (-0.05787523, 0.027546855, 0.9979437), (-0.115516864, 0, 0.9933055), (0.66433257, 0, 0.7474372), (0.24777357, -0.28742245, 0.9252008), (0.11551265, 0, 0.99330604), (0.057873674, 0.02754669, 0.9979438), (-0.247983, -0.28837729, 0.9248475), (-0.6656914, 0, 0.7462272), (-0.05787547, -0.027546674, 0.9979437), (0, -0.054980855, 0.9984874), (0, 0.6881544, 0.7255643), (0.24884704, 0.28770846, 0.92482376), (0, 0.054980636, 0.9984874), (-0.05787523, 0.027546855, 0.9979437), (0.24777357, -0.28742245, 0.9252008), (0, -0.6866304, 0.7270065), (0.057873968, -0.027546795, 0.99794376), (0.115513034, 0, 0.993306), (-0.66569114, 0, 0.7462274), (-0.24905834, 0.28866592, 0.92446846), (0.6643322, 0, 0.7474374), (0.24884704, 0.28770846, 0.92482376), (0.2479842, 0.28837723, -0.9248473), (0.6656922, 0, -0.7462265), (0.24884704, 0.28770846, 0.92482376), (0, 0.6881544, 0.7255643), (0, 0.68663096, -0.7270062), (0.2479842, 0.28837723, -0.9248473), (0, 0.6881544, 0.7255643), (0, 0.6881544, 0.7255643), (0, 0.68663096, -0.7270062), (0, 0.68663096, -0.7270062), (0, 0.6881544, 0.7255643), (0, 0.6881545, 0.72556406), (0, 0.6866308, -0.7270063), (0, 0.68663096, -0.7270062), (0, 0.6881545, 0.72556406), (-0.24905834, 0.28866592, 0.92446846), (-0.24777496, 0.28742233, -0.9252005), (0, 0.6866308, -0.7270063), (-0.24905834, 0.28866592, 0.92446846), (-0.66569114, 0, 0.7462274), (-0.66433305, 0, -0.74743664), (-0.24777496, 0.28742233, -0.9252005), (-0.66569114, 0, 0.7462274), (-0.6656913, 0, 0.7462272), (-0.6643331, 0, -0.74743676), (-0.66433305, 0, -0.74743664), (-0.6656913, 0, 0.7462272), (-0.6656914, 0, 0.7462272), (-0.6643327, 0, -0.74743694), (-0.6643331, 0, -0.74743676), (-0.6656914, 0, 0.7462272), (-0.247983, -0.28837729, 0.9248475), (-0.24884737, -0.28770846, -0.92482364), (-0.6643327, 0, -0.74743694), (-0.247983, -0.28837729, 0.9248475), (0, -0.6866309, 0.7270062), (0, -0.6881549, -0.7255638), (-0.24884737, -0.28770846, -0.92482364), (0, -0.6866309, 0.7270062), (0, -0.68663096, 0.72700614), (0, -0.688155, -0.7255637), (0, -0.6881549, -0.7255638), (0, -0.68663096, 0.72700614), (0, -0.6866304, 0.7270065), (0, -0.6881552, -0.72556347), (0, -0.688155, -0.7255637), (0, -0.6866304, 0.7270065), (0.24777357, -0.28742245, 0.9252008), (0.24905895, -0.28866595, -0.9244682), (0, -0.6881552, -0.72556347), (0.24777357, -0.28742245, 0.9252008), (0.66433257, 0, 0.7474372), (0.6656917, 0, -0.74622685), (0.24905895, -0.28866595, -0.9244682), (0.66433257, 0, 0.7474372), (0.66433245, 0, 0.74743724), (0.6656921, 0, -0.7462265), (0.6656917, 0, -0.74622685), (0.66433245, 0, 0.74743724), (0.6643322, 0, 0.7474374), (0.6656922, 0, -0.7462265), (0.6656921, 0, -0.7462265), (0, 0, -1), (0, 0, -1), (0, 0, -1), (0, 0, -1), (0, 0, -1), (0, 0, -1), (0, 0, -1), (0, 0, -1), (0, 0, -0.99999994), (0, 0, -0.99999994), (0, 0, -0.99999994), (0, 0, -0.99999994), (0, 0, 1), (0, 0, 1), (0, 0, 1), (0, 0, 1), (0, 0, 1), (0, 0, 1), (0, 0, 1), (0, 0, 1), (0, 0, 0.99999994), (0, 0, 0.99999994), (0, 0, 0.99999994), (0, 0, 0.99999994), (0, 0, -1), (0, 0, -1), (0, 0, -1), (0, 0, -1), (0.10406338, 0, -0.9945707), (0.10406338, 0, -0.9945707), (0.10406338, 0, -0.9945707), (0.10406338, 0, -0.9945707), (0.0272224, 0, 0.9996294), (0.0272224, 0, 0.9996294), (0.0272224, 0, 0.9996294), (0.0272224, 0, 0.9996294), (0.02722229, 0, 0.99962944), (0.02722229, 0, 0.99962944), (0.02722229, 0, 0.99962944), (0.02722229, 0, 0.99962944), (0.027222447, 0, 0.9996294), (0.027222447, 0, 0.9996294), (0.027222447, 0, 0.9996294), (0.027222447, 0, 0.9996294), (0.027222376, 0, 0.9996294), (0.027222376, 0, 0.9996294), (0.027222376, 0, 0.9996294), (0.027222376, 0, 0.9996294), (-0.36805105, -0.9298056, 0), (-0.36805105, -0.9298056, 0), (-0.36805105, -0.9298056, 0), (-0.36805105, -0.9298056, 0), (0, -1, 0), (0, -1, 0), (0, -1, 0), (0, -1, 0), (0, -1, 0), (0, -1, 0), (0, -1, 0), (0, -1, 0), (0, -1, 0), (0, -1, 0), (0, -1, 0), (0, -1, 0)] (
                interpolation = "faceVarying"
            )
            point3f[] points = [(-0.97861385, -0.90886354, -0.032968454), (-0.9219155, -0.4088635, -0.032968454), (-0.47861385, 0.907266, -0.027851395), (0.021386152, 1.0613998, -0.032968454), (-0.97861385, 0.091136456, -0.032968454), (0.021386152, -0.90886354, -0.032968454), (-0.9219155, -0.90886354, -0.032968454), (-0.97861385, 1.0136834, -0.027851395), (0.021386152, 0.091136456, -0.032968454), (-0.97861385, -0.4088635, -0.032968454), (-0.9219155, 0.091136456, -0.032968454), (-0.47861385, 1.0613998, -0.032968454), (0.021386152, 1.0613998, -0.027851395), (-0.97861385, 0.59113646, -0.032968454), (-0.47861385, -0.90886354, -0.032968454), (-0.47861385, 0.907266, -0.032968454), (0.021386152, 0.907266, -0.027851395), (0.021386152, 0.59113646, -0.032968454), (0.021386152, -0.4088635, -0.032968454), (-0.47861385, 0.091136456, -0.032968454), (-0.97861385, 1.0136834, -0.032968454), (-0.9219155, 1.0136834, -0.032968454), (-0.47861385, -0.4088635, -0.032968454), (-0.47861385, 0.59113646, -0.032968454), (-0.47861385, 1.0136834, -0.027851395), (-0.97861385, -0.4088635, -0.027851395), (-0.97861385, -0.90886354, -0.027851395), (0.021386152, 1.0136834, -0.027851395), (-0.47861385, 0.84113646, -0.027851395), (-0.97861385, 0.84113646, -0.027851395), (0.021386152, 0.84113646, -0.027851395), (-0.47861385, 1.0613998, -0.027851395), (-0.9219155, 0.907266, -0.032968454), (-0.97861385, 0.59113646, -0.027851395), (-0.97861385, 0.091136456, -0.027851395), (-0.47861385, -0.90886354, -0.027851395), (0.021386152, -0.90886354, -0.027851395), (-0.47861385, 0.84113646, -0.032968454), (-0.97861385, 0.84113646, -0.032968454), (0.021386152, 0.84113646, -0.032968454), (-0.47861385, 1.0136834, -0.032968454), (0.021386152, 0.59113646, -0.027851395), (0.021386152, -0.4088635, -0.027851395), (0.021386152, 0.091136456, -0.027851395), (-0.47861385, 0.091136456, -0.027851395), (-0.97861385, 1.0613998, -0.027851395), (-0.97861385, 1.0613998, -0.032968454), (-0.47861385, -0.4088635, -0.027851395), (-0.47861385, 0.59113646, -0.027851395), (-0.9219155, 0.59113646, -0.032968454), (-0.9219155, 0.091136456, -0.027851395), (-0.9219155, 0.84113646, -0.032968454), (-0.9219155, -0.90886354, -0.027851395), (-0.9219155, 0.84113646, -0.027851395), (-0.9219155, -0.4088635, -0.027851395), (-0.9219155, 0.59113646, -0.027851395), (0.021386152, 1.0136834, -0.032968454), (-0.9219155, 1.0613998, -0.032968454), (-0.97861385, 0.907266, -0.032968454), (-0.97861385, 0.907266, -0.027851395), (-0.9219155, 1.0136834, -0.027851395), (-0.9219155, 0.907266, -0.027851395), (-0.9219155, 1.0613998, -0.027851395), (0.021386152, 0.907266, -0.032968454), (-1.1351101, 1.0069263, 0.008036971), (-1.0349344, 1.1028197, 0.008036971), (-1.1351101, 0.9589796, 0.008036971), (-1.0683262, 0.9110329, 0.008036971), (-1.0349344, 0.9110329, 0.008036971), (-1.0015424, 1.0069263, 0.008036971), (-1.0015424, 1.054873, 0.008036971), (-1.0683262, 1.1028197, 0.008036971), (-1.1351101, 0.9110329, 0.008036971), (-1.1017182, 1.1028197, 0.008036971), (-1.0015424, 0.9110329, 0.008036971), (-1.1351101, 1.054873, 0.008036971), (-1.0015424, 1.1028197, 0.008036971), (-1.1017182, 0.9110329, 0.008036971), (-1.0015424, 0.9589796, 0.008036971), (-1.1351101, 1.1028197, 0.008036971), (-1.13511, 1.0069263, 0.030619755), (-1.0349344, 1.1028197, 0.030619755), (-1.13511, 0.9589796, 0.030619755), (-1.0683262, 0.9110329, 0.030619755), (-1.0349344, 0.9110329, 0.030619755), (-1.0015424, 1.0069263, 0.030619755), (-1.0015424, 1.054873, 0.030619755), (-1.0683262, 1.1028197, 0.030619755), (-1.13511, 0.9110329, 0.030619755), (-1.1017182, 1.1028197, 0.030619755), (-1.0015424, 0.9110329, 0.030619755), (-1.13511, 1.054873, 0.030619755), (-1.0015424, 1.1028197, 0.030619755), (-1.1017182, 0.9110329, 0.030619755), (-1.0015424, 0.9589796, 0.030619755), (-1.13511, 1.1028197, 0.030619755), (-1.13511, 1.054873, 0.01932837), (-1.0015424, 1.1028197, 0.01932837), (-1.1017182, 0.9110329, 0.01932837), (-1.0015424, 0.9589796, 0.01932837), (-1.13511, 1.1028197, 0.01932837), (-1.13511, 1.0069263, 0.01932837), (-1.0349344, 1.1028197, 0.01932837), (-1.13511, 0.9589796, 0.01932837), (-1.0683262, 0.9110329, 0.01932837), (-1.0349344, 0.9110329, 0.01932837), (-1.0015424, 1.0069263, 0.01932837), (-1.0015424, 1.054873, 0.01932837), (-1.0683262, 1.1028197, 0.01932837), (-1.13511, 0.9110329, 0.01932837), (-1.1017182, 1.1028197, 0.01932837), (-1.0015424, 0.9110329, 0.01932837), (-1.13511, 1.0069263, 0.041911155), (-1.0349344, 1.1028197, 0.041911155), (-1.13511, 0.9589796, 0.041911155), (-1.0683262, 0.9110329, 0.041911155), (-1.0349344, 0.9110329, 0.041911155), (-1.0015424, 1.0069263, 0.041911155), (-1.0015424, 1.054873, 0.041911155), (-1.0683262, 1.1028197, 0.041911155), (-1.13511, 0.9110329, 0.041911155), (-1.1017182, 1.1028197, 0.041911155), (-1.0015424, 0.9110329, 0.041911155), (-1.13511, 1.054873, 0.041911155), (-1.0015424, 1.1028197, 0.041911155), (-1.1017182, 0.9110329, 0.041911155), (-1.0015424, 0.9589796, 0.041911155), (-1.13511, 1.1028197, 0.041911155), (-1.13511, 1.0069263, 0.04992619), (-1.0349344, 1.1028197, 0.04992619), (-1.13511, 0.9589796, 0.04992619), (-1.0683262, 0.9110329, 0.04992619), (-1.0349344, 0.9110329, 0.04992619), (-1.0015424, 1.0069263, 0.04992619), (-1.0015424, 1.054873, 0.04992619), (-1.0683262, 1.1028197, 0.04992619), (-1.13511, 0.9110329, 0.04992619), (-1.1017182, 1.1028197, 0.04992619), (-1.0015424, 0.9110329, 0.04992619), (-1.13511, 1.054873, 0.04992619), (-1.0015424, 1.1028197, 0.04992619), (-1.1017182, 0.9110329, 0.04992619), (-1.0015424, 0.9589796, 0.04992619), (-1.13511, 1.1028197, 0.04992619), (-1.1203052, 1.0069263, 0.051564366), (-1.0423368, 1.0730685, 0.051564366), (-1.1203052, 0.97385514, 0.051564366), (-1.0683262, 0.94078404, 0.051564366), (-1.0423368, 0.94078404, 0.051564366), (-1.0163473, 1.0069263, 0.051564366), (-1.0163473, 1.0399973, 0.051564366), (-1.0683262, 1.0730685, 0.051564366), (-1.1203052, 0.94078404, 0.051564366), (-1.0943156, 1.0730685, 0.051564366), (-1.0163473, 0.94078404, 0.051564366), (-1.1203052, 1.0399973, 0.051564366), (-1.0163473, 1.0730685, 0.051564366), (-1.0943156, 0.94078404, 0.051564366), (-1.0163473, 0.97385514, 0.051564366), (-1.1203052, 1.0730685, 0.051564366), (-1.1129028, 1.0069263, 0.052383468), (-1.046038, 1.058193, 0.052383468), (-1.1129028, 0.9812929, 0.052383468), (-1.0683262, 0.9556596, 0.052383468), (-1.046038, 0.9556596, 0.052383468), (-1.0237497, 1.0069263, 0.052383468), (-1.0237497, 1.0325596, 0.052383468), (-1.0683262, 1.058193, 0.052383468), (-1.1129028, 0.9556596, 0.052383468), (-1.0906144, 1.058193, 0.052383468), (-1.0237497, 0.9556596, 0.052383468), (-1.1129028, 1.0325596, 0.052383468), (-1.0237497, 1.058193, 0.052383468), (-1.0906144, 0.9556596, 0.052383468), (-1.0237497, 0.9812929, 0.052383468), (-1.1129028, 1.058193, 0.052383468), (-1.115541, 1.0352104, 0.05209154), (-1.0211115, 1.0634946, 0.05209154), (-1.0919336, 0.950358, 0.05209154), (-1.0211115, 0.9786421, 0.05209154), (-1.115541, 1.0634946, 0.05209154), (-1.115541, 1.0069263, 0.05209154), (-1.0447189, 1.0634946, 0.05209154), (-1.115541, 0.9786421, 0.05209154), (-1.0683262, 0.950358, 0.05209154), (-1.0447189, 0.950358, 0.05209154), (-1.0211115, 1.0069263, 0.05209154), (-1.0211115, 1.0352104, 0.05209154), (-1.0683262, 1.0634946, 0.05209154), (-1.115541, 0.950358, 0.05209154), (-1.0919336, 1.0634946, 0.05209154), (-1.0211115, 0.950358, 0.05209154), (-1.1352787, 1.0067407, 0.008322284), (-1.0351031, 0.91084737, 0.008322284), (-1.1352787, 1.0546874, 0.008322284), (-1.0684949, 1.1026341, 0.008322284), (-1.0351031, 1.1026341, 0.008322284), (-1.0017111, 1.0067407, 0.008322284), (-1.0017111, 0.95879406, 0.008322284), (-1.0684949, 0.91084737, 0.008322284), (-1.1352787, 1.1026341, 0.008322284), (-1.1018869, 0.91084737, 0.008322284), (-1.0017111, 1.1026341, 0.008322284), (-1.1352787, 0.95879406, 0.008322284), (-1.0017111, 0.91084737, 0.008322284), (-1.1018869, 1.1026341, 0.008322284), (-1.0017111, 1.0546874, 0.008322284), (-1.1352787, 0.91084737, 0.008322284), (-1.1352787, 1.0067408, -0.014260508), (-1.0351031, 0.91084737, -0.014260508), (-1.1352787, 1.0546875, -0.014260508), (-1.0684949, 1.1026342, -0.014260508), (-1.0351031, 1.1026342, -0.014260508), (-1.0017111, 1.0067408, -0.014260508), (-1.0017111, 0.95879406, -0.014260508), (-1.0684949, 0.91084737, -0.014260508), (-1.1352787, 1.1026342, -0.014260508), (-1.1018869, 0.91084737, -0.014260508), (-1.0017111, 1.1026342, -0.014260508), (-1.1352787, 0.95879406, -0.014260508), (-1.0017111, 0.91084737, -0.014260508), (-1.1018869, 1.1026342, -0.014260508), (-1.0017111, 1.0546875, -0.014260508), (-1.1352787, 0.91084737, -0.014260508), (-1.1352787, 0.95879406, -0.002969116), (-1.0017111, 0.91084737, -0.002969116), (-1.1018869, 1.1026342, -0.002969116), (-1.0017111, 1.0546875, -0.002969116), (-1.1352787, 0.91084737, -0.002969116), (-1.1352787, 1.0067408, -0.002969116), (-1.0351031, 0.91084737, -0.002969116), (-1.1352787, 1.0546875, -0.002969116), (-1.0684949, 1.1026342, -0.002969116), (-1.0351031, 1.1026342, -0.002969116), (-1.0017111, 1.0067408, -0.002969116), (-1.0017111, 0.95879406, -0.002969116), (-1.0684949, 0.91084737, -0.002969116), (-1.1352787, 1.1026342, -0.002969116), (-1.1018869, 0.91084737, -0.002969116), (-1.0017111, 1.1026342, -0.002969116), (-1.1352787, 1.0067408, -0.0255519), (-1.0351031, 0.91084737, -0.0255519), (-1.1352787, 1.0546875, -0.0255519), (-1.0684949, 1.1026342, -0.0255519), (-1.0351031, 1.1026342, -0.0255519), (-1.0017111, 1.0067408, -0.0255519), (-1.0017111, 0.95879406, -0.0255519), (-1.0684949, 0.91084737, -0.0255519), (-1.1352787, 1.1026342, -0.0255519), (-1.1018869, 0.91084737, -0.0255519), (-1.0017111, 1.1026342, -0.0255519), (-1.1352787, 0.95879406, -0.0255519), (-1.0017111, 0.91084737, -0.0255519), (-1.1018869, 1.1026342, -0.0255519), (-1.0017111, 1.0546875, -0.0255519), (-1.1352787, 0.91084737, -0.0255519), (-1.1352787, 1.0067408, -0.033566944), (-1.0351031, 0.91084737, -0.033566944), (-1.1352787, 1.0546875, -0.033566944), (-1.0684949, 1.1026342, -0.033566944), (-1.0351031, 1.1026342, -0.033566944), (-1.0017111, 1.0067408, -0.033566944), (-1.0017111, 0.95879406, -0.033566944), (-1.0684949, 0.91084737, -0.033566944), (-1.1352787, 1.1026342, -0.033566944), (-1.1018869, 0.91084737, -0.033566944), (-1.0017111, 1.1026342, -0.033566944), (-1.1352787, 0.95879406, -0.033566944), (-1.0017111, 0.91084737, -0.033566944), (-1.1018869, 1.1026342, -0.033566944), (-1.0017111, 1.0546875, -0.033566944), (-1.1352787, 0.91084737, -0.033566944), (-1.1204739, 1.0067408, -0.03520512), (-1.0425055, 0.94059855, -0.03520512), (-1.1204739, 1.039812, -0.03520512), (-1.0684949, 1.072883, -0.03520512), (-1.0425055, 1.072883, -0.03520512), (-1.016516, 1.0067408, -0.03520512), (-1.016516, 0.9736697, -0.03520512), (-1.0684949, 0.94059855, -0.03520512), (-1.1204739, 1.072883, -0.03520512), (-1.0944844, 0.94059855, -0.03520512), (-1.016516, 1.072883, -0.03520512), (-1.1204739, 0.9736697, -0.03520512), (-1.016516, 0.94059855, -0.03520512), (-1.0944844, 1.072883, -0.03520512), (-1.016516, 1.039812, -0.03520512), (-1.1204739, 0.94059855, -0.03520512), (-1.1130714, 1.0067408, -0.03602422), (-1.0462067, 0.95547414, -0.03602422), (-1.1130714, 1.0323741, -0.03602422), (-1.0684949, 1.0580075, -0.03602422), (-1.0462067, 1.0580075, -0.03602422), (-1.0239185, 1.0067408, -0.03602422), (-1.0239185, 0.9811075, -0.03602422), (-1.0684949, 0.95547414, -0.03602422), (-1.1130714, 1.0580075, -0.03602422), (-1.0907831, 0.95547414, -0.03602422), (-1.0239185, 1.0580075, -0.03602422), (-1.1130714, 0.9811075, -0.03602422), (-1.0239185, 0.95547414, -0.03602422), (-1.0907831, 1.0580075, -0.03602422), (-1.0239185, 1.0323741, -0.03602422), (-1.1130714, 0.95547414, -0.03602422), (-1.1157097, 0.9784567, -0.035732284), (-1.0212803, 0.9501725, -0.035732284), (-1.0921023, 1.0633091, -0.035732284), (-1.0212803, 1.035025, -0.035732284), (-1.1157097, 0.9501725, -0.035732284), (-1.1157097, 1.0067408, -0.035732284), (-1.0448875, 0.9501725, -0.035732284), (-1.1157097, 1.035025, -0.035732284), (-1.0684949, 1.0633091, -0.035732284), (-1.0448875, 1.0633091, -0.035732284), (-1.0212803, 1.0067408, -0.035732284), (-1.0212803, 0.9784567, -0.035732284), (-1.0684949, 0.9501725, -0.035732284), (-1.1157097, 1.0633091, -0.035732284), (-1.0921023, 0.9501725, -0.035732284), (-1.0212803, 1.0633091, -0.035732284), (-0.47861385, 1.1113335, -0.027851395), (0.021386152, 1.1113335, -0.027851395), (-0.47861385, 1.1113335, -0.032968454), (0.021386152, 1.1113335, -0.032968454), (-0.9219155, 1.1113335, -0.027851395), (-0.97861385, 1.1113335, -0.027851395), (-0.97861385, 1.1113335, -0.032968454), (-0.9219155, 1.1113335, -0.032968454), (-0.47861385, 0.9672922, -0.027851395), (0.021386152, 0.9672922, -0.027851395), (-0.47861385, 0.9672922, -0.032968454), (0.021386152, 0.9672922, -0.032968454), (-0.9219155, 0.9672922, -0.027851395), (-0.9219155, 0.9672922, -0.032968454), (-0.97861385, 0.9672922, -0.032968454), (-0.97861385, 0.9672922, -0.027851395), (0.96869236, -0.90886354, -0.032968458), (0.9147438, -0.4088635, -0.032968458), (0.49294215, 0.907266, -0.027851397), (0.017191935, 1.0613998, -0.032968458), (0.96869236, 0.091136456, -0.032968458), (0.017191935, -0.90886354, -0.032968458), (0.9147438, -0.90886354, -0.032968458), (0.96869236, 1.0136834, -0.027851397), (0.017191935, 0.091136456, -0.032968458), (0.96869236, -0.4088635, -0.032968458), (0.9147438, 0.091136456, -0.032968458), (0.49294215, 1.0613998, -0.032968458), (0.017191935, 1.0613998, -0.027851397), (0.96869236, 0.59113646, -0.032968458), (0.49294215, -0.90886354, -0.032968458), (0.49294215, 0.907266, -0.032968458), (0.017191935, 0.907266, -0.027851397), (0.017191935, 0.59113646, -0.032968458), (0.017191935, -0.4088635, -0.032968458), (0.49294215, 0.091136456, -0.032968458), (0.96869236, 1.0136834, -0.032968458), (0.9147438, 1.0136834, -0.032968458), (0.49294215, -0.4088635, -0.032968458), (0.49294215, 0.59113646, -0.032968458), (0.49294215, 1.0136834, -0.027851397), (0.96869236, -0.4088635, -0.027851397), (0.96869236, -0.90886354, -0.027851397), (0.017191935, 1.0136834, -0.027851397), (0.49294215, 0.84113646, -0.027851397), (0.96869236, 0.84113646, -0.027851397), (0.017191935, 0.84113646, -0.027851397), (0.49294215, 1.0613998, -0.027851397), (0.9147438, 0.907266, -0.032968458), (0.96869236, 0.59113646, -0.027851397), (0.96869236, 0.091136456, -0.027851397), (0.49294215, -0.90886354, -0.027851397), (0.017191935, -0.90886354, -0.027851397), (0.49294215, 0.84113646, -0.032968458), (0.96869236, 0.84113646, -0.032968458), (0.017191935, 0.84113646, -0.032968458), (0.49294215, 1.0136834, -0.032968458), (0.017191935, 0.59113646, -0.027851397), (0.017191935, -0.4088635, -0.027851397), (0.017191935, 0.091136456, -0.027851397), (0.49294215, 0.091136456, -0.027851397), (0.96869236, 1.0613998, -0.027851397), (0.96869236, 1.0613998, -0.032968458), (0.49294215, -0.4088635, -0.027851397), (0.49294215, 0.59113646, -0.027851397), (0.9147438, 0.59113646, -0.032968458), (0.9147438, 0.091136456, -0.027851397), (0.9147438, 0.84113646, -0.032968458), (0.9147438, -0.90886354, -0.027851397), (0.9147438, 0.84113646, -0.027851397), (0.9147438, -0.4088635, -0.027851397), (0.9147438, 0.59113646, -0.027851397), (0.017191935, 1.0136834, -0.032968458), (0.9147438, 1.0613998, -0.032968458), (0.96869236, 0.907266, -0.032968458), (0.96869236, 0.907266, -0.027851397), (0.9147438, 1.0136834, -0.027851397), (0.9147438, 0.907266, -0.027851397), (0.9147438, 1.0613998, -0.027851397), (0.017191935, 0.907266, -0.032968458), (1.1175987, 1.0069263, 0.008036968), (1.0222814, 1.1028197, 0.008036968), (1.1175987, 0.9589796, 0.008036968), (1.0540538, 0.9110329, 0.008036968), (1.0222814, 0.9110329, 0.008036968), (0.9905089, 1.0069263, 0.008036968), (0.9905089, 1.054873, 0.008036968), (1.0540538, 1.1028197, 0.008036968), (1.1175987, 0.9110329, 0.008036968), (1.0858263, 1.1028197, 0.008036968), (0.9905089, 0.9110329, 0.008036968), (1.1175987, 1.054873, 0.008036968), (0.9905089, 1.1028197, 0.008036968), (1.0858263, 0.9110329, 0.008036968), (0.9905089, 0.9589796, 0.008036968), (1.1175987, 1.1028197, 0.008036968), (1.1175985, 1.0069263, 0.030619754), (1.0222814, 1.1028197, 0.030619754), (1.1175985, 0.9589796, 0.030619754), (1.0540538, 0.9110329, 0.030619754), (1.0222814, 0.9110329, 0.030619754), (0.9905089, 1.0069263, 0.030619754), (0.9905089, 1.054873, 0.030619754), (1.0540538, 1.1028197, 0.030619754), (1.1175985, 0.9110329, 0.030619754), (1.0858263, 1.1028197, 0.030619754), (0.9905089, 0.9110329, 0.030619754), (1.1175985, 1.054873, 0.030619754), (0.9905089, 1.1028197, 0.030619754), (1.0858263, 0.9110329, 0.030619754), (0.9905089, 0.9589796, 0.030619754), (1.1175985, 1.1028197, 0.030619754), (1.1175985, 1.054873, 0.019328369), (0.9905089, 1.1028197, 0.019328369), (1.0858263, 0.9110329, 0.019328369), (0.9905089, 0.9589796, 0.019328369), (1.1175985, 1.1028197, 0.019328369), (1.1175985, 1.0069263, 0.019328369), (1.0222814, 1.1028197, 0.019328369), (1.1175985, 0.9589796, 0.019328369), (1.0540538, 0.9110329, 0.019328369), (1.0222814, 0.9110329, 0.019328369), (0.9905089, 1.0069263, 0.019328369), (0.9905089, 1.054873, 0.019328369), (1.0540538, 1.1028197, 0.019328369), (1.1175985, 0.9110329, 0.019328369), (1.0858263, 1.1028197, 0.019328369), (0.9905089, 0.9110329, 0.019328369), (1.1175985, 1.0069263, 0.04191115), (1.0222814, 1.1028197, 0.04191115), (1.1175985, 0.9589796, 0.04191115), (1.0540538, 0.9110329, 0.04191115), (1.0222814, 0.9110329, 0.04191115), (0.9905089, 1.0069263, 0.04191115), (0.9905089, 1.054873, 0.04191115), (1.0540538, 1.1028197, 0.04191115), (1.1175985, 0.9110329, 0.04191115), (1.0858263, 1.1028197, 0.04191115), (0.9905089, 0.9110329, 0.04191115), (1.1175985, 1.054873, 0.04191115), (0.9905089, 1.1028197, 0.04191115), (1.0858263, 0.9110329, 0.04191115), (0.9905089, 0.9589796, 0.04191115), (1.1175985, 1.1028197, 0.04191115), (1.1175985, 1.0069263, 0.049926188), (1.0222814, 1.1028197, 0.049926188), (1.1175985, 0.9589796, 0.049926188), (1.0540538, 0.9110329, 0.049926188), (1.0222814, 0.9110329, 0.049926188), (0.9905089, 1.0069263, 0.049926188), (0.9905089, 1.054873, 0.049926188), (1.0540538, 1.1028197, 0.049926188), (1.1175985, 0.9110329, 0.049926188), (1.0858263, 1.1028197, 0.049926188), (0.9905089, 0.9110329, 0.049926188), (1.1175985, 1.054873, 0.049926188), (0.9905089, 1.1028197, 0.049926188), (1.0858263, 0.9110329, 0.049926188), (0.9905089, 0.9589796, 0.049926188), (1.1175985, 1.1028197, 0.049926188), (1.1035118, 1.0069263, 0.051564362), (1.0293248, 1.0730685, 0.051564362), (1.1035118, 0.97385514, 0.051564362), (1.0540538, 0.94078404, 0.051564362), (1.0293248, 0.94078404, 0.051564362), (1.0045958, 1.0069263, 0.051564362), (1.0045958, 1.0399973, 0.051564362), (1.0540538, 1.0730685, 0.051564362), (1.1035118, 0.94078404, 0.051564362), (1.0787827, 1.0730685, 0.051564362), (1.0045958, 0.94078404, 0.051564362), (1.1035118, 1.0399973, 0.051564362), (1.0045958, 1.0730685, 0.051564362), (1.0787827, 0.94078404, 0.051564362), (1.0045958, 0.97385514, 0.051564362), (1.1035118, 1.0730685, 0.051564362), (1.0964683, 1.0069263, 0.052383464), (1.0328465, 1.058193, 0.052383464), (1.0964683, 0.9812929, 0.052383464), (1.0540538, 0.9556596, 0.052383464), (1.0328465, 0.9556596, 0.052383464), (1.0116391, 1.0069263, 0.052383464), (1.0116391, 1.0325596, 0.052383464), (1.0540538, 1.058193, 0.052383464), (1.0964683, 0.9556596, 0.052383464), (1.075261, 1.058193, 0.052383464), (1.0116391, 0.9556596, 0.052383464), (1.0964683, 1.0325596, 0.052383464), (1.0116391, 1.058193, 0.052383464), (1.075261, 0.9556596, 0.052383464), (1.0116391, 0.9812929, 0.052383464), (1.0964683, 1.058193, 0.052383464), (1.0989786, 1.0352104, 0.052091535), (1.0091289, 1.0634946, 0.052091535), (1.0765162, 0.950358, 0.052091535), (1.0091289, 0.9786421, 0.052091535), (1.0989786, 1.0634946, 0.052091535), (1.0989786, 1.0069263, 0.052091535), (1.0315913, 1.0634946, 0.052091535), (1.0989786, 0.9786421, 0.052091535), (1.0540538, 0.950358, 0.052091535), (1.0315913, 0.950358, 0.052091535), (1.0091289, 1.0069263, 0.052091535), (1.0091289, 1.0352104, 0.052091535), (1.0540538, 1.0634946, 0.052091535), (1.0989786, 0.950358, 0.052091535), (1.0765162, 1.0634946, 0.052091535), (1.0091289, 0.950358, 0.052091535), (1.1177591, 1.0067407, 0.008322281), (1.0224419, 0.91084737, 0.008322281), (1.1177591, 1.0546874, 0.008322281), (1.0542142, 1.1026341, 0.008322281), (1.0224419, 1.1026341, 0.008322281), (0.9906694, 1.0067407, 0.008322281), (0.9906694, 0.95879406, 0.008322281), (1.0542142, 0.91084737, 0.008322281), (1.1177591, 1.1026341, 0.008322281), (1.0859867, 0.91084737, 0.008322281), (0.9906694, 1.1026341, 0.008322281), (1.1177591, 0.95879406, 0.008322281), (0.9906694, 0.91084737, 0.008322281), (1.0859867, 1.1026341, 0.008322281), (0.9906694, 1.0546874, 0.008322281), (1.1177591, 0.91084737, 0.008322281), (1.1177591, 1.0067408, -0.014260511), (1.0224419, 0.91084737, -0.014260511), (1.1177591, 1.0546875, -0.014260511), (1.0542142, 1.1026342, -0.014260511), (1.0224419, 1.1026342, -0.014260511), (0.9906694, 1.0067408, -0.014260511), (0.9906694, 0.95879406, -0.014260511), (1.0542142, 0.91084737, -0.014260511), (1.1177591, 1.1026342, -0.014260511), (1.0859867, 0.91084737, -0.014260511), (0.9906694, 1.1026342, -0.014260511), (1.1177591, 0.95879406, -0.014260511), (0.9906694, 0.91084737, -0.014260511), (1.0859867, 1.1026342, -0.014260511), (0.9906694, 1.0546875, -0.014260511), (1.1177591, 0.91084737, -0.014260511), (1.1177591, 0.95879406, -0.0029691185), (0.9906694, 0.91084737, -0.0029691185), (1.0859867, 1.1026342, -0.0029691185), (0.9906694, 1.0546875, -0.0029691185), (1.1177591, 0.91084737, -0.0029691185), (1.1177591, 1.0067408, -0.0029691185), (1.0224419, 0.91084737, -0.0029691185), (1.1177591, 1.0546875, -0.0029691185), (1.0542142, 1.1026342, -0.0029691185), (1.0224419, 1.1026342, -0.0029691185), (0.9906694, 1.0067408, -0.0029691185), (0.9906694, 0.95879406, -0.0029691185), (1.0542142, 0.91084737, -0.0029691185), (1.1177591, 1.1026342, -0.0029691185), (1.0859867, 0.91084737, -0.0029691185), (0.9906694, 1.1026342, -0.0029691185), (1.1177591, 1.0067408, -0.025551902), (1.0224419, 0.91084737, -0.025551902), (1.1177591, 1.0546875, -0.025551902), (1.0542142, 1.1026342, -0.025551902), (1.0224419, 1.1026342, -0.025551902), (0.9906694, 1.0067408, -0.025551902), (0.9906694, 0.95879406, -0.025551902), (1.0542142, 0.91084737, -0.025551902), (1.1177591, 1.1026342, -0.025551902), (1.0859867, 0.91084737, -0.025551902), (0.9906694, 1.1026342, -0.025551902), (1.1177591, 0.95879406, -0.025551902), (0.9906694, 0.91084737, -0.025551902), (1.0859867, 1.1026342, -0.025551902), (0.9906694, 1.0546875, -0.025551902), (1.1177591, 0.91084737, -0.025551902), (1.1177591, 1.0067408, -0.033566948), (1.0224419, 0.91084737, -0.033566948), (1.1177591, 1.0546875, -0.033566948), (1.0542142, 1.1026342, -0.033566948), (1.0224419, 1.1026342, -0.033566948), (0.9906694, 1.0067408, -0.033566948), (0.9906694, 0.95879406, -0.033566948), (1.0542142, 0.91084737, -0.033566948), (1.1177591, 1.1026342, -0.033566948), (1.0859867, 0.91084737, -0.033566948), (0.9906694, 1.1026342, -0.033566948), (1.1177591, 0.95879406, -0.033566948), (0.9906694, 0.91084737, -0.033566948), (1.0859867, 1.1026342, -0.033566948), (0.9906694, 1.0546875, -0.033566948), (1.1177591, 0.91084737, -0.033566948), (1.1036723, 1.0067408, -0.035205122), (1.0294853, 0.94059855, -0.035205122), (1.1036723, 1.039812, -0.035205122), (1.0542142, 1.072883, -0.035205122), (1.0294853, 1.072883, -0.035205122), (1.0047562, 1.0067408, -0.035205122), (1.0047562, 0.9736697, -0.035205122), (1.0542142, 0.94059855, -0.035205122), (1.1036723, 1.072883, -0.035205122), (1.0789434, 0.94059855, -0.035205122), (1.0047562, 1.072883, -0.035205122), (1.1036723, 0.9736697, -0.035205122), (1.0047562, 0.94059855, -0.035205122), (1.0789434, 1.072883, -0.035205122), (1.0047562, 1.039812, -0.035205122), (1.1036723, 0.94059855, -0.035205122), (1.0966289, 1.0067408, -0.036024224), (1.033007, 0.95547414, -0.036024224), (1.0966289, 1.0323741, -0.036024224), (1.0542142, 1.0580075, -0.036024224), (1.033007, 1.0580075, -0.036024224), (1.0117998, 1.0067408, -0.036024224), (1.0117998, 0.9811075, -0.036024224), (1.0542142, 0.95547414, -0.036024224), (1.0966289, 1.0580075, -0.036024224), (1.0754215, 0.95547414, -0.036024224), (1.0117998, 1.0580075, -0.036024224), (1.0966289, 0.9811075, -0.036024224), (1.0117998, 0.95547414, -0.036024224), (1.0754215, 1.0580075, -0.036024224), (1.0117998, 1.0323741, -0.036024224), (1.0966289, 0.95547414, -0.036024224), (1.0991391, 0.9784567, -0.035732288), (1.0092895, 0.9501725, -0.035732288), (1.0766767, 1.0633091, -0.035732288), (1.0092895, 1.035025, -0.035732288), (1.0991391, 0.9501725, -0.035732288), (1.0991391, 1.0067408, -0.035732288), (1.0317519, 0.9501725, -0.035732288), (1.0991391, 1.035025, -0.035732288), (1.0542142, 1.0633091, -0.035732288), (1.0317519, 1.0633091, -0.035732288), (1.0092895, 1.0067408, -0.035732288), (1.0092895, 0.9784567, -0.035732288), (1.0542142, 0.9501725, -0.035732288), (1.0991391, 1.0633091, -0.035732288), (1.0766767, 0.9501725, -0.035732288), (1.0092895, 1.0633091, -0.035732288), (0.49294215, 1.1113335, -0.027851397), (0.017191935, 1.1113335, -0.027851397), (0.49294215, 1.1113335, -0.032968458), (0.017191935, 1.1113335, -0.032968458), (0.9147438, 1.1113335, -0.027851397), (0.96869236, 1.1113335, -0.027851397), (0.96869236, 1.1113335, -0.032968458), (0.9147438, 1.1113335, -0.032968458), (0.49294215, 0.9672922, -0.027851397), (0.017191935, 0.9672922, -0.027851397), (0.49294215, 0.9672922, -0.032968458), (0.017191935, 0.9672922, -0.032968458), (0.9147438, 0.9672922, -0.027851397), (0.9147438, 0.9672922, -0.032968458), (0.96869236, 0.9672922, -0.032968458), (0.96869236, 0.9672922, -0.027851397)]
            color4f[] primvars:Attribute = [(0, 0, 0, 0), (0, 0, 0, 0), (0, 0, 0, 0), (0, 0, 0, 0), (0, 0, 0, 0), (0, 0, 0, 0), (0, 0, 0, 0), (0, 0, 0, 0), (0, 0, 0, 0), (0, 0, 0, 0), (0, 0, 0, 0), (0, 0, 0, 0), (0, 0, 0, 0), (0, 0, 0, 0), (0, 0, 0, 0), (0, 0, 0, 0), (0, 0, 0, 0), (0, 0, 0, 0), (0, 0, 0, 0), (0, 0, 0, 0), (0, 0, 0, 0), (0, 0, 0, 0), (0, 0, 0, 0), (0, 0, 0, 0), (0, 0, 0, 0), (0, 0, 0, 0), (0, 0, 0, 0), (0, 0, 0, 0), (0, 0, 0, 0), (0, 0, 0, 0), (0, 0, 0, 0), (0, 0, 0, 0), (0, 0, 0, 0), (0, 0, 0, 0), (0, 0, 0, 0), (0, 0, 0, 0), (0, 0, 0, 0), (0, 0, 0, 0), (0, 0, 0, 0), (0, 0, 0, 0), (0, 0, 0, 0), (0, 0, 0, 0), (0, 0, 0, 0), (0, 0, 0, 0), (0, 0, 0, 0), (0, 0, 0, 0), (0, 0, 0, 0), (0, 0, 0, 0), (0, 0, 0, 0), (0, 0, 0, 0), (0, 0, 0, 0), (0, 0, 0, 0), (1, 1, 1, 1), (1, 1, 1, 1), (0, 0, 0, 0), (0, 0, 0, 0), (0, 0, 0, 0), (0, 0, 0, 0), (0, 0, 0, 0), (0, 0, 0, 0), (1, 1, 1, 1), (1, 1, 1, 1), (0, 0, 0, 0), (0, 0, 0, 0), (0, 0, 0, 0), (0, 0, 0, 0), (0, 0, 0, 0), (0, 0, 0, 0), (0, 0, 0, 0), (0, 0, 0, 0), (0, 0, 0, 0), (0, 0, 0, 0), (0, 0, 0, 0), (0, 0, 0, 0), (0, 0, 0, 0), (0, 0, 0, 0), (0, 0, 0, 0), (0, 0, 0, 0), (0, 0, 0, 0), (0, 0, 0, 0), (0, 0, 0, 0), (0, 0, 0, 0), (0, 0, 0, 0), (0, 0, 0, 0), (0, 0, 0, 0), (0, 0, 0, 0), (0, 0, 0, 0), (0, 0, 0, 0), (0, 0, 0, 0), (0, 0, 0, 0), (0, 0, 0, 0), (0, 0, 0, 0), (0, 0, 0, 0), (0, 0, 0, 0), (0, 0, 0, 0), (0, 0, 0, 0), (0, 0, 0, 0), (0, 0, 0, 0), (0, 0, 0, 0), (0, 0, 0, 0), (0, 0, 0, 0), (0, 0, 0, 0), (0, 0, 0, 0), (0, 0, 0, 0), (0, 0, 0, 0), (0, 0, 0, 0), (0, 0, 0, 0), (0, 0, 0, 0), (0, 0, 0, 0), (0, 0, 0, 0), (0, 0, 0, 0), (0, 0, 0, 0), (0, 0, 0, 0), (0, 0, 0, 0), (0, 0, 0, 0), (0, 0, 0, 0), (0, 0, 0, 0), (0, 0, 0, 0), (0, 0, 0, 0), (0, 0, 0, 0), (0, 0, 0, 0), (0, 0, 0, 0), (0, 0, 0, 0), (0, 0, 0, 0), (0, 0, 0, 0), (0, 0, 0, 0), (0, 0, 0, 0), (0, 0, 0, 0), (0, 0, 0, 0), (0, 0, 0, 0), (0, 0, 0, 0), (0, 0, 0, 0), (0, 0, 0, 0), (0, 0, 0, 0), (0, 0, 0, 0), (0, 0, 0, 0), (0, 0, 0, 0), (0, 0, 0, 0), (0, 0, 0, 0), (0, 0, 0, 0), (0, 0, 0, 0), (0, 0, 0, 0), (0, 0, 0, 0), (0, 0, 0, 0), (0, 0, 0, 0), (0, 0, 0, 0), (0, 0, 0, 0), (0, 0, 0, 0), (0, 0, 0, 0), (0, 0, 0, 0), (0, 0, 0, 0), (0, 0, 0, 0), (0, 0, 0, 0), (0, 0, 0, 0), (0, 0, 0, 0), (0, 0, 0, 0), (0, 0, 0, 0), (0, 0, 0, 0), (0, 0, 0, 0), (0, 0, 0, 0), (0, 0, 0, 0), (0, 0, 0, 0), (0, 0, 0, 0), (0, 0, 0, 0), (0, 0, 0, 0), (0, 0, 0, 0), (0, 0, 0, 0), (0, 0, 0, 0), (0, 0, 0, 0), (0, 0, 0, 0), (0, 0, 0, 0), (0, 0, 0, 0), (0, 0, 0, 0), (0, 0, 0, 0), (0, 0, 0, 0), (0, 0, 0, 0), (0, 0, 0, 0), (0, 0, 0, 0), (0, 0, 0, 0), (0, 0, 0, 0), (0, 0, 0, 0), (0, 0, 0, 0), (0, 0, 0, 0), (0, 0, 0, 0), (0, 0, 0, 0), (0, 0, 0, 0), (0, 0, 0, 0), (0, 0, 0, 0), (0, 0, 0, 0), (0, 0, 0, 0), (0, 0, 0, 0), (0, 0, 0, 0), (0, 0, 0, 0), (0, 0, 0, 0), (0, 0, 0, 0), (0, 0, 0, 0), (0, 0, 0, 0), (0, 0, 0, 0), (0, 0, 0, 0), (0, 0, 0, 0), (0, 0, 0, 0), (0, 0, 0, 0), (0, 0, 0, 0), (0, 0, 0, 0), (0, 0, 0, 0), (0, 0, 0, 0), (0, 0, 0, 0), (0, 0, 0, 0), (0, 0, 0, 0), (0, 0, 0, 0), (0, 0, 0, 0), (0, 0, 0, 0), (1, 1, 1, 1), (1, 1, 1, 1), (0, 0, 0, 0), (0, 0, 0, 0), (0, 0, 0, 0), (0, 0, 0, 0), (0, 0, 0, 0), (0, 0, 0, 0), (1, 1, 1, 1), (1, 1, 1, 1), (1, 1, 1, 1), (1, 1, 1, 1), (1, 1, 1, 1), (1, 1, 1, 1), (1, 1, 1, 1), (1, 1, 1, 1), (1, 1, 1, 1), (1, 1, 1, 1), (1, 1, 1, 1), (1, 1, 1, 1), (1, 1, 1, 1), (1, 1, 1, 1), (1, 1, 1, 1), (1, 1, 1, 1), (1, 1, 1, 1), (1, 1, 1, 1), (1, 1, 1, 1), (1, 1, 1, 1), (1, 1, 1, 1), (1, 1, 1, 1), (1, 1, 1, 1), (1, 1, 1, 1), (1, 1, 1, 1), (1, 1, 1, 1), (1, 1, 1, 1), (1, 1, 1, 1), (1, 1, 1, 1), (1, 1, 1, 1), (1, 1, 1, 1), (1, 1, 1, 1), (1, 1, 1, 1), (1, 1, 1, 1), (1, 1, 1, 1), (1, 1, 1, 1), (1, 1, 1, 1), (1, 1, 1, 1), (1, 1, 1, 1), (1, 1, 1, 1), (1, 1, 1, 1), (1, 1, 1, 1), (1, 1, 1, 1), (1, 1, 1, 1), (1, 1, 1, 1), (1, 1, 1, 1), (1, 1, 1, 1), (1, 1, 1, 1), (1, 1, 1, 1), (1, 1, 1, 1), (1, 1, 1, 1), (1, 1, 1, 1), (1, 1, 1, 1), (1, 1, 1, 1), (1, 1, 1, 1), (1, 1, 1, 1), (1, 1, 1, 1), (1, 1, 1, 1), (1, 1, 1, 1), (1, 1, 1, 1), (1, 1, 1, 1), (1, 1, 1, 1), (1, 1, 1, 1), (1, 1, 1, 1), (1, 1, 1, 1), (1, 1, 1, 1), (1, 1, 1, 1), (1, 1, 1, 1), (1, 1, 1, 1), (1, 1, 1, 1), (1, 1, 1, 1), (1, 1, 1, 1), (1, 1, 1, 1), (1, 1, 1, 1), (1, 1, 1, 1), (1, 1, 1, 1), (1, 1, 1, 1), (1, 1, 1, 1), (1, 1, 1, 1), (1, 1, 1, 1), (1, 1, 1, 1), (1, 1, 1, 1), (1, 1, 1, 1), (1, 1, 1, 1), (1, 1, 1, 1), (1, 1, 1, 1), (1, 1, 1, 1), (1, 1, 1, 1), (1, 1, 1, 1), (1, 1, 1, 1), (1, 1, 1, 1), (1, 1, 1, 1), (1, 1, 1, 1), (1, 1, 1, 1), (1, 1, 1, 1), (1, 1, 1, 1), (1, 1, 1, 1), (1, 1, 1, 1), (1, 1, 1, 1), (1, 1, 1, 1), (1, 1, 1, 1), (1, 1, 1, 1), (1, 1, 1, 1), (1, 1, 1, 1), (1, 1, 1, 1), (1, 1, 1, 1), (1, 1, 1, 1), (1, 1, 1, 1), (1, 1, 1, 1), (1, 1, 1, 1), (1, 1, 1, 1), (1, 1, 1, 1), (1, 1, 1, 1), (1, 1, 1, 1), (1, 1, 1, 1), (1, 1, 1, 1), (1, 1, 1, 1), (1, 1, 1, 1), (1, 1, 1, 1), (1, 1, 1, 1), (1, 1, 1, 1), (1, 1, 1, 1), (1, 1, 1, 1), (1, 1, 1, 1), (1, 1, 1, 1), (1, 1, 1, 1), (1, 1, 1, 1), (1, 1, 1, 1), (1, 1, 1, 1), (1, 1, 1, 1), (1, 1, 1, 1), (1, 1, 1, 1), (1, 1, 1, 1), (1, 1, 1, 1), (1, 1, 1, 1), (1, 1, 1, 1), (1, 1, 1, 1), (1, 1, 1, 1), (1, 1, 1, 1), (1, 1, 1, 1), (1, 1, 1, 1), (1, 1, 1, 1), (1, 1, 1, 1), (1, 1, 1, 1), (1, 1, 1, 1), (1, 1, 1, 1), (1, 1, 1, 1), (1, 1, 1, 1), (1, 1, 1, 1), (1, 1, 1, 1), (1, 1, 1, 1), (1, 1, 1, 1), (1, 1, 1, 1), (1, 1, 1, 1), (1, 1, 1, 1), (1, 1, 1, 1), (1, 1, 1, 1), (1, 1, 1, 1), (1, 1, 1, 1), (1, 1, 1, 1), (1, 1, 1, 1), (1, 1, 1, 1), (1, 1, 1, 1), (1, 1, 1, 1), (1, 1, 1, 1), (1, 1, 1, 1), (1, 1, 1, 1), (1, 1, 1, 1), (1, 1, 1, 1), (1, 1, 1, 1), (1, 1, 1, 1), (1, 1, 1, 1), (1, 1, 1, 1), (1, 1, 1, 1), (1, 1, 1, 1), (1, 1, 1, 1), (1, 1, 1, 1), (1, 1, 1, 1), (1, 1, 1, 1), (1, 1, 1, 1), (1, 1, 1, 1), (1, 1, 1, 1), (1, 1, 1, 1), (1, 1, 1, 1), (1, 1, 1, 1), (1, 1, 1, 1), (1, 1, 1, 1), (1, 1, 1, 1), (1, 1, 1, 1), (1, 1, 1, 1), (1, 1, 1, 1), (1, 1, 1, 1), (1, 1, 1, 1), (1, 1, 1, 1), (1, 1, 1, 1), (1, 1, 1, 1), (1, 1, 1, 1), (1, 1, 1, 1), (1, 1, 1, 1), (1, 1, 1, 1), (1, 1, 1, 1), (1, 1, 1, 1), (1, 1, 1, 1), (1, 1, 1, 1), (1, 1, 1, 1), (1, 1, 1, 1), (1, 1, 1, 1), (1, 1, 1, 1), (1, 1, 1, 1), (1, 1, 1, 1), (1, 1, 1, 1), (1, 1, 1, 1), (1, 1, 1, 1), (1, 1, 1, 1), (1, 1, 1, 1), (1, 1, 1, 1), (1, 1, 1, 1), (1, 1, 1, 1), (1, 1, 1, 1), (1, 1, 1, 1), (1, 1, 1, 1), (1, 1, 1, 1), (1, 1, 1, 1), (1, 1, 1, 1), (1, 1, 1, 1), (1, 1, 1, 1), (1, 1, 1, 1), (1, 1, 1, 1), (1, 1, 1, 1), (1, 1, 1, 1), (1, 1, 1, 1), (1, 1, 1, 1), (1, 1, 1, 1), (1, 1, 1, 1), (1, 1, 1, 1), (1, 1, 1, 1), (1, 1, 1, 1), (1, 1, 1, 1), (1, 1, 1, 1), (1, 1, 1, 1), (1, 1, 1, 1), (1, 1, 1, 1), (1, 1, 1, 1), (1, 1, 1, 1), (1, 1, 1, 1), (1, 1, 1, 1), (1, 1, 1, 1), (1, 1, 1, 1), (1, 1, 1, 1), (1, 1, 1, 1), (1, 1, 1, 1), (1, 1, 1, 1), (1, 1, 1, 1), (1, 1, 1, 1), (1, 1, 1, 1), (1, 1, 1, 1), (1, 1, 1, 1), (1, 1, 1, 1), (1, 1, 1, 1), (1, 1, 1, 1), (1, 1, 1, 1), (1, 1, 1, 1), (1, 1, 1, 1), (1, 1, 1, 1), (1, 1, 1, 1), (1, 1, 1, 1), (1, 1, 1, 1), (1, 1, 1, 1), (1, 1, 1, 1), (1, 1, 1, 1), (1, 1, 1, 1), (1, 1, 1, 1), (1, 1, 1, 1), (1, 1, 1, 1), (1, 1, 1, 1), (1, 1, 1, 1), (1, 1, 1, 1), (1, 1, 1, 1), (1, 1, 1, 1), (1, 1, 1, 1), (1, 1, 1, 1), (1, 1, 1, 1), (1, 1, 1, 1), (1, 1, 1, 1), (1, 1, 1, 1), (1, 1, 1, 1), (1, 1, 1, 1), (1, 1, 1, 1), (1, 1, 1, 1), (1, 1, 1, 1), (1, 1, 1, 1), (1, 1, 1, 1), (1, 1, 1, 1), (1, 1, 1, 1), (1, 1, 1, 1), (1, 1, 1, 1), (1, 1, 1, 1), (1, 1, 1, 1), (1, 1, 1, 1), (1, 1, 1, 1), (1, 1, 1, 1), (1, 1, 1, 1), (1, 1, 1, 1), (1, 1, 1, 1), (1, 1, 1, 1), (1, 1, 1, 1), (1, 1, 1, 1), (1, 1, 1, 1), (1, 1, 1, 1), (1, 1, 1, 1), (1, 1, 1, 1), (1, 1, 1, 1), (1, 1, 1, 1), (1, 1, 1, 1), (1, 1, 1, 1), (1, 1, 1, 1), (1, 1, 1, 1), (1, 1, 1, 1), (1, 1, 1, 1), (1, 1, 1, 1), (1, 1, 1, 1), (1, 1, 1, 1), (1, 1, 1, 1), (1, 1, 1, 1), (1, 1, 1, 1), (1, 1, 1, 1), (1, 1, 1, 1), (1, 1, 1, 1), (1, 1, 1, 1), (1, 1, 1, 1), (1, 1, 1, 1), (1, 1, 1, 1), (1, 1, 1, 1), (1, 1, 1, 1), (1, 1, 1, 1), (1, 1, 1, 1), (1, 1, 1, 1), (1, 1, 1, 1), (1, 1, 1, 1), (1, 1, 1, 1), (1, 1, 1, 1), (1, 1, 1, 1), (1, 1, 1, 1), (1, 1, 1, 1), (1, 1, 1, 1), (1, 1, 1, 1), (1, 1, 1, 1), (1, 1, 1, 1), (1, 1, 1, 1), (1, 1, 1, 1), (1, 1, 1, 1), (1, 1, 1, 1), (1, 1, 1, 1), (1, 1, 1, 1), (1, 1, 1, 1), (1, 1, 1, 1), (1, 1, 1, 1), (1, 1, 1, 1), (1, 1, 1, 1), (1, 1, 1, 1), (1, 1, 1, 1), (1, 1, 1, 1), (1, 1, 1, 1), (1, 1, 1, 1), (1, 1, 1, 1), (1, 1, 1, 1), (1, 1, 1, 1), (1, 1, 1, 1), (1, 1, 1, 1), (1, 1, 1, 1), (1, 1, 1, 1), (1, 1, 1, 1), (1, 1, 1, 1), (1, 1, 1, 1), (1, 1, 1, 1), (1, 1, 1, 1), (1, 1, 1, 1), (1, 1, 1, 1), (1, 1, 1, 1), (1, 1, 1, 1), (1, 1, 1, 1), (1, 1, 1, 1), (1, 1, 1, 1), (1, 1, 1, 1), (1, 1, 1, 1), (1, 1, 1, 1), (1, 1, 1, 1), (1, 1, 1, 1), (1, 1, 1, 1), (1, 1, 1, 1), (1, 1, 1, 1), (1, 1, 1, 1), (1, 1, 1, 1), (1, 1, 1, 1), (1, 1, 1, 1), (1, 1, 1, 1), (1, 1, 1, 1), (1, 1, 1, 1), (1, 1, 1, 1), (1, 1, 1, 1), (1, 1, 1, 1), (1, 1, 1, 1), (1, 1, 1, 1), (1, 1, 1, 1), (1, 1, 1, 1), (1, 1, 1, 1), (1, 1, 1, 1), (1, 1, 1, 1), (1, 1, 1, 1), (1, 1, 1, 1), (1, 1, 1, 1), (1, 1, 1, 1), (1, 1, 1, 1), (1, 1, 1, 1), (1, 1, 1, 1), (1, 1, 1, 1), (1, 1, 1, 1), (1, 1, 1, 1), (1, 1, 1, 1), (1, 1, 1, 1), (1, 1, 1, 1), (1, 1, 1, 1), (1, 1, 1, 1), (1, 1, 1, 1), (1, 1, 1, 1), (1, 1, 1, 1), (1, 1, 1, 1), (1, 1, 1, 1), (1, 1, 1, 1), (1, 1, 1, 1), (1, 1, 1, 1), (1, 1, 1, 1), (1, 1, 1, 1), (1, 1, 1, 1), (1, 1, 1, 1), (1, 1, 1, 1), (1, 1, 1, 1), (1, 1, 1, 1), (1, 1, 1, 1), (1, 1, 1, 1), (1, 1, 1, 1), (1, 1, 1, 1), (1, 1, 1, 1), (1, 1, 1, 1), (1, 1, 1, 1), (1, 1, 1, 1), (1, 1, 1, 1), (1, 1, 1, 1), (1, 1, 1, 1), (1, 1, 1, 1), (1, 1, 1, 1), (1, 1, 1, 1), (1, 1, 1, 1), (1, 1, 1, 1), (1, 1, 1, 1), (1, 1, 1, 1), (1, 1, 1, 1), (1, 1, 1, 1), (1, 1, 1, 1), (1, 1, 1, 1), (1, 1, 1, 1), (1, 1, 1, 1), (1, 1, 1, 1), (1, 1, 1, 1), (1, 1, 1, 1), (1, 1, 1, 1), (1, 1, 1, 1), (1, 1, 1, 1), (1, 1, 1, 1), (1, 1, 1, 1), (1, 1, 1, 1), (1, 1, 1, 1), (1, 1, 1, 1), (1, 1, 1, 1), (1, 1, 1, 1), (1, 1, 1, 1), (1, 1, 1, 1), (1, 1, 1, 1), (1, 1, 1, 1), (1, 1, 1, 1), (1, 1, 1, 1), (1, 1, 1, 1), (1, 1, 1, 1), (1, 1, 1, 1), (1, 1, 1, 1), (1, 1, 1, 1), (1, 1, 1, 1), (1, 1, 1, 1), (1, 1, 1, 1), (1, 1, 1, 1), (1, 1, 1, 1), (1, 1, 1, 1), (1, 1, 1, 1), (1, 1, 1, 1), (1, 1, 1, 1), (1, 1, 1, 1), (1, 1, 1, 1), (1, 1, 1, 1), (1, 1, 1, 1), (1, 1, 1, 1), (1, 1, 1, 1), (1, 1, 1, 1), (1, 1, 1, 1), (1, 1, 1, 1), (1, 1, 1, 1), (1, 1, 1, 1), (1, 1, 1, 1), (1, 1, 1, 1), (1, 1, 1, 1), (1, 1, 1, 1), (1, 1, 1, 1), (1, 1, 1, 1), (1, 1, 1, 1), (1, 1, 1, 1), (1, 1, 1, 1), (1, 1, 1, 1), (1, 1, 1, 1), (1, 1, 1, 1), (1, 1, 1, 1), (1, 1, 1, 1), (1, 1, 1, 1), (1, 1, 1, 1), (1, 1, 1, 1), (1, 1, 1, 1), (1, 1, 1, 1), (1, 1, 1, 1), (1, 1, 1, 1), (1, 1, 1, 1), (1, 1, 1, 1), (1, 1, 1, 1), (1, 1, 1, 1), (1, 1, 1, 1), (1, 1, 1, 1), (1, 1, 1, 1), (1, 1, 1, 1), (1, 1, 1, 1), (1, 1, 1, 1), (1, 1, 1, 1), (1, 1, 1, 1), (1, 1, 1, 1), (1, 1, 1, 1), (1, 1, 1, 1), (1, 1, 1, 1), (1, 1, 1, 1), (1, 1, 1, 1), (1, 1, 1, 1), (1, 1, 1, 1), (1, 1, 1, 1), (1, 1, 1, 1), (1, 1, 1, 1), (1, 1, 1, 1), (1, 1, 1, 1), (1, 1, 1, 1), (1, 1, 1, 1), (1, 1, 1, 1), (1, 1, 1, 1), (1, 1, 1, 1), (1, 1, 1, 1), (1, 1, 1, 1), (1, 1, 1, 1), (1, 1, 1, 1), (1, 1, 1, 1), (1, 1, 1, 1), (1, 1, 1, 1), (1, 1, 1, 1), (1, 1, 1, 1), (1, 1, 1, 1), (1, 1, 1, 1), (1, 1, 1, 1), (1, 1, 1, 1), (1, 1, 1, 1), (1, 1, 1, 1), (1, 1, 1, 1), (1, 1, 1, 1), (1, 1, 1, 1), (1, 1, 1, 1), (1, 1, 1, 1), (1, 1, 1, 1), (1, 1, 1, 1), (1, 1, 1, 1), (1, 1, 1, 1), (1, 1, 1, 1), (1, 1, 1, 1), (1, 1, 1, 1), (1, 1, 1, 1), (1, 1, 1, 1), (1, 1, 1, 1), (1, 1, 1, 1), (1, 1, 1, 1), (1, 1, 1, 1), (1, 1, 1, 1), (1, 1, 1, 1), (1, 1, 1, 1), (1, 1, 1, 1), (1, 1, 1, 1), (1, 1, 1, 1), (1, 1, 1, 1), (1, 1, 1, 1), (1, 1, 1, 1), (1, 1, 1, 1), (1, 1, 1, 1), (1, 1, 1, 1), (1, 1, 1, 1), (1, 1, 1, 1), (1, 1, 1, 1), (1, 1, 1, 1), (1, 1, 1, 1), (1, 1, 1, 1), (1, 1, 1, 1), (1, 1, 1, 1), (1, 1, 1, 1), (1, 1, 1, 1), (1, 1, 1, 1), (1, 1, 1, 1), (1, 1, 1, 1), (1, 1, 1, 1), (1, 1, 1, 1), (1, 1, 1, 1), (1, 1, 1, 1), (1, 1, 1, 1), (1, 1, 1, 1), (1, 1, 1, 1), (1, 1, 1, 1), (1, 1, 1, 1), (1, 1, 1, 1), (1, 1, 1, 1), (1, 1, 1, 1), (1, 1, 1, 1), (1, 1, 1, 1), (1, 1, 1, 1), (1, 1, 1, 1), (1, 1, 1, 1), (1, 1, 1, 1), (1, 1, 1, 1), (1, 1, 1, 1), (1, 1, 1, 1), (1, 1, 1, 1), (1, 1, 1, 1), (1, 1, 1, 1), (1, 1, 1, 1), (1, 1, 1, 1), (1, 1, 1, 1), (1, 1, 1, 1), (1, 1, 1, 1), (1, 1, 1, 1), (1, 1, 1, 1), (1, 1, 1, 1), (1, 1, 1, 1), (1, 1, 1, 1), (1, 1, 1, 1), (1, 1, 1, 1), (1, 1, 1, 1), (1, 1, 1, 1), (1, 1, 1, 1), (1, 1, 1, 1), (1, 1, 1, 1), (1, 1, 1, 1), (1, 1, 1, 1), (1, 1, 1, 1), (1, 1, 1, 1), (1, 1, 1, 1), (1, 1, 1, 1), (1, 1, 1, 1), (1, 1, 1, 1), (1, 1, 1, 1), (1, 1, 1, 1), (1, 1, 1, 1), (1, 1, 1, 1), (1, 1, 1, 1), (1, 1, 1, 1), (1, 1, 1, 1), (1, 1, 1, 1), (1, 1, 1, 1), (1, 1, 1, 1), (1, 1, 1, 1), (1, 1, 1, 1), (1, 1, 1, 1), (1, 1, 1, 1), (1, 1, 1, 1), (1, 1, 1, 1), (1, 1, 1, 1), (1, 1, 1, 1), (1, 1, 1, 1), (1, 1, 1, 1), (1, 1, 1, 1), (1, 1, 1, 1), (1, 1, 1, 1), (1, 1, 1, 1), (1, 1, 1, 1), (1, 1, 1, 1), (1, 1, 1, 1), (1, 1, 1, 1), (1, 1, 1, 1), (1, 1, 1, 1), (1, 1, 1, 1), (1, 1, 1, 1), (1, 1, 1, 1), (1, 1, 1, 1), (1, 1, 1, 1), (1, 1, 1, 1), (1, 1, 1, 1), (1, 1, 1, 1), (1, 1, 1, 1), (1, 1, 1, 1), (1, 1, 1, 1), (1, 1, 1, 1), (1, 1, 1, 1), (1, 1, 1, 1), (1, 1, 1, 1), (1, 1, 1, 1), (1, 1, 1, 1), (1, 1, 1, 1), (1, 1, 1, 1), (1, 1, 1, 1), (1, 1, 1, 1), (1, 1, 1, 1), (1, 1, 1, 1), (1, 1, 1, 1), (1, 1, 1, 1), (1, 1, 1, 1), (1, 1, 1, 1), (1, 1, 1, 1), (1, 1, 1, 1), (1, 1, 1, 1), (0, 0, 0, 0), (0, 0, 0, 0), (0, 0, 0, 0), (0, 0, 0, 0), (0, 0, 0, 0), (0, 0, 0, 0), (0, 0, 0, 0), (0, 0, 0, 0), (1, 1, 1, 1), (1, 1, 1, 1), (1, 1, 1, 1), (1, 1, 1, 1), (1, 1, 1, 1), (1, 1, 1, 1), (1, 1, 1, 1), (1, 1, 1, 1), (1, 1, 1, 1), (1, 1, 1, 1), (1, 1, 1, 1), (1, 1, 1, 1), (1, 1, 1, 1), (1, 1, 1, 1), (1, 1, 1, 1), (1, 1, 1, 1), (1, 1, 1, 1), (1, 1, 1, 1), (1, 1, 1, 1), (1, 1, 1, 1), (0, 0, 0, 0), (0, 0, 0, 0), (0, 0, 0, 0), (0, 0, 0, 0), (1, 1, 1, 1), (1, 1, 1, 1), (1, 1, 1, 1), (1, 1, 1, 1), (1, 1, 1, 1), (1, 1, 1, 1), (1, 1, 1, 1), (1, 1, 1, 1), (0, 0, 0, 0), (0, 0, 0, 0), (0, 0, 0, 0), (0, 0, 0, 0), (1, 1, 1, 1), (1, 1, 1, 1), (1, 1, 1, 1), (1, 1, 1, 1), (1, 1, 1, 1), (1, 1, 1, 1), (1, 1, 1, 1), (1, 1, 1, 1), (1, 1, 1, 1), (1, 1, 1, 1), (1, 1, 1, 1), (1, 1, 1, 1), (1, 1, 1, 1), (1, 1, 1, 1), (1, 1, 1, 1), (1, 1, 1, 1), (1, 1, 1, 1), (1, 1, 1, 1), (1, 1, 1, 1), (1, 1, 1, 1), (1, 1, 1, 1), (1, 1, 1, 1), (1, 1, 1, 1), (1, 1, 1, 1), (1, 1, 1, 1), (1, 1, 1, 1), (1, 1, 1, 1), (1, 1, 1, 1), (1, 1, 1, 1), (1, 1, 1, 1), (1, 1, 1, 1), (1, 1, 1, 1), (1, 1, 1, 1), (1, 1, 1, 1), (1, 1, 1, 1), (1, 1, 1, 1), (1, 1, 1, 1), (1, 1, 1, 1), (1, 1, 1, 1), (1, 1, 1, 1), (1, 1, 1, 1), (1, 1, 1, 1), (1, 1, 1, 1), (1, 1, 1, 1), (1, 1, 1, 1), (1, 1, 1, 1), (1, 1, 1, 1), (1, 1, 1, 1), (1, 1, 1, 1), (1, 1, 1, 1), (1, 1, 1, 1), (1, 1, 1, 1), (1, 1, 1, 1), (1, 1, 1, 1), (1, 1, 1, 1), (1, 1, 1, 1), (1, 1, 1, 1), (1, 1, 1, 1), (1, 1, 1, 1), (1, 1, 1, 1), (1, 1, 1, 1), (1, 1, 1, 1), (1, 1, 1, 1), (1, 1, 1, 1), (1, 1, 1, 1), (1, 1, 1, 1), (1, 1, 1, 1), (1, 1, 1, 1), (1, 1, 1, 1), (1, 1, 1, 1), (1, 1, 1, 1), (1, 1, 1, 1), (1, 1, 1, 1), (1, 1, 1, 1), (1, 1, 1, 1), (1, 1, 1, 1), (1, 1, 1, 1), (1, 1, 1, 1), (1, 1, 1, 1), (1, 1, 1, 1), (1, 1, 1, 1), (1, 1, 1, 1), (1, 1, 1, 1), (1, 1, 1, 1), (1, 1, 1, 1), (1, 1, 1, 1), (1, 1, 1, 1), (1, 1, 1, 1), (1, 1, 1, 1), (1, 1, 1, 1), (1, 1, 1, 1), (1, 1, 1, 1), (1, 1, 1, 1), (1, 1, 1, 1), (1, 1, 1, 1), (1, 1, 1, 1), (1, 1, 1, 1), (1, 1, 1, 1), (1, 1, 1, 1), (1, 1, 1, 1), (1, 1, 1, 1), (1, 1, 1, 1), (1, 1, 1, 1), (1, 1, 1, 1), (1, 1, 1, 1), (1, 1, 1, 1), (1, 1, 1, 1), (1, 1, 1, 1), (1, 1, 1, 1), (1, 1, 1, 1), (1, 1, 1, 1), (1, 1, 1, 1), (1, 1, 1, 1), (1, 1, 1, 1), (1, 1, 1, 1), (1, 1, 1, 1), (1, 1, 1, 1), (1, 1, 1, 1), (1, 1, 1, 1), (1, 1, 1, 1), (1, 1, 1, 1), (1, 1, 1, 1), (1, 1, 1, 1), (1, 1, 1, 1), (1, 1, 1, 1), (1, 1, 1, 1), (1, 1, 1, 1), (1, 1, 1, 1), (1, 1, 1, 1), (1, 1, 1, 1), (1, 1, 1, 1), (1, 1, 1, 1), (1, 1, 1, 1), (1, 1, 1, 1), (1, 1, 1, 1), (1, 1, 1, 1), (1, 1, 1, 1), (1, 1, 1, 1), (1, 1, 1, 1), (1, 1, 1, 1), (1, 1, 1, 1), (1, 1, 1, 1), (1, 1, 1, 1), (1, 1, 1, 1), (1, 1, 1, 1), (1, 1, 1, 1), (1, 1, 1, 1), (1, 1, 1, 1), (1, 1, 1, 1), (1, 1, 1, 1), (1, 1, 1, 1), (1, 1, 1, 1), (1, 1, 1, 1), (1, 1, 1, 1), (1, 1, 1, 1), (1, 1, 1, 1), (1, 1, 1, 1), (1, 1, 1, 1), (1, 1, 1, 1), (1, 1, 1, 1), (1, 1, 1, 1), (1, 1, 1, 1), (1, 1, 1, 1), (1, 1, 1, 1), (1, 1, 1, 1), (1, 1, 1, 1), (1, 1, 1, 1), (1, 1, 1, 1), (1, 1, 1, 1), (1, 1, 1, 1), (1, 1, 1, 1), (1, 1, 1, 1), (1, 1, 1, 1), (1, 1, 1, 1), (1, 1, 1, 1), (1, 1, 1, 1), (1, 1, 1, 1), (1, 1, 1, 1), (1, 1, 1, 1), (1, 1, 1, 1), (1, 1, 1, 1), (1, 1, 1, 1), (1, 1, 1, 1), (1, 1, 1, 1), (1, 1, 1, 1), (1, 1, 1, 1), (1, 1, 1, 1), (1, 1, 1, 1), (1, 1, 1, 1), (1, 1, 1, 1), (1, 1, 1, 1), (1, 1, 1, 1), (0, 0, 0, 0), (0, 0, 0, 0), (0, 0, 0, 0), (0, 0, 0, 0), (0, 0, 0, 0), (0, 0, 0, 0), (0, 0, 0, 0), (0, 0, 0, 0), (0, 0, 0, 0), (0, 0, 0, 0), (0, 0, 0, 0), (0, 0, 0, 0), (0, 0, 0, 0), (0, 0, 0, 0), (0, 0, 0, 0), (0, 0, 0, 0), (0, 0, 0, 0), (0, 0, 0, 0), (0, 0, 0, 0), (0, 0, 0, 0), (0, 0, 0, 0), (0, 0, 0, 0), (0, 0, 0, 0), (0, 0, 0, 0), (0, 0, 0, 0), (0, 0, 0, 0), (0, 0, 0, 0), (0, 0, 0, 0), (1, 1, 1, 1), (1, 1, 1, 1), (0, 0, 0, 0), (0, 0, 0, 0), (1, 1, 1, 1), (1, 1, 1, 1), (0, 0, 0, 0), (0, 0, 0, 0), (1, 1, 1, 1), (1, 1, 1, 1), (0, 0, 0, 0), (0, 0, 0, 0), (1, 1, 1, 1), (1, 1, 1, 1), (0, 0, 0, 0), (0, 0, 0, 0), (1, 1, 1, 1), (1, 1, 1, 1), (0, 0, 0, 0), (0, 0, 0, 0), (0, 0, 0, 0), (1, 1, 1, 1), (1, 1, 1, 1), (0, 0, 0, 0), (0, 0, 0, 0), (0, 0, 0, 0), (0, 0, 0, 0), (0, 0, 0, 0), (0, 0, 0, 0), (0, 0, 0, 0), (0, 0, 0, 0), (0, 0, 0, 0), (0, 0, 0, 0), (0, 0, 0, 0), (0, 0, 0, 0), (0, 0, 0, 0), (0, 0, 0, 0), (0, 0, 0, 0), (0, 0, 0, 0), (0, 0, 0, 0), (0, 0, 0, 0), (0, 0, 0, 0), (0, 0, 0, 0), (0, 0, 0, 0), (0, 0, 0, 0), (0, 0, 0, 0), (0, 0, 0, 0), (0, 0, 0, 0), (0, 0, 0, 0), (0, 0, 0, 0), (0, 0, 0, 0), (0, 0, 0, 0), (0, 0, 0, 0), (0, 0, 0, 0), (0, 0, 0, 0), (0, 0, 0, 0), (0, 0, 0, 0), (0, 0, 0, 0), (0, 0, 0, 0), (0, 0, 0, 0), (0, 0, 0, 0), (0, 0, 0, 0), (0, 0, 0, 0), (0, 0, 0, 0), (0, 0, 0, 0), (0, 0, 0, 0), (0, 0, 0, 0), (0, 0, 0, 0), (0, 0, 0, 0), (0, 0, 0, 0), (0, 0, 0, 0), (0, 0, 0, 0), (0, 0, 0, 0), (0, 0, 0, 0), (0, 0, 0, 0), (0, 0, 0, 0), (0, 0, 0, 0), (0, 0, 0, 0), (0, 0, 0, 0), (0, 0, 0, 0), (0, 0, 0, 0), (0, 0, 0, 0), (0, 0, 0, 0), (0, 0, 0, 0), (0, 0, 0, 0), (0, 0, 0, 0), (0, 0, 0, 0), (0, 0, 0, 0), (1, 1, 1, 1), (1, 1, 1, 1), (0, 0, 0, 0), (0, 0, 0, 0), (0, 0, 0, 0), (0, 0, 0, 0), (0, 0, 0, 0), (0, 0, 0, 0), (1, 1, 1, 1), (1, 1, 1, 1), (0, 0, 0, 0), (0, 0, 0, 0), (0, 0, 0, 0), (0, 0, 0, 0), (0, 0, 0, 0), (0, 0, 0, 0), (0, 0, 0, 0), (0, 0, 0, 0), (0, 0, 0, 0), (0, 0, 0, 0), (0, 0, 0, 0), (0, 0, 0, 0), (0, 0, 0, 0), (0, 0, 0, 0), (0, 0, 0, 0), (0, 0, 0, 0), (0, 0, 0, 0), (0, 0, 0, 0), (0, 0, 0, 0), (0, 0, 0, 0), (0, 0, 0, 0), (0, 0, 0, 0), (0, 0, 0, 0), (0, 0, 0, 0), (0, 0, 0, 0), (0, 0, 0, 0), (0, 0, 0, 0), (0, 0, 0, 0), (0, 0, 0, 0), (0, 0, 0, 0), (0, 0, 0, 0), (0, 0, 0, 0), (0, 0, 0, 0), (0, 0, 0, 0), (0, 0, 0, 0), (0, 0, 0, 0), (0, 0, 0, 0), (0, 0, 0, 0), (0, 0, 0, 0), (0, 0, 0, 0), (0, 0, 0, 0), (0, 0, 0, 0), (0, 0, 0, 0), (0, 0, 0, 0), (0, 0, 0, 0), (0, 0, 0, 0), (0, 0, 0, 0), (0, 0, 0, 0), (0, 0, 0, 0), (0, 0, 0, 0), (0, 0, 0, 0), (0, 0, 0, 0), (0, 0, 0, 0), (0, 0, 0, 0), (0, 0, 0, 0), (0, 0, 0, 0), (0, 0, 0, 0), (0, 0, 0, 0), (0, 0, 0, 0), (0, 0, 0, 0), (0, 0, 0, 0), (0, 0, 0, 0), (0, 0, 0, 0), (0, 0, 0, 0), (0, 0, 0, 0), (0, 0, 0, 0), (0, 0, 0, 0), (0, 0, 0, 0), (0, 0, 0, 0), (0, 0, 0, 0), (0, 0, 0, 0), (0, 0, 0, 0), (0, 0, 0, 0), (0, 0, 0, 0), (0, 0, 0, 0), (0, 0, 0, 0), (0, 0, 0, 0), (0, 0, 0, 0), (0, 0, 0, 0), (0, 0, 0, 0), (0, 0, 0, 0), (0, 0, 0, 0), (0, 0, 0, 0), (0, 0, 0, 0), (0, 0, 0, 0), (0, 0, 0, 0), (0, 0, 0, 0), (0, 0, 0, 0), (0, 0, 0, 0), (0, 0, 0, 0), (0, 0, 0, 0), (0, 0, 0, 0), (0, 0, 0, 0), (0, 0, 0, 0), (0, 0, 0, 0), (0, 0, 0, 0), (0, 0, 0, 0), (0, 0, 0, 0), (0, 0, 0, 0), (0, 0, 0, 0), (0, 0, 0, 0), (0, 0, 0, 0), (0, 0, 0, 0), (0, 0, 0, 0), (0, 0, 0, 0), (0, 0, 0, 0), (0, 0, 0, 0), (0, 0, 0, 0), (0, 0, 0, 0), (0, 0, 0, 0), (0, 0, 0, 0), (0, 0, 0, 0), (0, 0, 0, 0), (0, 0, 0, 0), (0, 0, 0, 0), (0, 0, 0, 0), (0, 0, 0, 0), (0, 0, 0, 0), (0, 0, 0, 0), (0, 0, 0, 0), (0, 0, 0, 0), (0, 0, 0, 0), (0, 0, 0, 0), (0, 0, 0, 0), (0, 0, 0, 0), (0, 0, 0, 0), (0, 0, 0, 0), (0, 0, 0, 0), (0, 0, 0, 0), (0, 0, 0, 0), (0, 0, 0, 0), (0, 0, 0, 0), (0, 0, 0, 0), (0, 0, 0, 0), (0, 0, 0, 0), (0, 0, 0, 0), (0, 0, 0, 0), (0, 0, 0, 0), (0, 0, 0, 0), (0, 0, 0, 0), (0, 0, 0, 0), (0, 0, 0, 0), (0, 0, 0, 0), (0, 0, 0, 0), (0, 0, 0, 0), (0, 0, 0, 0), (0, 0, 0, 0), (0, 0, 0, 0), (0, 0, 0, 0), (0, 0, 0, 0), (1, 1, 1, 1), (1, 1, 1, 1), (0, 0, 0, 0), (0, 0, 0, 0), (0, 0, 0, 0), (0, 0, 0, 0), (0, 0, 0, 0), (0, 0, 0, 0), (1, 1, 1, 1), (1, 1, 1, 1), (1, 1, 1, 1), (1, 1, 1, 1), (1, 1, 1, 1), (1, 1, 1, 1), (1, 1, 1, 1), (1, 1, 1, 1), (1, 1, 1, 1), (1, 1, 1, 1), (1, 1, 1, 1), (1, 1, 1, 1), (1, 1, 1, 1), (1, 1, 1, 1), (1, 1, 1, 1), (1, 1, 1, 1), (1, 1, 1, 1), (1, 1, 1, 1), (1, 1, 1, 1), (1, 1, 1, 1), (1, 1, 1, 1), (1, 1, 1, 1), (1, 1, 1, 1), (1, 1, 1, 1), (1, 1, 1, 1), (1, 1, 1, 1), (1, 1, 1, 1), (1, 1, 1, 1), (1, 1, 1, 1), (1, 1, 1, 1), (1, 1, 1, 1), (1, 1, 1, 1), (1, 1, 1, 1), (1, 1, 1, 1), (1, 1, 1, 1), (1, 1, 1, 1), (1, 1, 1, 1), (1, 1, 1, 1), (1, 1, 1, 1), (1, 1, 1, 1), (1, 1, 1, 1), (1, 1, 1, 1), (1, 1, 1, 1), (1, 1, 1, 1), (1, 1, 1, 1), (1, 1, 1, 1), (1, 1, 1, 1), (1, 1, 1, 1), (1, 1, 1, 1), (1, 1, 1, 1), (1, 1, 1, 1), (1, 1, 1, 1), (1, 1, 1, 1), (1, 1, 1, 1), (1, 1, 1, 1), (1, 1, 1, 1), (1, 1, 1, 1), (1, 1, 1, 1), (1, 1, 1, 1), (1, 1, 1, 1), (1, 1, 1, 1), (1, 1, 1, 1), (1, 1, 1, 1), (1, 1, 1, 1), (1, 1, 1, 1), (1, 1, 1, 1), (1, 1, 1, 1), (1, 1, 1, 1), (1, 1, 1, 1), (1, 1, 1, 1), (1, 1, 1, 1), (1, 1, 1, 1), (1, 1, 1, 1), (1, 1, 1, 1), (1, 1, 1, 1), (1, 1, 1, 1), (1, 1, 1, 1), (1, 1, 1, 1), (1, 1, 1, 1), (1, 1, 1, 1), (1, 1, 1, 1), (1, 1, 1, 1), (1, 1, 1, 1), (1, 1, 1, 1), (1, 1, 1, 1), (1, 1, 1, 1), (1, 1, 1, 1), (1, 1, 1, 1), (1, 1, 1, 1), (1, 1, 1, 1), (1, 1, 1, 1), (1, 1, 1, 1), (1, 1, 1, 1), (1, 1, 1, 1), (1, 1, 1, 1), (1, 1, 1, 1), (1, 1, 1, 1), (1, 1, 1, 1), (1, 1, 1, 1), (1, 1, 1, 1), (1, 1, 1, 1), (1, 1, 1, 1), (1, 1, 1, 1), (1, 1, 1, 1), (1, 1, 1, 1), (1, 1, 1, 1), (1, 1, 1, 1), (1, 1, 1, 1), (1, 1, 1, 1), (1, 1, 1, 1), (1, 1, 1, 1), (1, 1, 1, 1), (1, 1, 1, 1), (1, 1, 1, 1), (1, 1, 1, 1), (1, 1, 1, 1), (1, 1, 1, 1), (1, 1, 1, 1), (1, 1, 1, 1), (1, 1, 1, 1), (1, 1, 1, 1), (1, 1, 1, 1), (1, 1, 1, 1), (1, 1, 1, 1), (1, 1, 1, 1), (1, 1, 1, 1), (1, 1, 1, 1), (1, 1, 1, 1), (1, 1, 1, 1), (1, 1, 1, 1), (1, 1, 1, 1), (1, 1, 1, 1), (1, 1, 1, 1), (1, 1, 1, 1), (1, 1, 1, 1), (1, 1, 1, 1), (1, 1, 1, 1), (1, 1, 1, 1), (1, 1, 1, 1), (1, 1, 1, 1), (1, 1, 1, 1), (1, 1, 1, 1), (1, 1, 1, 1), (1, 1, 1, 1), (1, 1, 1, 1), (1, 1, 1, 1), (1, 1, 1, 1), (1, 1, 1, 1), (1, 1, 1, 1), (1, 1, 1, 1), (1, 1, 1, 1), (1, 1, 1, 1), (1, 1, 1, 1), (1, 1, 1, 1), (1, 1, 1, 1), (1, 1, 1, 1), (1, 1, 1, 1), (1, 1, 1, 1), (1, 1, 1, 1), (1, 1, 1, 1), (1, 1, 1, 1), (1, 1, 1, 1), (1, 1, 1, 1), (1, 1, 1, 1), (1, 1, 1, 1), (1, 1, 1, 1), (1, 1, 1, 1), (1, 1, 1, 1), (1, 1, 1, 1), (1, 1, 1, 1), (1, 1, 1, 1), (1, 1, 1, 1), (1, 1, 1, 1), (1, 1, 1, 1), (1, 1, 1, 1), (1, 1, 1, 1), (1, 1, 1, 1), (1, 1, 1, 1), (1, 1, 1, 1), (1, 1, 1, 1), (1, 1, 1, 1), (1, 1, 1, 1), (1, 1, 1, 1), (1, 1, 1, 1), (1, 1, 1, 1), (1, 1, 1, 1), (1, 1, 1, 1), (1, 1, 1, 1), (1, 1, 1, 1), (1, 1, 1, 1), (1, 1, 1, 1), (1, 1, 1, 1), (1, 1, 1, 1), (1, 1, 1, 1), (1, 1, 1, 1), (1, 1, 1, 1), (1, 1, 1, 1), (1, 1, 1, 1), (1, 1, 1, 1), (1, 1, 1, 1), (1, 1, 1, 1), (1, 1, 1, 1), (1, 1, 1, 1), (1, 1, 1, 1), (1, 1, 1, 1), (1, 1, 1, 1), (1, 1, 1, 1), (1, 1, 1, 1), (1, 1, 1, 1), (1, 1, 1, 1), (1, 1, 1, 1), (1, 1, 1, 1), (1, 1, 1, 1), (1, 1, 1, 1), (1, 1, 1, 1), (1, 1, 1, 1), (1, 1, 1, 1), (1, 1, 1, 1), (1, 1, 1, 1), (1, 1, 1, 1), (1, 1, 1, 1), (1, 1, 1, 1), (1, 1, 1, 1), (1, 1, 1, 1), (1, 1, 1, 1), (1, 1, 1, 1), (1, 1, 1, 1), (1, 1, 1, 1), (1, 1, 1, 1), (1, 1, 1, 1), (1, 1, 1, 1), (1, 1, 1, 1), (1, 1, 1, 1), (1, 1, 1, 1), (1, 1, 1, 1), (1, 1, 1, 1), (1, 1, 1, 1), (1, 1, 1, 1), (1, 1, 1, 1), (1, 1, 1, 1), (1, 1, 1, 1), (1, 1, 1, 1), (1, 1, 1, 1), (1, 1, 1, 1), (1, 1, 1, 1), (1, 1, 1, 1), (1, 1, 1, 1), (1, 1, 1, 1), (1, 1, 1, 1), (1, 1, 1, 1), (1, 1, 1, 1), (1, 1, 1, 1), (1, 1, 1, 1), (1, 1, 1, 1), (1, 1, 1, 1), (1, 1, 1, 1), (1, 1, 1, 1), (1, 1, 1, 1), (1, 1, 1, 1), (1, 1, 1, 1), (1, 1, 1, 1), (1, 1, 1, 1), (1, 1, 1, 1), (1, 1, 1, 1), (1, 1, 1, 1), (1, 1, 1, 1), (1, 1, 1, 1), (1, 1, 1, 1), (1, 1, 1, 1), (1, 1, 1, 1), (1, 1, 1, 1), (1, 1, 1, 1), (1, 1, 1, 1), (1, 1, 1, 1), (1, 1, 1, 1), (1, 1, 1, 1), (1, 1, 1, 1), (1, 1, 1, 1), (1, 1, 1, 1), (1, 1, 1, 1), (1, 1, 1, 1), (1, 1, 1, 1), (1, 1, 1, 1), (1, 1, 1, 1), (1, 1, 1, 1), (1, 1, 1, 1), (1, 1, 1, 1), (1, 1, 1, 1), (1, 1, 1, 1), (1, 1, 1, 1), (1, 1, 1, 1), (1, 1, 1, 1), (1, 1, 1, 1), (1, 1, 1, 1), (1, 1, 1, 1), (1, 1, 1, 1), (1, 1, 1, 1), (1, 1, 1, 1), (1, 1, 1, 1), (1, 1, 1, 1), (1, 1, 1, 1), (1, 1, 1, 1), (1, 1, 1, 1), (1, 1, 1, 1), (1, 1, 1, 1), (1, 1, 1, 1), (1, 1, 1, 1), (1, 1, 1, 1), (1, 1, 1, 1), (1, 1, 1, 1), (1, 1, 1, 1), (1, 1, 1, 1), (1, 1, 1, 1), (1, 1, 1, 1), (1, 1, 1, 1), (1, 1, 1, 1), (1, 1, 1, 1), (1, 1, 1, 1), (1, 1, 1, 1), (1, 1, 1, 1), (1, 1, 1, 1), (1, 1, 1, 1), (1, 1, 1, 1), (1, 1, 1, 1), (1, 1, 1, 1), (1, 1, 1, 1), (1, 1, 1, 1), (1, 1, 1, 1), (1, 1, 1, 1), (1, 1, 1, 1), (1, 1, 1, 1), (1, 1, 1, 1), (1, 1, 1, 1), (1, 1, 1, 1), (1, 1, 1, 1), (1, 1, 1, 1), (1, 1, 1, 1), (1, 1, 1, 1), (1, 1, 1, 1), (1, 1, 1, 1), (1, 1, 1, 1), (1, 1, 1, 1), (1, 1, 1, 1), (1, 1, 1, 1), (1, 1, 1, 1), (1, 1, 1, 1), (1, 1, 1, 1), (1, 1, 1, 1), (1, 1, 1, 1), (1, 1, 1, 1), (1, 1, 1, 1), (1, 1, 1, 1), (1, 1, 1, 1), (1, 1, 1, 1), (1, 1, 1, 1), (1, 1, 1, 1), (1, 1, 1, 1), (1, 1, 1, 1), (1, 1, 1, 1), (1, 1, 1, 1), (1, 1, 1, 1), (1, 1, 1, 1), (1, 1, 1, 1), (1, 1, 1, 1), (1, 1, 1, 1), (1, 1, 1, 1), (1, 1, 1, 1), (1, 1, 1, 1), (1, 1, 1, 1), (1, 1, 1, 1), (1, 1, 1, 1), (1, 1, 1, 1), (1, 1, 1, 1), (1, 1, 1, 1), (1, 1, 1, 1), (1, 1, 1, 1), (1, 1, 1, 1), (1, 1, 1, 1), (1, 1, 1, 1), (1, 1, 1, 1), (1, 1, 1, 1), (1, 1, 1, 1), (1, 1, 1, 1), (1, 1, 1, 1), (1, 1, 1, 1), (1, 1, 1, 1), (1, 1, 1, 1), (1, 1, 1, 1), (1, 1, 1, 1), (1, 1, 1, 1), (1, 1, 1, 1), (1, 1, 1, 1), (1, 1, 1, 1), (1, 1, 1, 1), (1, 1, 1, 1), (1, 1, 1, 1), (1, 1, 1, 1), (1, 1, 1, 1), (1, 1, 1, 1), (1, 1, 1, 1), (1, 1, 1, 1), (1, 1, 1, 1), (1, 1, 1, 1), (1, 1, 1, 1), (1, 1, 1, 1), (1, 1, 1, 1), (1, 1, 1, 1), (1, 1, 1, 1), (1, 1, 1, 1), (1, 1, 1, 1), (1, 1, 1, 1), (1, 1, 1, 1), (1, 1, 1, 1), (1, 1, 1, 1), (1, 1, 1, 1), (1, 1, 1, 1), (1, 1, 1, 1), (1, 1, 1, 1), (1, 1, 1, 1), (1, 1, 1, 1), (1, 1, 1, 1), (1, 1, 1, 1), (1, 1, 1, 1), (1, 1, 1, 1), (1, 1, 1, 1), (1, 1, 1, 1), (1, 1, 1, 1), (1, 1, 1, 1), (1, 1, 1, 1), (1, 1, 1, 1), (1, 1, 1, 1), (1, 1, 1, 1), (1, 1, 1, 1), (1, 1, 1, 1), (1, 1, 1, 1), (1, 1, 1, 1), (1, 1, 1, 1), (1, 1, 1, 1), (1, 1, 1, 1), (1, 1, 1, 1), (1, 1, 1, 1), (1, 1, 1, 1), (1, 1, 1, 1), (1, 1, 1, 1), (1, 1, 1, 1), (1, 1, 1, 1), (1, 1, 1, 1), (1, 1, 1, 1), (1, 1, 1, 1), (1, 1, 1, 1), (1, 1, 1, 1), (1, 1, 1, 1), (1, 1, 1, 1), (1, 1, 1, 1), (1, 1, 1, 1), (1, 1, 1, 1), (1, 1, 1, 1), (1, 1, 1, 1), (1, 1, 1, 1), (1, 1, 1, 1), (1, 1, 1, 1), (1, 1, 1, 1), (1, 1, 1, 1), (1, 1, 1, 1), (1, 1, 1, 1), (1, 1, 1, 1), (1, 1, 1, 1), (1, 1, 1, 1), (1, 1, 1, 1), (1, 1, 1, 1), (1, 1, 1, 1), (1, 1, 1, 1), (1, 1, 1, 1), (1, 1, 1, 1), (1, 1, 1, 1), (1, 1, 1, 1), (1, 1, 1, 1), (1, 1, 1, 1), (1, 1, 1, 1), (1, 1, 1, 1), (1, 1, 1, 1), (1, 1, 1, 1), (1, 1, 1, 1), (1, 1, 1, 1), (1, 1, 1, 1), (1, 1, 1, 1), (1, 1, 1, 1), (1, 1, 1, 1), (1, 1, 1, 1), (1, 1, 1, 1), (1, 1, 1, 1), (1, 1, 1, 1), (1, 1, 1, 1), (1, 1, 1, 1), (1, 1, 1, 1), (1, 1, 1, 1), (1, 1, 1, 1), (1, 1, 1, 1), (1, 1, 1, 1), (1, 1, 1, 1), (1, 1, 1, 1), (1, 1, 1, 1), (1, 1, 1, 1), (1, 1, 1, 1), (1, 1, 1, 1), (1, 1, 1, 1), (1, 1, 1, 1), (1, 1, 1, 1), (1, 1, 1, 1), (1, 1, 1, 1), (1, 1, 1, 1), (1, 1, 1, 1), (1, 1, 1, 1), (1, 1, 1, 1), (1, 1, 1, 1), (1, 1, 1, 1), (1, 1, 1, 1), (1, 1, 1, 1), (1, 1, 1, 1), (1, 1, 1, 1), (1, 1, 1, 1), (1, 1, 1, 1), (1, 1, 1, 1), (1, 1, 1, 1), (1, 1, 1, 1), (1, 1, 1, 1), (1, 1, 1, 1), (1, 1, 1, 1), (1, 1, 1, 1), (1, 1, 1, 1), (1, 1, 1, 1), (1, 1, 1, 1), (1, 1, 1, 1), (1, 1, 1, 1), (1, 1, 1, 1), (1, 1, 1, 1), (1, 1, 1, 1), (1, 1, 1, 1), (1, 1, 1, 1), (1, 1, 1, 1), (1, 1, 1, 1), (1, 1, 1, 1), (1, 1, 1, 1), (1, 1, 1, 1), (1, 1, 1, 1), (1, 1, 1, 1), (1, 1, 1, 1), (1, 1, 1, 1), (1, 1, 1, 1), (1, 1, 1, 1), (1, 1, 1, 1), (1, 1, 1, 1), (1, 1, 1, 1), (1, 1, 1, 1), (1, 1, 1, 1), (1, 1, 1, 1), (1, 1, 1, 1), (1, 1, 1, 1), (1, 1, 1, 1), (1, 1, 1, 1), (1, 1, 1, 1), (1, 1, 1, 1), (1, 1, 1, 1), (1, 1, 1, 1), (1, 1, 1, 1), (1, 1, 1, 1), (1, 1, 1, 1), (1, 1, 1, 1), (1, 1, 1, 1), (1, 1, 1, 1), (1, 1, 1, 1), (1, 1, 1, 1), (1, 1, 1, 1), (1, 1, 1, 1), (1, 1, 1, 1), (1, 1, 1, 1), (1, 1, 1, 1), (1, 1, 1, 1), (1, 1, 1, 1), (1, 1, 1, 1), (1, 1, 1, 1), (1, 1, 1, 1), (1, 1, 1, 1), (1, 1, 1, 1), (1, 1, 1, 1), (1, 1, 1, 1), (1, 1, 1, 1), (1, 1, 1, 1), (1, 1, 1, 1), (1, 1, 1, 1), (1, 1, 1, 1), (1, 1, 1, 1), (1, 1, 1, 1), (1, 1, 1, 1), (1, 1, 1, 1), (1, 1, 1, 1), (1, 1, 1, 1), (1, 1, 1, 1), (1, 1, 1, 1), (1, 1, 1, 1), (1, 1, 1, 1), (1, 1, 1, 1), (1, 1, 1, 1), (1, 1, 1, 1), (1, 1, 1, 1), (1, 1, 1, 1), (1, 1, 1, 1), (1, 1, 1, 1), (1, 1, 1, 1), (1, 1, 1, 1), (1, 1, 1, 1), (1, 1, 1, 1), (1, 1, 1, 1), (1, 1, 1, 1), (1, 1, 1, 1), (1, 1, 1, 1), (1, 1, 1, 1), (1, 1, 1, 1), (1, 1, 1, 1), (1, 1, 1, 1), (1, 1, 1, 1), (1, 1, 1, 1), (1, 1, 1, 1), (1, 1, 1, 1), (1, 1, 1, 1), (1, 1, 1, 1), (1, 1, 1, 1), (1, 1, 1, 1), (1, 1, 1, 1), (1, 1, 1, 1), (1, 1, 1, 1), (1, 1, 1, 1), (1, 1, 1, 1), (1, 1, 1, 1), (1, 1, 1, 1), (1, 1, 1, 1), (1, 1, 1, 1), (1, 1, 1, 1), (1, 1, 1, 1), (1, 1, 1, 1), (1, 1, 1, 1), (1, 1, 1, 1), (1, 1, 1, 1), (1, 1, 1, 1), (1, 1, 1, 1), (1, 1, 1, 1), (1, 1, 1, 1), (1, 1, 1, 1), (1, 1, 1, 1), (1, 1, 1, 1), (1, 1, 1, 1), (1, 1, 1, 1), (1, 1, 1, 1), (1, 1, 1, 1), (1, 1, 1, 1), (1, 1, 1, 1), (1, 1, 1, 1), (1, 1, 1, 1), (1, 1, 1, 1), (1, 1, 1, 1), (1, 1, 1, 1), (1, 1, 1, 1), (1, 1, 1, 1), (1, 1, 1, 1), (1, 1, 1, 1), (1, 1, 1, 1), (1, 1, 1, 1), (1, 1, 1, 1), (1, 1, 1, 1), (1, 1, 1, 1), (1, 1, 1, 1), (1, 1, 1, 1), (1, 1, 1, 1), (1, 1, 1, 1), (1, 1, 1, 1), (1, 1, 1, 1), (1, 1, 1, 1), (1, 1, 1, 1), (1, 1, 1, 1), (1, 1, 1, 1), (1, 1, 1, 1), (1, 1, 1, 1), (1, 1, 1, 1), (1, 1, 1, 1), (1, 1, 1, 1), (1, 1, 1, 1), (1, 1, 1, 1), (1, 1, 1, 1), (1, 1, 1, 1), (1, 1, 1, 1), (1, 1, 1, 1), (1, 1, 1, 1), (1, 1, 1, 1), (1, 1, 1, 1), (1, 1, 1, 1), (1, 1, 1, 1), (1, 1, 1, 1), (1, 1, 1, 1), (1, 1, 1, 1), (1, 1, 1, 1), (1, 1, 1, 1), (1, 1, 1, 1), (1, 1, 1, 1), (1, 1, 1, 1), (1, 1, 1, 1), (1, 1, 1, 1), (1, 1, 1, 1), (1, 1, 1, 1), (1, 1, 1, 1), (1, 1, 1, 1), (1, 1, 1, 1), (1, 1, 1, 1), (1, 1, 1, 1), (1, 1, 1, 1), (1, 1, 1, 1), (1, 1, 1, 1), (1, 1, 1, 1), (1, 1, 1, 1), (1, 1, 1, 1), (1, 1, 1, 1), (1, 1, 1, 1), (1, 1, 1, 1), (1, 1, 1, 1), (1, 1, 1, 1), (0, 0, 0, 0), (0, 0, 0, 0), (0, 0, 0, 0), (0, 0, 0, 0), (0, 0, 0, 0), (0, 0, 0, 0), (0, 0, 0, 0), (0, 0, 0, 0), (1, 1, 1, 1), (1, 1, 1, 1), (1, 1, 1, 1), (1, 1, 1, 1), (1, 1, 1, 1), (1, 1, 1, 1), (1, 1, 1, 1), (1, 1, 1, 1), (1, 1, 1, 1), (1, 1, 1, 1), (1, 1, 1, 1), (1, 1, 1, 1), (1, 1, 1, 1), (1, 1, 1, 1), (1, 1, 1, 1), (1, 1, 1, 1), (1, 1, 1, 1), (1, 1, 1, 1), (1, 1, 1, 1), (1, 1, 1, 1), (0, 0, 0, 0), (0, 0, 0, 0), (0, 0, 0, 0), (0, 0, 0, 0), (1, 1, 1, 1), (1, 1, 1, 1), (1, 1, 1, 1), (1, 1, 1, 1), (1, 1, 1, 1), (1, 1, 1, 1), (1, 1, 1, 1), (1, 1, 1, 1), (0, 0, 0, 0), (0, 0, 0, 0), (0, 0, 0, 0), (0, 0, 0, 0), (1, 1, 1, 1), (1, 1, 1, 1), (1, 1, 1, 1), (1, 1, 1, 1), (1, 1, 1, 1), (1, 1, 1, 1), (1, 1, 1, 1), (1, 1, 1, 1), (1, 1, 1, 1), (1, 1, 1, 1), (1, 1, 1, 1), (1, 1, 1, 1), (1, 1, 1, 1), (1, 1, 1, 1), (1, 1, 1, 1), (1, 1, 1, 1), (1, 1, 1, 1), (1, 1, 1, 1), (1, 1, 1, 1), (1, 1, 1, 1), (1, 1, 1, 1), (1, 1, 1, 1), (1, 1, 1, 1), (1, 1, 1, 1), (1, 1, 1, 1), (1, 1, 1, 1), (1, 1, 1, 1), (1, 1, 1, 1), (1, 1, 1, 1), (1, 1, 1, 1), (1, 1, 1, 1), (1, 1, 1, 1), (1, 1, 1, 1), (1, 1, 1, 1), (1, 1, 1, 1), (1, 1, 1, 1), (1, 1, 1, 1), (1, 1, 1, 1), (1, 1, 1, 1), (1, 1, 1, 1), (1, 1, 1, 1), (1, 1, 1, 1), (1, 1, 1, 1), (1, 1, 1, 1), (1, 1, 1, 1), (1, 1, 1, 1), (1, 1, 1, 1), (1, 1, 1, 1), (1, 1, 1, 1), (1, 1, 1, 1), (1, 1, 1, 1), (1, 1, 1, 1), (1, 1, 1, 1), (1, 1, 1, 1), (1, 1, 1, 1), (1, 1, 1, 1), (1, 1, 1, 1), (1, 1, 1, 1), (1, 1, 1, 1), (1, 1, 1, 1), (1, 1, 1, 1), (1, 1, 1, 1), (1, 1, 1, 1), (1, 1, 1, 1), (1, 1, 1, 1), (1, 1, 1, 1), (1, 1, 1, 1), (1, 1, 1, 1), (1, 1, 1, 1), (1, 1, 1, 1), (1, 1, 1, 1), (1, 1, 1, 1), (1, 1, 1, 1), (1, 1, 1, 1), (1, 1, 1, 1), (1, 1, 1, 1), (1, 1, 1, 1), (1, 1, 1, 1), (1, 1, 1, 1), (1, 1, 1, 1), (1, 1, 1, 1), (1, 1, 1, 1), (1, 1, 1, 1), (1, 1, 1, 1), (1, 1, 1, 1), (1, 1, 1, 1), (1, 1, 1, 1), (1, 1, 1, 1), (1, 1, 1, 1), (1, 1, 1, 1), (1, 1, 1, 1), (1, 1, 1, 1), (1, 1, 1, 1), (1, 1, 1, 1), (1, 1, 1, 1), (1, 1, 1, 1), (1, 1, 1, 1), (1, 1, 1, 1), (1, 1, 1, 1), (1, 1, 1, 1), (1, 1, 1, 1), (1, 1, 1, 1), (1, 1, 1, 1), (1, 1, 1, 1), (1, 1, 1, 1), (1, 1, 1, 1), (1, 1, 1, 1), (1, 1, 1, 1), (1, 1, 1, 1), (1, 1, 1, 1), (1, 1, 1, 1), (1, 1, 1, 1), (1, 1, 1, 1), (1, 1, 1, 1), (1, 1, 1, 1), (1, 1, 1, 1), (1, 1, 1, 1), (1, 1, 1, 1), (1, 1, 1, 1), (1, 1, 1, 1), (1, 1, 1, 1), (1, 1, 1, 1), (1, 1, 1, 1), (1, 1, 1, 1), (1, 1, 1, 1), (1, 1, 1, 1), (1, 1, 1, 1), (1, 1, 1, 1), (1, 1, 1, 1), (1, 1, 1, 1), (1, 1, 1, 1), (1, 1, 1, 1), (1, 1, 1, 1), (1, 1, 1, 1), (1, 1, 1, 1), (1, 1, 1, 1), (1, 1, 1, 1), (1, 1, 1, 1), (1, 1, 1, 1), (1, 1, 1, 1), (1, 1, 1, 1), (1, 1, 1, 1), (1, 1, 1, 1), (1, 1, 1, 1), (1, 1, 1, 1), (1, 1, 1, 1), (1, 1, 1, 1), (1, 1, 1, 1), (1, 1, 1, 1), (1, 1, 1, 1), (1, 1, 1, 1), (1, 1, 1, 1), (1, 1, 1, 1), (1, 1, 1, 1), (1, 1, 1, 1), (1, 1, 1, 1), (1, 1, 1, 1), (1, 1, 1, 1), (1, 1, 1, 1), (1, 1, 1, 1), (1, 1, 1, 1), (1, 1, 1, 1), (1, 1, 1, 1), (1, 1, 1, 1), (1, 1, 1, 1), (1, 1, 1, 1), (1, 1, 1, 1), (1, 1, 1, 1), (1, 1, 1, 1), (1, 1, 1, 1), (1, 1, 1, 1), (1, 1, 1, 1), (1, 1, 1, 1), (1, 1, 1, 1), (1, 1, 1, 1), (1, 1, 1, 1), (1, 1, 1, 1), (1, 1, 1, 1), (1, 1, 1, 1), (1, 1, 1, 1), (1, 1, 1, 1), (1, 1, 1, 1), (1, 1, 1, 1), (1, 1, 1, 1), (1, 1, 1, 1), (1, 1, 1, 1), (1, 1, 1, 1), (1, 1, 1, 1), (1, 1, 1, 1), (1, 1, 1, 1), (1, 1, 1, 1), (1, 1, 1, 1), (0, 0, 0, 0), (0, 0, 0, 0), (0, 0, 0, 0), (0, 0, 0, 0), (0, 0, 0, 0), (0, 0, 0, 0), (0, 0, 0, 0), (0, 0, 0, 0), (0, 0, 0, 0), (0, 0, 0, 0), (0, 0, 0, 0), (0, 0, 0, 0), (0, 0, 0, 0), (0, 0, 0, 0), (0, 0, 0, 0), (0, 0, 0, 0), (0, 0, 0, 0), (0, 0, 0, 0), (0, 0, 0, 0), (0, 0, 0, 0), (0, 0, 0, 0), (0, 0, 0, 0), (0, 0, 0, 0), (0, 0, 0, 0), (0, 0, 0, 0), (0, 0, 0, 0), (0, 0, 0, 0), (0, 0, 0, 0), (1, 1, 1, 1), (1, 1, 1, 1), (0, 0, 0, 0), (0, 0, 0, 0), (1, 1, 1, 1), (1, 1, 1, 1), (0, 0, 0, 0), (0, 0, 0, 0), (1, 1, 1, 1), (1, 1, 1, 1), (0, 0, 0, 0), (0, 0, 0, 0), (1, 1, 1, 1), (1, 1, 1, 1), (0, 0, 0, 0), (0, 0, 0, 0), (1, 1, 1, 1), (1, 1, 1, 1), (0, 0, 0, 0), (0, 0, 0, 0), (0, 0, 0, 0), (1, 1, 1, 1), (1, 1, 1, 1), (0, 0, 0, 0), (0, 0, 0, 0), (0, 0, 0, 0), (0, 0, 0, 0), (0, 0, 0, 0), (0, 0, 0, 0), (0, 0, 0, 0), (0, 0, 0, 0), (0, 0, 0, 0), (0, 0, 0, 0), (0, 0, 0, 0), (0, 0, 0, 0), (0, 0, 0, 0)] (
                interpolation = "faceVarying"
            )
            texCoord2f[] primvars:st = [(0, 0), (0.028349191, 0.25), (0.25, 0.88470095), (0.5, 0.9004749), (0, 0.5), (0.5, 0), (0.02834919, 0), (0, 0.89258796), (0.5, 0.5), (0, 0.25), (0.028349191, 0.5), (0.25, 0.9004749), (0.5, 0.9004749), (0, 0.75), (0.25, 0), (0.25, 0.88470095), (0.5, 0.88470095), (0.5, 0.75), (0.5, 0.25), (0.25, 0.5), (0, 0.892588), (0.028349191, 0.8925879), (0.25, 0.25), (0.25, 0.75), (0.25, 0.8925879), (0, 0.25), (0, 0), (0.5, 0.8925879), (0.25, 0.875), (0, 0.875), (0.5, 0.875), (0.25, 0.9004749), (0.028349191, 0.88470095), (0, 0.75), (0, 0.5), (0.25, 0), (0.5, 0), (0.25, 0.875), (0, 0.875), (0.5, 0.875), (0.25, 0.8925879), (0.5, 0.75), (0.5, 0.25), (0.5, 0.5), (0.25, 0.5), (0, 0.90047497), (0, 0.900475), (0.25, 0.25), (0.25, 0.75), (0.028349191, 0.75), (0.028349191, 0.5), (0.028349191, 0.875), (0.028349191, 0), (0.028349191, 0.875), (0.028349191, 0.25), (0.028349191, 0.75), (0.5, 0.8925879), (0.028349191, 0.9004749), (0, 0.88470095), (0, 0.88470095), (0.028349191, 0.8925879), (0.028349191, 0.88470095), (0.028349191, 0.9004749), (0.5, 0.88470095), (0, 0.5), (0.75, 1), (0, 0.25), (0.5, 0), (0.75, 0), (1, 0.5), (1, 0.75), (0.5, 1), (0, 0), (0.25, 1), (1, 0), (0, 0.75), (1, 1), (0.25, 0), (1, 0.25), (0, 1), (0, 0.5), (0.75, 1), (0, 0.25), (0.5, 0), (0.75, 0), (1, 0.5), (1, 0.75), (0.5, 1), (0, 0), (0.25, 1), (1, 0), (0, 0.75), (1, 1), (0.25, 0), (1, 0.25), (0, 1), (0, 0.75), (1, 1), (0.25, 0), (1, 0.25), (0, 1), (0, 0.5), (0.75, 1), (0, 0.25), (0.5, 0), (0.75, 0), (1, 0.5), (1, 0.75), (0.5, 1), (0, 0), (0.25, 1), (1, 0), (0, 0.5), (0.75, 1), (0, 0.25), (0.5, 0), (0.75, 0), (1, 0.5), (1, 0.75), (0.5, 1), (0, 0), (0.25, 1), (1, 0), (0, 0.75), (1, 1), (0.25, 0), (1, 0.25), (0, 1), (0, 0.5), (0.75, 1), (0, 0.25), (0.5, 0), (0.74999994, 0), (1, 0.5), (1, 0.74999994), (0.5, 1), (0, 0), (0.25, 1), (1, 0), (0, 0.75), (1, 1), (0.25, 0), (1, 0.25), (0, 1), (0, 0.5), (0.75, 1), (0, 0.24999999), (0.5, 0), (0.7499999, 0), (1, 0.5), (1, 0.75), (0.5, 1), (0, 0), (0.25, 1), (1, 0), (0, 0.7500001), (0.9999999, 0.9999999), (0.25, 0), (1, 0.25), (0, 1), (0, 0.5), (0.75, 1), (0, 0.25000003), (0.5, 0), (0.7499999, 0), (1, 0.5), (1, 0.75), (0.5, 1), (0, 0), (0.24999997, 0.9999999), (0.99999994, 0), (0, 0.75000006), (1, 1), (0.25, 0), (1, 0.25), (0, 1), (0, 0.75), (1, 1), (0.25, 0), (0.99999994, 0.24999999), (0, 1), (0, 0.5), (0.75, 1), (0, 0.25), (0.5, 0), (0.74999994, 0), (1, 0.5), (1, 0.75000006), (0.5, 1), (0, 0), (0.24999997, 0.9999999), (0.99999994, 0), (0, 0.5), (0.75, 1), (0, 0.25), (0.5, 0), (0.75, 0), (1, 0.5), (1, 0.75), (0.5, 1), (0, 0), (0.25, 1), (1, 0), (0, 0.75), (1, 1), (0.25, 0), (1, 0.25), (0, 1), (0, 0.5), (0.75, 1), (0, 0.25), (0.5, 0), (0.75, 0), (1, 0.5), (1, 0.75), (0.5, 1), (0, 0), (0.25, 1), (1, 0), (0, 0.75), (1, 1), (0.25, 0), (1, 0.25), (0, 1), (0, 0.75), (1, 1), (0.25, 0), (1, 0.25), (0, 1), (0, 0.5), (0.75, 1), (0, 0.25), (0.5, 0), (0.75, 0), (1, 0.5), (1, 0.75), (0.5, 1), (0, 0), (0.25, 1), (1, 0), (0, 0.5), (0.75, 1), (0, 0.25), (0.5, 0), (0.75, 0), (1, 0.5), (1, 0.75), (0.5, 1), (0, 0), (0.25, 1), (1, 0), (0, 0.75), (1, 1), (0.25, 0), (1, 0.25), (0, 1), (0, 0.5), (0.75, 1), (0, 0.25), (0.5, 0), (0.74999994, 0), (1, 0.5), (1, 0.74999994), (0.5, 1), (0, 0), (0.25, 1), (1, 0), (0, 0.75), (1, 1), (0.25, 0), (1, 0.25), (0, 1), (0, 0.5), (0.75, 1), (0, 0.24999999), (0.5, 0), (0.7499999, 0), (1, 0.5), (1, 0.75), (0.5, 1), (0, 0), (0.25, 1), (1, 0), (0, 0.7500001), (0.9999999, 0.9999999), (0.25, 0), (1, 0.25), (0, 1), (0, 0.5), (0.75, 1), (0, 0.25000003), (0.5, 0), (0.7499999, 0), (1, 0.5), (1, 0.75), (0.5, 1), (0, 0), (0.24999997, 0.9999999), (0.99999994, 0), (0, 0.75000006), (1, 1), (0.25, 0), (1, 0.25), (0, 1), (0, 0.75), (1, 1), (0.25, 0), (0.99999994, 0.24999999), (0, 1), (0, 0.5), (0.75, 1), (0, 0.25), (0.5, 0), (0.74999994, 0), (1, 0.5), (1, 0.75000006), (0.5, 1), (0, 0), (0.24999997, 0.9999999), (0.99999994, 0), (0.25, 0.90625), (0.5, 0.90625), (0.25, 0.90625), (0.5, 0.90625), (0.028349191, 0.90625), (0, 0.90625), (0, 0.90625), (0.028349191, 0.90625), (0.25, 0.88864446), (0.5, 0.88864446), (0.25, 0.88864446), (0.5, 0.88864446), (0.028349191, 0.88864446), (0.028349191, 0.88864446), (0, 0.88864446), (0, 0.88864446), (0, 0), (0.028349191, 0.25), (0.25, 0.88470095), (0.5, 0.9004749), (0, 0.5), (0.5, 0), (0.02834919, 0), (0, 0.89258796), (0.5, 0.5), (0, 0.25), (0.028349191, 0.5), (0.25, 0.9004749), (0.5, 0.9004749), (0, 0.75), (0.25, 0), (0.25, 0.88470095), (0.5, 0.88470095), (0.5, 0.75), (0.5, 0.25), (0.25, 0.5), (0, 0.892588), (0.028349191, 0.8925879), (0.25, 0.25), (0.25, 0.75), (0.25, 0.8925879), (0, 0.25), (0, 0), (0.5, 0.8925879), (0.25, 0.875), (0, 0.875), (0.5, 0.875), (0.25, 0.9004749), (0.028349191, 0.88470095), (0, 0.75), (0, 0.5), (0.25, 0), (0.5, 0), (0.25, 0.875), (0, 0.875), (0.5, 0.875), (0.25, 0.8925879), (0.5, 0.75), (0.5, 0.25), (0.5, 0.5), (0.25, 0.5), (0, 0.90047497), (0, 0.900475), (0.25, 0.25), (0.25, 0.75), (0.028349191, 0.75), (0.028349191, 0.5), (0.028349191, 0.875), (0.028349191, 0), (0.028349191, 0.875), (0.028349191, 0.25), (0.028349191, 0.75), (0.5, 0.8925879), (0.028349191, 0.9004749), (0, 0.88470095), (0, 0.88470095), (0.028349191, 0.8925879), (0.028349191, 0.88470095), (0.028349191, 0.9004749), (0.5, 0.88470095), (0, 0.5), (0.75, 1), (0, 0.25), (0.5, 0), (0.75, 0), (1, 0.5), (1, 0.75), (0.5, 1), (0, 0), (0.25, 1), (1, 0), (0, 0.75), (1, 1), (0.25, 0), (1, 0.25), (0, 1), (0, 0.5), (0.75, 1), (0, 0.25), (0.5, 0), (0.75, 0), (1, 0.5), (1, 0.75), (0.5, 1), (0, 0), (0.25, 1), (1, 0), (0, 0.75), (1, 1), (0.25, 0), (1, 0.25), (0, 1), (0, 0.75), (1, 1), (0.25, 0), (1, 0.25), (0, 1), (0, 0.5), (0.75, 1), (0, 0.25), (0.5, 0), (0.75, 0), (1, 0.5), (1, 0.75), (0.5, 1), (0, 0), (0.25, 1), (1, 0), (0, 0.5), (0.75, 1), (0, 0.25), (0.5, 0), (0.75, 0), (1, 0.5), (1, 0.75), (0.5, 1), (0, 0), (0.25, 1), (1, 0), (0, 0.75), (1, 1), (0.25, 0), (1, 0.25), (0, 1), (0, 0.5), (0.75, 1), (0, 0.25), (0.5, 0), (0.74999994, 0), (1, 0.5), (1, 0.74999994), (0.5, 1), (0, 0), (0.25, 1), (1, 0), (0, 0.75), (1, 1), (0.25, 0), (1, 0.25), (0, 1), (0, 0.5), (0.75, 1), (0, 0.24999999), (0.5, 0), (0.7499999, 0), (1, 0.5), (1, 0.75), (0.5, 1), (0, 0), (0.25, 1), (1, 0), (0, 0.7500001), (0.9999999, 0.9999999), (0.25, 0), (1, 0.25), (0, 1), (0, 0.5), (0.75, 1), (0, 0.25000003), (0.5, 0), (0.7499999, 0), (1, 0.5), (1, 0.75), (0.5, 1), (0, 0), (0.24999997, 0.9999999), (0.99999994, 0), (0, 0.75000006), (1, 1), (0.25, 0), (1, 0.25), (0, 1), (0, 0.75), (1, 1), (0.25, 0), (0.99999994, 0.24999999), (0, 1), (0, 0.5), (0.75, 1), (0, 0.25), (0.5, 0), (0.74999994, 0), (1, 0.5), (1, 0.75000006), (0.5, 1), (0, 0), (0.24999997, 0.9999999), (0.99999994, 0), (0, 0.5), (0.75, 1), (0, 0.25), (0.5, 0), (0.75, 0), (1, 0.5), (1, 0.75), (0.5, 1), (0, 0), (0.25, 1), (1, 0), (0, 0.75), (1, 1), (0.25, 0), (1, 0.25), (0, 1), (0, 0.5), (0.75, 1), (0, 0.25), (0.5, 0), (0.75, 0), (1, 0.5), (1, 0.75), (0.5, 1), (0, 0), (0.25, 1), (1, 0), (0, 0.75), (1, 1), (0.25, 0), (1, 0.25), (0, 1), (0, 0.75), (1, 1), (0.25, 0), (1, 0.25), (0, 1), (0, 0.5), (0.75, 1), (0, 0.25), (0.5, 0), (0.75, 0), (1, 0.5), (1, 0.75), (0.5, 1), (0, 0), (0.25, 1), (1, 0), (0, 0.5), (0.75, 1), (0, 0.25), (0.5, 0), (0.75, 0), (1, 0.5), (1, 0.75), (0.5, 1), (0, 0), (0.25, 1), (1, 0), (0, 0.75), (1, 1), (0.25, 0), (1, 0.25), (0, 1), (0, 0.5), (0.75, 1), (0, 0.25), (0.5, 0), (0.74999994, 0), (1, 0.5), (1, 0.74999994), (0.5, 1), (0, 0), (0.25, 1), (1, 0), (0, 0.75), (1, 1), (0.25, 0), (1, 0.25), (0, 1), (0, 0.5), (0.75, 1), (0, 0.24999999), (0.5, 0), (0.7499999, 0), (1, 0.5), (1, 0.75), (0.5, 1), (0, 0), (0.25, 1), (1, 0), (0, 0.7500001), (0.9999999, 0.9999999), (0.25, 0), (1, 0.25), (0, 1), (0, 0.5), (0.75, 1), (0, 0.25000003), (0.5, 0), (0.7499999, 0), (1, 0.5), (1, 0.75), (0.5, 1), (0, 0), (0.24999997, 0.9999999), (0.99999994, 0), (0, 0.75000006), (1, 1), (0.25, 0), (1, 0.25), (0, 1), (0, 0.75), (1, 1), (0.25, 0), (0.99999994, 0.24999999), (0, 1), (0, 0.5), (0.75, 1), (0, 0.25), (0.5, 0), (0.74999994, 0), (1, 0.5), (1, 0.75000006), (0.5, 1), (0, 0), (0.24999997, 0.9999999), (0.99999994, 0), (0.25, 0.90625), (0.5, 0.90625), (0.25, 0.90625), (0.5, 0.90625), (0.028349191, 0.90625), (0, 0.90625), (0, 0.90625), (0.028349191, 0.90625), (0.25, 0.88864446), (0.5, 0.88864446), (0.25, 0.88864446), (0.5, 0.88864446), (0.028349191, 0.88864446), (0.028349191, 0.88864446), (0, 0.88864446), (0, 0.88864446)] (
                interpolation = "faceVarying"
            )
            int[] primvars:st:indices = [34, 50, 55, 33, 15, 330, 331, 63, 22, 19, 8, 18, 330, 40, 56, 331, 13, 38, 51, 49, 33, 55, 53, 29, 0, 6, 52, 26, 1, 10, 19, 22, 6, 1, 22, 14, 14, 22, 18, 5, 335, 332, 60, 7, 10, 49, 23, 19, 19, 23, 17, 8, 245, 246, 335, 7, 59, 61, 332, 335, 254, 245, 7, 45, 9, 4, 10, 1, 61, 2, 328, 332, 47, 42, 43, 44, 0, 9, 1, 6, 60, 24, 31, 62, 4, 13, 49, 10, 24, 27, 12, 31, 54, 47, 44, 50, 52, 35, 47, 54, 35, 36, 42, 47, 2, 16, 329, 328, 50, 44, 48, 55, 44, 43, 41, 48, 25, 54, 50, 34, 26, 52, 54, 25, 20, 46, 57, 21, 13, 4, 34, 33, 58, 334, 333, 32, 4, 9, 25, 34, 14, 5, 36, 35, 32, 333, 330, 15, 334, 58, 59, 335, 23, 37, 39, 17, 49, 51, 37, 23, 9, 0, 26, 25, 332, 328, 24, 60, 48, 41, 30, 28, 38, 13, 33, 29, 55, 48, 28, 53, 6, 14, 35, 52, 21, 57, 11, 40, 58, 38, 29, 59, 28, 30, 16, 2, 40, 11, 3, 56, 328, 329, 27, 24, 7, 60, 62, 45, 334, 20, 21, 333, 250, 254, 45, 325, 333, 21, 40, 330, 155, 144, 181, 176, 156, 145, 182, 177, 144, 146, 183, 181, 157, 147, 184, 178, 147, 148, 185, 184, 158, 149, 186, 179, 149, 150, 187, 186, 145, 151, 188, 182, 146, 152, 189, 183, 151, 153, 190, 188, 148, 154, 191, 185, 159, 155, 176, 180, 150, 156, 177, 187, 152, 157, 178, 189, 153, 159, 180, 190, 154, 158, 179, 191, 96, 101, 80, 91, 97, 102, 81, 92, 101, 103, 82, 80, 98, 104, 83, 93, 104, 105, 84, 83, 99, 106, 85, 94, 106, 107, 86, 85, 102, 108, 87, 81, 103, 109, 88, 82, 108, 110, 89, 87, 105, 111, 90, 84, 100, 96, 91, 95, 107, 97, 92, 86, 109, 98, 93, 88, 110, 100, 95, 89, 111, 99, 94, 90, 74, 78, 99, 111, 73, 79, 100, 110, 72, 77, 98, 109, 70, 76, 97, 107, 79, 75, 96, 100, 68, 74, 111, 105, 71, 73, 110, 108, 66, 72, 109, 103, 65, 71, 108, 102, 69, 70, 107, 106, 78, 69, 106, 99, 67, 68, 105, 104, 77, 67, 104, 98, 64, 66, 103, 101, 76, 65, 102, 97, 75, 64, 101, 96, 91, 80, 112, 123, 92, 81, 113, 124, 80, 82, 114, 112, 93, 83, 115, 125, 83, 84, 116, 115, 94, 85, 117, 126, 85, 86, 118, 117, 81, 87, 119, 113, 82, 88, 120, 114, 87, 89, 121, 119, 84, 90, 122, 116, 95, 91, 123, 127, 86, 92, 124, 118, 88, 93, 125, 120, 89, 95, 127, 121, 90, 94, 126, 122, 123, 112, 128, 139, 124, 113, 129, 140, 112, 114, 130, 128, 125, 115, 131, 141, 115, 116, 132, 131, 126, 117, 133, 142, 117, 118, 134, 133, 113, 119, 135, 129, 114, 120, 136, 130, 119, 121, 137, 135, 116, 122, 138, 132, 127, 123, 139, 143, 118, 124, 140, 134, 120, 125, 141, 136, 121, 127, 143, 137, 122, 126, 142, 138, 139, 128, 144, 155, 140, 129, 145, 156, 128, 130, 146, 144, 141, 131, 147, 157, 131, 132, 148, 147, 142, 133, 149, 158, 133, 134, 150, 149, 129, 135, 151, 145, 130, 136, 152, 146, 135, 137, 153, 151, 132, 138, 154, 148, 143, 139, 155, 159, 134, 140, 156, 150, 136, 141, 157, 152, 137, 143, 159, 153, 138, 142, 158, 154, 176, 181, 160, 171, 177, 182, 161, 172, 181, 183, 162, 160, 178, 184, 163, 173, 184, 185, 164, 163, 179, 186, 165, 174, 186, 187, 166, 165, 182, 188, 167, 161, 183, 189, 168, 162, 188, 190, 169, 167, 185, 191, 170, 164, 180, 176, 171, 175, 187, 177, 172, 166, 189, 178, 173, 168, 190, 180, 175, 169, 191, 179, 174, 170, 283, 272, 309, 304, 284, 273, 310, 305, 272, 274, 311, 309, 285, 275, 312, 306, 275, 276, 313, 312, 286, 277, 314, 307, 277, 278, 315, 314, 273, 279, 316, 310, 274, 280, 317, 311, 279, 281, 318, 316, 276, 282, 319, 313, 287, 283, 304, 308, 278, 284, 305, 315, 280, 285, 306, 317, 281, 287, 308, 318, 282, 286, 307, 319, 224, 229, 208, 219, 225, 230, 209, 220, 229, 231, 210, 208, 226, 232, 211, 221, 232, 233, 212, 211, 227, 234, 213, 222, 234, 235, 214, 213, 230, 236, 215, 209, 231, 237, 216, 210, 236, 238, 217, 215, 233, 239, 218, 212, 228, 224, 219, 223, 235, 225, 220, 214, 237, 226, 221, 216, 238, 228, 223, 217, 239, 227, 222, 218, 202, 206, 227, 239, 201, 207, 228, 238, 200, 205, 226, 237, 198, 204, 225, 235, 207, 203, 224, 228, 196, 202, 239, 233, 199, 201, 238, 236, 194, 200, 237, 231, 193, 199, 236, 230, 197, 198, 235, 234, 206, 197, 234, 227, 195, 196, 233, 232, 205, 195, 232, 226, 192, 194, 231, 229, 204, 193, 230, 225, 203, 192, 229, 224, 219, 208, 240, 251, 220, 209, 241, 252, 208, 210, 242, 240, 221, 211, 243, 253, 211, 212, 244, 243, 222, 213, 245, 254, 213, 214, 246, 245, 209, 215, 247, 241, 210, 216, 248, 242, 215, 217, 249, 247, 212, 218, 250, 244, 223, 219, 251, 255, 214, 220, 252, 246, 216, 221, 253, 248, 217, 223, 255, 249, 218, 222, 254, 250, 251, 240, 256, 267, 252, 241, 257, 268, 240, 242, 258, 256, 253, 243, 259, 269, 243, 244, 260, 259, 38, 58, 32, 51, 51, 32, 15, 37, 241, 247, 263, 257, 242, 248, 264, 258, 247, 249, 265, 263, 244, 250, 266, 260, 255, 251, 267, 271, 37, 15, 63, 39, 248, 253, 269, 264, 249, 255, 271, 265, 29, 53, 61, 59, 267, 256, 272, 283, 268, 257, 273, 284, 256, 258, 274, 272, 269, 259, 275, 285, 259, 260, 276, 275, 270, 261, 277, 286, 261, 262, 278, 277, 257, 263, 279, 273, 258, 264, 280, 274, 263, 265, 281, 279, 260, 266, 282, 276, 271, 267, 283, 287, 262, 268, 284, 278, 264, 269, 285, 280, 265, 271, 287, 281, 266, 270, 286, 282, 304, 309, 288, 299, 305, 310, 289, 300, 309, 311, 290, 288, 306, 312, 291, 301, 312, 313, 292, 291, 307, 314, 293, 302, 314, 315, 294, 293, 310, 316, 295, 289, 311, 317, 296, 290, 316, 318, 297, 295, 313, 319, 298, 292, 308, 304, 299, 303, 315, 305, 300, 294, 317, 306, 301, 296, 318, 308, 303, 297, 319, 307, 302, 298, 290, 296, 175, 171, 296, 301, 169, 175, 301, 291, 167, 169, 291, 292, 161, 167, 292, 298, 172, 161, 298, 302, 166, 172, 302, 293, 165, 166, 293, 294, 174, 165, 294, 300, 170, 174, 300, 289, 164, 170, 289, 295, 163, 164, 295, 297, 173, 163, 297, 303, 168, 173, 303, 299, 162, 168, 299, 288, 160, 162, 288, 290, 171, 160, 53, 28, 2, 61, 62, 31, 320, 324, 31, 12, 321, 320, 46, 326, 327, 57, 57, 327, 322, 11, 11, 322, 323, 3, 45, 62, 324, 325, 246, 252, 59, 335, 268, 262, 334, 58, 262, 261, 20, 334, 261, 270, 46, 20, 270, 266, 326, 46, 326, 266, 250, 325, 323, 322, 320, 321, 322, 327, 324, 320, 327, 326, 325, 324, 370, 386, 391, 369, 351, 666, 667, 399, 358, 355, 344, 354, 666, 376, 392, 667, 349, 374, 387, 385, 369, 391, 389, 365, 336, 342, 388, 362, 337, 346, 355, 358, 342, 337, 358, 350, 350, 358, 354, 341, 671, 668, 396, 343, 346, 385, 359, 355, 355, 359, 353, 344, 581, 582, 671, 343, 395, 397, 668, 671, 590, 581, 343, 381, 345, 340, 346, 337, 397, 338, 664, 668, 383, 378, 379, 380, 336, 345, 337, 342, 396, 360, 367, 398, 340, 349, 385, 346, 360, 363, 348, 367, 390, 383, 380, 386, 388, 371, 383, 390, 371, 372, 378, 383, 338, 352, 665, 664, 386, 380, 384, 391, 380, 379, 377, 384, 361, 390, 386, 370, 362, 388, 390, 361, 356, 382, 393, 357, 349, 340, 370, 369, 394, 670, 669, 368, 340, 345, 361, 370, 350, 341, 372, 371, 368, 669, 666, 351, 670, 394, 395, 671, 359, 373, 375, 353, 385, 387, 373, 359, 345, 336, 362, 361, 668, 664, 360, 396, 384, 377, 366, 364, 374, 349, 369, 365, 391, 384, 364, 389, 342, 350, 371, 388, 357, 393, 347, 376, 394, 374, 365, 395, 364, 366, 352, 338, 376, 347, 339, 392, 664, 665, 363, 360, 343, 396, 398, 381, 670, 356, 357, 669, 586, 590, 381, 661, 669, 357, 376, 666, 491, 480, 517, 512, 492, 481, 518, 513, 480, 482, 519, 517, 493, 483, 520, 514, 483, 484, 521, 520, 494, 485, 522, 515, 485, 486, 523, 522, 481, 487, 524, 518, 482, 488, 525, 519, 487, 489, 526, 524, 484, 490, 527, 521, 495, 491, 512, 516, 486, 492, 513, 523, 488, 493, 514, 525, 489, 495, 516, 526, 490, 494, 515, 527, 432, 437, 416, 427, 433, 438, 417, 428, 437, 439, 418, 416, 434, 440, 419, 429, 440, 441, 420, 419, 435, 442, 421, 430, 442, 443, 422, 421, 438, 444, 423, 417, 439, 445, 424, 418, 444, 446, 425, 423, 441, 447, 426, 420, 436, 432, 427, 431, 443, 433, 428, 422, 445, 434, 429, 424, 446, 436, 431, 425, 447, 435, 430, 426, 410, 414, 435, 447, 409, 415, 436, 446, 408, 413, 434, 445, 406, 412, 433, 443, 415, 411, 432, 436, 404, 410, 447, 441, 407, 409, 446, 444, 402, 408, 445, 439, 401, 407, 444, 438, 405, 406, 443, 442, 414, 405, 442, 435, 403, 404, 441, 440, 413, 403, 440, 434, 400, 402, 439, 437, 412, 401, 438, 433, 411, 400, 437, 432, 427, 416, 448, 459, 428, 417, 449, 460, 416, 418, 450, 448, 429, 419, 451, 461, 419, 420, 452, 451, 430, 421, 453, 462, 421, 422, 454, 453, 417, 423, 455, 449, 418, 424, 456, 450, 423, 425, 457, 455, 420, 426, 458, 452, 431, 427, 459, 463, 422, 428, 460, 454, 424, 429, 461, 456, 425, 431, 463, 457, 426, 430, 462, 458, 459, 448, 464, 475, 460, 449, 465, 476, 448, 450, 466, 464, 461, 451, 467, 477, 451, 452, 468, 467, 462, 453, 469, 478, 453, 454, 470, 469, 449, 455, 471, 465, 450, 456, 472, 466, 455, 457, 473, 471, 452, 458, 474, 468, 463, 459, 475, 479, 454, 460, 476, 470, 456, 461, 477, 472, 457, 463, 479, 473, 458, 462, 478, 474, 475, 464, 480, 491, 476, 465, 481, 492, 464, 466, 482, 480, 477, 467, 483, 493, 467, 468, 484, 483, 478, 469, 485, 494, 469, 470, 486, 485, 465, 471, 487, 481, 466, 472, 488, 482, 471, 473, 489, 487, 468, 474, 490, 484, 479, 475, 491, 495, 470, 476, 492, 486, 472, 477, 493, 488, 473, 479, 495, 489, 474, 478, 494, 490, 512, 517, 496, 507, 513, 518, 497, 508, 517, 519, 498, 496, 514, 520, 499, 509, 520, 521, 500, 499, 515, 522, 501, 510, 522, 523, 502, 501, 518, 524, 503, 497, 519, 525, 504, 498, 524, 526, 505, 503, 521, 527, 506, 500, 516, 512, 507, 511, 523, 513, 508, 502, 525, 514, 509, 504, 526, 516, 511, 505, 527, 515, 510, 506, 619, 608, 645, 640, 620, 609, 646, 641, 608, 610, 647, 645, 621, 611, 648, 642, 611, 612, 649, 648, 622, 613, 650, 643, 613, 614, 651, 650, 609, 615, 652, 646, 610, 616, 653, 647, 615, 617, 654, 652, 612, 618, 655, 649, 623, 619, 640, 644, 614, 620, 641, 651, 616, 621, 642, 653, 617, 623, 644, 654, 618, 622, 643, 655, 560, 565, 544, 555, 561, 566, 545, 556, 565, 567, 546, 544, 562, 568, 547, 557, 568, 569, 548, 547, 563, 570, 549, 558, 570, 571, 550, 549, 566, 572, 551, 545, 567, 573, 552, 546, 572, 574, 553, 551, 569, 575, 554, 548, 564, 560, 555, 559, 571, 561, 556, 550, 573, 562, 557, 552, 574, 564, 559, 553, 575, 563, 558, 554, 538, 542, 563, 575, 537, 543, 564, 574, 536, 541, 562, 573, 534, 540, 561, 571, 543, 539, 560, 564, 532, 538, 575, 569, 535, 537, 574, 572, 530, 536, 573, 567, 529, 535, 572, 566, 533, 534, 571, 570, 542, 533, 570, 563, 531, 532, 569, 568, 541, 531, 568, 562, 528, 530, 567, 565, 540, 529, 566, 561, 539, 528, 565, 560, 555, 544, 576, 587, 556, 545, 577, 588, 544, 546, 578, 576, 557, 547, 579, 589, 547, 548, 580, 579, 558, 549, 581, 590, 549, 550, 582, 581, 545, 551, 583, 577, 546, 552, 584, 578, 551, 553, 585, 583, 548, 554, 586, 580, 559, 555, 587, 591, 550, 556, 588, 582, 552, 557, 589, 584, 553, 559, 591, 585, 554, 558, 590, 586, 587, 576, 592, 603, 588, 577, 593, 604, 576, 578, 594, 592, 589, 579, 595, 605, 579, 580, 596, 595, 374, 394, 368, 387, 387, 368, 351, 373, 577, 583, 599, 593, 578, 584, 600, 594, 583, 585, 601, 599, 580, 586, 602, 596, 591, 587, 603, 607, 373, 351, 399, 375, 584, 589, 605, 600, 585, 591, 607, 601, 365, 389, 397, 395, 603, 592, 608, 619, 604, 593, 609, 620, 592, 594, 610, 608, 605, 595, 611, 621, 595, 596, 612, 611, 606, 597, 613, 622, 597, 598, 614, 613, 593, 599, 615, 609, 594, 600, 616, 610, 599, 601, 617, 615, 596, 602, 618, 612, 607, 603, 619, 623, 598, 604, 620, 614, 600, 605, 621, 616, 601, 607, 623, 617, 602, 606, 622, 618, 640, 645, 624, 635, 641, 646, 625, 636, 645, 647, 626, 624, 642, 648, 627, 637, 648, 649, 628, 627, 643, 650, 629, 638, 650, 651, 630, 629, 646, 652, 631, 625, 647, 653, 632, 626, 652, 654, 633, 631, 649, 655, 634, 628, 644, 640, 635, 639, 651, 641, 636, 630, 653, 642, 637, 632, 654, 644, 639, 633, 655, 643, 638, 634, 626, 632, 511, 507, 632, 637, 505, 511, 637, 627, 503, 505, 627, 628, 497, 503, 628, 634, 508, 497, 634, 638, 502, 508, 638, 629, 501, 502, 629, 630, 510, 501, 630, 636, 506, 510, 636, 625, 500, 506, 625, 631, 499, 500, 631, 633, 509, 499, 633, 639, 504, 509, 639, 635, 498, 504, 635, 624, 496, 498, 624, 626, 507, 496, 389, 364, 338, 397, 398, 367, 656, 660, 367, 348, 657, 656, 382, 662, 663, 393, 393, 663, 658, 347, 347, 658, 659, 339, 381, 398, 660, 661, 582, 588, 395, 671, 604, 598, 670, 394, 598, 597, 356, 670, 597, 606, 382, 356, 606, 602, 662, 382, 662, 602, 586, 661, 659, 658, 656, 657, 658, 663, 660, 656, 663, 662, 661, 660]
            uniform token subdivisionScheme = "none"
            custom string userProperties:blender:data_name = "Plane.010"
        }
    }

    def Xform "lift_holder"
    {
        custom string userProperties:blender:object_name = "lift_holder"
        float3 xformOp:rotateXYZ = (0, 0, 0)
        float3 xformOp:scale = (0.0102464035, 0.019974256, 66.12382)
        double3 xformOp:translate = (-0.14262154698371887, -0.18587282299995422, 0.35991013050079346)
        double3 xformOp:translate.timeSamples = {
            0: (-0.14262154698371887, -0.18587282299995422, 0.35991013050079346),
            24: (-0.14262154698371887, -0.18587282299995422, 0.6599101305007935),
            48: (-0.14262154698371887, -0.18587282299995422, 0.6599101305007935),
            72: (-0.14262154698371887, -0.18587282299995422, 0.35991013050079346),
        }
        uniform token[] xformOpOrder = ["xformOp:translate", "xformOp:rotateXYZ", "xformOp:scale"]

        def Mesh "Plane_003" (
            active = true
        )
        {
            float3[] extent = [(-1.6582079, -0.96702194, 0.00062094023), (33.485065, 19.889473, 0.010994263)]
            int[] faceVertexCounts = [4, 4, 4, 4, 4, 4, 4, 4, 4, 4, 4, 4, 4, 4, 4, 4, 4, 4, 4, 4, 4, 4, 4, 4, 4, 4, 4, 4, 4, 4, 4, 4, 4, 4, 4, 4, 4, 4, 4, 4, 4, 4, 4, 4, 4, 4, 4, 4, 4, 4, 4, 4, 4, 4, 4, 4, 4, 4, 4, 4, 4, 4, 4, 4, 4, 4, 4, 4, 4, 4, 4, 4, 4, 4, 4, 4, 4, 4, 4, 4, 4, 4, 4, 4, 4, 4, 4, 4, 4, 4, 4, 4, 4, 4, 4, 4, 4, 4, 4, 4, 4, 4, 4, 4, 4, 4, 4, 4, 4, 4, 4, 4, 4, 4, 4, 4, 4, 4, 4, 4, 4, 4, 4, 4, 4, 4, 4, 4, 4, 4, 4, 4, 4, 4, 4, 4, 4, 4, 4, 4, 4, 4, 4, 4, 4, 4, 4, 4, 4, 4, 4, 4, 4, 4, 4, 4, 4, 4, 4, 4, 4, 4, 4, 4, 4, 4, 4, 4, 4, 4, 4, 4, 4, 4, 4, 4, 4, 4, 4, 4, 4, 4, 4, 4, 4, 4, 4, 4, 4, 4, 4, 4, 4, 4, 4, 4, 4, 4, 4, 4, 4, 4, 4, 4, 4, 4, 4, 4, 4, 4, 4, 4, 4, 4, 4, 4, 4, 4, 4, 4, 4, 4, 4, 4, 4, 4, 4, 4, 4, 4, 4, 4, 4, 4, 4, 4, 4, 4, 4, 4, 4, 4, 4, 4, 4, 4, 4, 4, 4, 4, 4, 4, 4, 4, 4, 4, 4, 4, 4, 4, 4, 4, 4, 4, 4, 4, 4, 4, 4, 4, 4, 4, 4, 4, 4, 4, 4, 4, 4, 4, 4, 4, 4, 4, 4, 4, 4, 4, 4, 4, 4, 4, 4, 4, 4, 4, 4, 4, 4, 4, 4, 4, 4, 4, 4, 4, 4, 4, 4, 4, 4, 4, 4, 4, 4, 4, 4, 4, 4, 4, 4, 4, 4, 4, 4, 4, 4, 4, 4, 4, 4, 4, 4, 4, 4, 4, 4, 4, 4, 4, 4, 4, 4, 4, 4, 4, 4, 4, 3, 3, 3, 3, 3, 3, 3, 3, 3, 3, 3, 3, 3, 3, 3, 3, 3, 3, 3, 3, 3, 3, 3, 3, 3, 3, 3, 3, 3, 3, 3, 3, 3, 3, 4, 4, 4, 4, 4, 4, 4, 4, 4, 4, 4, 4, 4, 4, 4, 4, 4, 4, 4, 4, 4, 4, 4, 4, 4, 4, 4, 4, 4, 4, 4, 4, 4, 4, 4, 4, 4, 4, 4, 4, 4, 4, 4, 4, 4, 4, 4, 4, 4, 4, 4, 4, 4, 4, 4, 4, 4, 4, 4, 4, 4, 4, 4, 4, 4, 4, 4, 4, 4, 4, 4, 4, 4, 4, 4, 4, 4, 4, 4, 4, 4, 4, 4, 4, 4, 4, 4, 4, 4, 4, 4, 4, 4, 4, 4, 4, 4, 4, 4, 4, 4, 4, 4, 4, 4, 4, 4, 4, 4, 4, 4, 4, 4, 4, 4, 4, 4, 4, 4, 4, 4, 4, 4, 4, 4, 4, 4, 4, 4, 4, 4, 4, 4, 4, 4, 4, 4, 4, 4, 4, 4, 4, 4, 4, 4, 4, 4, 4, 4, 4, 4, 4, 4, 4, 4, 4, 4, 4, 4, 4, 4, 4, 4, 4, 4, 4, 4, 4, 4, 4, 4, 4, 4, 4, 4, 4, 4, 4, 4, 4, 4, 4, 4, 4, 4, 4, 4, 4, 4, 4, 4, 4, 4, 4, 4, 4, 4, 4, 4, 4, 4, 4, 4, 4, 4, 4, 4, 4, 4, 4, 4, 4, 4, 4, 4, 4, 4, 4, 4, 4, 4, 4, 4, 4, 4, 4, 4, 4, 4, 4, 4, 4, 4, 4, 4, 4, 4, 4, 4, 4, 4, 4, 4, 4, 4, 4, 4, 4, 4, 4, 4, 4, 4, 4, 4, 4, 4, 4, 4, 4, 4, 4, 4, 4, 4, 4, 4, 4, 4, 4, 4, 4, 4, 4, 4, 4, 4, 4, 4, 4, 4, 4, 4, 4, 4, 4, 4, 4, 4, 4, 4, 4, 4, 4, 4, 4, 4, 4, 4, 4, 4, 4, 4, 4, 4, 4, 4, 4, 4, 4, 4, 4, 4, 4, 4, 4, 4, 4, 4, 4, 4, 4, 4, 4, 4, 4, 4, 4, 4, 4, 4, 4, 4, 4, 4, 4, 4, 4, 4, 4, 4, 4, 4, 4, 4, 4, 4, 4, 3, 3, 3, 3, 3, 3, 3, 3, 3, 3, 3, 3, 3, 3, 3, 3, 3, 3, 3, 3, 3, 3, 3, 3, 3, 3, 3, 3, 3, 3, 3, 3, 3, 3, 4, 4, 4, 4, 4, 4, 4, 4, 4, 4, 4, 4, 4, 4, 4, 4, 4, 4, 4, 4, 4, 4, 4, 4, 4, 4, 4, 4, 4, 4, 4, 4, 4, 4]
            int[] faceVertexIndices = [24, 4, 5, 14, 23, 16, 15, 6, 22, 17, 18, 19, 21, 12, 13, 20, 17, 21, 20, 18, 11, 2, 21, 17, 2, 3, 12, 21, 0, 22, 19, 9, 1, 10, 22, 0, 10, 11, 17, 22, 8, 23, 6, 7, 9, 19, 23, 8, 19, 18, 16, 23, 16, 24, 14, 15, 18, 20, 24, 16, 20, 13, 4, 24, 9, 8, 139, 140, 5, 117, 155, 151, 113, 1, 138, 144, 118, 108, 11, 10, 108, 109, 2, 11, 119, 110, 13, 12, 110, 111, 4, 13, 112, 114, 154, 153, 1, 0, 137, 138, 120, 7, 148, 156, 109, 115, 3, 2, 116, 105, 142, 145, 111, 117, 5, 4, 113, 118, 10, 1, 15, 14, 149, 150, 115, 119, 12, 3, 99, 103, 55, 51, 98, 104, 56, 50, 97, 102, 54, 49, 95, 101, 53, 47, 104, 100, 52, 56, 93, 99, 51, 45, 96, 98, 50, 48, 91, 97, 49, 43, 90, 96, 48, 42, 94, 95, 47, 46, 103, 94, 46, 55, 92, 93, 45, 44, 102, 92, 44, 54, 89, 91, 43, 41, 101, 90, 42, 53, 100, 89, 41, 52, 26, 25, 62, 57, 28, 27, 63, 58, 25, 29, 64, 62, 31, 30, 65, 59, 30, 32, 66, 65, 34, 33, 67, 60, 33, 35, 68, 67, 27, 36, 69, 63, 29, 37, 70, 64, 36, 38, 71, 69, 32, 39, 72, 66, 40, 26, 57, 61, 35, 28, 58, 68, 37, 31, 59, 70, 38, 40, 61, 71, 39, 34, 60, 72, 51, 55, 87, 83, 50, 56, 88, 82, 49, 54, 86, 81, 47, 53, 85, 79, 56, 52, 84, 88, 45, 51, 83, 77, 48, 50, 82, 80, 43, 49, 81, 75, 42, 48, 80, 74, 46, 47, 79, 78, 55, 46, 78, 87, 44, 45, 77, 76, 54, 44, 76, 86, 41, 43, 75, 73, 53, 42, 74, 85, 52, 41, 73, 84, 57, 62, 89, 100, 58, 63, 90, 101, 62, 64, 91, 89, 59, 65, 92, 102, 65, 66, 93, 92, 60, 67, 94, 103, 67, 68, 95, 94, 63, 69, 96, 90, 64, 70, 97, 91, 69, 71, 98, 96, 66, 72, 99, 93, 61, 57, 100, 104, 68, 58, 101, 95, 70, 59, 102, 97, 71, 61, 104, 98, 72, 60, 103, 99, 136, 124, 119, 115, 135, 125, 120, 114, 134, 123, 118, 113, 132, 122, 117, 111, 125, 121, 116, 120, 130, 136, 115, 109, 133, 135, 114, 112, 128, 134, 113, 107, 127, 133, 112, 106, 131, 132, 111, 110, 124, 131, 110, 119, 129, 130, 109, 108, 123, 129, 108, 118, 126, 128, 107, 105, 122, 127, 106, 117, 121, 126, 105, 116, 84, 73, 126, 121, 85, 74, 127, 122, 73, 75, 128, 126, 86, 76, 129, 123, 76, 77, 130, 129, 87, 78, 131, 124, 78, 79, 132, 131, 74, 80, 133, 127, 75, 81, 134, 128, 80, 82, 135, 133, 77, 83, 136, 130, 88, 84, 121, 125, 79, 85, 122, 132, 81, 86, 123, 134, 82, 88, 125, 135, 83, 87, 124, 136, 145, 142, 140, 139, 142, 143, 137, 140, 143, 144, 138, 137, 146, 145, 139, 141, 7, 120, 146, 141, 105, 107, 143, 142, 0, 9, 140, 137, 107, 113, 144, 143, 8, 7, 141, 139, 120, 116, 145, 146, 155, 152, 149, 151, 152, 153, 150, 149, 153, 154, 147, 150, 154, 156, 148, 147, 6, 15, 150, 147, 14, 5, 151, 149, 117, 106, 152, 155, 114, 120, 156, 154, 106, 112, 153, 152, 7, 6, 147, 148, 705, 158, 162, 703, 705, 157, 159, 658, 157, 160, 161, 159, 160, 163, 165, 161, 703, 162, 166, 696, 163, 164, 223, 165, 696, 166, 167, 654, 162, 169, 168, 166, 166, 168, 170, 167, 169, 172, 171, 168, 168, 171, 173, 170, 172, 176, 174, 171, 171, 174, 175, 173, 174, 177, 178, 175, 176, 179, 177, 174, 177, 180, 181, 178, 179, 182, 180, 177, 180, 183, 186, 181, 182, 185, 183, 180, 185, 330, 184, 183, 183, 184, 187, 186, 181, 186, 188, 189, 186, 187, 190, 188, 189, 188, 191, 192, 188, 190, 193, 191, 192, 191, 194, 195, 191, 193, 196, 194, 195, 194, 197, 199, 194, 196, 198, 197, 221, 222, 657, 694, 223, 221, 694, 656, 265, 266, 661, 693, 222, 265, 693, 657, 207, 195, 199, 205, 208, 207, 205, 206, 210, 209, 207, 208, 209, 192, 195, 207, 212, 211, 209, 210, 211, 189, 192, 209, 178, 181, 189, 211, 175, 178, 211, 212, 213, 212, 210, 214, 173, 175, 212, 213, 170, 173, 213, 215, 215, 213, 214, 216, 167, 170, 215, 217, 217, 215, 216, 218, 654, 167, 217, 695, 695, 217, 218, 655, 219, 220, 222, 221, 164, 219, 221, 223, 694, 657, 226, 224, 656, 694, 224, 225, 225, 224, 227, 228, 224, 226, 229, 227, 228, 227, 230, 231, 227, 229, 232, 230, 231, 230, 233, 234, 230, 232, 235, 233, 234, 233, 236, 237, 233, 235, 238, 236, 237, 236, 239, 240, 236, 238, 241, 239, 238, 257, 242, 241, 241, 242, 245, 243, 243, 245, 246, 244, 245, 247, 248, 246, 242, 249, 247, 245, 267, 663, 662, 268, 220, 655, 663, 267, 161, 165, 660, 659, 165, 223, 656, 660, 257, 255, 249, 242, 258, 256, 255, 257, 235, 258, 257, 238, 259, 260, 256, 258, 232, 259, 258, 235, 261, 262, 260, 259, 229, 261, 259, 232, 263, 264, 262, 261, 226, 263, 261, 229, 693, 661, 264, 263, 657, 693, 263, 226, 267, 268, 266, 265, 220, 267, 265, 222, 663, 269, 270, 662, 655, 218, 269, 663, 269, 271, 272, 270, 218, 216, 271, 269, 271, 273, 274, 272, 216, 214, 273, 271, 273, 208, 206, 274, 214, 210, 208, 273, 159, 161, 659, 658, 536, 633, 632, 539, 537, 633, 324, 741, 539, 632, 631, 542, 542, 631, 314, 543, 543, 314, 630, 598, 598, 630, 315, 599, 600, 601, 317, 629, 602, 600, 629, 316, 275, 284, 662, 268, 644, 645, 580, 583, 287, 285, 286, 288, 246, 248, 285, 287, 289, 287, 288, 290, 244, 246, 287, 289, 290, 288, 293, 291, 294, 291, 292, 296, 291, 293, 322, 292, 295, 294, 296, 297, 298, 299, 297, 296, 300, 298, 296, 292, 303, 299, 298, 301, 301, 298, 300, 302, 304, 301, 302, 305, 306, 303, 301, 304, 307, 304, 305, 309, 308, 306, 304, 307, 190, 307, 309, 193, 187, 308, 307, 190, 193, 309, 310, 196, 309, 305, 311, 310, 196, 310, 312, 198, 310, 311, 313, 312, 601, 644, 583, 317, 646, 582, 581, 647, 599, 315, 582, 646, 253, 283, 661, 264, 320, 321, 319, 318, 311, 320, 318, 313, 305, 302, 320, 311, 302, 300, 321, 320, 319, 321, 322, 323, 321, 300, 292, 322, 293, 325, 323, 322, 540, 544, 579, 326, 544, 602, 316, 579, 538, 540, 326, 324, 288, 286, 325, 293, 184, 327, 308, 187, 327, 328, 306, 308, 330, 329, 327, 184, 329, 331, 328, 327, 333, 332, 329, 330, 332, 334, 331, 329, 332, 333, 336, 335, 334, 332, 335, 337, 336, 340, 338, 335, 335, 338, 339, 337, 343, 341, 340, 336, 344, 342, 341, 343, 345, 346, 344, 343, 333, 345, 343, 336, 346, 345, 185, 182, 345, 333, 330, 185, 347, 346, 182, 179, 346, 347, 349, 344, 348, 347, 179, 176, 347, 348, 350, 349, 350, 352, 351, 349, 349, 351, 342, 344, 351, 353, 355, 342, 352, 354, 353, 351, 354, 234, 237, 353, 353, 237, 240, 355, 357, 356, 354, 352, 356, 231, 234, 354, 359, 358, 356, 357, 358, 228, 231, 356, 361, 360, 358, 359, 360, 225, 228, 358, 659, 660, 360, 361, 660, 656, 225, 360, 362, 361, 359, 363, 658, 659, 361, 362, 365, 158, 362, 363, 363, 359, 357, 364, 366, 365, 363, 364, 365, 366, 172, 169, 158, 365, 169, 162, 366, 348, 176, 172, 348, 366, 364, 350, 364, 357, 352, 350, 337, 339, 367, 369, 367, 370, 371, 368, 369, 367, 368, 378, 370, 295, 297, 371, 372, 373, 368, 371, 299, 372, 371, 297, 375, 373, 372, 374, 374, 372, 299, 303, 328, 374, 303, 306, 331, 375, 374, 328, 334, 376, 375, 331, 376, 377, 373, 375, 376, 334, 337, 369, 377, 376, 369, 378, 373, 377, 378, 368, 240, 28, 355, 40, 355, 38, 340, 25, 29, 26, 340, 341, 27, 36, 355, 29, 339, 338, 37, 367, 339, 240, 239, 28, 30, 370, 31, 367, 37, 31, 39, 294, 32, 34, 291, 294, 291, 34, 33, 35, 289, 33, 28, 244, 35, 28, 241, 243, 28, 239, 241, 28, 27, 355, 36, 38, 355, 40, 342, 355, 341, 342, 26, 26, 25, 340, 338, 340, 29, 29, 37, 339, 370, 367, 31, 30, 32, 370, 32, 294, 295, 39, 34, 294, 289, 290, 33, 35, 244, 289, 28, 243, 244, 290, 291, 33, 32, 295, 370, 342, 40, 26, 403, 383, 384, 393, 402, 395, 394, 385, 401, 396, 397, 398, 400, 391, 392, 399, 396, 400, 399, 397, 390, 381, 400, 396, 381, 382, 391, 400, 379, 401, 398, 388, 380, 389, 401, 379, 389, 390, 396, 401, 387, 402, 385, 386, 388, 398, 402, 387, 398, 397, 395, 402, 395, 403, 393, 394, 397, 399, 403, 395, 399, 392, 383, 403, 388, 387, 518, 519, 384, 496, 534, 530, 492, 380, 517, 523, 497, 487, 390, 389, 487, 488, 381, 390, 498, 489, 392, 391, 489, 490, 383, 392, 491, 493, 533, 532, 380, 379, 516, 517, 499, 386, 527, 535, 488, 494, 382, 381, 495, 484, 521, 524, 490, 496, 384, 383, 492, 497, 389, 380, 394, 393, 528, 529, 494, 498, 391, 382, 478, 482, 434, 430, 477, 483, 435, 429, 476, 481, 433, 428, 474, 480, 432, 426, 483, 479, 431, 435, 472, 478, 430, 424, 475, 477, 429, 427, 470, 476, 428, 422, 469, 475, 427, 421, 473, 474, 426, 425, 482, 473, 425, 434, 471, 472, 424, 423, 481, 471, 423, 433, 468, 470, 422, 420, 480, 469, 421, 432, 479, 468, 420, 431, 405, 404, 441, 436, 407, 406, 442, 437, 404, 408, 443, 441, 410, 409, 444, 438, 409, 411, 445, 444, 413, 412, 446, 439, 412, 414, 447, 446, 406, 415, 448, 442, 408, 416, 449, 443, 415, 417, 450, 448, 411, 418, 451, 445, 419, 405, 436, 440, 414, 407, 437, 447, 416, 410, 438, 449, 417, 419, 440, 450, 418, 413, 439, 451, 430, 434, 466, 462, 429, 435, 467, 461, 428, 433, 465, 460, 426, 432, 464, 458, 435, 431, 463, 467, 424, 430, 462, 456, 427, 429, 461, 459, 422, 428, 460, 454, 421, 427, 459, 453, 425, 426, 458, 457, 434, 425, 457, 466, 423, 424, 456, 455, 433, 423, 455, 465, 420, 422, 454, 452, 432, 421, 453, 464, 431, 420, 452, 463, 436, 441, 468, 479, 437, 442, 469, 480, 441, 443, 470, 468, 438, 444, 471, 481, 444, 445, 472, 471, 439, 446, 473, 482, 446, 447, 474, 473, 442, 448, 475, 469, 443, 449, 476, 470, 448, 450, 477, 475, 445, 451, 478, 472, 440, 436, 479, 483, 447, 437, 480, 474, 449, 438, 481, 476, 450, 440, 483, 477, 451, 439, 482, 478, 515, 503, 498, 494, 514, 504, 499, 493, 513, 502, 497, 492, 511, 501, 496, 490, 504, 500, 495, 499, 509, 515, 494, 488, 512, 514, 493, 491, 507, 513, 492, 486, 506, 512, 491, 485, 510, 511, 490, 489, 503, 510, 489, 498, 508, 509, 488, 487, 502, 508, 487, 497, 505, 507, 486, 484, 501, 506, 485, 496, 500, 505, 484, 495, 463, 452, 505, 500, 464, 453, 506, 501, 452, 454, 507, 505, 465, 455, 508, 502, 455, 456, 509, 508, 466, 457, 510, 503, 457, 458, 511, 510, 453, 459, 512, 506, 454, 460, 513, 507, 459, 461, 514, 512, 456, 462, 515, 509, 467, 463, 500, 504, 458, 464, 501, 511, 460, 465, 502, 513, 461, 467, 504, 514, 462, 466, 503, 515, 524, 521, 519, 518, 521, 522, 516, 519, 522, 523, 517, 516, 525, 524, 518, 520, 386, 499, 525, 520, 484, 486, 522, 521, 379, 388, 519, 516, 486, 492, 523, 522, 387, 386, 520, 518, 499, 495, 524, 525, 534, 531, 528, 530, 531, 532, 529, 528, 532, 533, 526, 529, 533, 535, 527, 526, 385, 394, 529, 526, 393, 384, 530, 528, 496, 485, 531, 534, 493, 499, 535, 533, 485, 491, 532, 531, 386, 385, 526, 527, 633, 537, 541, 632, 633, 536, 538, 324, 536, 539, 540, 538, 539, 542, 544, 540, 632, 541, 545, 631, 542, 543, 602, 544, 631, 545, 546, 314, 541, 548, 547, 545, 545, 547, 549, 546, 548, 551, 550, 547, 547, 550, 552, 549, 551, 555, 553, 550, 550, 553, 554, 552, 553, 556, 557, 554, 555, 558, 556, 553, 556, 559, 560, 557, 558, 561, 559, 556, 559, 562, 565, 560, 561, 564, 562, 559, 564, 709, 563, 562, 562, 563, 566, 565, 560, 565, 567, 568, 565, 566, 569, 567, 568, 567, 570, 571, 567, 569, 572, 570, 571, 570, 573, 574, 570, 572, 575, 573, 574, 573, 576, 578, 573, 575, 577, 576, 282, 765, 198, 197, 281, 282, 197, 199, 280, 281, 199, 205, 279, 280, 205, 206, 586, 574, 578, 584, 587, 586, 584, 585, 589, 588, 586, 587, 588, 571, 574, 586, 591, 590, 588, 589, 590, 568, 571, 588, 557, 560, 568, 590, 554, 557, 590, 591, 592, 591, 589, 593, 552, 554, 591, 592, 549, 552, 592, 594, 594, 592, 593, 595, 546, 549, 594, 596, 596, 594, 595, 597, 314, 546, 596, 630, 630, 596, 597, 315, 598, 599, 601, 600, 543, 598, 600, 602, 629, 317, 605, 603, 316, 629, 603, 604, 604, 603, 606, 607, 603, 605, 608, 606, 607, 606, 609, 610, 606, 608, 611, 609, 610, 609, 612, 613, 609, 611, 614, 612, 613, 612, 615, 616, 612, 614, 617, 615, 616, 615, 618, 619, 615, 617, 620, 618, 617, 636, 621, 620, 620, 621, 624, 622, 622, 624, 625, 623, 624, 626, 627, 625, 621, 628, 626, 624, 278, 279, 206, 274, 277, 278, 274, 272, 276, 277, 272, 270, 284, 276, 270, 662, 636, 634, 628, 621, 637, 635, 634, 636, 614, 637, 636, 617, 638, 639, 635, 637, 611, 638, 637, 614, 640, 641, 639, 638, 608, 640, 638, 611, 642, 643, 641, 640, 605, 642, 640, 608, 583, 580, 643, 642, 317, 583, 642, 605, 646, 647, 645, 644, 599, 646, 644, 601, 582, 648, 649, 581, 315, 597, 648, 582, 648, 650, 651, 649, 597, 595, 650, 648, 650, 652, 653, 651, 595, 593, 652, 650, 652, 587, 585, 653, 593, 589, 587, 652, 254, 275, 268, 266, 283, 254, 266, 661, 252, 253, 264, 262, 251, 252, 262, 260, 250, 251, 260, 256, 204, 250, 256, 255, 203, 204, 255, 249, 202, 203, 249, 247, 201, 202, 247, 248, 200, 201, 248, 285, 758, 200, 285, 286, 666, 664, 665, 667, 625, 627, 664, 666, 668, 666, 667, 669, 623, 625, 666, 668, 669, 667, 672, 670, 673, 670, 671, 675, 670, 672, 701, 671, 674, 673, 675, 676, 677, 678, 676, 675, 679, 677, 675, 671, 682, 678, 677, 680, 680, 677, 679, 681, 683, 680, 681, 684, 685, 682, 680, 683, 686, 683, 684, 688, 687, 685, 683, 686, 569, 686, 688, 572, 566, 687, 686, 569, 572, 688, 689, 575, 688, 684, 690, 689, 575, 689, 691, 577, 689, 690, 692, 691, 759, 758, 286, 325, 760, 759, 325, 323, 761, 760, 323, 319, 762, 761, 319, 318, 699, 700, 698, 697, 690, 699, 697, 692, 684, 681, 699, 690, 681, 679, 700, 699, 698, 700, 701, 702, 700, 679, 671, 701, 672, 704, 702, 701, 763, 762, 318, 313, 764, 763, 313, 312, 765, 764, 312, 198, 667, 665, 704, 672, 563, 706, 687, 566, 706, 707, 685, 687, 709, 708, 706, 563, 708, 710, 707, 706, 712, 711, 708, 709, 711, 713, 710, 708, 711, 712, 715, 714, 713, 711, 714, 716, 715, 719, 717, 714, 714, 717, 718, 716, 722, 720, 719, 715, 723, 721, 720, 722, 724, 725, 723, 722, 712, 724, 722, 715, 725, 724, 564, 561, 724, 712, 709, 564, 726, 725, 561, 558, 725, 726, 728, 723, 727, 726, 558, 555, 726, 727, 729, 728, 729, 731, 730, 728, 728, 730, 721, 723, 730, 732, 734, 721, 731, 733, 732, 730, 733, 613, 616, 732, 732, 616, 619, 734, 736, 735, 733, 731, 735, 610, 613, 733, 738, 737, 735, 736, 737, 607, 610, 735, 740, 739, 737, 738, 739, 604, 607, 737, 326, 579, 739, 740, 579, 316, 604, 739, 741, 740, 738, 742, 324, 326, 740, 741, 744, 537, 741, 742, 742, 738, 736, 743, 745, 744, 742, 743, 744, 745, 551, 548, 537, 744, 548, 541, 745, 727, 555, 551, 727, 745, 743, 729, 743, 736, 731, 729, 716, 718, 746, 748, 746, 749, 750, 747, 748, 746, 747, 757, 749, 674, 676, 750, 751, 752, 747, 750, 678, 751, 750, 676, 754, 752, 751, 753, 753, 751, 678, 682, 707, 753, 682, 685, 710, 754, 753, 707, 713, 755, 754, 710, 755, 756, 752, 754, 755, 713, 716, 748, 756, 755, 748, 757, 752, 756, 757, 747, 619, 407, 734, 419, 734, 417, 719, 404, 408, 405, 719, 720, 406, 415, 734, 408, 718, 717, 416, 746, 718, 619, 618, 407, 409, 749, 410, 746, 416, 410, 418, 673, 411, 413, 670, 673, 670, 413, 412, 414, 668, 412, 407, 623, 414, 407, 620, 622, 407, 618, 620, 407, 406, 734, 415, 417, 734, 419, 721, 734, 720, 721, 405, 405, 404, 719, 717, 719, 408, 408, 416, 718, 749, 746, 410, 409, 411, 749, 411, 673, 674, 418, 413, 673, 668, 669, 412, 414, 623, 668, 407, 622, 623, 669, 670, 412, 411, 674, 749, 721, 419, 405, 219, 695, 655, 220, 164, 654, 695, 219, 163, 696, 654, 164, 160, 703, 696, 163, 158, 705, 658, 362, 157, 705, 703, 160, 577, 691, 764, 765, 691, 692, 763, 764, 692, 697, 762, 763, 697, 698, 761, 762, 698, 702, 760, 761, 702, 704, 759, 760, 704, 665, 758, 759, 665, 664, 200, 758, 664, 627, 201, 200, 627, 626, 202, 201, 626, 628, 203, 202, 628, 634, 204, 203, 634, 635, 250, 204, 635, 639, 251, 250, 639, 641, 252, 251, 641, 643, 253, 252, 580, 645, 254, 283, 645, 647, 275, 254, 581, 649, 276, 284, 649, 651, 277, 276, 651, 653, 278, 277, 653, 585, 279, 278, 585, 584, 280, 279, 584, 578, 281, 280, 578, 576, 282, 281, 576, 577, 765, 282, 643, 580, 283, 253, 647, 581, 284, 275]
            normal3f[] normals = [(0, 0, 1), (0.70710677, 0, 0.70710677), (0.7071067, 0, 0.70710677), (0, 0, 1), (0, 0, 1), (0, 0, 1), (0, 0, 1), (0, 0, 1), (0, 0, 1), (0, 0, 1), (0, 0, 1), (0, 0, 1), (0, 0, 1), (0.70710677, 0, 0.70710677), (0.70710677, 0, 0.70710677), (0, 0, 1), (0, 0, 1), (0, 0, 1), (0, 0, 1), (0, 0, 1), (0, -0.70710677, 0.70710677), (0, -0.70710677, 0.70710677), (0, 0, 1), (0, 0, 1), (0, -0.70710677, 0.70710677), (0.57735026, -0.57735026, 0.57735026), (0.70710677, 0, 0.70710677), (0, 0, 1), (0, 0, 1), (0, 0, 1), (0, 0, 1), (0, 0, 1), (0, -0.70710677, 0.7071067), (0, -0.70710677, 0.70710677), (0, 0, 1), (0, 0, 1), (0, -0.70710677, 0.70710677), (0, -0.70710677, 0.70710677), (0, 0, 1), (0, 0, 1), (0, 0, 1), (0, 0, 1), (0, 0, 1), (-0.30151132, 0.30151135, 0.90453404), (0, 0, 1), (0, 0, 1), (0, 0, 1), (0, 0, 1), (0, 0, 1), (0, 0, 1), (0, 0, 1), (0, 0, 1), (0, 0, 1), (0, 0, 1), (0, 0, 1), (0, 0, 1), (0, 0, 1), (0, 0, 1), (0, 0, 1), (0, 0, 1), (0, 0, 1), (0.70710677, 0, 0.70710677), (0.70710677, 0, 0.70710677), (0, 0, 1), (0, 0, 1), (0, 0, 1), (-0.70710677, 0, 0.70710677), (-0.70710677, 0, 0.7071067), (0.7071067, 0, 0.70710677), (0.90453404, 0.30151135, -0.30151135), (0.57735026, 0.57735026, -0.57735026), (0.57735026, 0.57735026, 0.57735026), (-0.30151135, -0.90453404, -0.30151132), (0, -0.70710677, 0.7071067), (-0.57735026, -0.57735026, 0.57735026), (-0.57735026, -0.57735026, -0.57735026), (0, -1, 0), (0, -1, 0), (0, -0.70710677, 0.70710677), (0, -0.70710677, 0.70710677), (0, -1, 0), (0, -1, 0), (0, -0.70710677, 0.70710677), (0, -0.70710677, 0.70710677), (1, 0, 0), (1, 0, 0), (0.70710677, 0, 0.70710677), (0.70710677, 0, 0.70710677), (1, 0, 0), (1, 0, 0), (0.70710677, 0, 0.70710677), (0.70710677, 0, 0.70710677), (0, 0.70710677, -0.70710677), (0, 0.70710677, -0.70710677), (0, 0.70710677, -0.70710677), (0, 0.70710677, -0.70710677), (0, -0.70710677, 0.7071067), (0, 0, 1), (-0.70710677, 0, 0.7071067), (-0.57735026, -0.57735026, 0.57735026), (-0.57735026, 0.57735026, -0.57735026), (-0.30151132, 0.30151135, 0.90453404), (-0.57735026, 0.57735026, 0.57735026), (-0.57735026, 0.57735026, -0.57735026), (0, -1, 0), (0.70710677, -0.70710677, 0), (0.57735026, -0.57735026, 0.57735026), (0, -0.70710677, 0.70710677), (-0.70710677, 0, -0.70710677), (-0.70710677, 0, -0.7071067), (-0.70710677, 0, -0.7071067), (-0.70710677, 0, -0.70710677), (1, 0, 0), (0.90453404, 0.30151135, -0.30151135), (0.7071067, 0, 0.70710677), (0.70710677, 0, 0.70710677), (-0.30151135, -0.90453404, -0.30151132), (0, -1, 0), (0, -0.70710677, 0.70710677), (0, -0.70710677, 0.7071067), (0, 0, 1), (0, 0, 1), (0, 0.70710677, 0.70710677), (0, 0.70710677, 0.70710677), (0.70710677, -0.70710677, 0), (1, 0, 0), (0.70710677, 0, 0.70710677), (0.57735026, -0.57735026, 0.57735026), (0.7071068, -0.70710677, 0), (1, 0, 0), (1, 0, 0), (0.7071069, -0.7071067, 0), (0, 1, 0), (-0.7071067, 0.70710677, 0), (-0.7071068, 0.7071068, 0), (0, 1, 0), (-0.7071067, -0.70710677, 0), (0, -1, 0), (0, -1, 0), (-0.70710677, -0.70710677, 0), (1, 6.6004716e-8, 0), (0.7071067, 0.7071068, 0), (0.70710665, 0.70710677, 0), (1, 1.0703192e-7, 0), (-0.7071067, 0.70710677, 0), (-1, 6.6003736e-8, 0), (-1, 1.0703141e-7, 0), (-0.7071068, 0.7071068, 0), (0, -1, 0), (0.7071068, -0.70710677, 0), (0.7071069, -0.7071067, 0), (0, -1, 0), (0, 1, 0), (0, 1, 0), (0, 1, 0), (0, 1, 0), (-1, 0, 0), (-0.7071067, -0.70710677, 0), (-0.70710677, -0.70710677, 0), (-1, 0, 0), (0, 1, 0), (0, 1, 0), (0, 1, 0), (0, 1, 0), (1, -6.6004716e-8, 0), (1, 6.6004716e-8, 0), (1, 1.0703192e-7, 0), (1, -1.0703192e-7, 0), (1, 0, 0), (1, -6.6004716e-8, 0), (1, -1.0703192e-7, 0), (1, 0, 0), (0, -1, 0), (0, -1, 0), (0, -1, 0), (0, -1, 0), (0, -1, 0), (0, -1, 0), (0, -1, 0), (0, -1, 0), (-1, 6.600374e-8, 0), (-1, 0, 0), (-1, 0, 0), (-1, 1.0703141e-7, 0), (0.7071067, 0.7071068, 0), (0, 1, 0), (0, 1, 0), (0.70710665, 0.70710677, 0), (-1, 6.6003736e-8, 0), (-1, 6.600374e-8, 0), (-1, 1.0703141e-7, 0), (-1, 1.0703141e-7, 0), (-1, 1.7689448e-8, 0), (-1, 1.7689448e-8, 0), (-1, 4.0546606e-8, 0), (-1, 4.0546603e-8, 0), (0.7071067, 0.70710677, 0), (0, 1, 0), (0, 1, 0), (0.7071067, 0.7071068, 0), (-1, 1.7689448e-8, 0), (-1, 0, 0), (-1, 0, 0), (-1, 4.0546606e-8, 0), (0, -1, 0), (0, -1, 0), (0, -1, 0), (0, -1, 0), (0, -1, 0), (0, -1, 0), (0, -1, 0), (0, -1, 0), (1, 0, 0), (1, -1.7689706e-8, 0), (1, -4.05472e-8, 0), (1, 2.2617279e-15, 0), (1, -1.7689706e-8, 0), (1, 1.7689706e-8, 0), (1, 4.05472e-8, 0), (1, -4.05472e-8, 0), (0, 1, 0), (0, 1, 0), (0, 1, 0), (0, 1, 0), (-1, 0, 0), (-0.7071067, -0.70710677, 0), (-0.7071067, -0.70710677, 0), (-1, 0, 0), (0, 1, 0), (0, 1, 0), (0, 1, 0), (0, 1, 0), (0, -1, 0), (0.7071067, -0.70710677, 0), (0.7071068, -0.7071068, 0), (0, -1, 0), (-0.70710677, 0.70710677, 0), (-1, 1.7689448e-8, 0), (-1, 4.0546603e-8, 0), (-0.70710677, 0.70710677, 0), (1, 1.7689706e-8, 0), (0.7071067, 0.70710677, 0), (0.7071067, 0.7071068, 0), (1, 4.05472e-8, 0), (-0.7071067, -0.70710677, 0), (0, -1, 0), (0, -1, 0), (-0.7071067, -0.70710677, 0), (0, 1, 0), (-0.70710677, 0.70710677, 0), (-0.70710677, 0.70710677, 0), (0, 1, 0), (0.7071067, -0.70710677, 0), (1, 0, 0), (1, 2.2617279e-15, 0), (0.7071068, -0.7071068, 0), (0.7071069, -0.7071067, 0), (1, 0, 0), (1, 0, 0), (0.70710677, -0.7071067, 0), (0, 1, 0), (-0.7071068, 0.7071068, 0), (-0.70710677, 0.7071067, 0), (0, 1, 0), (-0.70710677, -0.70710677, 0), (0, -1, 0), (0, -1, 0), (-0.70710677, -0.70710677, 0), (1, 1.0703192e-7, 0), (0.70710665, 0.70710677, 0), (0.7071067, 0.7071068, 0), (1, 7.2729556e-8, 0), (-0.7071068, 0.7071068, 0), (-1, 1.0703141e-7, 0), (-1, 7.2729556e-8, 0), (-0.70710677, 0.7071067, 0), (0, -1, 0), (0.7071069, -0.7071067, 0), (0.70710677, -0.7071067, 0), (0, -1, 0), (0, 1, 0), (0, 1, 0), (0, 1, 0), (0, 1, 0), (-1, 0, 0), (-0.70710677, -0.70710677, 0), (-0.70710677, -0.70710677, 0), (-1, 0, 0), (0, 1, 0), (0, 1, 0), (0, 1, 0), (0, 1, 0), (1, -1.0703192e-7, 0), (1, 1.0703192e-7, 0), (1, 7.2729556e-8, 0), (1, -7.2729556e-8, 0), (1, 0, 0), (1, -1.0703192e-7, 0), (1, -7.2729556e-8, 0), (1, 0, 0), (0, -1, 0), (0, -1, 0), (0, -1, 0), (0, -1, 0), (0, -1, 0), (0, -1, 0), (0, -1, 0), (0, -1, 0), (-1, 1.0703141e-7, 0), (-1, 0, 0), (-1, 0, 0), (-1, 7.2729556e-8, 0), (0.70710665, 0.70710677, 0), (0, 1, 0), (0, 1, 0), (0.7071067, 0.7071068, 0), (-1, 1.0703141e-7, 0), (-1, 1.0703141e-7, 0), (-1, 7.2729556e-8, 0), (-1, 7.2729556e-8, 0), (-1, 4.0546603e-8, 0), (-1, 4.0546606e-8, 0), (-1, 6.600374e-8, 0), (-1, 6.6003736e-8, 0), (0.7071067, 0.7071068, 0), (0, 1, 0), (0, 1, 0), (0.7071067, 0.7071068, 0), (-1, 4.0546606e-8, 0), (-1, 0, 0), (-1, 0, 0), (-1, 6.600374e-8, 0), (0, -1, 0), (0, -1, 0), (0, -1, 0), (0, -1, 0), (0, -1, 0), (0, -1, 0), (0, -1, 0), (0, -1, 0), (1, 2.2617279e-15, 0), (1, -4.05472e-8, 0), (1, -6.6004716e-8, 0), (1, 0, 0), (1, -4.05472e-8, 0), (1, 4.05472e-8, 0), (1, 6.6004716e-8, 0), (1, -6.6004716e-8, 0), (0, 1, 0), (0, 1, 0), (0, 1, 0), (0, 1, 0), (-1, 0, 0), (-0.7071067, -0.70710677, 0), (-0.7071067, -0.70710677, 0), (-1, 0, 0), (0, 1, 0), (0, 1, 0), (0, 1, 0), (0, 1, 0), (0, -1, 0), (0.7071068, -0.7071068, 0), (0.7071068, -0.70710677, 0), (0, -1, 0), (-0.70710677, 0.70710677, 0), (-1, 4.0546603e-8, 0), (-1, 6.6003736e-8, 0), (-0.7071067, 0.70710677, 0), (1, 4.05472e-8, 0), (0.7071067, 0.7071068, 0), (0.7071067, 0.7071068, 0), (1, 6.6004716e-8, 0), (-0.7071067, -0.70710677, 0), (0, -1, 0), (0, -1, 0), (-0.7071067, -0.70710677, 0), (0, 1, 0), (-0.70710677, 0.70710677, 0), (-0.7071067, 0.70710677, 0), (0, 1, 0), (0.7071068, -0.7071068, 0), (1, 2.2617279e-15, 0), (1, 0, 0), (0.7071068, -0.70710677, 0), (0.70710677, -0.70710677, 0), (1, 0, 0), (1, 0, 0), (0.70710677, -0.70710677, 0), (0, 1, 0), (-0.70710677, 0.70710677, 0), (-0.57735026, 0.57735026, -0.57735026), (0, 0.70710677, -0.70710677), (-0.70710677, -0.70710677, 0), (0, -1, 0), (0, -1, 0), (-0.30151135, -0.90453404, -0.30151132), (1, 0, 0), (0.70710677, 0.70710677, 0), (0.90453404, 0.30151135, -0.30151135), (1, 0, 0), (-0.70710677, 0.70710677, 0), (-1, 0, 0), (-0.70710677, 0, -0.70710677), (-0.57735026, 0.57735026, -0.57735026), (0, -1, 0), (0.70710677, -0.70710677, 0), (0.70710677, -0.70710677, 0), (0, -1, 0), (0, 1, 0), (0, 1, 0), (0, 0.70710677, -0.70710677), (0, 0.70710677, -0.70710677), (-1, 0, 0), (-0.70710677, -0.70710677, 0), (-0.30151135, -0.90453404, -0.30151132), (-0.70710677, 0, -0.7071067), (0, 1, 0), (0, 1, 0), (0, 0.70710677, -0.70710677), (0, 0.70710677, -0.70710677), (1, 0, 0), (1, 0, 0), (1, 0, 0), (1, 0, 0), (1, 0, 0), (1, 0, 0), (1, 0, 0), (1, 0, 0), (0, -1, 0), (0, -1, 0), (0, -1, 0), (0, -1, 0), (0, -1, 0), (0, -1, 0), (0, -1, 0), (0, -1, 0), (-1, 0, 0), (-1, 0, 0), (-0.70710677, 0, -0.7071067), (-0.70710677, 0, -0.7071067), (0.70710677, 0.70710677, 0), (0, 1, 0), (0, 0.70710677, -0.70710677), (0.90453404, 0.30151135, -0.30151135), (-1, 0, 0), (-1, 0, 0), (-0.70710677, 0, -0.7071067), (-0.70710677, 0, -0.70710677), (-1, 7.2729556e-8, 0), (-1, 7.2729556e-8, 0), (-1, 0, 0), (-1, 0, 0), (0.7071067, 0.7071068, 0), (0, 1, 0), (0, 1, 0), (0.70710677, 0.70710677, 0), (-1, 7.2729556e-8, 0), (-1, 0, 0), (-1, 0, 0), (-1, 0, 0), (0, -1, 0), (0, -1, 0), (0, -1, 0), (0, -1, 0), (0, -1, 0), (0, -1, 0), (0, -1, 0), (0, -1, 0), (1, 0, 0), (1, -7.2729556e-8, 0), (1, 0, 0), (1, 0, 0), (1, -7.2729556e-8, 0), (1, 7.2729556e-8, 0), (1, 0, 0), (1, 0, 0), (0, 1, 0), (0, 1, 0), (0, 1, 0), (0, 1, 0), (-1, 0, 0), (-0.70710677, -0.70710677, 0), (-0.70710677, -0.70710677, 0), (-1, 0, 0), (0, 1, 0), (0, 1, 0), (0, 1, 0), (0, 1, 0), (0, -1, 0), (0.70710677, -0.7071067, 0), (0.70710677, -0.70710677, 0), (0, -1, 0), (-0.70710677, 0.7071067, 0), (-1, 7.2729556e-8, 0), (-1, 0, 0), (-0.70710677, 0.70710677, 0), (1, 7.2729556e-8, 0), (0.7071067, 0.7071068, 0), (0.70710677, 0.70710677, 0), (1, 0, 0), (-0.70710677, -0.70710677, 0), (0, -1, 0), (0, -1, 0), (-0.70710677, -0.70710677, 0), (0, 1, 0), (-0.70710677, 0.7071067, 0), (-0.70710677, 0.70710677, 0), (0, 1, 0), (0.70710677, -0.7071067, 0), (1, 0, 0), (1, 0, 0), (0.70710677, -0.70710677, 0), (-0.70710677, 0, -0.70710677), (-0.70710677, 0, -0.7071067), (-0.70710677, 0, 0.7071067), (-0.70710677, 0, 0.70710677), (-0.70710677, 0, -0.7071067), (-0.70710677, 0, -0.7071067), (-0.70710677, 0, 0.7071067), (-0.70710677, 0, 0.7071067), (-0.70710677, 0, -0.7071067), (-0.57735026, -0.57735026, -0.57735026), (-0.57735026, -0.57735026, 0.57735026), (-0.70710677, 0, 0.7071067), (-0.57735026, 0.57735026, -0.57735026), (-0.70710677, 0, -0.70710677), (-0.70710677, 0, 0.70710677), (-0.57735026, 0.57735026, 0.57735026), (-0.30151132, 0.30151135, 0.90453404), (-0.57735026, 0.57735026, -0.57735026), (-0.57735026, 0.57735026, -0.57735026), (-0.57735026, 0.57735026, 0.57735026), (-0.70710677, 0, -0.7071067), (-0.70710677, 0, -0.7071067), (-0.70710677, 0, -0.7071067), (-0.70710677, 0, -0.7071067), (0, 0, 1), (0, 0, 1), (-0.70710677, 0, 0.7071067), (-0.70710677, 0, 0.7071067), (-0.70710677, 0, -0.7071067), (-0.30151135, -0.90453404, -0.30151132), (-0.57735026, -0.57735026, -0.57735026), (-0.70710677, 0, -0.7071067), (0, 0, 1), (-0.30151132, 0.30151135, 0.90453404), (-0.57735026, 0.57735026, 0.57735026), (-0.70710677, 0, 0.70710677), (-0.57735026, 0.57735026, -0.57735026), (-0.70710677, 0, -0.70710677), (-0.70710677, 0, -0.70710677), (-0.57735026, 0.57735026, -0.57735026), (0.57735026, 0.57735026, -0.57735026), (0, 0.70710677, -0.70710677), (0, 0.70710677, 0.70710677), (0.57735026, 0.57735026, 0.57735026), (0, 0.70710677, -0.70710677), (0, 0.70710677, -0.70710677), (0, 0.70710677, 0.70710677), (0, 0.70710677, 0.70710677), (0, 0.70710677, -0.70710677), (0, 0.70710677, -0.70710677), (0, 0.70710677, 0.70710677), (0, 0.70710677, 0.70710677), (0, 0.70710677, -0.70710677), (-0.57735026, 0.57735026, -0.57735026), (-0.57735026, 0.57735026, 0.57735026), (0, 0.70710677, 0.70710677), (0, 0, 1), (0, 0, 1), (0, 0.70710677, 0.70710677), (0, 0.70710677, 0.70710677), (0, 0, 1), (0.7071067, 0, 0.70710677), (0.57735026, 0.57735026, 0.57735026), (0, 0.70710677, 0.70710677), (0.90453404, 0.30151135, -0.30151135), (0, 0.70710677, -0.70710677), (0, 0.70710677, -0.70710677), (0.57735026, 0.57735026, -0.57735026), (0, 0.70710677, -0.70710677), (-0.57735026, 0.57735026, -0.57735026), (-0.57735026, 0.57735026, -0.57735026), (0, 0.70710677, -0.70710677), (0, 0.70710677, -0.70710677), (0, 0.70710677, -0.70710677), (0, 0.70710677, -0.70710677), (0, 0.70710677, -0.70710677), (-0.30151132, 0.30151135, 0.90453404), (0, 0, 1), (0, 0.70710677, 0.70710677), (-0.57735026, 0.57735026, 0.57735026), (0, 0, 1), (0, 0, 1), (0, 0, 1), (0, 0, 1), (1, 0, 0), (1, 0, 0), (1, 0, 0), (1, 0, 0), (0, -1, 0), (0, -1, 0), (0, -1, 0), (0, -1, 0), (0, -1, 0), (0, -1, 0), (0, -1, 0), (0, -1, 0), (0, 0, 1), (0, 0, 1), (0, 0, 1), (0, 0, 1), (0, -1, 0), (0, -1, 0), (0, -1, 0), (0, -1, 0), (0, 0, 1), (0, 0, 1), (0, 0, 1), (0, 0, 1), (0, 0, 1), (0, 0, 1), (0, 0, 1), (0, 0, 1), (0, 0, 1), (0, 0, 1), (0, 0, 1), (0, 0, 1), (0, 0, 1), (0, 0, 1), (0, 0, 1), (0, 0, 1), (0, 0, 1), (0, 0, 1), (0, 0, 1), (0, 0, 1), (0, 0, 1), (0, 0, 1), (0, 0, 1), (0, 0, 1), (0, 0, 1), (0, 0, 1), (0, 0, 1), (0, 0, 1), (0, 0, 1), (0, 0, 1), (0, 0, 1), (0, 0, 1), (0, 0, 1), (0, 0, 1), (0, 0, 1), (0, 0, 1), (0, 0, 1), (0, 0, 1), (0, 0, 1), (0, 0, 1), (0, 0, 1), (0, 0, 1), (0, 0, 1), (0, 0, 1), (0, 0, 1), (0, 0, 1), (0, 0, 1), (0, 0, 1), (0, 0, 1), (0, 0, 1), (0, 0, 1), (0, 0, 1), (0, 0, 1), (0, 0, 1), (0, 0, 1), (0, 0, 1), (0, 0, 1), (0, 0, 1), (0, 0, 1), (0, 0, 1), (0, 0, 1), (0, 0, 1), (0, 0, 1), (0, 0, 1), (0, 0, 1), (0, 0, 1), (0, 0, 1), (0, 0, 1), (0, 0, 1), (0, 0, 1), (0, 0, 1), (0, 0, 1), (0, 0, 1), (0, 0, 1), (0, 0, 1), (0, 0, 1), (0, 0, 1), (0, 0, 1), (0, 0, 1), (0, 0, 1), (0, 0, 1), (0, 0, 1), (0, 0, 1), (0, 0, 1), (0, 0, 1), (0, 0, 1), (0, 0, 1), (0, 0, 1), (0, 0, 1), (0, 0, 1), (0, 0, 1), (0, 0, 1), (0, 0, -1), (0, 0, -1), (0, 0, -1), (0, 0, -1), (0, 0, -1), (0, 0, -1), (0, 0, -1), (0, 0, -1), (0, 0, -1), (0, 0, -1), (0, 0, -1), (0, 0, -1), (0, 0, -1), (0, 0, -1), (0, 0, -1), (0, 0, -1), (0, 0, 1), (0, 0, 1), (0, 0, 1), (0, 0, 1), (0, 0, 1), (0, 0, 1), (0, 0, 1), (0, 0, 1), (0, 0, 1), (0, 0, 1), (0, 0, 1), (0, 0, 1), (0, 0, 1), (0, 0, 1), (0, 0, 1), (0, 0, 1), (0, 0, 1), (0, 0, 1), (0, 0, 1), (0, 0, 1), (0, 0, 1), (0, 0, 1), (0, 0, 1), (0, 0, 1), (0, 0, 1), (0, 0, 1), (0, 0, 1), (0, 0, 1), (0, 0, 1), (0, 0, 1), (0, 0, 1), (0, 0, 1), (0, 0, 1), (0, 0, 1), (0, 0, 1), (0, 0, 1), (0, 0, 1), (0, 0, 1), (0, 0, 1), (0, 0, 1), (0, 0, 1), (0, 0, 1), (0, 0, 1), (0, 0, 1), (0, 0, 1), (0, 0, 1), (0, 0, 1), (0, 0, 1), (0, 0, 1), (0, 0, 1), (0, 0, 1), (0, 0, 1), (0, 0, 1), (0, 0, 1), (0, 0, 1), (0, 0, 1), (0, 0, 1), (0, 0, 1), (0, 0, 1), (0, 0, 1), (0, 0, 1), (0, 0, 1), (0, 0, 1), (0, 0, 1), (0, -0.99999994, 0), (0, -0.99999994, 0), (0, -0.99999994, 0), (0, -0.99999994, 0), (0, -1, 0), (0, -1, 0), (0, -1, 0), (0, -1, 0), (0, 0, -1), (0, 0, -1), (0, 0, -1), (0, 0, -1), (0, 0, -1), (0, 0, -1), (0, 0, -1), (0, 0, -1), (0, 0, -1), (0, 0, -1), (0, 0, -1), (0, 0, -1), (0, 0, -1), (0, 0, -1), (0, 0, -1), (0, 0, -1), (0, 0, -1), (0, 0, -1), (0, 0, -1), (0, 0, -1), (0, 0, -1), (0, 0, -1), (0, 0, -1), (0, 0, -1), (0, 0, -1), (0, 0, -1), (0, 0, -1), (0, 0, -1), (0, 0, -1), (0, 0, -1), (0, 0, -1), (0, 0, -1), (0, 0, -1), (0, 0, -1), (0, 0, -1), (0, 0, -1), (0, 0, -1), (0, 0, -1), (0, 0, -1), (0, 0, -1), (0, 0, -1), (0, 0, -1), (0, 0, -1), (0, 0, -1), (0, 0, -1), (0, 0, -1), (0, 0, -1), (0, 0, -1), (0, 0, -1), (0, 0, -1), (0, 0, -1), (0, 0, -1), (0, 0, -1), (0, 0, -1), (0, 0, -1), (0, 0, -1), (0, 0, -1), (0, 0, -1), (0, 0, -1), (0, 0, -1), (0, 0, -1), (0, 0, -1), (0, 0, -1), (0, 0, -1), (0, 0, -1), (0, 0, -1), (0, 0, -1), (0, 0, -1), (0, 0, 1), (0, 0, 1), (0, 0, 1), (0, 0, 1), (0, 0, 1), (0, 0, 1), (0, 0, 1), (0, 0, 1), (0, 0, -1), (0, 0, -1), (0, 0, -1), (0, 0, -1), (0, 0, -1), (0, 0, -1), (0, 0, -1), (0, 0, -1), (0, 0, -1), (0, 0, -1), (0, 0, -1), (0, 0, -1), (0, 0, -1), (0, 0, -1), (0, 0, -1), (0, 0, -1), (0, 0, -1), (0, 0, -1), (0, 0, -1), (0, 0, -1), (0, 0, -1), (0, 0, -1), (0, 0, -1), (0, 0, -1), (0, 0, -1), (0, 0, -1), (0, 0, -1), (0, 0, -1), (0, 0, -1), (0, 0, -1), (0, 0, -1), (0, 0, -1), (0, 0, -1), (0, 0, -1), (0, 0, -1), (0, 0, -1), (0, 0, -1), (0, 0, -1), (0, 0, -1), (0, 0, -1), (0, 0, -1), (0, 0, -1), (0, 0, -1), (0, 0, -1), (0, 0, -1), (0, 0, -1), (0, 0, -1), (0, 0, -1), (0, 0, -1), (0, 0, -1), (0, 0, -1), (0, 0, -1), (0, -0.99999994, 0), (0, -0.99999994, 0), (0, -0.99999994, 0), (0, -0.99999994, 0), (0, -1, 0), (0, -1, 0), (0, -1, 0), (0, -1, 0), (0, 0, 1), (0, 0, 1), (0, 0, 1), (0, 0, 1), (0, 0, 1), (0, 0, 1), (0, 0, 1), (0, 0, 1), (0, 0, 1), (0, 0, 1), (0, 0, 1), (0, 0, 1), (0, 0, 1), (0, 0, 1), (0, 0, 1), (0, 0, 1), (0, 0, 1), (0, 0, 1), (0, 0, 1), (0, 0, 1), (0, 0, 1), (0, 0, 1), (0, 0, 1), (0, 0, 1), (0, 0, 1), (0, 0, 1), (0, 0, 1), (0, 0, 1), (0, 0, 1), (0, 0, 1), (0, 0, 1), (0, 0, 1), (0, 0, -0.99999994), (0, 0, -0.99999994), (0, 0, -0.99999994), (0, 0, -0.99999994), (0, 0, -1), (0, 0, -1), (0, 0, -1), (0, 0, -1), (1, 0, 0), (1, 0, 0), (1, 0, 0), (1, 0, 0), (0, 0, -1), (0, 0, -1), (0, 0, -1), (0, 0, -1), (0, 0, -1), (0, 0, -1), (0, 0, -1), (0, 0, -1), (0, 0, -1), (0, 0, -1), (0, 0, -1), (0, 0, -1), (0, 0, -1), (0, 0, -1), (0, 0, -1), (0, 0, -1), (0, 0, 1), (0, 0, 1), (0, 0, 1), (0, 0, 1), (0, 0, 1), (0, 0, 1), (0, 0, 1), (0, 0, 1), (0, 0, -1), (0, 0, -1), (0, 0, -1), (0, 0, -1), (0, 0, 1), (0, 0, 1), (0, 0, 1), (0, 0, 1), (0, 0, -1), (0, 0, -1), (0, 0, -1), (0, 0, -1), (0, 0, -1), (0, 0, -1), (0, 0, -1), (0, 0, -1), (0, 0, -1), (0, 0, -1), (0, 0, -1), (0, 0, -1), (0, 0, -1), (0, 0, -1), (0, 0, -1), (0, 0, -1), (0, 0, -1), (0, 0, -1), (0, 0, -1), (0, 0, -1), (0, 0, -1), (0, 0, -1), (0, 0, -1), (0, 0, -1), (0, 0, -1), (0, 0, -1), (0, 0, -1), (0, 0, -1), (0, 0, -1), (0, 0, -1), (0, 0, -1), (0, 0, -1), (0, 1, 0), (0, 1, 0), (0, 1, 0), (0, 1, 0), (0, 0.99999994, 0), (0, 0.99999994, 0), (0, 0.99999994, 0), (0, 0.99999994, 0), (0, 0, 1), (0, 0, 1), (0, 0, 1), (0, 0, 1), (0, 0, 1), (0, 0, 1), (0, 0, 1), (0, 0, 1), (0, 0, 1), (0, 0, 1), (0, 0, 1), (0, 0, 1), (0, 0, 1), (0, 0, 1), (0, 0, 1), (0, 0, 1), (0, 0, 1), (0, 0, 1), (0, 0, 1), (0, 0, 1), (0, 0, 1), (0, 0, 1), (0, 0, 1), (0, 0, 1), (0, 0, 1), (0, 0, 1), (0, 0, 1), (0, 0, 1), (0, 0, 1), (0, 0, 1), (0, 0, 1), (0, 0, 1), (0, 0, 1), (0, 0, 1), (0, 0, 1), (0, 0, 1), (0, 0, 1), (0, 0, 1), (0, 0, 1), (0, 0, 1), (0, 0, 1), (0, 0, 1), (0, 0, 1), (0, 0, 1), (0, 0, 1), (0, 0, 1), (0, 0, 1), (0, 0, 1), (0, 0, 1), (0, 0, 1), (0, 0, 1), (0, 0, 1), (0, 0, -1), (0, 0, -1), (0, 0, -1), (0, 0, -1), (0, 0, -1), (0, 0, -1), (0, 0, -1), (0, 0, -1), (0, 0, 1), (0, 0, 1), (0, 0, 1), (0, 0, 1), (0, 0, 1), (0, 0, 1), (0, 0, 1), (0, 0, 1), (0, 0, 1), (0, 0, 1), (0, 0, 1), (0, 0, 1), (0, 0, 1), (0, 0, 1), (0, 0, 1), (0, 0, 1), (0, 0, 1), (0, 0, 1), (0, 0, 1), (0, 0, 1), (0, 0.99999994, 0), (0, 0.99999994, 0), (0, 0.99999994, 0), (0, 0.99999994, 0), (0, 1, 0), (0, 1, 0), (0, 1, 0), (0, 1, 0), (0, 0, -1), (0, 0, -1), (0, 0, -1), (0, 0, -1), (0, 0, 1), (0, 0, 1), (0, 0, 1), (0, 0, 1), (0, 0, 1), (0, 0, 1), (0, 0, 1), (0, 0, 1), (0, 0, 1), (0, 0, 1), (0, 0, 1), (0, 0, 1), (0, 0, -1), (0, 0, -1), (0, 0, -1), (0, 0, -1), (0, 0, 1), (0, 0, 1), (0, 0, 1), (0, 0, 1), (0, 0, 1), (0, 0, 1), (0, 0, 1), (0, 0, 1), (0, 0, 1), (0, 0, 1), (0, 0, 1), (0, 0, 1), (0, 0, 1), (0, 0, 1), (0, 0, 1), (0, 0, 1), (0, 0, 1), (0, 0, 1), (0, 0, 1), (0, 0, 1), (0, 0, 1), (0, 0, 1), (0, 0, 1), (0, 0, 1), (1, 0, 0), (1, 0, 0), (1, 0, 0), (1, 0, 0), (1, 0, 0), (1, 0, 0), (1, 0, 0), (1, 0, 0), (0, 0, -1), (0, 0, -1), (0, 0, -1), (0, 0, -1), (0, 0, -1), (0, 0, -1), (0, 0, -1), (0, 0, -1), (0, 0, -1), (0, 0, -1), (0, 0, -1), (0, 0, -1), (0, 0, -1), (0, 0, -1), (0, 0, -1), (0, 0, -1), (1, 0, 0), (1, 0, 0), (1, 0, 0), (1, 0, 0), (1, 0, 0), (1, 0, 0), (1, 0, 0), (1, 0, 0), (0, 0, 1), (0, 0, 1), (0, 0, 1), (0, 0, 1), (0, 0, 1), (0, 0, 1), (0, 0, 1), (0, 0, 1), (0, 0, 1), (0, 0, 1), (0, 0, 1), (0, 0, 1), (1, 0, 0), (1, 0, 0), (1, 0, 0), (1, 0, 0), (0, 0, 1), (0, 0, 1), (0, 0, 1), (0, 0, 1), (1, 0, 0), (1, 0, 0), (1, 0, 0), (1, 0, 0), (0, 0, -1), (0, 0, -1), (0, 0, -1), (0, 0, -1), (0, 0, -1), (0, 0, -1), (0, 0, -1), (0, 0, -1), (0, 0, -1), (0, 0, -1), (0, 0, -1), (0, 0, -1), (0, 0, -1), (0, 0, -1), (0, 0, -1), (0, 0, -1), (0, 0, -1), (0, 0, -1), (0, 0, -1), (0, 0, -1), (0, 0, -1), (0, 0, -1), (0, 0, -1), (0, 0, -1), (0, 0, -1), (0, 0, -1), (0, 0, -1), (0, 0, -1), (0, 0, -1), (0, 0, -1), (0, 0, -1), (0, 0, -1), (0, 0, -1), (0, 0, -1), (0, 0, -1), (0, 0, -1), (0, 0, -1), (0, 0, -1), (0, 0, -1), (0, 0, -1), (0, 0, -1), (0, 0, -1), (0, 0, -1), (0, 0, -1), (0, 0, -1), (0, 0, -1), (0, 0, -1), (0, 0, -1), (0, 0, -1), (0, 0, -1), (0, 0, -1), (0, 0, -1), (0, 0, -1), (0, 0, -1), (0, 0, -1), (0, 0, -1), (0, 0, -1), (0, 0, -1), (0, 0, -1), (0, 0, -1), (0, 0, -1), (0, 0, -1), (0, 0, -1), (0, 0, -1), (1, 0, 0), (1, 0, 0), (1, 0, 0), (1, 0, 0), (0, 0, -1), (0, 0, -1), (0, 0, -1), (0, 0, -1), (1, 0, 0), (1, 0, 0), (1, 0, 0), (1, 0, 0), (0, 0, 1), (0, 0, 1), (0, 0, 1), (0, 0, 1), (0, 0, 1), (0, 0, 1), (0, 0, 1), (0, 0, 1), (0, 0, 1), (0, 0, 1), (0, 0, 1), (0, 0, 1), (1, 0, 0), (1, 0, 0), (1, 0, 0), (1, 0, 0), (0, 0, -1), (0, 0, -1), (0, 0, -1), (0, 0, -1), (0, 0, -1), (0, 0, -1), (0, 0, -1), (0, 0, -1), (0, 0, -1), (0, 0, -1), (0, 0, -1), (0, 0, -1), (0, 0, -1), (0, 0, -1), (0, 0, -1), (0, 0, -1), (0, 0, -1), (0, 0, -1), (0, 0, -1), (0, 0, -1), (0, 1, 0), (0, 1, 0), (0, 1, 0), (0, 1, 0), (0, 1, 0), (0, 1, 0), (0, 1, 0), (0, 1, 0), (0, 0, 1), (0, 0, 1), (0, 0, 1), (0, 0, 1), (0, 0, 1), (0, 0, 1), (0, 0, 1), (0, 0, 1), (0, 0, 1), (0, 0, 1), (0, 0, 1), (0, 0, 1), (0, 0, 1), (0, 0, 1), (0, 0, 1), (0, 0, 1), (0, 0, 1), (0, 0, 1), (0, 0, 1), (0, 0, 1), (0, 0, 1), (0, 0, 1), (0, 0, 1), (0, 0, 1), (1, 0, 0), (1, 0, 0), (1, 0, 0), (1, 0, 0), (1, 0, 0), (1, 0, 0), (1, 0, 0), (1, 0, 0), (0, 1, 0), (0, 1, 0), (0, 1, 0), (0, 1, 0), (0, -0.00007503865, -1), (0, -0.00007503865, -1), (0, -0.00007503865, -1), (0, -0.000075038624, -1), (0, -0.000075038624, -1), (0, -0.000075038624, -1), (0.00007974998, 0, -1), (0.00007974998, 0, -1), (0.00007974998, 0, -1), (0.00007974975, 0, -1), (0.00007974975, 0, -1), (0.00007974975, 0, -1), (0, -0.00007503863, -1), (0, -0.00007503863, -1), (0, -0.00007503863, -1), (0.00007974977, 0, -0.99999994), (0.00007974977, 0, -0.99999994), (0.00007974977, 0, -0.99999994), (0.00007974977, 0, -0.99999994), (0.00007974977, 0, -0.99999994), (0.00007974977, 0, -0.99999994), (0, -0.000075038646, -1), (0, -0.000075038646, -1), (0, -0.000075038646, -1), (0, 0.00017459651, -1), (0, 0.00017459651, -1), (0, 0.00017459651, -1), (0, 0.00017459653, -1), (0, 0.00017459653, -1), (0, 0.00017459653, -1), (0, 0.00017459654, -1), (0, 0.00017459654, -1), (0, 0.00017459654, -1), (0, 0.00010120278, -1), (0, 0.00010120278, -1), (0, 0.00010120278, -1), (-0.000045052795, 0, -0.99999994), (-0.000045052795, 0, -0.99999994), (-0.000045052795, 0, -0.99999994), (-0.000045052813, 0, -1), (-0.000045052813, 0, -1), (-0.000045052813, 0, -1), (-0.000045052733, 0, -1), (-0.000045052733, 0, -1), (-0.000045052733, 0, -1), (-0.00004505284, 0, -1), (-0.00004505284, 0, -1), (-0.00004505284, 0, -1), (0, -0.00007503866, -1), (0, -0.00007503866, -1), (0, -0.00007503866, -1), (0, -0.00007503864, -1), (0, -0.00007503864, -1), (0, -0.00007503864, -1), (0, -0.00007503865, -1), (0, -0.00007503865, -1), (0, -0.00007503865, -1), (0, -0.000075038646, -1), (0, -0.000075038646, -1), (0, -0.000075038646, -1), (0.000079750265, 0, -1), (0.000079750265, 0, -1), (0.000079750265, 0, -1), (0.00007974947, 0, -1), (0.00007974947, 0, -1), (0.00007974947, 0, -1), (0.00007974961, 0, -0.99999994), (0.00007974961, 0, -0.99999994), (0.00007974961, 0, -0.99999994), (0.000079749574, 0, -1), (0.000079749574, 0, -1), (0.000079749574, 0, -1), (0, 0.00017459647, -0.99999994), (0, 0.00017459647, -0.99999994), (0, 0.00017459647, -0.99999994), (0, 0.0001745964, -1), (0, 0.0001745964, -1), (0, 0.0001745964, -1), (0, 0.00017459637, -1), (0, 0.00017459637, -1), (0, 0.00017459637, -1), (-0.000096003976, 0, -1), (-0.000096003976, 0, -1), (-0.000096003976, 0, -1), (-0.00004505284, 0, -1), (-0.00004505284, 0, -1), (-0.00004505284, 0, -1), (-0.000045052842, 0, -1), (-0.000045052842, 0, -1), (-0.000045052842, 0, -1), (-0.00004505284, 0, -1), (-0.00004505284, 0, -1), (-0.00004505284, 0, -1), (-0.000045052755, 0, -1), (-0.000045052755, 0, -1), (-0.000045052755, 0, -1), (0, 0.00017459651, -0.99999994), (0, 0.00017459651, -0.99999994), (0, 0.00017459651, -0.99999994), (0.00007974866, 0, -1), (0.00007974866, 0, -1), (0.00007974866, 0, -1), (0, 0, -1), (0.70710677, 0, -0.70710677), (0.7071067, 0, -0.70710677), (0, 0, -1), (0, 0, -1), (0, 0, -1), (0, 0, -1), (0, 0, -1), (0, 0, -1), (0, 0, -1), (0, 0, -1), (0, 0, -1), (0, 0, -1), (0.70710677, 0, -0.70710677), (0.70710677, 0, -0.70710677), (0, 0, -1), (0, 0, -1), (0, 0, -1), (0, 0, -1), (0, 0, -1), (0, 0.70710677, -0.70710677), (0, 0.70710677, -0.70710677), (0, 0, -1), (0, 0, -1), (0, 0.70710677, -0.70710677), (0.57735026, 0.57735026, -0.57735026), (0.70710677, 0, -0.70710677), (0, 0, -1), (0, 0, -1), (0, 0, -1), (0, 0, -1), (0, 0, -1), (0, 0.70710677, -0.70710677), (0, 0.70710677, -0.70710677), (0, 0, -1), (0, 0, -1), (0, 0.70710677, -0.70710677), (0, 0.70710677, -0.70710677), (0, 0, -1), (0, 0, -1), (0, 0, -1), (0, 0, -1), (0, 0, -1), (-0.30151132, -0.30151135, -0.90453404), (0, 0, -1), (0, 0, -1), (0, 0, -1), (0, 0, -1), (0, 0, -1), (0, 0, -1), (0, 0, -1), (0, 0, -1), (0, 0, -1), (0, 0, -1), (0, 0, -1), (0, 0, -1), (0, 0, -1), (0, 0, -1), (0, 0, -1), (0, 0, -1), (0, 0, -1), (0.70710677, 0, -0.70710677), (0.70710677, 0, -0.70710677), (0, 0, -1), (0, 0, -1), (0, 0, -1), (-0.70710677, 0, -0.70710677), (-0.70710677, 0, -0.70710677), (0.7071067, 0, -0.70710677), (0.90453404, -0.30151135, 0.30151135), (0.57735026, -0.57735026, 0.57735026), (0.57735026, -0.57735026, -0.57735026), (-0.30151135, 0.90453404, 0.30151135), (0, 0.70710677, -0.70710677), (-0.57735026, 0.57735026, -0.57735026), (-0.57735026, 0.57735026, 0.57735026), (0, 1, 0), (0, 1, 0), (0, 0.70710677, -0.70710677), (0, 0.70710677, -0.70710677), (0, 1, 0), (0, 1, 0), (0, 0.70710677, -0.70710677), (0, 0.70710677, -0.70710677), (1, 0, 0), (1, 0, 0), (0.70710677, 0, -0.70710677), (0.70710677, 0, -0.70710677), (1, 0, 0), (1, 0, 0), (0.70710677, 0, -0.70710677), (0.70710677, 0, -0.70710677), (0, -0.70710677, 0.70710677), (0, -0.70710677, 0.70710677), (0, -0.70710677, 0.70710677), (0, -0.70710677, 0.70710677), (0, 0.70710677, -0.70710677), (0, 0, -1), (-0.70710677, 0, -0.70710677), (-0.57735026, 0.57735026, -0.57735026), (-0.57735026, -0.57735026, 0.57735026), (-0.30151132, -0.30151135, -0.90453404), (-0.57735026, -0.57735026, -0.57735026), (-0.57735026, -0.57735026, 0.57735026), (0, 1, 0), (0.70710677, 0.70710677, 0), (0.57735026, 0.57735026, -0.57735026), (0, 0.70710677, -0.70710677), (-0.70710677, 0, 0.70710677), (-0.70710677, 0, 0.70710677), (-0.70710677, 0, 0.70710677), (-0.70710677, 0, 0.70710677), (1, 0, 0), (0.90453404, -0.30151135, 0.30151135), (0.7071067, 0, -0.70710677), (0.70710677, 0, -0.70710677), (-0.30151135, 0.90453404, 0.30151135), (0, 1, 0), (0, 0.70710677, -0.70710677), (0, 0.70710677, -0.70710677), (0, 0, -1), (0, 0, -1), (0, -0.70710677, -0.70710677), (0, -0.70710677, -0.70710677), (0.70710677, 0.70710677, 0), (1, 0, 0), (0.70710677, 0, -0.70710677), (0.57735026, 0.57735026, -0.57735026), (0.7071075, 0.7071061, 0), (1, 0, 0), (1, 0, 0), (0.7071072, 0.7071064, 0), (0, -1, 0), (-0.7071067, -0.70710677, 0), (-0.7071067, -0.70710677, 0), (0, -1, 0), (-0.7071067, 0.70710677, 0), (0, 1, 0), (0, 1, 0), (-0.70710677, 0.70710677, 0), (1, -0.0000010222061, 0), (0.70710605, -0.70710754, 0), (0.7071064, -0.7071072, 0), (1, -5.312361e-7, 0), (-0.7071067, -0.70710677, 0), (-1, -3.615721e-7, 0), (-1, -1.8790745e-7, 0), (-0.7071067, -0.70710677, 0), (0, 1, 0), (0.7071075, 0.7071061, 0), (0.7071072, 0.7071064, 0), (0, 1, 0), (0, -1, 0), (0, -1, 0), (0, -1, 0), (0, -1, 0), (-1, 0, 0), (-0.7071067, 0.70710677, 0), (-0.70710677, 0.70710677, 0), (-1, 0, 0), (0, -1, 0), (0, -1, 0), (0, -1, 0), (0, -1, 0), (1, 0.0000010222061, 0), (1, -0.0000010222061, 0), (1, -5.312361e-7, 0), (1, 5.312361e-7, 0), (1, 0, 0), (1, 0.0000010222061, 0), (1, 5.312361e-7, 0), (1, 0, 0), (0, 1, 0), (0, 1, 0), (0, 1, 0), (0, 1, 0), (0, 1, 0), (0, 1, 0), (0, 1, 0), (0, 1, 0), (-1, -3.6157212e-7, 0), (-1, 0, 0), (-1, 0, 0), (-1, -1.8790745e-7, 0), (0.70710605, -0.70710754, 0), (0, -1, 0), (0, -1, 0), (0.7071064, -0.7071072, 0), (-1, -3.615721e-7, 0), (-1, -3.6157212e-7, 0), (-1, -1.8790745e-7, 0), (-1, -1.8790745e-7, 0), (-1, -9.690376e-8, 0), (-1, -9.690376e-8, 0), (-1, -2.2211651e-7, 0), (-1, -2.221165e-7, 0), (0.7071066, -0.707107, 0), (0, -1, 0), (0, -1, 0), (0.7071063, -0.70710725, 0), (-1, -9.690376e-8, 0), (-1, 0, 0), (-1, 0, 0), (-1, -2.2211651e-7, 0), (0, 1, 0), (0, 1, 0), (0, 1, 0), (0, 1, 0), (0, 1, 0), (0, 1, 0), (0, 1, 0), (0, 1, 0), (1, 0, 0), (1, 2.7395814e-7, 0), (1, 6.27949e-7, 0), (1, -2.7140735e-14, 0), (1, 2.7395814e-7, 0), (1, -2.7395814e-7, 0), (1, -6.27949e-7, 0), (1, 6.27949e-7, 0), (0, -1, 0), (0, -1, 0), (0, -1, 0), (0, -1, 0), (-1, 0, 0), (-0.7071067, 0.70710677, 0), (-0.7071067, 0.70710677, 0), (-1, 0, 0), (0, -1, 0), (0, -1, 0), (0, -1, 0), (0, -1, 0), (0, 1, 0), (0.70710695, 0.7071066, 0), (0.70710725, 0.7071064, 0), (0, 1, 0), (-0.70710677, -0.70710677, 0), (-1, -9.690376e-8, 0), (-1, -2.221165e-7, 0), (-0.70710677, -0.70710677, 0), (1, -2.7395814e-7, 0), (0.7071066, -0.707107, 0), (0.7071063, -0.70710725, 0), (1, -6.27949e-7, 0), (-0.7071067, 0.70710677, 0), (0, 1, 0), (0, 1, 0), (-0.7071067, 0.70710677, 0), (0, -1, 0), (-0.70710677, -0.70710677, 0), (-0.70710677, -0.70710677, 0), (0, -1, 0), (0.70710695, 0.7071066, 0), (1, 0, 0), (1, -2.7140735e-14, 0), (0.70710725, 0.7071064, 0), (0.7071072, 0.7071064, 0), (1, 0, 0), (1, 0, 0), (0.70710677, 0.70710677, 0), (0, -1, 0), (-0.7071067, -0.70710677, 0), (-0.70710677, -0.70710677, 0), (0, -1, 0), (-0.70710677, 0.70710677, 0), (0, 1, 0), (0, 1, 0), (-0.70710677, 0.70710677, 0), (1, -5.312361e-7, 0), (0.7071064, -0.7071072, 0), (0.70710677, -0.70710677, 0), (1, 0, 0), (-0.7071067, -0.70710677, 0), (-1, -1.8790745e-7, 0), (-1, 0, 0), (-0.70710677, -0.70710677, 0), (0, 1, 0), (0.7071072, 0.7071064, 0), (0.70710677, 0.70710677, 0), (0, 1, 0), (0, -1, 0), (0, -1, 0), (0, -1, 0), (0, -1, 0), (-1, 0, 0), (-0.70710677, 0.70710677, 0), (-0.70710677, 0.70710677, 0), (-1, 0, 0), (0, -1, 0), (0, -1, 0), (0, -1, 0), (0, -1, 0), (1, 5.312361e-7, 0), (1, -5.312361e-7, 0), (1, 0, 0), (1, 0, 0), (1, 0, 0), (1, 5.312361e-7, 0), (1, 0, 0), (1, 0, 0), (0, 1, 0), (0, 1, 0), (0, 1, 0), (0, 1, 0), (0, 1, 0), (0, 1, 0), (0, 1, 0), (0, 1, 0), (-1, -1.8790745e-7, 0), (-1, 0, 0), (-1, 0, 0), (-1, 0, 0), (0.7071064, -0.7071072, 0), (0, -1, 0), (0, -1, 0), (0.70710677, -0.70710677, 0), (-1, -1.8790745e-7, 0), (-1, -1.8790745e-7, 0), (-1, 0, 0), (-1, 0, 0), (-1, -2.221165e-7, 0), (-1, -2.2211651e-7, 0), (-1, -3.6157212e-7, 0), (-1, -3.615721e-7, 0), (0.7071063, -0.70710725, 0), (0, -1, 0), (0, -1, 0), (0.70710605, -0.70710754, 0), (-1, -2.2211651e-7, 0), (-1, 0, 0), (-1, 0, 0), (-1, -3.6157212e-7, 0), (0, 1, 0), (0, 1, 0), (0, 1, 0), (0, 1, 0), (0, 1, 0), (0, 1, 0), (0, 1, 0), (0, 1, 0), (1, -2.7140735e-14, 0), (1, 6.27949e-7, 0), (1, 0.0000010222061, 0), (1, 0, 0), (1, 6.27949e-7, 0), (1, -6.27949e-7, 0), (1, -0.0000010222061, 0), (1, 0.0000010222061, 0), (0, -1, 0), (0, -1, 0), (0, -1, 0), (0, -1, 0), (-1, 0, 0), (-0.7071067, 0.70710677, 0), (-0.7071067, 0.70710677, 0), (-1, 0, 0), (0, -1, 0), (0, -1, 0), (0, -1, 0), (0, -1, 0), (0, 1, 0), (0.70710725, 0.7071064, 0), (0.7071075, 0.7071061, 0), (0, 1, 0), (-0.70710677, -0.70710677, 0), (-1, -2.221165e-7, 0), (-1, -3.615721e-7, 0), (-0.7071067, -0.70710677, 0), (1, -6.27949e-7, 0), (0.7071063, -0.70710725, 0), (0.70710605, -0.70710754, 0), (1, -0.0000010222061, 0), (-0.7071067, 0.70710677, 0), (0, 1, 0), (0, 1, 0), (-0.7071067, 0.70710677, 0), (0, -1, 0), (-0.70710677, -0.70710677, 0), (-0.7071067, -0.70710677, 0), (0, -1, 0), (0.70710725, 0.7071064, 0), (1, -2.7140735e-14, 0), (1, 0, 0), (0.7071075, 0.7071061, 0), (0.70710677, 0.70710677, 0), (1, 0, 0), (1, 0, 0), (0.70710677, 0.70710677, 0), (0, -1, 0), (-0.70710677, -0.70710677, 0), (-0.57735026, -0.57735026, 0.57735026), (0, -0.70710677, 0.70710677), (-0.70710677, 0.70710677, 0), (0, 1, 0), (0, 1, 0), (-0.30151135, 0.90453404, 0.30151135), (1, 0, 0), (0.70710677, -0.70710677, 0), (0.90453404, -0.30151135, 0.30151135), (1, 0, 0), (-0.70710677, -0.70710677, 0), (-1, 0, 0), (-0.70710677, 0, 0.70710677), (-0.57735026, -0.57735026, 0.57735026), (0, 1, 0), (0.70710677, 0.70710677, 0), (0.70710677, 0.70710677, 0), (0, 1, 0), (0, -1, 0), (0, -1, 0), (0, -0.70710677, 0.70710677), (0, -0.70710677, 0.70710677), (-1, 0, 0), (-0.70710677, 0.70710677, 0), (-0.30151135, 0.90453404, 0.30151135), (-0.70710677, 0, 0.70710677), (0, -1, 0), (0, -1, 0), (0, -0.70710677, 0.70710677), (0, -0.70710677, 0.70710677), (1, 0, 0), (1, 0, 0), (1, 0, 0), (1, 0, 0), (1, 0, 0), (1, 0, 0), (1, 0, 0), (1, 0, 0), (0, 1, 0), (0, 1, 0), (0, 1, 0), (0, 1, 0), (0, 1, 0), (0, 1, 0), (0, 1, 0), (0, 1, 0), (-1, 0, 0), (-1, 0, 0), (-0.70710677, 0, 0.70710677), (-0.70710677, 0, 0.70710677), (0.70710677, -0.70710677, 0), (0, -1, 0), (0, -0.70710677, 0.70710677), (0.90453404, -0.30151135, 0.30151135), (-1, 0, 0), (-1, 0, 0), (-0.70710677, 0, 0.70710677), (-0.70710677, 0, 0.70710677), (-1, 0, 0), (-1, 0, 0), (-1, 0, 0), (-1, 0, 0), (0.70710677, -0.70710677, 0), (0, -1, 0), (0, -1, 0), (0.70710677, -0.70710677, 0), (-1, 0, 0), (-1, 0, 0), (-1, 0, 0), (-1, 0, 0), (0, 1, 0), (0, 1, 0), (0, 1, 0), (0, 1, 0), (0, 1, 0), (0, 1, 0), (0, 1, 0), (0, 1, 0), (1, 0, 0), (1, 0, 0), (1, 0, 0), (1, 0, 0), (1, 0, 0), (1, 0, 0), (1, 0, 0), (1, 0, 0), (0, -1, 0), (0, -1, 0), (0, -1, 0), (0, -1, 0), (-1, 0, 0), (-0.70710677, 0.70710677, 0), (-0.70710677, 0.70710677, 0), (-1, 0, 0), (0, -1, 0), (0, -1, 0), (0, -1, 0), (0, -1, 0), (0, 1, 0), (0.70710677, 0.70710677, 0), (0.70710677, 0.70710677, 0), (0, 1, 0), (-0.70710677, -0.70710677, 0), (-1, 0, 0), (-1, 0, 0), (-0.70710677, -0.70710677, 0), (1, 0, 0), (0.70710677, -0.70710677, 0), (0.70710677, -0.70710677, 0), (1, 0, 0), (-0.70710677, 0.70710677, 0), (0, 1, 0), (0, 1, 0), (-0.70710677, 0.70710677, 0), (0, -1, 0), (-0.70710677, -0.70710677, 0), (-0.70710677, -0.70710677, 0), (0, -1, 0), (0.70710677, 0.70710677, 0), (1, 0, 0), (1, 0, 0), (0.70710677, 0.70710677, 0), (-0.70710677, 0, 0.70710677), (-0.70710677, 0, 0.70710677), (-0.70710677, 0, -0.70710677), (-0.70710677, 0, -0.70710677), (-0.70710677, 0, 0.70710677), (-0.70710677, 0, 0.70710677), (-0.70710677, 0, -0.70710677), (-0.70710677, 0, -0.70710677), (-0.70710677, 0, 0.70710677), (-0.57735026, 0.57735026, 0.57735026), (-0.57735026, 0.57735026, -0.57735026), (-0.70710677, 0, -0.70710677), (-0.57735026, -0.57735026, 0.57735026), (-0.70710677, 0, 0.70710677), (-0.70710677, 0, -0.70710677), (-0.57735026, -0.57735026, -0.57735026), (-0.30151132, -0.30151135, -0.90453404), (-0.57735026, -0.57735026, 0.57735026), (-0.57735026, -0.57735026, 0.57735026), (-0.57735026, -0.57735026, -0.57735026), (-0.70710677, 0, 0.70710677), (-0.70710677, 0, 0.70710677), (-0.70710677, 0, 0.70710677), (-0.70710677, 0, 0.70710677), (0, 0, -1), (0, 0, -1), (-0.70710677, 0, -0.70710677), (-0.70710677, 0, -0.70710677), (-0.70710677, 0, 0.70710677), (-0.30151135, 0.90453404, 0.30151135), (-0.57735026, 0.57735026, 0.57735026), (-0.70710677, 0, 0.70710677), (0, 0, -1), (-0.30151132, -0.30151135, -0.90453404), (-0.57735026, -0.57735026, -0.57735026), (-0.70710677, 0, -0.70710677), (-0.57735026, -0.57735026, 0.57735026), (-0.70710677, 0, 0.70710677), (-0.70710677, 0, 0.70710677), (-0.57735026, -0.57735026, 0.57735026), (0.57735026, -0.57735026, 0.57735026), (0, -0.70710677, 0.70710677), (0, -0.70710677, -0.70710677), (0.57735026, -0.57735026, -0.57735026), (0, -0.70710677, 0.70710677), (0, -0.70710677, 0.70710677), (0, -0.70710677, -0.70710677), (0, -0.70710677, -0.70710677), (0, -0.70710677, 0.70710677), (0, -0.70710677, 0.70710677), (0, -0.70710677, -0.70710677), (0, -0.70710677, -0.70710677), (0, -0.70710677, 0.70710677), (-0.57735026, -0.57735026, 0.57735026), (-0.57735026, -0.57735026, -0.57735026), (0, -0.70710677, -0.70710677), (0, 0, -1), (0, 0, -1), (0, -0.70710677, -0.70710677), (0, -0.70710677, -0.70710677), (0, 0, -1), (0.7071067, 0, -0.70710677), (0.57735026, -0.57735026, -0.57735026), (0, -0.70710677, -0.70710677), (0.90453404, -0.30151135, 0.30151135), (0, -0.70710677, 0.70710677), (0, -0.70710677, 0.70710677), (0.57735026, -0.57735026, 0.57735026), (0, -0.70710677, 0.70710677), (-0.57735026, -0.57735026, 0.57735026), (-0.57735026, -0.57735026, 0.57735026), (0, -0.70710677, 0.70710677), (0, -0.70710677, 0.70710677), (0, -0.70710677, 0.70710677), (0, -0.70710677, 0.70710677), (0, -0.70710677, 0.70710677), (-0.30151132, -0.30151135, -0.90453404), (0, 0, -1), (0, -0.70710677, -0.70710677), (-0.57735026, -0.57735026, -0.57735026), (0, 0, -0.99999994), (0, 0, -0.99999994), (0, 0, -0.99999994), (0, 0, -0.99999994), (1, 0, 0), (1, 0, 0), (1, 0, 0), (1, 0, 0), (0, 1, 0), (0, 1, 0), (0, 1, 0), (0, 1, 0), (0, 1, 0), (0, 1, 0), (0, 1, 0), (0, 1, 0), (0, 0, -1), (0, 0, -1), (0, 0, -1), (0, 0, -1), (0, 0.99999994, 0), (0, 0.99999994, 0), (0, 0.99999994, 0), (0, 0.99999994, 0), (0, 0, -1), (0, 0, -1), (0, 0, -1), (0, 0, -1), (0, 0, -1), (0, 0, -1), (0, 0, -1), (0, 0, -1), (0, 0, -1), (0, 0, -1), (0, 0, -1), (0, 0, -1), (0, 0, -0.99999994), (0, 0, -0.99999994), (0, 0, -0.99999994), (0, 0, -0.99999994), (0, 0, -1), (0, 0, -1), (0, 0, -1), (0, 0, -1), (0, 0, -1), (0, 0, -1), (0, 0, -1), (0, 0, -1), (0, 0, -1), (0, 0, -1), (0, 0, -1), (0, 0, -1), (0, 0, -1), (0, 0, -1), (0, 0, -1), (0, 0, -1), (0, 0, -1), (0, 0, -1), (0, 0, -1), (0, 0, -1), (0, 0, -1), (0, 0, -1), (0, 0, -1), (0, 0, -1), (0, 0, -1), (0, 0, -1), (0, 0, -1), (0, 0, -1), (0, 0, -1), (0, 0, -1), (0, 0, -1), (0, 0, -1), (0, 0, -1), (0, 0, -1), (0, 0, -1), (0, 0, -1), (0, 0, -1), (0, 0, -1), (0, 0, -1), (0, 0, -1), (0, 0, -1), (0, 0, -1), (0, 0, -1), (0, 0, -1), (0, 0, -1), (0, 0, -1), (0, 0, -1), (0, 0, -1), (0, 0, -1), (0, 0, -1), (0, 0, -1), (0, 0, -1), (0, 0, -1), (0, 0, -1), (0, 0, -1), (0, 0, -1), (0, 0, -1), (0, 0, -1), (0, 0, -1), (0, 0, -1), (0, 0, -1), (0, 0, -1), (0, 0, -1), (0, 0, -1), (0, 0, -1), (0, 0, -1), (0, 0, -1), (0, 0, -1), (0, 0, -1), (0, 0, -1), (0, 0, -1), (0, 0, -1), (0, 0, -1), (0, 0, -1), (0, 0, -1), (0, 0, -1), (0, 0, -1), (0, 0, -1), (0, 0, -1), (0, 0, -1), (0, 0, -1), (0, 0, -1), (0, 0, -1), (0, 0, -1), (0, 0, -1), (0, 0, -1), (0, 0, -1), (0, 0, -1), (0, 0, -1), (0, 0, -1), (0, 0, -1), (0, 0, -1), (0, 0, -1), (0, 0, -1), (0, 0, -1), (0, 0, -1), (0, 0, -0.99999994), (0, 0, -0.99999994), (0, 0, -0.99999994), (0, 0, -0.99999994), (0, 0, -0.99999994), (0, 0, -0.99999994), (0, 0, -0.99999994), (0, 0, -0.99999994), (0, 0, -1), (0, 0, -1), (0, 0, -1), (0, 0, -1), (0, 0, -0.99999994), (0, 0, -0.99999994), (0, 0, -0.99999994), (0, 0, -0.99999994), (0, 0, -1), (0, 0, -1), (0, 0, -1), (0, 0, -1), (0, 0, -1), (0, 0, -1), (0, 0, -1), (0, 0, -1), (0, 0, -1), (0, 0, -1), (0, 0, -1), (0, 0, -1), (0, 0, -1), (0, 0, -1), (0, 0, -1), (0, 0, -1), (0, 0, -1), (0, 0, -1), (0, 0, -1), (0, 0, -1), (0, 0, -0.99999994), (0, 0, -0.99999994), (0, 0, -0.99999994), (0, 0, -0.99999994), (0, 0, -1), (0, 0, -1), (0, 0, -1), (0, 0, -1), (0, 0, -0.99999994), (0, 0, -0.99999994), (0, 0, -0.99999994), (0, 0, -0.99999994), (0, 0, -1), (0, 0, -1), (0, 0, -1), (0, 0, -1), (0, 0, -1), (0, 0, -1), (0, 0, -1), (0, 0, -1), (0, 0, -1), (0, 0, -1), (0, 0, -1), (0, 0, -1), (0, 0.99999994, 0), (0, 0.99999994, 0), (0, 0.99999994, 0), (0, 0.99999994, 0), (0, 0.99999994, 0), (0, 0.99999994, 0), (0, 0.99999994, 0), (0, 0.99999994, 0), (0, 0, 1), (0, 0, 1), (0, 0, 1), (0, 0, 1), (0, 0, 1), (0, 0, 1), (0, 0, 1), (0, 0, 1), (0, 0, 0.99999994), (0, 0, 0.99999994), (0, 0, 0.99999994), (0, 0, 0.99999994), (0, 0, 1), (0, 0, 1), (0, 0, 1), (0, 0, 1), (0, 0, 0.99999994), (0, 0, 0.99999994), (0, 0, 0.99999994), (0, 0, 0.99999994), (0, 0, 1), (0, 0, 1), (0, 0, 1), (0, 0, 1), (0, 0, 1), (0, 0, 1), (0, 0, 1), (0, 0, 1), (0, 0, 1), (0, 0, 1), (0, 0, 1), (0, 0, 1), (0, 0, 1), (0, 0, 1), (0, 0, 1), (0, 0, 1), (0, 0, 0.99999994), (0, 0, 0.99999994), (0, 0, 0.99999994), (0, 0, 0.99999994), (0, 0, 1), (0, 0, 1), (0, 0, 1), (0, 0, 1), (0, 0, 1), (0, 0, 1), (0, 0, 1), (0, 0, 1), (0, 0, 1), (0, 0, 1), (0, 0, 1), (0, 0, 1), (0, 0, 1), (0, 0, 1), (0, 0, 1), (0, 0, 1), (0, 0, 1), (0, 0, 1), (0, 0, 1), (0, 0, 1), (0, 0, 1), (0, 0, 1), (0, 0, 1), (0, 0, 1), (0, 0, 1), (0, 0, 1), (0, 0, 1), (0, 0, 1), (0, 0, -1), (0, 0, -1), (0, 0, -1), (0, 0, -1), (0, 0, -1), (0, 0, -1), (0, 0, -1), (0, 0, -1), (0, 0, -1), (0, 0, -1), (0, 0, -1), (0, 0, -1), (0, 0, -1), (0, 0, -1), (0, 0, -1), (0, 0, -1), (0, 0, 1), (0, 0, 1), (0, 0, 1), (0, 0, 1), (0, 0, 0.99999994), (0, 0, 0.99999994), (0, 0, 0.99999994), (0, 0, 0.99999994), (0, 0, 0.99999994), (0, 0, 0.99999994), (0, 0, 0.99999994), (0, 0, 0.99999994), (0, 0, 1), (0, 0, 1), (0, 0, 1), (0, 0, 1), (0, 0, 1), (0, 0, 1), (0, 0, 1), (0, 0, 1), (0, 0, 1), (0, 0, 1), (0, 0, 1), (0, 0, 1), (0, 0, 1), (0, 0, 1), (0, 0, 1), (0, 0, 1), (0, 0, 1), (0, 0, 1), (0, 0, 1), (0, 0, 1), (0, 0, 1), (0, 0, 1), (0, 0, 1), (0, 0, 1), (0, 0, 1), (0, 0, 1), (0, 0, 1), (0, 0, 1), (0, 0, 1), (0, 0, 1), (0, 0, 1), (0, 0, 1), (0, 1, 0), (0, 1, 0), (0, 1, 0), (0, 1, 0), (0, 1, 0), (0, 1, 0), (0, 1, 0), (0, 1, 0), (0, 0, -1), (0, 0, -1), (0, 0, -1), (0, 0, -1), (0, 0, -1), (0, 0, -1), (0, 0, -1), (0, 0, -1), (0, 0, -1), (0, 0, -1), (0, 0, -1), (0, 0, -1), (0, 0, -1), (0, 0, -1), (0, 0, -1), (0, 0, -1), (0, 0, -1), (0, 0, -1), (0, 0, -1), (0, 0, -1), (0, 0, -1), (0, 0, -1), (0, 0, -1), (0, 0, -1), (0, 0, -1), (0, 0, -1), (0, 0, -1), (0, 0, -1), (0, 0, -1), (0, 0, -1), (0, 0, -1), (0, 0, -1), (0, 1, 0), (0, 1, 0), (0, 1, 0), (0, 1, 0), (0, 0, 1), (0, 0, 1), (0, 0, 1), (0, 0, 1), (0, 0, 1), (0, 0, 1), (0, 0, 1), (0, 0, 1), (0, 0, 1), (0, 0, 1), (0, 0, 1), (0, 0, 1), (0, 0, 1), (0, 0, 1), (0, 0, 1), (0, 0, 1), (0, 0, 1), (0, 0, 1), (0, 0, 1), (0, 0, 1), (0, 0, 1), (0, 0, 1), (0, 0, 1), (0, 0, 1), (0, 0, 1), (0, 0, 1), (0, 0, 1), (0, 0, 1), (0, 0, 1), (0, 0, 1), (0, 0, 1), (0, 0, 1), (0, 0, 1), (0, 0, 1), (0, 0, 1), (0, 0, 1), (0, 0, 1), (0, 0, 1), (0, 0, 1), (0, 0, 1), (0, 0, 1), (0, 0, 1), (0, 0, 1), (0, 0, 1), (0, 0, 1), (0, 0, 1), (0, 0, 1), (0, 0, 1), (0, 0, 1), (0, 0, 1), (0, 0, 1), (0, 0, 1), (0, 0, 1), (0, 0, 1), (0, 0, 1), (0, 0, 1), (0, 0, 1), (0, 0, 1), (0, 0, 1), (0, 0, 1), (0, 0, 1), (0, 0, 1), (0, 0, 1), (0, 0, 1), (0, 0, 1), (0, 0, 1), (0, 0, 1), (0, 0, 1), (0, 0, 0.99999994), (0, 0, 0.99999994), (0, 0, 0.99999994), (0, 0, 0.99999994), (0, -0.99999994, 0), (0, -0.99999994, 0), (0, -0.99999994, 0), (0, -0.99999994, 0), (0, -0.99999994, 0), (0, -0.99999994, 0), (0, -0.99999994, 0), (0, -0.99999994, 0), (0, 0, -0.99999994), (0, 0, -0.99999994), (0, 0, -0.99999994), (0, 0, -0.99999994), (0, 0, -1), (0, 0, -1), (0, 0, -1), (0, 0, -1), (0, 0, -1), (0, 0, -1), (0, 0, -1), (0, 0, -1), (0, 0, -1), (0, 0, -1), (0, 0, -1), (0, 0, -1), (0, 0, -1), (0, 0, -1), (0, 0, -1), (0, 0, -1), (0, 0, -0.99999994), (0, 0, -0.99999994), (0, 0, -0.99999994), (0, 0, -0.99999994), (0, 0, -1), (0, 0, -1), (0, 0, -1), (0, 0, -1), (0, 0, -0.99999994), (0, 0, -0.99999994), (0, 0, -0.99999994), (0, 0, -0.99999994), (0, 0, -1), (0, 0, -1), (0, 0, -1), (0, 0, -1), (0, 0, -1), (0, 0, -1), (0, 0, -1), (0, 0, -1), (0, 0, -1), (0, 0, -1), (0, 0, -1), (0, 0, -1), (0, 0, -1), (0, 0, -1), (0, 0, -1), (0, 0, -1), (0, 0, 1), (0, 0, 1), (0, 0, 1), (0, 0, 1), (0, 0, 1), (0, 0, 1), (0, 0, 1), (0, 0, 1), (0, -1, 0), (0, -1, 0), (0, -1, 0), (0, -1, 0), (0, 0, -1), (0, 0, -1), (0, 0, -1), (0, 0, -1), (0, 0, -1), (0, 0, -1), (0, 0, -1), (0, 0, -1), (0, 0, -1), (0, 0, -1), (0, 0, -1), (0, 0, -1), (0, 0, -1), (0, 0, -1), (0, 0, -1), (0, 0, -1), (0, 0, -1), (0, 0, -1), (0, 0, -1), (0, 0, -1), (0, -1, 0), (0, -1, 0), (0, -1, 0), (0, -1, 0), (0, -1, 0), (0, -1, 0), (0, -1, 0), (0, -1, 0), (0, 0, 1), (0, 0, 1), (0, 0, 1), (0, 0, 1), (0, 0, -1), (0, 0, -1), (0, 0, -1), (0, 0, -1), (0, 0, -1), (0, 0, -1), (0, 0, -1), (0, 0, -1), (0, 0, -1), (0, 0, -1), (0, 0, -1), (0, 0, -1), (0, 0, 1), (0, 0, 1), (0, 0, 1), (0, 0, 1), (0, 0, -1), (0, 0, -1), (0, 0, -1), (0, 0, -1), (0, 0, -1), (0, 0, -1), (0, 0, -1), (0, 0, -1), (0, 0, -0.99999994), (0, 0, -0.99999994), (0, 0, -0.99999994), (0, 0, -0.99999994), (0, 0, -1), (0, 0, -1), (0, 0, -1), (0, 0, -1), (0, 0, -1), (0, 0, -1), (0, 0, -1), (0, 0, -1), (0, 0, -1), (0, 0, -1), (0, 0, -1), (0, 0, -1), (1, 0, 0), (1, 0, 0), (1, 0, 0), (1, 0, 0), (1, 0, 0), (1, 0, 0), (1, 0, 0), (1, 0, 0), (0, 0, 1), (0, 0, 1), (0, 0, 1), (0, 0, 1), (0, 0, 1), (0, 0, 1), (0, 0, 1), (0, 0, 1), (0, 0, 1), (0, 0, 1), (0, 0, 1), (0, 0, 1), (0, 0, 1), (0, 0, 1), (0, 0, 1), (0, 0, 1), (1, 0, 0), (1, 0, 0), (1, 0, 0), (1, 0, 0), (1, 0, 0), (1, 0, 0), (1, 0, 0), (1, 0, 0), (0, 0, -1), (0, 0, -1), (0, 0, -1), (0, 0, -1), (0, 0, -1), (0, 0, -1), (0, 0, -1), (0, 0, -1), (0, 0, -1), (0, 0, -1), (0, 0, -1), (0, 0, -1), (1, 0, 0), (1, 0, 0), (1, 0, 0), (1, 0, 0), (0, 0, -1), (0, 0, -1), (0, 0, -1), (0, 0, -1), (1, 0, 0), (1, 0, 0), (1, 0, 0), (1, 0, 0), (0, 0, 1), (0, 0, 1), (0, 0, 1), (0, 0, 1), (0, 0, 1), (0, 0, 1), (0, 0, 1), (0, 0, 1), (0, 0, 1), (0, 0, 1), (0, 0, 1), (0, 0, 1), (0, 0, 1), (0, 0, 1), (0, 0, 1), (0, 0, 1), (0, 0, 1), (0, 0, 1), (0, 0, 1), (0, 0, 1), (0, 0, 1), (0, 0, 1), (0, 0, 1), (0, 0, 1), (0, 0, 1), (0, 0, 1), (0, 0, 1), (0, 0, 1), (0, 0, 1), (0, 0, 1), (0, 0, 1), (0, 0, 1), (0, 0, 0.99999994), (0, 0, 0.99999994), (0, 0, 0.99999994), (0, 0, 0.99999994), (0, 0, 1), (0, 0, 1), (0, 0, 1), (0, 0, 1), (0, 0, 1), (0, 0, 1), (0, 0, 1), (0, 0, 1), (0, 0, 1), (0, 0, 1), (0, 0, 1), (0, 0, 1), (0, 0, 1), (0, 0, 1), (0, 0, 1), (0, 0, 1), (0, 0, 1), (0, 0, 1), (0, 0, 1), (0, 0, 1), (0, 0, 1), (0, 0, 1), (0, 0, 1), (0, 0, 1), (0, 0, 0.99999994), (0, 0, 0.99999994), (0, 0, 0.99999994), (0, 0, 0.99999994), (1, 0, 0), (1, 0, 0), (1, 0, 0), (1, 0, 0), (0, 0, 1), (0, 0, 1), (0, 0, 1), (0, 0, 1), (1, 0, 0), (1, 0, 0), (1, 0, 0), (1, 0, 0), (0, 0, -1), (0, 0, -1), (0, 0, -1), (0, 0, -1), (0, 0, -1), (0, 0, -1), (0, 0, -1), (0, 0, -1), (0, 0, -1), (0, 0, -1), (0, 0, -1), (0, 0, -1), (1, 0, 0), (1, 0, 0), (1, 0, 0), (1, 0, 0), (0, 0, 1), (0, 0, 1), (0, 0, 1), (0, 0, 1), (0, 0, 1), (0, 0, 1), (0, 0, 1), (0, 0, 1), (0, 0, 1), (0, 0, 1), (0, 0, 1), (0, 0, 1), (0, 0, 1), (0, 0, 1), (0, 0, 1), (0, 0, 1), (0, 0, 1), (0, 0, 1), (0, 0, 1), (0, 0, 1), (0, -1, 0), (0, -1, 0), (0, -1, 0), (0, -1, 0), (0, -0.99999994, 0), (0, -0.99999994, 0), (0, -0.99999994, 0), (0, -0.99999994, 0), (0, 0, -1), (0, 0, -1), (0, 0, -1), (0, 0, -1), (0, 0, -1), (0, 0, -1), (0, 0, -1), (0, 0, -1), (0, 0, -1), (0, 0, -1), (0, 0, -1), (0, 0, -1), (0, 0, -0.99999994), (0, 0, -0.99999994), (0, 0, -0.99999994), (0, 0, -0.99999994), (0, 0, -1), (0, 0, -1), (0, 0, -1), (0, 0, -1), (0, 0, -1), (0, 0, -1), (0, 0, -1), (0, 0, -1), (1, 0, 0), (1, 0, 0), (1, 0, 0), (1, 0, 0), (1, 0, 0), (1, 0, 0), (1, 0, 0), (1, 0, 0), (0, -1, 0), (0, -1, 0), (0, -1, 0), (0, -1, 0), (0, 0.00007503897, 1), (0, 0.00007503897, 1), (0, 0.00007503897, 1), (0, 0.00007503999, 1), (0, 0.00007503999, 1), (0, 0.00007503999, 1), (0.000074777425, 0, 1), (0.000074777425, 0, 1), (0.000074777425, 0, 1), (0.000074777214, 0, 1), (0.000074777214, 0, 1), (0.000074777214, 0, 1), (0, 0.0000750387, 1), (0, 0.0000750387, 1), (0, 0.0000750387, 1), (0.00007477722, 0, 1), (0.00007477722, 0, 1), (0.00007477722, 0, 1), (0.00007477722, 0, 1), (0.00007477722, 0, 1), (0.00007477722, 0, 1), (0, 0.00007503827, 1), (0, 0.00007503827, 1), (0, 0.00007503827, 1), (0, -0.00017459359, 1), (0, -0.00017459359, 1), (0, -0.00017459359, 1), (0, -0.00017459349, 1), (0, -0.00017459349, 1), (0, -0.00017459349, 1), (0, -0.00017459659, 1), (0, -0.00017459659, 1), (0, -0.00017459659, 1), (0, -0.00010120283, 1), (0, -0.00010120283, 1), (0, -0.00010120283, 1), (-0.00004224362, 0, 1), (-0.00004224362, 0, 1), (-0.00004224362, 0, 1), (-0.000042243628, 0, 0.99999994), (-0.000042243628, 0, 0.99999994), (-0.000042243628, 0, 0.99999994), (-0.00004224354, 0, 1), (-0.00004224354, 0, 1), (-0.00004224354, 0, 1), (-0.00004224365, 0, 0.99999994), (-0.00004224365, 0, 0.99999994), (-0.00004224365, 0, 0.99999994), (0, 0.000075038704, 1), (0, 0.000075038704, 1), (0, 0.000075038704, 1), (0, 0.0000750387, 1), (0, 0.0000750387, 1), (0, 0.0000750387, 1), (0, 0.00007503742, 1), (0, 0.00007503742, 1), (0, 0.00007503742, 1), (0, 0.00007503836, 1), (0, 0.00007503836, 1), (0, 0.00007503836, 1), (0.00007477766, 0, 1), (0.00007477766, 0, 1), (0.00007477766, 0, 1), (0.00007477693, 0, 1), (0.00007477693, 0, 1), (0.00007477693, 0, 1), (0.00007477707, 0, 0.99999994), (0.00007477707, 0, 0.99999994), (0.00007477707, 0, 0.99999994), (0.00007477704, 0, 0.99999994), (0.00007477704, 0, 0.99999994), (0.00007477704, 0, 0.99999994), (0, -0.00017459794, 1), (0, -0.00017459794, 1), (0, -0.00017459794, 1), (0, -0.00017459659, 1), (0, -0.00017459659, 1), (0, -0.00017459659, 1), (0, -0.00017459715, 1), (0, -0.00017459715, 1), (0, -0.00017459715, 1), (-0.000090018024, 0, 0.99999994), (-0.000090018024, 0, 0.99999994), (-0.000090018024, 0, 0.99999994), (-0.00004224365, 0, 0.99999994), (-0.00004224365, 0, 0.99999994), (-0.00004224365, 0, 0.99999994), (-0.000042243657, 0, 0.99999994), (-0.000042243657, 0, 0.99999994), (-0.000042243657, 0, 0.99999994), (-0.000042243657, 0, 0.99999994), (-0.000042243657, 0, 0.99999994), (-0.000042243657, 0, 0.99999994), (-0.000042243566, 0, 0.99999994), (-0.000042243566, 0, 0.99999994), (-0.000042243566, 0, 0.99999994), (0, -0.00017459627, 1), (0, -0.00017459627, 1), (0, -0.00017459627, 1), (0.00007477619, 0, 1), (0.00007477619, 0, 1), (0.00007477619, 0, 1), (0, 0, 1), (0, 0, 1), (0, 0, 1), (0, 0, 1), (0, 0, 1), (0, 0, 1), (0, 0, 1), (0, 0, 1), (0, 0, 1), (0, 0, 1), (0, 0, 1), (0, 0, 1), (0, 0, 1), (0, 0, 1), (0, 0, 1), (0, 0, 1), (1, 0, 0), (1, 0, 0), (1, 0, 0), (1, 0, 0), (0, 0, 0.99999994), (0, 0, 0.99999994), (0, 0, 0.99999994), (0, 0, 0.99999994), (0, 0, -1), (0, 0, -1), (0, 0, -1), (0, 0, -1), (0, 0, -1), (0, 0, -1), (0, 0, -1), (0, 0, -1), (0, 0, -1), (0, 0, -1), (0, 0, -1), (0, 0, -1), (0, 0, -1), (0, 0, -1), (0, 0, -1), (0, 0, -1), (0, -1, 0), (0, -1, 0), (0, -1, 0), (0, -1, 0), (0, 0, 1), (0, 0, 1), (0, 0, 1), (0, 0, 1), (0, 0, 1), (0, 0, 1), (0, 0, 1), (0, 0, 1), (0, 0, 1), (0, 0, 1), (0, 0, 1), (0, 0, 1), (0, 0, 1), (0, 0, 1), (0, 0, 1), (0, 0, 1), (0, 0, 1), (0, 0, 1), (0, 0, 1), (0, 0, 1), (0, 0, 1), (0, 0, 1), (0, 0, 1), (0, 0, 1), (0, 0, 1), (0, 0, 1), (0, 0, 1), (0, 0, 1), (0, 0, 1), (0, 0, 1), (0, 0, 1), (0, 0, 1), (0, 0, 1), (0, 0, 1), (0, 0, 1), (0, 0, 1), (0, 0, 1), (0, 0, 1), (0, 0, 1), (0, 0, 1), (0, 0, 1), (0, 0, 1), (0, 0, 1), (0, 0, 1), (0, 0, 1), (0, 0, 1), (0, 0, 1), (0, 0, 1), (0, 1, 0), (0, 1, 0), (0, 1, 0), (0, 1, 0), (0, 0, -1), (0, 0, -1), (0, 0, -1), (0, 0, -1), (0, 0, -1), (0, 0, -1), (0, 0, -1), (0, 0, -1), (0, 0, -1), (0, 0, -1), (0, 0, -1), (0, 0, -1), (0, 0, -1), (0, 0, -1), (0, 0, -1), (0, 0, -1), (0, 0, -1), (0, 0, -1), (0, 0, -1), (0, 0, -1), (0, 0, -1), (0, 0, -1), (0, 0, -1), (0, 0, -1), (0, 0, -1), (0, 0, -1), (0, 0, -1), (0, 0, -1), (0, 0, -1), (0, 0, -1), (0, 0, -1), (0, 0, -1), (0, 0, 1), (0, 0, 1), (0, 0, 1), (0, 0, 1), (0, 0, -1), (0, 0, -1), (0, 0, -1), (0, 0, -1)] (
                interpolation = "faceVarying"
            )
            point3f[] points = [(-0.55663216, -0.1897482, 0.010994263), (-0.55663216, -0.3794958, 0.010994263), (0.2783167, -0.3794958, 0.010994263), (0.556633, -0.3794958, 0.010994263), (0.556633, 0.189747, 0.010994263), (0.556633, 0.3794946, 0.010994263), (-0.27831587, 0.3794946, 0.010994263), (-0.55663216, 0.3794946, 0.010994263), (-0.55663216, 0.189747, 0.010994263), (-0.55663216, -5.917595e-7, 0.010994263), (-0.27831587, -0.3794958, 0.010994263), (4.2282812e-7, -0.3794958, 0.010994263), (0.556633, -0.1897482, 0.010994263), (0.556633, -5.917595e-7, 0.010994263), (0.2783167, 0.3794946, 0.010994263), (4.2282812e-7, 0.3794946, 0.010994263), (4.2282812e-7, 0.189747, 0.010994263), (4.2282812e-7, -0.1897482, 0.010994263), (4.2282812e-7, -5.917595e-7, 0.010994263), (-0.27831587, -5.917595e-7, 0.010994263), (0.2783167, -5.917595e-7, 0.010994263), (0.2783167, -0.1897482, 0.010994263), (-0.27831587, -0.1897482, 0.010994263), (-0.27831587, 0.189747, 0.010994263), (0.2783167, 0.189747, 0.010994263), (-0.55663216, -5.917595e-7, 0.00073908974), (-0.55663216, 0.189747, 0.00073908974), (0.2783167, 0.3794946, 0.00073908974), (0.556633, 0.3794946, 0.00073908974), (-0.55663216, -0.1897482, 0.00073908974), (4.2282812e-7, -0.3794958, 0.00073908974), (-0.27831587, -0.3794958, 0.00073908974), (0.2783167, -0.3794958, 0.00073908974), (0.556633, -5.917595e-7, 0.00073908974), (0.556633, -0.1897482, 0.00073908974), (0.556633, 0.189747, 0.00073908974), (4.2282812e-7, 0.3794946, 0.00073908974), (-0.55663216, -0.3794958, 0.00073908974), (-0.27831587, 0.3794946, 0.00073908974), (0.556633, -0.3794958, 0.00073908974), (-0.55663216, 0.3794946, 0.00073908974), (-0.55663216, -5.917595e-7, 0.006776396), (0.2783167, 0.3794946, 0.006776396), (-0.55663216, -0.1897482, 0.006776396), (4.2282812e-7, -0.3794958, 0.006776396), (0.2783167, -0.3794958, 0.006776396), (0.556633, -5.917595e-7, 0.006776396), (0.556633, 0.189747, 0.006776396), (4.2282812e-7, 0.3794946, 0.006776396), (-0.55663216, -0.3794958, 0.006776396), (-0.27831587, 0.3794946, 0.006776396), (0.556633, -0.3794958, 0.006776396), (-0.55663216, 0.189747, 0.0067763967), (0.556633, 0.3794946, 0.0067763967), (-0.27831587, -0.3794958, 0.0067763967), (0.556633, -0.1897482, 0.0067763967), (-0.55663216, 0.3794946, 0.0067763967), (-0.55663216, 0.189747, 0.0046674632), (0.556633, 0.3794946, 0.0046674632), (-0.27831587, -0.3794958, 0.0046674632), (0.556633, -0.1897482, 0.0046674632), (-0.55663216, 0.3794946, 0.0046674632), (-0.55663216, -5.917595e-7, 0.004667463), (0.2783167, 0.3794946, 0.004667463), (-0.55663216, -0.1897482, 0.004667463), (4.2282812e-7, -0.3794958, 0.004667463), (0.2783167, -0.3794958, 0.004667463), (0.556633, -5.917595e-7, 0.004667463), (0.556633, 0.189747, 0.004667463), (4.2282812e-7, 0.3794946, 0.004667463), (-0.55663216, -0.3794958, 0.004667463), (-0.27831587, 0.3794946, 0.004667463), (0.556633, -0.3794958, 0.004667463), (-0.55663216, -5.917595e-7, 0.00888533), (0.2783167, 0.3794946, 0.00888533), (-0.55663216, -0.1897482, 0.00888533), (4.2282812e-7, -0.3794958, 0.00888533), (0.2783167, -0.3794958, 0.00888533), (0.556633, -5.917595e-7, 0.00888533), (0.556633, 0.189747, 0.00888533), (4.2282812e-7, 0.3794946, 0.00888533), (-0.55663216, -0.3794958, 0.00888533), (-0.27831587, 0.3794946, 0.00888533), (0.556633, -0.3794958, 0.00888533), (-0.55663216, 0.189747, 0.00888533), (0.556633, 0.3794946, 0.00888533), (-0.27831587, -0.3794958, 0.00888533), (0.556633, -0.1897482, 0.00888533), (-0.55663216, 0.3794946, 0.00888533), (-0.55663216, -5.917595e-7, 0.005763466), (0.2783167, 0.3794946, 0.005763466), (-0.55663216, -0.1897482, 0.005763466), (4.2282812e-7, -0.3794958, 0.005763466), (0.2783167, -0.3794958, 0.005763466), (0.556633, -5.917595e-7, 0.005763466), (0.556633, 0.189747, 0.005763466), (4.2282812e-7, 0.3794946, 0.005763466), (-0.55663216, -0.3794958, 0.005763466), (-0.27831587, 0.3794946, 0.005763466), (0.556633, -0.3794958, 0.005763466), (-0.55663216, 0.189747, 0.0057634665), (0.556633, 0.3794946, 0.0057634665), (-0.27831587, -0.3794958, 0.0057634665), (0.556633, -0.1897482, 0.0057634665), (-0.55663216, 0.3794946, 0.0057634665), (-0.55663216, -5.917595e-7, 0.010864164), (0.2783167, 0.3794946, 0.010864164), (-0.55663216, -0.1897482, 0.010864164), (4.2282812e-7, -0.3794958, 0.010864164), (0.2783167, -0.3794958, 0.010864164), (0.556633, -5.917595e-7, 0.010864164), (0.556633, 0.189747, 0.010864164), (4.2282812e-7, 0.3794946, 0.010864164), (-0.55663216, -0.3794958, 0.010864164), (-0.27831587, 0.3794946, 0.010864164), (0.556633, -0.3794958, 0.010864164), (-0.55663216, 0.189747, 0.010864164), (0.556633, 0.3794946, 0.010864164), (-0.27831587, -0.3794958, 0.010864164), (0.556633, -0.1897482, 0.010864164), (-0.55663216, 0.3794946, 0.010864164), (-0.55663216, 0.189747, 0.009874746), (0.556633, 0.3794946, 0.009874746), (-0.27831587, -0.3794958, 0.009874746), (0.556633, -0.1897482, 0.009874746), (-0.55663216, 0.3794946, 0.009874746), (-0.55663216, -5.917595e-7, 0.009874746), (0.2783167, 0.3794946, 0.009874746), (-0.55663216, -0.1897482, 0.009874746), (4.2282812e-7, -0.3794958, 0.009874746), (0.2783167, -0.3794958, 0.009874746), (0.556633, -5.917595e-7, 0.009874746), (0.556633, 0.189747, 0.009874746), (4.2282812e-7, 0.3794946, 0.009874746), (-0.55663216, -0.3794958, 0.009874746), (-0.27831587, 0.3794946, 0.009874746), (0.556633, -0.3794958, 0.009874746), (-0.8234592, -0.1897482, 0.010994263), (-0.8234592, -0.3794958, 0.010994263), (-0.8234592, 0.189747, 0.010994263), (-0.8234592, -5.917595e-7, 0.010994263), (-0.8234592, 0.3794946, 0.010994263), (-0.8234592, -5.917595e-7, 0.010864164), (-0.8234592, -0.1897482, 0.010864164), (-0.8234592, -0.3794958, 0.010864164), (-0.8234592, 0.189747, 0.010864164), (-0.8234592, 0.3794946, 0.010864164), (-0.27831587, 0.6116178, 0.010994263), (-0.55663216, 0.6116178, 0.010994263), (0.2783167, 0.6116178, 0.010994263), (4.2282812e-7, 0.6116178, 0.010994263), (0.556633, 0.6116178, 0.010994263), (0.2783167, 0.6116178, 0.010864164), (4.2282812e-7, 0.6116178, 0.010864164), (-0.27831587, 0.6116178, 0.010864164), (0.556633, 0.6116178, 0.010864164), (-0.55663216, 0.6116178, 0.010864164), (-1.6582079, 19.889473, 0.00062094023), (-1.6582079, 14.675349, 0.00062094023), (-1.6582079, 19.889473, 0.0006934077), (-1.1294494, 19.889473, 0.00062094023), (-1.1294494, 19.889473, 0.0006934077), (-1.1294494, 14.675349, 0.00062094023), (-0.31755972, 19.889473, 0.00062094023), (0.49432993, 19.889473, 0.00062094023), (-0.31755972, 19.889473, 0.0006934077), (-0.31755972, 14.675349, 0.00062094023), (0.49432993, 14.675349, 0.00062094023), (-0.31755972, 9.4612255, 0.00062094023), (-1.1294494, 9.4612255, 0.00062094023), (0.49432993, 9.4612255, 0.00062094023), (-0.31755972, 4.247102, 0.00062094023), (-1.1294494, 4.247102, 0.00062094023), (0.49432993, 4.247102, 0.00062094023), (-0.31755972, 1.6400399, 0.00062094023), (0.49432993, 1.6400399, 0.00062094023), (-1.1294494, 1.6400399, 0.00062094023), (-0.31755972, 1.3141572, 0.00062094023), (0.49432993, 1.3141572, 0.00062094023), (-1.1294494, 1.3141572, 0.00062094023), (-0.31755972, 0.98827446, 0.00062094023), (0.49432993, 0.98827446, 0.00062094023), (-1.1294494, 0.98827446, 0.00062094023), (-0.31755972, 0.6623917, 0.00062094023), (-0.31755972, 0.336509, 0.00062094023), (-1.1294494, 0.6623917, 0.00062094023), (0.49432993, 0.6623917, 0.00062094023), (0.49432993, 0.336509, 0.00062094023), (1.0324644, 0.6623917, 0.00062094023), (1.0324644, 0.98827446, 0.00062094023), (1.0324644, 0.336509, 0.00062094023), (1.5705988, 0.6623917, 0.00062094023), (1.5705988, 0.98827446, 0.00062094023), (1.5705988, 0.336509, 0.00062094023), (2.6468678, 0.6623917, 0.00062094023), (2.6468678, 0.98827446, 0.00062094023), (2.6468678, 0.336509, 0.00062094023), (6.9519434, 0.6623917, 0.00062094023), (6.9519434, 0.336509, 0.00062094023), (6.9519434, 0.98827446, 0.00062094023), (15.627134, 0.0106262565, 0.0006934077), (15.627134, 0.336509, 0.0006934077), (15.627134, 0.6623917, 0.0006934077), (15.627134, 0.98827446, 0.0006934077), (15.627134, 1.3141572, 0.0006934077), (6.9519434, 1.3141572, 0.00062094023), (6.9519434, 1.6400399, 0.00062094023), (2.6468678, 1.3141572, 0.00062094023), (2.6468678, 1.6400399, 0.00062094023), (1.5705988, 1.3141572, 0.00062094023), (1.5705988, 1.6400399, 0.00062094023), (1.0324644, 1.3141572, 0.00062094023), (1.0324644, 1.6400399, 0.00062094023), (1.0324644, 4.247102, 0.00062094023), (1.5705988, 4.247102, 0.00062094023), (1.0324644, 9.4612255, 0.00062094023), (1.5705988, 9.4612255, 0.00062094023), (1.0324644, 14.675349, 0.00062094023), (1.5705988, 14.675349, 0.00062094023), (1.0324644, 19.889473, 0.00062094023), (1.5705988, 19.889473, 0.00062094023), (1.0324644, 19.889473, 0.0006934077), (1.5705988, 19.889473, 0.0006934077), (0.49432993, 19.889473, 0.0006934077), (1.0324644, 14.675349, 0.0006934077), (0.49432993, 14.675349, 0.0006934077), (1.5705988, 14.675349, 0.0006934077), (1.0324644, 9.4612255, 0.0006934077), (0.49432993, 9.4612255, 0.0006934077), (1.5705988, 9.4612255, 0.0006934077), (1.0324644, 4.247102, 0.0006934077), (0.49432993, 4.247102, 0.0006934077), (1.5705988, 4.247102, 0.0006934077), (1.0324644, 1.6400399, 0.0006934077), (0.49432993, 1.6400399, 0.0006934077), (1.5705988, 1.6400399, 0.0006934077), (1.0324644, 1.3141572, 0.0006934077), (0.49432993, 1.3141572, 0.0006934077), (1.5705988, 1.3141572, 0.0006934077), (1.0324644, 0.98827446, 0.0006934077), (0.49432993, 0.98827446, 0.0006934077), (1.5705988, 0.98827446, 0.0006934077), (2.6468678, 0.98827446, 0.0006934077), (1.5705988, 0.6623917, 0.0006934077), (1.5705988, 0.336509, 0.0006934077), (2.6468678, 0.6623917, 0.0006934077), (2.6468678, 0.336509, 0.0006934077), (6.9519434, 0.6623917, 0.0006934077), (6.9519434, 0.336509, 0.0006934077), (6.9519434, 0.98827446, 0.0006934077), (15.627134, 1.6400399, 0.0006934077), (15.627134, 4.247102, 0.0006934077), (15.627134, 9.4612255, 0.0006934077), (15.627134, 14.675349, 0.0006934077), (15.627134, 19.889473, 0.0006934077), (6.9519434, 1.3141572, 0.0006934077), (6.9519434, 1.6400399, 0.0006934077), (2.6468678, 1.3141572, 0.0006934077), (2.6468678, 1.6400399, 0.0006934077), (2.6468678, 4.247102, 0.0006934077), (6.9519434, 4.247102, 0.0006934077), (2.6468678, 9.4612255, 0.0006934077), (6.9519434, 9.4612255, 0.0006934077), (2.6468678, 14.675349, 0.0006934077), (6.9519434, 14.675349, 0.0006934077), (2.6468678, 19.889473, 0.0006934077), (6.9519434, 19.889473, 0.0006934077), (2.6468678, 19.889473, 0.00062094023), (6.9519434, 19.889473, 0.00062094023), (2.6468678, 14.675349, 0.00062094023), (6.9519434, 14.675349, 0.00062094023), (2.6468678, 9.4612255, 0.00062094023), (6.9519434, 9.4612255, 0.00062094023), (2.6468678, 4.247102, 0.00062094023), (6.9519434, 4.247102, 0.00062094023), (15.627134, 19.889473, 0.00062094023), (15.627134, 14.675349, 0.00062094023), (15.627134, 9.4612255, 0.00062094023), (15.627134, 4.247102, 0.00062094023), (15.627134, 1.6400399, 0.00062094023), (15.627134, 1.3141572, 0.00062094023), (15.627134, 0.98827446, 0.00062094023), (15.627134, 0.6623917, 0.00062094023), (15.627134, 17.282412, 0.0006934077), (15.627134, 17.282412, 0.00062094023), (6.9519434, 0.0106262565, 0.0006934077), (6.9519434, -0.31525648, 0.0006934077), (2.6468678, 0.0106262565, 0.0006934077), (2.6468678, -0.31525648, 0.0006934077), (1.5705988, 0.0106262565, 0.0006934077), (1.5705988, -0.31525648, 0.0006934077), (1.5705988, -0.6411392, 0.0006934077), (1.5705988, -0.96702194, 0.0006934077), (2.6468678, -0.6411392, 0.0006934077), (1.0324644, -0.6411392, 0.0006934077), (0.49432993, -0.6411392, 0.0006934077), (1.0324644, -0.96702194, 0.0006934077), (0.49432993, -0.96702194, 0.0006934077), (1.0324644, -0.96702194, 0.00062094023), (0.49432993, -0.96702194, 0.00062094023), (1.5705988, -0.96702194, 0.00062094023), (1.0324644, -0.6411392, 0.00062094023), (1.5705988, -0.6411392, 0.00062094023), (0.49432993, -0.6411392, 0.00062094023), (1.0324644, -0.31525648, 0.00062094023), (1.5705988, -0.31525648, 0.00062094023), (0.49432993, -0.31525648, 0.00062094023), (1.0324644, 0.0106262565, 0.00062094023), (0.49432993, 0.0106262565, 0.00062094023), (1.5705988, 0.0106262565, 0.00062094023), (2.6468678, 0.0106262565, 0.00062094023), (2.6468678, -0.31525648, 0.00062094023), (6.9519434, 0.0106262565, 0.00062094023), (6.9519434, -0.31525648, 0.00062094023), (31.189379, 17.282412, 0.00062094023), (30.041538, 17.282412, 0.00062094023), (31.189379, 17.282412, 0.0006934077), (30.041538, 17.282412, 0.0006934077), (6.9519434, -0.6411392, 0.00062094023), (6.9519434, -0.96702194, 0.00062094023), (2.6468678, -0.6411392, 0.00062094023), (2.6468678, -0.96702194, 0.00062094023), (2.6468678, -0.96702194, 0.0006934077), (6.9519434, -0.96702194, 0.0006934077), (33.485065, 17.282412, 0.0006934077), (6.9519434, -0.6411392, 0.0006934077), (32.921143, 17.282412, 0.0006934077), (-0.31755972, 0.0106262565, 0.00062094023), (-0.31755972, -0.31525648, 0.00062094023), (-1.1294494, 0.0106262565, 0.00062094023), (-1.1294494, 0.336509, 0.00062094023), (-1.1294494, -0.31525648, 0.00062094023), (-1.6582079, 0.0106262565, 0.00062094023), (-1.6582079, 0.336509, 0.00062094023), (-1.6582079, -0.31525648, 0.00062094023), (-1.6582079, 0.0106262565, 0.0006934077), (-1.6582079, 0.336509, 0.0006934077), (-1.6582079, -0.31525648, 0.0006934077), (-1.1294494, 0.0106262565, 0.0006934077), (-1.1294494, -0.31525648, 0.0006934077), (-1.1294494, 0.336509, 0.0006934077), (-1.1294494, 0.6623917, 0.0006934077), (-1.1294494, 0.98827446, 0.0006934077), (-1.6582079, 0.6623917, 0.0006934077), (-1.6582079, 0.98827446, 0.0006934077), (-1.6582079, 0.6623917, 0.00062094023), (-1.6582079, 0.98827446, 0.00062094023), (-1.6582079, 1.3141572, 0.00062094023), (-1.6582079, 1.6400399, 0.00062094023), (-1.6582079, 1.3141572, 0.0006934077), (-1.6582079, 1.6400399, 0.0006934077), (-1.1294494, 1.3141572, 0.0006934077), (-1.1294494, 1.6400399, 0.0006934077), (-0.31755972, 1.3141572, 0.0006934077), (-0.31755972, 1.6400399, 0.0006934077), (-0.31755972, 0.98827446, 0.0006934077), (-0.31755972, 4.247102, 0.0006934077), (-1.1294494, 4.247102, 0.0006934077), (-0.31755972, 9.4612255, 0.0006934077), (-1.1294494, 9.4612255, 0.0006934077), (-0.31755972, 14.675349, 0.0006934077), (-1.1294494, 14.675349, 0.0006934077), (-1.6582079, 14.675349, 0.0006934077), (-1.6582079, 9.4612255, 0.0006934077), (-1.6582079, 4.247102, 0.0006934077), (-1.6582079, 9.4612255, 0.00062094023), (-1.6582079, 4.247102, 0.00062094023), (-1.1294494, -0.6411392, 0.0006934077), (-1.1294494, -0.96702194, 0.0006934077), (-1.6582079, -0.6411392, 0.0006934077), (-0.31755972, -0.6411392, 0.0006934077), (-0.31755972, -0.96702194, 0.0006934077), (-0.31755972, -0.96702194, 0.00062094023), (-1.1294494, -0.96702194, 0.00062094023), (-0.31755972, -0.6411392, 0.00062094023), (-1.1294494, -0.6411392, 0.00062094023), (-1.6582079, -0.6411392, 0.00062094023), (-1.6582079, -0.96702194, 0.00062094023), (-1.6582079, -0.96702194, 0.0006934077), (32.310234, -0.1897482, 0.010994263), (32.310234, -0.3794958, 0.010994263), (31.419758, -0.3794958, 0.010994263), (31.122932, -0.3794958, 0.010994263), (31.122932, 0.189747, 0.010994263), (31.122932, 0.3794946, 0.010994263), (32.01341, 0.3794946, 0.010994263), (32.310234, 0.3794946, 0.010994263), (32.310234, 0.189747, 0.010994263), (32.310234, -5.917595e-7, 0.010994263), (32.01341, -0.3794958, 0.010994263), (31.716583, -0.3794958, 0.010994263), (31.122932, -0.1897482, 0.010994263), (31.122932, -5.917595e-7, 0.010994263), (31.419758, 0.3794946, 0.010994263), (31.716583, 0.3794946, 0.010994263), (31.716583, 0.189747, 0.010994263), (31.716583, -0.1897482, 0.010994263), (31.716583, -5.917595e-7, 0.010994263), (32.01341, -5.917595e-7, 0.010994263), (31.419758, -5.917595e-7, 0.010994263), (31.419758, -0.1897482, 0.010994263), (32.01341, -0.1897482, 0.010994263), (32.01341, 0.189747, 0.010994263), (31.419758, 0.189747, 0.010994263), (32.310234, -5.917595e-7, 0.00073908974), (32.310234, 0.189747, 0.00073908974), (31.419758, 0.3794946, 0.00073908974), (31.122932, 0.3794946, 0.00073908974), (32.310234, -0.1897482, 0.00073908974), (31.716583, -0.3794958, 0.00073908974), (32.01341, -0.3794958, 0.00073908974), (31.419758, -0.3794958, 0.00073908974), (31.122932, -5.917595e-7, 0.00073908974), (31.122932, -0.1897482, 0.00073908974), (31.122932, 0.189747, 0.00073908974), (31.716583, 0.3794946, 0.00073908974), (32.310234, -0.3794958, 0.00073908974), (32.01341, 0.3794946, 0.00073908974), (31.122932, -0.3794958, 0.00073908974), (32.310234, 0.3794946, 0.00073908974), (32.310234, -5.917595e-7, 0.006776396), (31.419758, 0.3794946, 0.006776396), (32.310234, -0.1897482, 0.006776396), (31.716583, -0.3794958, 0.006776396), (31.419758, -0.3794958, 0.006776396), (31.122932, -5.917595e-7, 0.006776396), (31.122932, 0.189747, 0.006776396), (31.716583, 0.3794946, 0.006776396), (32.310234, -0.3794958, 0.006776396), (32.01341, 0.3794946, 0.006776396), (31.122932, -0.3794958, 0.006776396), (32.310234, 0.189747, 0.0067763967), (31.122932, 0.3794946, 0.0067763967), (32.01341, -0.3794958, 0.0067763967), (31.122932, -0.1897482, 0.0067763967), (32.310234, 0.3794946, 0.0067763967), (32.310234, 0.189747, 0.0046674632), (31.122932, 0.3794946, 0.0046674632), (32.01341, -0.3794958, 0.0046674632), (31.122932, -0.1897482, 0.0046674632), (32.310234, 0.3794946, 0.0046674632), (32.310234, -5.917595e-7, 0.004667463), (31.419758, 0.3794946, 0.004667463), (32.310234, -0.1897482, 0.004667463), (31.716583, -0.3794958, 0.004667463), (31.419758, -0.3794958, 0.004667463), (31.122932, -5.917595e-7, 0.004667463), (31.122932, 0.189747, 0.004667463), (31.716583, 0.3794946, 0.004667463), (32.310234, -0.3794958, 0.004667463), (32.01341, 0.3794946, 0.004667463), (31.122932, -0.3794958, 0.004667463), (32.310234, -5.917595e-7, 0.00888533), (31.419758, 0.3794946, 0.00888533), (32.310234, -0.1897482, 0.00888533), (31.716583, -0.3794958, 0.00888533), (31.419758, -0.3794958, 0.00888533), (31.122932, -5.917595e-7, 0.00888533), (31.122932, 0.189747, 0.00888533), (31.716583, 0.3794946, 0.00888533), (32.310234, -0.3794958, 0.00888533), (32.01341, 0.3794946, 0.00888533), (31.122932, -0.3794958, 0.00888533), (32.310234, 0.189747, 0.00888533), (31.122932, 0.3794946, 0.00888533), (32.01341, -0.3794958, 0.00888533), (31.122932, -0.1897482, 0.00888533), (32.310234, 0.3794946, 0.00888533), (32.310234, -5.917595e-7, 0.005763466), (31.419758, 0.3794946, 0.005763466), (32.310234, -0.1897482, 0.005763466), (31.716583, -0.3794958, 0.005763466), (31.419758, -0.3794958, 0.005763466), (31.122932, -5.917595e-7, 0.005763466), (31.122932, 0.189747, 0.005763466), (31.716583, 0.3794946, 0.005763466), (32.310234, -0.3794958, 0.005763466), (32.01341, 0.3794946, 0.005763466), (31.122932, -0.3794958, 0.005763466), (32.310234, 0.189747, 0.0057634665), (31.122932, 0.3794946, 0.0057634665), (32.01341, -0.3794958, 0.0057634665), (31.122932, -0.1897482, 0.0057634665), (32.310234, 0.3794946, 0.0057634665), (32.310234, -5.917595e-7, 0.010864164), (31.419758, 0.3794946, 0.010864164), (32.310234, -0.1897482, 0.010864164), (31.716583, -0.3794958, 0.010864164), (31.419758, -0.3794958, 0.010864164), (31.122932, -5.917595e-7, 0.010864164), (31.122932, 0.189747, 0.010864164), (31.716583, 0.3794946, 0.010864164), (32.310234, -0.3794958, 0.010864164), (32.01341, 0.3794946, 0.010864164), (31.122932, -0.3794958, 0.010864164), (32.310234, 0.189747, 0.010864164), (31.122932, 0.3794946, 0.010864164), (32.01341, -0.3794958, 0.010864164), (31.122932, -0.1897482, 0.010864164), (32.310234, 0.3794946, 0.010864164), (32.310234, 0.189747, 0.009874746), (31.122932, 0.3794946, 0.009874746), (32.01341, -0.3794958, 0.009874746), (31.122932, -0.1897482, 0.009874746), (32.310234, 0.3794946, 0.009874746), (32.310234, -5.917595e-7, 0.009874746), (31.419758, 0.3794946, 0.009874746), (32.310234, -0.1897482, 0.009874746), (31.716583, -0.3794958, 0.009874746), (31.419758, -0.3794958, 0.009874746), (31.122932, -5.917595e-7, 0.009874746), (31.122932, 0.189747, 0.009874746), (31.716583, 0.3794946, 0.009874746), (32.310234, -0.3794958, 0.009874746), (32.01341, 0.3794946, 0.009874746), (31.122932, -0.3794958, 0.009874746), (32.594803, -0.1897482, 0.010994263), (32.594803, -0.3794958, 0.010994263), (32.594803, 0.189747, 0.010994263), (32.594803, -5.917595e-7, 0.010994263), (32.594803, 0.3794946, 0.010994263), (32.594803, -5.917595e-7, 0.010864164), (32.594803, -0.1897482, 0.010864164), (32.594803, -0.3794958, 0.010864164), (32.594803, 0.189747, 0.010864164), (32.594803, 0.3794946, 0.010864164), (32.01341, 0.6116178, 0.010994263), (32.310234, 0.6116178, 0.010994263), (31.419758, 0.6116178, 0.010994263), (31.716583, 0.6116178, 0.010994263), (31.122932, 0.6116178, 0.010994263), (31.419758, 0.6116178, 0.010864164), (31.716583, 0.6116178, 0.010864164), (32.01341, 0.6116178, 0.010864164), (31.122932, 0.6116178, 0.010864164), (32.310234, 0.6116178, 0.010864164), (33.485065, 19.889473, 0.00062094023), (33.485065, 14.675349, 0.00062094023), (33.485065, 19.889473, 0.0006934077), (32.921143, 19.889473, 0.00062094023), (32.921143, 19.889473, 0.0006934077), (32.921143, 14.675349, 0.00062094023), (32.05526, 19.889473, 0.00062094023), (31.189379, 19.889473, 0.00062094023), (32.05526, 19.889473, 0.0006934077), (32.05526, 14.675349, 0.00062094023), (31.189379, 14.675349, 0.00062094023), (32.05526, 9.4612255, 0.00062094023), (32.921143, 9.4612255, 0.00062094023), (31.189379, 9.4612255, 0.00062094023), (32.05526, 4.247102, 0.00062094023), (32.921143, 4.247102, 0.00062094023), (31.189379, 4.247102, 0.00062094023), (32.05526, 1.6400399, 0.00062094023), (31.189379, 1.6400399, 0.00062094023), (32.921143, 1.6400399, 0.00062094023), (32.05526, 1.3141572, 0.00062094023), (31.189379, 1.3141572, 0.00062094023), (32.921143, 1.3141572, 0.00062094023), (32.05526, 0.98827446, 0.00062094023), (31.189379, 0.98827446, 0.00062094023), (32.921143, 0.98827446, 0.00062094023), (32.05526, 0.6623917, 0.00062094023), (32.05526, 0.336509, 0.00062094023), (32.921143, 0.6623917, 0.00062094023), (31.189379, 0.6623917, 0.00062094023), (31.189379, 0.336509, 0.00062094023), (30.61546, 0.6623917, 0.00062094023), (30.61546, 0.98827446, 0.00062094023), (30.61546, 0.336509, 0.00062094023), (30.041538, 0.6623917, 0.00062094023), (30.041538, 0.98827446, 0.00062094023), (30.041538, 0.336509, 0.00062094023), (28.893696, 0.6623917, 0.00062094023), (28.893696, 0.98827446, 0.00062094023), (28.893696, 0.336509, 0.00062094023), (24.302326, 0.6623917, 0.00062094023), (24.302326, 0.336509, 0.00062094023), (24.302326, 0.98827446, 0.00062094023), (32.05526, 17.282412, 0.0006934077), (24.302326, 17.282412, 0.0006934077), (24.302326, 17.282412, 0.00062094023), (28.893696, 17.282412, 0.00062094023), (28.893696, 17.282412, 0.0006934077), (24.302326, 1.3141572, 0.00062094023), (24.302326, 1.6400399, 0.00062094023), (28.893696, 1.3141572, 0.00062094023), (28.893696, 1.6400399, 0.00062094023), (30.041538, 1.3141572, 0.00062094023), (30.041538, 1.6400399, 0.00062094023), (30.61546, 1.3141572, 0.00062094023), (30.61546, 1.6400399, 0.00062094023), (30.61546, 4.247102, 0.00062094023), (30.041538, 4.247102, 0.00062094023), (30.61546, 9.4612255, 0.00062094023), (30.041538, 9.4612255, 0.00062094023), (30.61546, 14.675349, 0.00062094023), (30.041538, 14.675349, 0.00062094023), (30.61546, 19.889473, 0.00062094023), (30.041538, 19.889473, 0.00062094023), (30.61546, 19.889473, 0.0006934077), (30.041538, 19.889473, 0.0006934077), (31.189379, 19.889473, 0.0006934077), (30.61546, 14.675349, 0.0006934077), (31.189379, 14.675349, 0.0006934077), (30.041538, 14.675349, 0.0006934077), (30.61546, 9.4612255, 0.0006934077), (31.189379, 9.4612255, 0.0006934077), (30.041538, 9.4612255, 0.0006934077), (30.61546, 4.247102, 0.0006934077), (31.189379, 4.247102, 0.0006934077), (30.041538, 4.247102, 0.0006934077), (30.61546, 1.6400399, 0.0006934077), (31.189379, 1.6400399, 0.0006934077), (30.041538, 1.6400399, 0.0006934077), (30.61546, 1.3141572, 0.0006934077), (31.189379, 1.3141572, 0.0006934077), (30.041538, 1.3141572, 0.0006934077), (30.61546, 0.98827446, 0.0006934077), (31.189379, 0.98827446, 0.0006934077), (30.041538, 0.98827446, 0.0006934077), (28.893696, 0.98827446, 0.0006934077), (30.041538, 0.6623917, 0.0006934077), (30.041538, 0.336509, 0.0006934077), (28.893696, 0.6623917, 0.0006934077), (28.893696, 0.336509, 0.0006934077), (24.302326, 0.6623917, 0.0006934077), (24.302326, 0.336509, 0.0006934077), (24.302326, 0.98827446, 0.0006934077), (30.61546, 17.282412, 0.0006934077), (30.61546, 17.282412, 0.00062094023), (32.05526, 17.282412, 0.00062094023), (32.921143, 17.282412, 0.00062094023), (33.485065, 17.282412, 0.00062094023), (24.302326, 1.3141572, 0.0006934077), (24.302326, 1.6400399, 0.0006934077), (28.893696, 1.3141572, 0.0006934077), (28.893696, 1.6400399, 0.0006934077), (28.893696, 4.247102, 0.0006934077), (24.302326, 4.247102, 0.0006934077), (28.893696, 9.4612255, 0.0006934077), (24.302326, 9.4612255, 0.0006934077), (28.893696, 14.675349, 0.0006934077), (24.302326, 14.675349, 0.0006934077), (28.893696, 19.889473, 0.0006934077), (24.302326, 19.889473, 0.0006934077), (28.893696, 19.889473, 0.00062094023), (24.302326, 19.889473, 0.00062094023), (28.893696, 14.675349, 0.00062094023), (24.302326, 14.675349, 0.00062094023), (28.893696, 9.4612255, 0.00062094023), (24.302326, 9.4612255, 0.00062094023), (28.893696, 4.247102, 0.00062094023), (24.302326, 4.247102, 0.00062094023), (0.49432993, 17.282412, 0.00062094023), (1.5705988, 17.282412, 0.00062094023), (0.49432993, 17.282412, 0.0006934077), (1.5705988, 17.282412, 0.0006934077), (-1.6582079, 17.282412, 0.0006934077), (-1.1294494, 17.282412, 0.0006934077), (-0.31755972, 17.282412, 0.0006934077), (6.9519434, 17.282412, 0.0006934077), (6.9519434, 17.282412, 0.00062094023), (2.6468678, 17.282412, 0.00062094023), (24.302326, 0.0106262565, 0.0006934077), (24.302326, -0.31525648, 0.0006934077), (28.893696, 0.0106262565, 0.0006934077), (28.893696, -0.31525648, 0.0006934077), (30.041538, 0.0106262565, 0.0006934077), (30.041538, -0.31525648, 0.0006934077), (30.041538, -0.6411392, 0.0006934077), (30.041538, -0.96702194, 0.0006934077), (28.893696, -0.6411392, 0.0006934077), (30.61546, -0.6411392, 0.0006934077), (31.189379, -0.6411392, 0.0006934077), (30.61546, -0.96702194, 0.0006934077), (31.189379, -0.96702194, 0.0006934077), (30.61546, -0.96702194, 0.00062094023), (31.189379, -0.96702194, 0.00062094023), (30.041538, -0.96702194, 0.00062094023), (30.61546, -0.6411392, 0.00062094023), (30.041538, -0.6411392, 0.00062094023), (31.189379, -0.6411392, 0.00062094023), (30.61546, -0.31525648, 0.00062094023), (30.041538, -0.31525648, 0.00062094023), (31.189379, -0.31525648, 0.00062094023), (30.61546, 0.0106262565, 0.00062094023), (31.189379, 0.0106262565, 0.00062094023), (30.041538, 0.0106262565, 0.00062094023), (28.893696, 0.0106262565, 0.00062094023), (28.893696, -0.31525648, 0.00062094023), (24.302326, 0.0106262565, 0.00062094023), (24.302326, -0.31525648, 0.00062094023), (2.6468678, 17.282412, 0.0006934077), (1.0324644, 17.282412, 0.0006934077), (1.0324644, 17.282412, 0.00062094023), (-0.31755972, 17.282412, 0.00062094023), (24.302326, -0.6411392, 0.00062094023), (24.302326, -0.96702194, 0.00062094023), (28.893696, -0.6411392, 0.00062094023), (28.893696, -0.96702194, 0.00062094023), (28.893696, -0.96702194, 0.0006934077), (24.302326, -0.96702194, 0.0006934077), (-1.1294494, 17.282412, 0.00062094023), (24.302326, -0.6411392, 0.0006934077), (-1.6582079, 17.282412, 0.00062094023), (32.05526, 0.0106262565, 0.00062094023), (32.05526, -0.31525648, 0.00062094023), (32.921143, 0.0106262565, 0.00062094023), (32.921143, 0.336509, 0.00062094023), (32.921143, -0.31525648, 0.00062094023), (33.485065, 0.0106262565, 0.00062094023), (33.485065, 0.336509, 0.00062094023), (33.485065, -0.31525648, 0.00062094023), (33.485065, 0.0106262565, 0.0006934077), (33.485065, 0.336509, 0.0006934077), (33.485065, -0.31525648, 0.0006934077), (32.921143, 0.0106262565, 0.0006934077), (32.921143, -0.31525648, 0.0006934077), (32.921143, 0.336509, 0.0006934077), (32.921143, 0.6623917, 0.0006934077), (32.921143, 0.98827446, 0.0006934077), (33.485065, 0.6623917, 0.0006934077), (33.485065, 0.98827446, 0.0006934077), (33.485065, 0.6623917, 0.00062094023), (33.485065, 0.98827446, 0.00062094023), (33.485065, 1.3141572, 0.00062094023), (33.485065, 1.6400399, 0.00062094023), (33.485065, 1.3141572, 0.0006934077), (33.485065, 1.6400399, 0.0006934077), (32.921143, 1.3141572, 0.0006934077), (32.921143, 1.6400399, 0.0006934077), (32.05526, 1.3141572, 0.0006934077), (32.05526, 1.6400399, 0.0006934077), (32.05526, 0.98827446, 0.0006934077), (32.05526, 4.247102, 0.0006934077), (32.921143, 4.247102, 0.0006934077), (32.05526, 9.4612255, 0.0006934077), (32.921143, 9.4612255, 0.0006934077), (32.05526, 14.675349, 0.0006934077), (32.921143, 14.675349, 0.0006934077), (33.485065, 14.675349, 0.0006934077), (33.485065, 9.4612255, 0.0006934077), (33.485065, 4.247102, 0.0006934077), (33.485065, 9.4612255, 0.00062094023), (33.485065, 4.247102, 0.00062094023), (32.921143, -0.6411392, 0.0006934077), (32.921143, -0.96702194, 0.0006934077), (33.485065, -0.6411392, 0.0006934077), (32.05526, -0.6411392, 0.0006934077), (32.05526, -0.96702194, 0.0006934077), (32.05526, -0.96702194, 0.00062094023), (32.921143, -0.96702194, 0.00062094023), (32.05526, -0.6411392, 0.00062094023), (32.921143, -0.6411392, 0.00062094023), (33.485065, -0.6411392, 0.00062094023), (33.485065, -0.96702194, 0.00062094023), (33.485065, -0.96702194, 0.0006934077), (15.627134, -0.31525648, 0.0006934077), (15.627134, -0.6411392, 0.0006934077), (15.627134, -0.96702194, 0.0006934077), (15.627134, -0.96702194, 0.00062094023), (15.627134, -0.6411392, 0.00062094023), (15.627134, -0.31525648, 0.00062094023), (15.627134, 0.0106262565, 0.00062094023), (15.627135, 0.336509, 0.00062094023)]
            texCoord2f[] primvars:st = [(0, 0.25), (0, 0), (0.75, 0), (1, 0), (1, 0.75), (1, 1), (0.25, 1), (0, 1), (0, 0.75), (0, 0.5), (0.25, 0), (0.5, 0), (1, 0.25), (1, 0.5), (0.75, 1), (0.5, 1), (0.5, 0.75), (0.5, 0.25), (0.5, 0.5), (0.25, 0.5), (0.75, 0.5), (0.75, 0.25), (0.25, 0.25), (0.25, 0.75), (0.75, 0.75), (0, 0.5), (0, 0.75), (0.75, 1), (1, 1), (0, 0.25), (0.5, 0), (0.25, 0), (0.75, 0), (1, 0.5), (1, 0.25), (1, 0.75), (0.5, 1), (0, 0), (0.25, 1), (1, 0), (0, 1), (0, 0.5), (0.75, 1), (0, 0.25), (0.5, 0), (0.75, 0), (1, 0.5), (1, 0.75), (0.5, 1), (0, 0), (0.25, 1), (1, 0), (0, 0.75), (1, 1), (0.25, 0), (1, 0.25), (0, 1), (0, 0.75), (1, 1), (0.25, 0), (1, 0.25), (0, 1), (0, 0.5), (0.75, 1), (0, 0.25), (0.5, 0), (0.75, 0), (1, 0.5), (1, 0.75), (0.5, 1), (0, 0), (0.25, 1), (1, 0), (0, 0.5), (0.75, 1), (0, 0.25), (0.5, 0), (0.75, 0), (1, 0.5), (1, 0.75), (0.5, 1), (0, 0), (0.25, 1), (1, 0), (0, 0.75), (1, 1), (0.25, 0), (1, 0.25), (0, 1), (0, 0.5), (0.75, 0.99999994), (0, 0.25), (0.5, 0), (0.75, 0), (1, 0.5), (1, 0.75000006), (0.5, 1), (0, 0), (0.25, 1), (1, 0), (0, 0.75), (1, 1), (0.25, 0), (1, 0.25), (0, 1), (0, 0.5), (0.75, 1), (0, 0.25), (0.5, 0), (0.75, 0), (1, 0.5), (1, 0.75), (0.5, 1), (0, 0), (0.25, 1), (1, 0), (0, 0.75), (1, 1), (0.25, 0), (1, 0.25), (0, 1), (0, 0.75), (1, 1), (0.25, 0), (1, 0.25), (0, 1), (0, 0.5), (0.75, 1), (0, 0.25), (0.5, 0), (0.75, 0), (1, 0.5), (1, 0.75), (0.5, 1), (0, 0), (0.25, 1), (1, 0), (0, 0.25), (0, 0), (0, 0.75), (0, 0.5), (0, 1), (0, 0.5), (0, 0.25), (0, 0), (0, 0.75), (0, 1), (0.25, 1), (0, 1), (0.75, 1), (0.5, 1), (1, 1), (0.75, 1), (0.5, 1), (0.25, 1), (1, 1), (0, 1), (0, 0), (0, 0.25), (0, 0), (0.015352763, 0), (0.015352766, 0), (0.015352765, 0.25), (0.03892638, 0), (0.062499996, 0), (0.038926385, 0), (0.03892638, 0.25), (0.0625, 0.25), (0.03892638, 0.5), (0.015352765, 0.5), (0.0625, 0.5), (0.03892638, 0.75), (0.015352765, 0.75), (0.0625, 0.75), (0.03892638, 0.875), (0.0625, 0.875), (0.015352765, 0.875), (0.03892638, 0.890625), (0.0625, 0.890625), (0.015352765, 0.890625), (0.03892638, 0.90625), (0.0625, 0.90625), (0.015352765, 0.90625), (0.03892638, 0.921875), (0.03892638, 0.9375), (0.015352765, 0.921875), (0.0625, 0.921875), (0.0625, 0.9375), (0.078125, 0.921875), (0.078125, 0.90625), (0.078125, 0.9375), (0.09375, 0.921875), (0.09375, 0.90625), (0.09375, 0.9375), (0.125, 0.921875), (0.125, 0.90625), (0.125, 0.9375), (0.25, 0.921875), (0.25, 0.9375), (0.25, 0.90625), (0.25, 0.953125), (0.25, 0.9375), (0.25, 0.921875), (0.25, 0.90625), (0.25, 0.890625), (0.25, 0.890625), (0.25, 0.875), (0.125, 0.890625), (0.125, 0.875), (0.09375, 0.890625), (0.09375, 0.875), (0.078125, 0.890625), (0.078125, 0.875), (0.078125, 0.75), (0.09375, 0.75), (0.078125, 0.5), (0.09375, 0.5), (0.078125, 0.25), (0.09375, 0.25), (0.07812499, 0), (0.09375, 0), (0.078125, 0), (0.09375, 0), (0.0625, 0), (0.078125, 0.25), (0.0625, 0.25), (0.09375, 0.25), (0.078125, 0.5), (0.0625, 0.5), (0.09375, 0.5), (0.078125, 0.75), (0.0625, 0.75), (0.09375, 0.75), (0.078125, 0.875), (0.0625, 0.875), (0.09375, 0.875), (0.078125, 0.890625), (0.0625, 0.890625), (0.09375, 0.890625), (0.078125, 0.90625), (0.0625, 0.90625), (0.09375, 0.90625), (0.125, 0.90625), (0.09375, 0.921875), (0.09375, 0.9375), (0.125, 0.921875), (0.125, 0.9375), (0.25, 0.921875), (0.25, 0.9375), (0.25, 0.90625), (0.25, 0.875), (0.25, 0.75), (0.25, 0.5), (0.25, 0.25), (0.25, 0), (0.25, 0.890625), (0.25, 0.875), (0.125, 0.890625), (0.125, 0.875), (0.125, 0.75), (0.25, 0.75), (0.125, 0.5), (0.25, 0.5), (0.125, 0.25), (0.25, 0.25), (0.125, 0), (0.25, 0), (0.12499999, 0), (0.25, 0), (0.125, 0.25), (0.25, 0.25), (0.125, 0.5), (0.25, 0.5), (0.125, 0.75), (0.25, 0.75), (0.25, 0), (0.25, 0.25), (0.25, 0.5), (0.25, 0.75), (0.25, 0.875), (0.25, 0.890625), (0.25, 0.90625), (0.25, 0.92187506), (0.25, 0.125), (0.25, 0.125), (0.25, 0.953125), (0.25, 0.96875), (0.125, 0.953125), (0.125, 0.96875), (0.09375, 0.953125), (0.09375, 0.96875), (0.09375, 0.984375), (0.09375, 1), (0.125, 0.984375), (0.078125, 0.984375), (0.0625, 0.984375), (0.078125, 1), (0.0625, 1), (0.07812499, 0.99999994), (0.062499996, 1), (0.09375001, 1.0000001), (0.078125, 0.98437506), (0.09375, 0.9843751), (0.0625, 0.984375), (0.078125, 0.96875), (0.09375, 0.96875006), (0.0625, 0.96875), (0.078125, 0.953125), (0.0625, 0.953125), (0.09375, 0.953125), (0.125, 0.953125), (0.125, 0.96875), (0.25, 0.953125), (0.25, 0.96875), (0.0625, 0.125), (0.09375, 0.125), (0.0625, 0.125), (0.09375, 0.125), (0.25, 0.984375), (0.25, 1), (0.125, 0.984375), (0.12499999, 0.99999994), (0.125, 1), (0.25, 1), (0, 0.125), (0.25, 0.984375), (0.015352765, 0.125), (0.03892638, 0.953125), (0.03892638, 0.96875), (0.015352765, 0.953125), (0.015352765, 0.9375), (0.015352765, 0.96875), (0, 0.953125), (0, 0.9375), (0, 0.96875006), (0, 0.953125), (0, 0.9375), (0, 0.9687501), (0.015352765, 0.953125), (0.015352765, 0.96875), (0.015352765, 0.9375), (0.015352765, 0.921875), (0.015352765, 0.90625), (0, 0.921875), (0, 0.90625006), (0, 0.92187506), (0, 0.90625006), (0, 0.89062506), (0, 0.87499994), (0, 0.890625), (0, 0.875), (0.015352765, 0.890625), (0.015352765, 0.875), (0.03892638, 0.890625), (0.03892638, 0.875), (0.03892638, 0.90625), (0.03892638, 0.75), (0.015352765, 0.75), (0.03892638, 0.5), (0.015352765, 0.5), (0.03892638, 0.25), (0.015352765, 0.25), (0, 0.25), (0, 0.5), (0, 0.75), (0, 0.5), (0, 0.75), (0.015352765, 0.984375), (0.015352765, 1), (0, 0.98437506), (0.03892638, 0.984375), (0.03892638, 1), (0.038926385, 1.0000001), (0.015352765, 0.99999994), (0.03892638, 0.984375), (0.015352765, 0.984375), (0, 0.984375), (0, 1), (0, 1), (0, 0.25), (0, 0), (0.75, 0), (1, 0), (1, 0.75), (1, 1), (0.25, 1), (0, 1), (0, 0.75), (0, 0.5), (0.25, 0), (0.5, 0), (1, 0.25), (1, 0.5), (0.75, 1), (0.5, 1), (0.5, 0.75), (0.5, 0.25), (0.5, 0.5), (0.25, 0.5), (0.75, 0.5), (0.75, 0.25), (0.25, 0.25), (0.25, 0.75), (0.75, 0.75), (0, 0.5), (0, 0.75), (0.75, 1), (1, 1), (0, 0.25), (0.5, 0), (0.25, 0), (0.75, 0), (1, 0.5), (1, 0.25), (1, 0.75), (0.5, 1), (0, 0), (0.25, 1), (1, 0), (0, 1), (0, 0.5), (0.75, 1), (0, 0.25), (0.5, 0), (0.75, 0), (1, 0.5), (1, 0.75), (0.5, 1), (0, 0), (0.25, 1), (1, 0), (0, 0.75), (1, 1), (0.25, 0), (1, 0.25), (0, 1), (0, 0.75), (1, 1), (0.25, 0), (1, 0.25), (0, 1), (0, 0.5), (0.75, 1), (0, 0.25), (0.5, 0), (0.75, 0), (1, 0.5), (1, 0.75), (0.5, 1), (0, 0), (0.25, 1), (1, 0), (0, 0.5), (0.75, 1), (0, 0.25), (0.5, 0), (0.75, 0), (1, 0.5), (1, 0.75), (0.5, 1), (0, 0), (0.25, 1), (1, 0), (0, 0.75), (1, 1), (0.25, 0), (1, 0.25), (0, 1), (0, 0.5), (0.75, 0.99999994), (0, 0.25), (0.5, 0), (0.75, 0), (1, 0.5), (1, 0.75000006), (0.5, 1), (0, 0), (0.25, 1), (1, 0), (0, 0.75), (1, 1), (0.25, 0), (1, 0.25), (0, 1), (0, 0.5), (0.75, 1), (0, 0.25), (0.5, 0), (0.75, 0), (1, 0.5), (1, 0.75), (0.5, 1), (0, 0), (0.25, 1), (1, 0), (0, 0.75), (1, 1), (0.25, 0), (1, 0.25), (0, 1), (0, 0.75), (1, 1), (0.25, 0), (1, 0.25), (0, 1), (0, 0.5), (0.75, 1), (0, 0.25), (0.5, 0), (0.75, 0), (1, 0.5), (1, 0.75), (0.5, 1), (0, 0), (0.25, 1), (1, 0), (0, 0.25), (0, 0), (0, 0.75), (0, 0.5), (0, 1), (0, 0.5), (0, 0.25), (0, 0), (0, 0.75), (0, 1), (0.25, 1), (0, 1), (0.75, 1), (0.5, 1), (1, 1), (0.75, 1), (0.5, 1), (0.25, 1), (1, 1), (0, 1), (0, 0), (0, 0.25), (0, 0), (0.015352763, 0), (0.015352766, 0), (0.015352765, 0.25), (0.03892638, 0), (0.062499996, 0), (0.038926385, 0), (0.03892638, 0.25), (0.0625, 0.25), (0.03892638, 0.5), (0.015352765, 0.5), (0.0625, 0.5), (0.03892638, 0.75), (0.015352765, 0.75), (0.0625, 0.75), (0.03892638, 0.875), (0.0625, 0.875), (0.015352765, 0.875), (0.03892638, 0.890625), (0.0625, 0.890625), (0.015352765, 0.890625), (0.03892638, 0.90625), (0.0625, 0.90625), (0.015352765, 0.90625), (0.03892638, 0.921875), (0.03892638, 0.9375), (0.015352765, 0.921875), (0.0625, 0.921875), (0.0625, 0.9375), (0.078125, 0.921875), (0.078125, 0.90625), (0.078125, 0.9375), (0.09375, 0.921875), (0.09375, 0.90625), (0.09375, 0.9375), (0.125, 0.921875), (0.125, 0.90625), (0.125, 0.9375), (0.25, 0.921875), (0.25, 0.9375), (0.25, 0.90625), (0.038926385, 0.125), (0.25, 0.125), (0.25, 0.125), (0.125, 0.125), (0.125, 0.125), (0.25, 0.890625), (0.25, 0.875), (0.125, 0.890625), (0.125, 0.875), (0.09375, 0.890625), (0.09375, 0.875), (0.078125, 0.890625), (0.078125, 0.875), (0.078125, 0.75), (0.09375, 0.75), (0.078125, 0.5), (0.09375, 0.5), (0.078125, 0.25), (0.09375, 0.25), (0.07812499, 0), (0.09375, 0), (0.078125, 0), (0.09375, 0), (0.0625, 0), (0.078125, 0.25), (0.0625, 0.25), (0.09375, 0.25), (0.078125, 0.5), (0.0625, 0.5), (0.09375, 0.5), (0.078125, 0.75), (0.0625, 0.75), (0.09375, 0.75), (0.078125, 0.875), (0.0625, 0.875), (0.09375, 0.875), (0.078125, 0.890625), (0.0625, 0.890625), (0.09375, 0.890625), (0.078125, 0.90625), (0.0625, 0.90625), (0.09375, 0.90625), (0.125, 0.90625), (0.09375, 0.921875), (0.09375, 0.9375), (0.125, 0.921875), (0.125, 0.9375), (0.25, 0.921875), (0.25, 0.9375), (0.25, 0.90625), (0.078125, 0.125), (0.078125, 0.125), (0.03892638, 0.125), (0.015352764, 0.125), (0, 0.124999985), (0.25, 0.890625), (0.25, 0.875), (0.125, 0.890625), (0.125, 0.875), (0.125, 0.75), (0.25, 0.75), (0.125, 0.5), (0.25, 0.5), (0.125, 0.25), (0.25, 0.25), (0.125, 0), (0.25, 0), (0.12499999, 0), (0.25, 0), (0.125, 0.25), (0.25, 0.25), (0.125, 0.5), (0.25, 0.5), (0.125, 0.75), (0.25, 0.75), (0.0625, 0.125), (0.09375, 0.125), (0.0625, 0.125), (0.09375, 0.125), (0, 0.125), (0.015352765, 0.125), (0.038926385, 0.125), (0.25, 0.125), (0.25, 0.125), (0.125, 0.125), (0.25, 0.953125), (0.25, 0.96875), (0.125, 0.953125), (0.125, 0.96875), (0.09375, 0.953125), (0.09375, 0.96875), (0.09375, 0.984375), (0.09375, 1), (0.125, 0.984375), (0.078125, 0.984375), (0.0625, 0.984375), (0.078125, 1), (0.0625, 1), (0.07812499, 0.99999994), (0.062499996, 1), (0.09375001, 1.0000001), (0.078125, 0.98437506), (0.09375, 0.9843751), (0.0625, 0.984375), (0.078125, 0.96875), (0.09375, 0.96875006), (0.0625, 0.96875), (0.078125, 0.953125), (0.0625, 0.953125), (0.09375, 0.953125), (0.125, 0.953125), (0.125, 0.96875), (0.25, 0.953125), (0.25, 0.96875), (0.125, 0.125), (0.078125, 0.125), (0.078125, 0.125), (0.03892638, 0.125), (0.25, 0.984375), (0.25, 1), (0.125, 0.984375), (0.12499999, 0.99999994), (0.125, 1), (0.25, 1), (0.015352764, 0.125), (0.25, 0.984375), (0, 0.124999985), (0.03892638, 0.953125), (0.03892638, 0.96875), (0.015352765, 0.953125), (0.015352765, 0.9375), (0.015352765, 0.96875), (0, 0.953125), (0, 0.9375), (0, 0.96875006), (0, 0.953125), (0, 0.9375), (0, 0.9687501), (0.015352765, 0.953125), (0.015352765, 0.96875), (0.015352765, 0.9375), (0.015352765, 0.921875), (0.015352765, 0.90625), (0, 0.921875), (0, 0.90625006), (0, 0.92187506), (0, 0.90625006), (0, 0.89062506), (0, 0.87499994), (0, 0.890625), (0, 0.875), (0.015352765, 0.890625), (0.015352765, 0.875), (0.03892638, 0.890625), (0.03892638, 0.875), (0.03892638, 0.90625), (0.03892638, 0.75), (0.015352765, 0.75), (0.03892638, 0.5), (0.015352765, 0.5), (0.03892638, 0.25), (0.015352765, 0.25), (0, 0.25), (0, 0.5), (0, 0.75), (0, 0.5), (0, 0.75), (0.015352765, 0.984375), (0.015352765, 1), (0, 0.98437506), (0.03892638, 0.984375), (0.03892638, 1), (0.038926385, 1.0000001), (0.015352765, 0.99999994), (0.03892638, 0.984375), (0.015352765, 0.984375), (0, 0.984375), (0, 1), (0, 1), (0.25, 0.96875), (0.25, 0.984375), (0.25, 1), (0.25, 1), (0.25, 0.984375), (0.25, 0.96875), (0.25, 0.95312506), (0.25000003, 0.9375001)] (
                interpolation = "faceVarying"
            )
            int[] primvars:st:indices = [24, 4, 5, 14, 23, 16, 15, 6, 22, 17, 18, 19, 21, 12, 13, 20, 17, 21, 20, 18, 11, 2, 21, 17, 2, 3, 12, 21, 0, 22, 19, 9, 1, 10, 22, 0, 10, 11, 17, 22, 8, 23, 6, 7, 9, 19, 23, 8, 19, 18, 16, 23, 16, 24, 14, 15, 18, 20, 24, 16, 20, 13, 4, 24, 9, 8, 139, 140, 5, 117, 155, 151, 113, 1, 138, 144, 118, 108, 11, 10, 108, 109, 2, 11, 119, 110, 13, 12, 110, 111, 4, 13, 112, 114, 154, 153, 1, 0, 137, 138, 120, 7, 148, 156, 109, 115, 3, 2, 116, 105, 142, 145, 111, 117, 5, 4, 113, 118, 10, 1, 15, 14, 149, 150, 115, 119, 12, 3, 99, 103, 55, 51, 98, 104, 56, 50, 97, 102, 54, 49, 95, 101, 53, 47, 104, 100, 52, 56, 93, 99, 51, 45, 96, 98, 50, 48, 91, 97, 49, 43, 90, 96, 48, 42, 94, 95, 47, 46, 103, 94, 46, 55, 92, 93, 45, 44, 102, 92, 44, 54, 89, 91, 43, 41, 101, 90, 42, 53, 100, 89, 41, 52, 26, 25, 62, 57, 28, 27, 63, 58, 25, 29, 64, 62, 31, 30, 65, 59, 30, 32, 66, 65, 34, 33, 67, 60, 33, 35, 68, 67, 27, 36, 69, 63, 29, 37, 70, 64, 36, 38, 71, 69, 32, 39, 72, 66, 40, 26, 57, 61, 35, 28, 58, 68, 37, 31, 59, 70, 38, 40, 61, 71, 39, 34, 60, 72, 51, 55, 87, 83, 50, 56, 88, 82, 49, 54, 86, 81, 47, 53, 85, 79, 56, 52, 84, 88, 45, 51, 83, 77, 48, 50, 82, 80, 43, 49, 81, 75, 42, 48, 80, 74, 46, 47, 79, 78, 55, 46, 78, 87, 44, 45, 77, 76, 54, 44, 76, 86, 41, 43, 75, 73, 53, 42, 74, 85, 52, 41, 73, 84, 57, 62, 89, 100, 58, 63, 90, 101, 62, 64, 91, 89, 59, 65, 92, 102, 65, 66, 93, 92, 60, 67, 94, 103, 67, 68, 95, 94, 63, 69, 96, 90, 64, 70, 97, 91, 69, 71, 98, 96, 66, 72, 99, 93, 61, 57, 100, 104, 68, 58, 101, 95, 70, 59, 102, 97, 71, 61, 104, 98, 72, 60, 103, 99, 136, 124, 119, 115, 135, 125, 120, 114, 134, 123, 118, 113, 132, 122, 117, 111, 125, 121, 116, 120, 130, 136, 115, 109, 133, 135, 114, 112, 128, 134, 113, 107, 127, 133, 112, 106, 131, 132, 111, 110, 124, 131, 110, 119, 129, 130, 109, 108, 123, 129, 108, 118, 126, 128, 107, 105, 122, 127, 106, 117, 121, 126, 105, 116, 84, 73, 126, 121, 85, 74, 127, 122, 73, 75, 128, 126, 86, 76, 129, 123, 76, 77, 130, 129, 87, 78, 131, 124, 78, 79, 132, 131, 74, 80, 133, 127, 75, 81, 134, 128, 80, 82, 135, 133, 77, 83, 136, 130, 88, 84, 121, 125, 79, 85, 122, 132, 81, 86, 123, 134, 82, 88, 125, 135, 83, 87, 124, 136, 145, 142, 140, 139, 142, 143, 137, 140, 143, 144, 138, 137, 146, 145, 139, 141, 7, 120, 146, 141, 105, 107, 143, 142, 0, 9, 140, 137, 107, 113, 144, 143, 8, 7, 141, 139, 120, 116, 145, 146, 155, 152, 149, 151, 152, 153, 150, 149, 153, 154, 147, 150, 154, 156, 148, 147, 6, 15, 150, 147, 14, 5, 151, 149, 117, 106, 152, 155, 114, 120, 156, 154, 106, 112, 153, 152, 7, 6, 147, 148, 705, 158, 162, 703, 705, 157, 159, 658, 157, 160, 161, 159, 160, 163, 165, 161, 703, 162, 166, 696, 163, 164, 223, 165, 696, 166, 167, 654, 162, 169, 168, 166, 166, 168, 170, 167, 169, 172, 171, 168, 168, 171, 173, 170, 172, 176, 174, 171, 171, 174, 175, 173, 174, 177, 178, 175, 176, 179, 177, 174, 177, 180, 181, 178, 179, 182, 180, 177, 180, 183, 186, 181, 182, 185, 183, 180, 185, 330, 184, 183, 183, 184, 187, 186, 181, 186, 188, 189, 186, 187, 190, 188, 189, 188, 191, 192, 188, 190, 193, 191, 192, 191, 194, 195, 191, 193, 196, 194, 195, 194, 197, 199, 194, 196, 198, 197, 221, 222, 657, 694, 223, 221, 694, 656, 265, 266, 661, 693, 222, 265, 693, 657, 207, 195, 199, 205, 208, 207, 205, 206, 210, 209, 207, 208, 209, 192, 195, 207, 212, 211, 209, 210, 211, 189, 192, 209, 178, 181, 189, 211, 175, 178, 211, 212, 213, 212, 210, 214, 173, 175, 212, 213, 170, 173, 213, 215, 215, 213, 214, 216, 167, 170, 215, 217, 217, 215, 216, 218, 654, 167, 217, 695, 695, 217, 218, 655, 219, 220, 222, 221, 164, 219, 221, 223, 694, 657, 226, 224, 656, 694, 224, 225, 225, 224, 227, 228, 224, 226, 229, 227, 228, 227, 230, 231, 227, 229, 232, 230, 231, 230, 233, 234, 230, 232, 235, 233, 234, 233, 236, 237, 233, 235, 238, 236, 237, 236, 239, 240, 236, 238, 241, 239, 238, 257, 242, 241, 241, 242, 245, 243, 243, 245, 246, 244, 245, 247, 248, 246, 242, 249, 247, 245, 267, 663, 662, 268, 220, 655, 663, 267, 161, 165, 660, 659, 165, 223, 656, 660, 257, 255, 249, 242, 258, 256, 255, 257, 235, 258, 257, 238, 259, 260, 256, 258, 232, 259, 258, 235, 261, 262, 260, 259, 229, 261, 259, 232, 263, 264, 262, 261, 226, 263, 261, 229, 693, 661, 264, 263, 657, 693, 263, 226, 267, 268, 266, 265, 220, 267, 265, 222, 663, 269, 270, 662, 655, 218, 269, 663, 269, 271, 272, 270, 218, 216, 271, 269, 271, 273, 274, 272, 216, 214, 273, 271, 273, 208, 206, 274, 214, 210, 208, 273, 159, 161, 659, 658, 536, 633, 632, 539, 537, 633, 324, 741, 539, 632, 631, 542, 542, 631, 314, 543, 543, 314, 630, 598, 598, 630, 315, 599, 600, 601, 317, 629, 602, 600, 629, 316, 275, 284, 662, 268, 644, 645, 580, 583, 287, 285, 286, 288, 246, 248, 285, 287, 289, 287, 288, 290, 244, 246, 287, 289, 290, 288, 293, 291, 294, 291, 292, 296, 291, 293, 322, 292, 295, 294, 296, 297, 298, 299, 297, 296, 300, 298, 296, 292, 303, 299, 298, 301, 301, 298, 300, 302, 304, 301, 302, 305, 306, 303, 301, 304, 307, 304, 305, 309, 308, 306, 304, 307, 190, 307, 309, 193, 187, 308, 307, 190, 193, 309, 310, 196, 309, 305, 311, 310, 196, 310, 312, 198, 310, 311, 313, 312, 601, 644, 583, 317, 646, 582, 581, 647, 599, 315, 582, 646, 253, 283, 661, 264, 320, 321, 319, 318, 311, 320, 318, 313, 305, 302, 320, 311, 302, 300, 321, 320, 319, 321, 322, 323, 321, 300, 292, 322, 293, 325, 323, 322, 540, 544, 579, 326, 544, 602, 316, 579, 538, 540, 326, 324, 288, 286, 325, 293, 184, 327, 308, 187, 327, 328, 306, 308, 330, 329, 327, 184, 329, 331, 328, 327, 333, 332, 329, 330, 332, 334, 331, 329, 332, 333, 336, 335, 334, 332, 335, 337, 336, 340, 338, 335, 335, 338, 339, 337, 343, 341, 340, 336, 344, 342, 341, 343, 345, 346, 344, 343, 333, 345, 343, 336, 346, 345, 185, 182, 345, 333, 330, 185, 347, 346, 182, 179, 346, 347, 349, 344, 348, 347, 179, 176, 347, 348, 350, 349, 350, 352, 351, 349, 349, 351, 342, 344, 351, 353, 355, 342, 352, 354, 353, 351, 354, 234, 237, 353, 353, 237, 240, 355, 357, 356, 354, 352, 356, 231, 234, 354, 359, 358, 356, 357, 358, 228, 231, 356, 361, 360, 358, 359, 360, 225, 228, 358, 659, 660, 360, 361, 660, 656, 225, 360, 362, 361, 359, 363, 658, 659, 361, 362, 365, 158, 362, 363, 363, 359, 357, 364, 366, 365, 363, 364, 365, 366, 172, 169, 158, 365, 169, 162, 366, 348, 176, 172, 348, 366, 364, 350, 364, 357, 352, 350, 337, 339, 367, 369, 367, 370, 371, 368, 369, 367, 368, 378, 370, 295, 297, 371, 372, 373, 368, 371, 299, 372, 371, 297, 375, 373, 372, 374, 374, 372, 299, 303, 328, 374, 303, 306, 331, 375, 374, 328, 334, 376, 375, 331, 376, 377, 373, 375, 376, 334, 337, 369, 377, 376, 369, 378, 373, 377, 378, 368, 240, 28, 355, 40, 355, 38, 340, 25, 29, 26, 340, 341, 27, 36, 355, 29, 339, 338, 37, 367, 339, 240, 239, 28, 30, 370, 31, 367, 37, 31, 39, 294, 32, 34, 291, 294, 291, 34, 33, 35, 289, 33, 28, 244, 35, 28, 241, 243, 28, 239, 241, 28, 27, 355, 36, 38, 355, 40, 342, 355, 341, 342, 26, 26, 25, 340, 338, 340, 29, 29, 37, 339, 370, 367, 31, 30, 32, 370, 32, 294, 295, 39, 34, 294, 289, 290, 33, 35, 244, 289, 28, 243, 244, 290, 291, 33, 32, 295, 370, 342, 40, 26, 403, 383, 384, 393, 402, 395, 394, 385, 401, 396, 397, 398, 400, 391, 392, 399, 396, 400, 399, 397, 390, 381, 400, 396, 381, 382, 391, 400, 379, 401, 398, 388, 380, 389, 401, 379, 389, 390, 396, 401, 387, 402, 385, 386, 388, 398, 402, 387, 398, 397, 395, 402, 395, 403, 393, 394, 397, 399, 403, 395, 399, 392, 383, 403, 388, 387, 518, 519, 384, 496, 534, 530, 492, 380, 517, 523, 497, 487, 390, 389, 487, 488, 381, 390, 498, 489, 392, 391, 489, 490, 383, 392, 491, 493, 533, 532, 380, 379, 516, 517, 499, 386, 527, 535, 488, 494, 382, 381, 495, 484, 521, 524, 490, 496, 384, 383, 492, 497, 389, 380, 394, 393, 528, 529, 494, 498, 391, 382, 478, 482, 434, 430, 477, 483, 435, 429, 476, 481, 433, 428, 474, 480, 432, 426, 483, 479, 431, 435, 472, 478, 430, 424, 475, 477, 429, 427, 470, 476, 428, 422, 469, 475, 427, 421, 473, 474, 426, 425, 482, 473, 425, 434, 471, 472, 424, 423, 481, 471, 423, 433, 468, 470, 422, 420, 480, 469, 421, 432, 479, 468, 420, 431, 405, 404, 441, 436, 407, 406, 442, 437, 404, 408, 443, 441, 410, 409, 444, 438, 409, 411, 445, 444, 413, 412, 446, 439, 412, 414, 447, 446, 406, 415, 448, 442, 408, 416, 449, 443, 415, 417, 450, 448, 411, 418, 451, 445, 419, 405, 436, 440, 414, 407, 437, 447, 416, 410, 438, 449, 417, 419, 440, 450, 418, 413, 439, 451, 430, 434, 466, 462, 429, 435, 467, 461, 428, 433, 465, 460, 426, 432, 464, 458, 435, 431, 463, 467, 424, 430, 462, 456, 427, 429, 461, 459, 422, 428, 460, 454, 421, 427, 459, 453, 425, 426, 458, 457, 434, 425, 457, 466, 423, 424, 456, 455, 433, 423, 455, 465, 420, 422, 454, 452, 432, 421, 453, 464, 431, 420, 452, 463, 436, 441, 468, 479, 437, 442, 469, 480, 441, 443, 470, 468, 438, 444, 471, 481, 444, 445, 472, 471, 439, 446, 473, 482, 446, 447, 474, 473, 442, 448, 475, 469, 443, 449, 476, 470, 448, 450, 477, 475, 445, 451, 478, 472, 440, 436, 479, 483, 447, 437, 480, 474, 449, 438, 481, 476, 450, 440, 483, 477, 451, 439, 482, 478, 515, 503, 498, 494, 514, 504, 499, 493, 513, 502, 497, 492, 511, 501, 496, 490, 504, 500, 495, 499, 509, 515, 494, 488, 512, 514, 493, 491, 507, 513, 492, 486, 506, 512, 491, 485, 510, 511, 490, 489, 503, 510, 489, 498, 508, 509, 488, 487, 502, 508, 487, 497, 505, 507, 486, 484, 501, 506, 485, 496, 500, 505, 484, 495, 463, 452, 505, 500, 464, 453, 506, 501, 452, 454, 507, 505, 465, 455, 508, 502, 455, 456, 509, 508, 466, 457, 510, 503, 457, 458, 511, 510, 453, 459, 512, 506, 454, 460, 513, 507, 459, 461, 514, 512, 456, 462, 515, 509, 467, 463, 500, 504, 458, 464, 501, 511, 460, 465, 502, 513, 461, 467, 504, 514, 462, 466, 503, 515, 524, 521, 519, 518, 521, 522, 516, 519, 522, 523, 517, 516, 525, 524, 518, 520, 386, 499, 525, 520, 484, 486, 522, 521, 379, 388, 519, 516, 486, 492, 523, 522, 387, 386, 520, 518, 499, 495, 524, 525, 534, 531, 528, 530, 531, 532, 529, 528, 532, 533, 526, 529, 533, 535, 527, 526, 385, 394, 529, 526, 393, 384, 530, 528, 496, 485, 531, 534, 493, 499, 535, 533, 485, 491, 532, 531, 386, 385, 526, 527, 633, 537, 541, 632, 633, 536, 538, 324, 536, 539, 540, 538, 539, 542, 544, 540, 632, 541, 545, 631, 542, 543, 602, 544, 631, 545, 546, 314, 541, 548, 547, 545, 545, 547, 549, 546, 548, 551, 550, 547, 547, 550, 552, 549, 551, 555, 553, 550, 550, 553, 554, 552, 553, 556, 557, 554, 555, 558, 556, 553, 556, 559, 560, 557, 558, 561, 559, 556, 559, 562, 565, 560, 561, 564, 562, 559, 564, 709, 563, 562, 562, 563, 566, 565, 560, 565, 567, 568, 565, 566, 569, 567, 568, 567, 570, 571, 567, 569, 572, 570, 571, 570, 573, 574, 570, 572, 575, 573, 574, 573, 576, 578, 573, 575, 577, 576, 282, 765, 198, 197, 281, 282, 197, 199, 280, 281, 199, 205, 279, 280, 205, 206, 586, 574, 578, 584, 587, 586, 584, 585, 589, 588, 586, 587, 588, 571, 574, 586, 591, 590, 588, 589, 590, 568, 571, 588, 557, 560, 568, 590, 554, 557, 590, 591, 592, 591, 589, 593, 552, 554, 591, 592, 549, 552, 592, 594, 594, 592, 593, 595, 546, 549, 594, 596, 596, 594, 595, 597, 314, 546, 596, 630, 630, 596, 597, 315, 598, 599, 601, 600, 543, 598, 600, 602, 629, 317, 605, 603, 316, 629, 603, 604, 604, 603, 606, 607, 603, 605, 608, 606, 607, 606, 609, 610, 606, 608, 611, 609, 610, 609, 612, 613, 609, 611, 614, 612, 613, 612, 615, 616, 612, 614, 617, 615, 616, 615, 618, 619, 615, 617, 620, 618, 617, 636, 621, 620, 620, 621, 624, 622, 622, 624, 625, 623, 624, 626, 627, 625, 621, 628, 626, 624, 278, 279, 206, 274, 277, 278, 274, 272, 276, 277, 272, 270, 284, 276, 270, 662, 636, 634, 628, 621, 637, 635, 634, 636, 614, 637, 636, 617, 638, 639, 635, 637, 611, 638, 637, 614, 640, 641, 639, 638, 608, 640, 638, 611, 642, 643, 641, 640, 605, 642, 640, 608, 583, 580, 643, 642, 317, 583, 642, 605, 646, 647, 645, 644, 599, 646, 644, 601, 582, 648, 649, 581, 315, 597, 648, 582, 648, 650, 651, 649, 597, 595, 650, 648, 650, 652, 653, 651, 595, 593, 652, 650, 652, 587, 585, 653, 593, 589, 587, 652, 254, 275, 268, 266, 283, 254, 266, 661, 252, 253, 264, 262, 251, 252, 262, 260, 250, 251, 260, 256, 204, 250, 256, 255, 203, 204, 255, 249, 202, 203, 249, 247, 201, 202, 247, 248, 200, 201, 248, 285, 758, 200, 285, 286, 666, 664, 665, 667, 625, 627, 664, 666, 668, 666, 667, 669, 623, 625, 666, 668, 669, 667, 672, 670, 673, 670, 671, 675, 670, 672, 701, 671, 674, 673, 675, 676, 677, 678, 676, 675, 679, 677, 675, 671, 682, 678, 677, 680, 680, 677, 679, 681, 683, 680, 681, 684, 685, 682, 680, 683, 686, 683, 684, 688, 687, 685, 683, 686, 569, 686, 688, 572, 566, 687, 686, 569, 572, 688, 689, 575, 688, 684, 690, 689, 575, 689, 691, 577, 689, 690, 692, 691, 759, 758, 286, 325, 760, 759, 325, 323, 761, 760, 323, 319, 762, 761, 319, 318, 699, 700, 698, 697, 690, 699, 697, 692, 684, 681, 699, 690, 681, 679, 700, 699, 698, 700, 701, 702, 700, 679, 671, 701, 672, 704, 702, 701, 763, 762, 318, 313, 764, 763, 313, 312, 765, 764, 312, 198, 667, 665, 704, 672, 563, 706, 687, 566, 706, 707, 685, 687, 709, 708, 706, 563, 708, 710, 707, 706, 712, 711, 708, 709, 711, 713, 710, 708, 711, 712, 715, 714, 713, 711, 714, 716, 715, 719, 717, 714, 714, 717, 718, 716, 722, 720, 719, 715, 723, 721, 720, 722, 724, 725, 723, 722, 712, 724, 722, 715, 725, 724, 564, 561, 724, 712, 709, 564, 726, 725, 561, 558, 725, 726, 728, 723, 727, 726, 558, 555, 726, 727, 729, 728, 729, 731, 730, 728, 728, 730, 721, 723, 730, 732, 734, 721, 731, 733, 732, 730, 733, 613, 616, 732, 732, 616, 619, 734, 736, 735, 733, 731, 735, 610, 613, 733, 738, 737, 735, 736, 737, 607, 610, 735, 740, 739, 737, 738, 739, 604, 607, 737, 326, 579, 739, 740, 579, 316, 604, 739, 741, 740, 738, 742, 324, 326, 740, 741, 744, 537, 741, 742, 742, 738, 736, 743, 745, 744, 742, 743, 744, 745, 551, 548, 537, 744, 548, 541, 745, 727, 555, 551, 727, 745, 743, 729, 743, 736, 731, 729, 716, 718, 746, 748, 746, 749, 750, 747, 748, 746, 747, 757, 749, 674, 676, 750, 751, 752, 747, 750, 678, 751, 750, 676, 754, 752, 751, 753, 753, 751, 678, 682, 707, 753, 682, 685, 710, 754, 753, 707, 713, 755, 754, 710, 755, 756, 752, 754, 755, 713, 716, 748, 756, 755, 748, 757, 752, 756, 757, 747, 619, 407, 734, 419, 734, 417, 719, 404, 408, 405, 719, 720, 406, 415, 734, 408, 718, 717, 416, 746, 718, 619, 618, 407, 409, 749, 410, 746, 416, 410, 418, 673, 411, 413, 670, 673, 670, 413, 412, 414, 668, 412, 407, 623, 414, 407, 620, 622, 407, 618, 620, 407, 406, 734, 415, 417, 734, 419, 721, 734, 720, 721, 405, 405, 404, 719, 717, 719, 408, 408, 416, 718, 749, 746, 410, 409, 411, 749, 411, 673, 674, 418, 413, 673, 668, 669, 412, 414, 623, 668, 407, 622, 623, 669, 670, 412, 411, 674, 749, 721, 419, 405, 219, 695, 655, 220, 164, 654, 695, 219, 163, 696, 654, 164, 160, 703, 696, 163, 158, 705, 658, 362, 157, 705, 703, 160, 577, 691, 764, 765, 691, 692, 763, 764, 692, 697, 762, 763, 697, 698, 761, 762, 698, 702, 760, 761, 702, 704, 759, 760, 704, 665, 758, 759, 665, 664, 200, 758, 664, 627, 201, 200, 627, 626, 202, 201, 626, 628, 203, 202, 628, 634, 204, 203, 634, 635, 250, 204, 635, 639, 251, 250, 639, 641, 252, 251, 641, 643, 253, 252, 580, 645, 254, 283, 645, 647, 275, 254, 581, 649, 276, 284, 649, 651, 277, 276, 651, 653, 278, 277, 653, 585, 279, 278, 585, 584, 280, 279, 584, 578, 281, 280, 578, 576, 282, 281, 576, 577, 765, 282, 643, 580, 283, 253, 647, 581, 284, 275]
            uniform token subdivisionScheme = "none"
            custom string userProperties:blender:data_name = "Plane.003"
        }
    }

    def DomeLight "env_light" (
        prepend apiSchemas = ["ColorSpaceAPI"]
    )
    {
        uniform token colorSpace:name = "lin_rec709_scene"
        float inputs:intensity = 1
        asset inputs:texture:file = @./textures/color_0C0C0C.exr@
    }
}

