roi_image,source_image,category,split,slot,label,x_min,y_min,x_max,y_max
mvtec/cabbage/train/good/lighting_only_rgb_0066_SLOT_01.png,raw/lighting_only/rgb_0066.png,lighting_only,train,SLOT_01,good,143,235,239,331
mvtec/cabbage/train/good/lighting_only_rgb_0066_SLOT_02.png,raw/lighting_only/rgb_0066.png,lighting_only,train,SLOT_02,good,271,235,367,331
mvtec/cabbage/train/good/lighting_only_rgb_0066_SLOT_03.png,raw/lighting_only/rgb_0066.png,lighting_only,train,SLOT_03,good,405,235,501,331
mvtec/cabbage/train/good/lighting_only_rgb_0066_SLOT_04.png,raw/lighting_only/rgb_0066.png,lighting_only,train,SLOT_04,good,118,332,214,428
mvtec/cabbage/train/good/lighting_only_rgb_0066_SLOT_05.png,raw/lighting_only/rgb_0066.png,lighting_only,train,SLOT_05,good,271,332,367,428
mvtec/cabbage/train/good/lighting_only_rgb_0066_SLOT_06.png,raw/lighting_only/rgb_0066.png,lighting_only,train,SLOT_06,good,426,332,522,428
mvtec/cabbage/train/good/lighting_only_rgb_0187_SLOT_01.png,raw/lighting_only/rgb_0187.png,lighting_only,train,SLOT_01,good,143,235,239,331
mvtec/cabbage/train/good/lighting_only_rgb_0187_SLOT_02.png,raw/lighting_only/rgb_0187.png,lighting_only,train,SLOT_02,good,271,235,367,331
mvtec/cabbage/train/good/lighting_only_rgb_0187_SLOT_03.png,raw/lighting_only/rgb_0187.png,lighting_only,train,SLOT_03,good,405,235,501,331
mvtec/cabbage/train/good/lighting_only_rgb_0187_SLOT_04.png,raw/lighting_only/rgb_0187.png,lighting_only,train,SLOT_04,good,118,332,214,428
mvtec/cabbage/train/good/lighting_only_rgb_0187_SLOT_05.png,raw/lighting_only/rgb_0187.png,lighting_only,train,SLOT_05,good,271,332,367,428
mvtec/cabbage/train/good/lighting_only_rgb_0187_SLOT_06.png,raw/lighting_only/rgb_0187.png,lighting_only,train,SLOT_06,good,426,332,522,428
mvtec/cabbage/train/good/lighting_only_rgb_0101_SLOT_01.png,raw/lighting_only/rgb_0101.png,lighting_only,train,SLOT_01,good,143,235,239,331
mvtec/cabbage/train/good/lighting_only_rgb_0101_SLOT_02.png,raw/lighting_only/rgb_0101.png,lighting_only,train,SLOT_02,good,271,235,367,331
mvtec/cabbage/train/good/lighting_only_rgb_0101_SLOT_03.png,raw/lighting_only/rgb_0101.png,lighting_only,train,SLOT_03,good,405,235,501,331
mvtec/cabbage/train/good/lighting_only_rgb_0101_SLOT_04.png,raw/lighting_only/rgb_0101.png,lighting_only,train,SLOT_04,good,118,332,214,428
mvtec/cabbage/train/good/lighting_only_rgb_0101_SLOT_05.png,raw/lighting_only/rgb_0101.png,lighting_only,train,SLOT_05,good,271,332,367,428
mvtec/cabbage/train/good/lighting_only_rgb_0101_SLOT_06.png,raw/lighting_only/rgb_0101.png,lighting_only,train,SLOT_06,good,426,332,522,428
mvtec/cabbage/train/good/lighting_only_rgb_0193_SLOT_01.png,raw/lighting_only/rgb_0193.png,lighting_only,train,SLOT_01,good,143,235,239,331
mvtec/cabbage/train/good/lighting_only_rgb_0193_SLOT_02.png,raw/lighting_only/rgb_0193.png,lighting_only,train,SLOT_02,good,271,235,367,331
mvtec/cabbage/train/good/lighting_only_rgb_0193_SLOT_03.png,raw/lighting_only/rgb_0193.png,lighting_only,train,SLOT_03,good,405,235,501,331
mvtec/cabbage/train/good/lighting_only_rgb_0193_SLOT_04.png,raw/lighting_only/rgb_0193.png,lighting_only,train,SLOT_04,good,118,332,214,428
mvtec/cabbage/train/good/lighting_only_rgb_0193_SLOT_05.png,raw/lighting_only/rgb_0193.png,lighting_only,train,SLOT_05,good,271,332,367,428
mvtec/cabbage/train/good/lighting_only_rgb_0193_SLOT_06.png,raw/lighting_only/rgb_0193.png,lighting_only,train,SLOT_06,good,426,332,522,428
mvtec/cabbage/train/good/lighting_only_rgb_0111_SLOT_01.png,raw/lighting_only/rgb_0111.png,lighting_only,train,SLOT_01,good,143,235,239,331
mvtec/cabbage/train/good/lighting_only_rgb_0111_SLOT_02.png,raw/lighting_only/rgb_0111.png,lighting_only,train,SLOT_02,good,271,235,367,331
mvtec/cabbage/train/good/lighting_only_rgb_0111_SLOT_03.png,raw/lighting_only/rgb_0111.png,lighting_only,train,SLOT_03,good,405,235,501,331
mvtec/cabbage/train/good/lighting_only_rgb_0111_SLOT_04.png,raw/lighting_only/rgb_0111.png,lighting_only,train,SLOT_04,good,118,332,214,428
mvtec/cabbage/train/good/lighting_only_rgb_0111_SLOT_05.png,raw/lighting_only/rgb_0111.png,lighting_only,train,SLOT_05,good,271,332,367,428
mvtec/cabbage/train/good/lighting_only_rgb_0111_SLOT_06.png,raw/lighting_only/rgb_0111.png,lighting_only,train,SLOT_06,good,426,332,522,428
mvtec/cabbage/train/good/lighting_only_rgb_0121_SLOT_01.png,raw/lighting_only/rgb_0121.png,lighting_only,train,SLOT_01,good,143,235,239,331
mvtec/cabbage/train/good/lighting_only_rgb_0121_SLOT_02.png,raw/lighting_only/rgb_0121.png,lighting_only,train,SLOT_02,good,271,235,367,331
mvtec/cabbage/train/good/lighting_only_rgb_0121_SLOT_03.png,raw/lighting_only/rgb_0121.png,lighting_only,train,SLOT_03,good,405,235,501,331
mvtec/cabbage/train/good/lighting_only_rgb_0121_SLOT_04.png,raw/lighting_only/rgb_0121.png,lighting_only,train,SLOT_04,good,118,332,214,428
mvtec/cabbage/train/good/lighting_only_rgb_0121_SLOT_05.png,raw/lighting_only/rgb_0121.png,lighting_only,train,SLOT_05,good,271,332,367,428
mvtec/cabbage/train/good/lighting_only_rgb_0121_SLOT_06.png,raw/lighting_only/rgb_0121.png,lighting_only,train,SLOT_06,good,426,332,522,428
mvtec/cabbage/train/good/lighting_only_rgb_0013_SLOT_01.png,raw/lighting_only/rgb_0013.png,lighting_only,train,SLOT_01,good,143,235,239,331
mvtec/cabbage/train/good/lighting_only_rgb_0013_SLOT_02.png,raw/lighting_only/rgb_0013.png,lighting_only,train,SLOT_02,good,271,235,367,331
mvtec/cabbage/train/good/lighting_only_rgb_0013_SLOT_03.png,raw/lighting_only/rgb_0013.png,lighting_only,train,SLOT_03,good,405,235,501,331
mvtec/cabbage/train/good/lighting_only_rgb_0013_SLOT_04.png,raw/lighting_only/rgb_0013.png,lighting_only,train,SLOT_04,good,118,332,214,428
mvtec/cabbage/train/good/lighting_only_rgb_0013_SLOT_05.png,raw/lighting_only/rgb_0013.png,lighting_only,train,SLOT_05,good,271,332,367,428
mvtec/cabbage/train/good/lighting_only_rgb_0013_SLOT_06.png,raw/lighting_only/rgb_0013.png,lighting_only,train,SLOT_06,good,426,332,522,428
mvtec/cabbage/train/good/lighting_only_rgb_0002_SLOT_01.png,raw/lighting_only/rgb_0002.png,lighting_only,train,SLOT_01,good,143,235,239,331
mvtec/cabbage/train/good/lighting_only_rgb_0002_SLOT_02.png,raw/lighting_only/rgb_0002.png,lighting_only,train,SLOT_02,good,271,235,367,331
mvtec/cabbage/train/good/lighting_only_rgb_0002_SLOT_03.png,raw/lighting_only/rgb_0002.png,lighting_only,train,SLOT_03,good,405,235,501,331
mvtec/cabbage/train/good/lighting_only_rgb_0002_SLOT_04.png,raw/lighting_only/rgb_0002.png,lighting_only,train,SLOT_04,good,118,332,214,428
mvtec/cabbage/train/good/lighting_only_rgb_0002_SLOT_05.png,raw/lighting_only/rgb_0002.png,lighting_only,train,SLOT_05,good,271,332,367,428
mvtec/cabbage/train/good/lighting_only_rgb_0002_SLOT_06.png,raw/lighting_only/rgb_0002.png,lighting_only,train,SLOT_06,good,426,332,522,428
mvtec/cabbage/train/good/lighting_only_rgb_0064_SLOT_01.png,raw/lighting_only/rgb_0064.png,lighting_only,train,SLOT_01,good,143,235,239,331
mvtec/cabbage/train/good/lighting_only_rgb_0064_SLOT_02.png,raw/lighting_only/rgb_0064.png,lighting_only,train,SLOT_02,good,271,235,367,331
mvtec/cabbage/train/good/lighting_only_rgb_0064_SLOT_03.png,raw/lighting_only/rgb_0064.png,lighting_only,train,SLOT_03,good,405,235,501,331
mvtec/cabbage/train/good/lighting_only_rgb_0064_SLOT_04.png,raw/lighting_only/rgb_0064.png,lighting_only,train,SLOT_04,good,118,332,214,428
mvtec/cabbage/train/good/lighting_only_rgb_0064_SLOT_05.png,raw/lighting_only/rgb_0064.png,lighting_only,train,SLOT_05,good,271,332,367,428
mvtec/cabbage/train/good/lighting_only_rgb_0064_SLOT_06.png,raw/lighting_only/rgb_0064.png,lighting_only,train,SLOT_06,good,426,332,522,428
mvtec/cabbage/train/good/lighting_only_rgb_0044_SLOT_01.png,raw/lighting_only/rgb_0044.png,lighting_only,train,SLOT_01,good,143,235,239,331
mvtec/cabbage/train/good/lighting_only_rgb_0044_SLOT_02.png,raw/lighting_only/rgb_0044.png,lighting_only,train,SLOT_02,good,271,235,367,331
mvtec/cabbage/train/good/lighting_only_rgb_0044_SLOT_03.png,raw/lighting_only/rgb_0044.png,lighting_only,train,SLOT_03,good,405,235,501,331
mvtec/cabbage/train/good/lighting_only_rgb_0044_SLOT_04.png,raw/lighting_only/rgb_0044.png,lighting_only,train,SLOT_04,good,118,332,214,428
mvtec/cabbage/train/good/lighting_only_rgb_0044_SLOT_05.png,raw/lighting_only/rgb_0044.png,lighting_only,train,SLOT_05,good,271,332,367,428
mvtec/cabbage/train/good/lighting_only_rgb_0044_SLOT_06.png,raw/lighting_only/rgb_0044.png,lighting_only,train,SLOT_06,good,426,332,522,428
mvtec/cabbage/train/good/lighting_only_rgb_0136_SLOT_01.png,raw/lighting_only/rgb_0136.png,lighting_only,train,SLOT_01,good,143,235,239,331
mvtec/cabbage/train/good/lighting_only_rgb_0136_SLOT_02.png,raw/lighting_only/rgb_0136.png,lighting_only,train,SLOT_02,good,271,235,367,331
mvtec/cabbage/train/good/lighting_only_rgb_0136_SLOT_03.png,raw/lighting_only/rgb_0136.png,lighting_only,train,SLOT_03,good,405,235,501,331
mvtec/cabbage/train/good/lighting_only_rgb_0136_SLOT_04.png,raw/lighting_only/rgb_0136.png,lighting_only,train,SLOT_04,good,118,332,214,428
mvtec/cabbage/train/good/lighting_only_rgb_0136_SLOT_05.png,raw/lighting_only/rgb_0136.png,lighting_only,train,SLOT_05,good,271,332,367,428
mvtec/cabbage/train/good/lighting_only_rgb_0136_SLOT_06.png,raw/lighting_only/rgb_0136.png,lighting_only,train,SLOT_06,good,426,332,522,428
mvtec/cabbage/train/good/lighting_only_rgb_0170_SLOT_01.png,raw/lighting_only/rgb_0170.png,lighting_only,train,SLOT_01,good,143,235,239,331
mvtec/cabbage/train/good/lighting_only_rgb_0170_SLOT_02.png,raw/lighting_only/rgb_0170.png,lighting_only,train,SLOT_02,good,271,235,367,331
mvtec/cabbage/train/good/lighting_only_rgb_0170_SLOT_03.png,raw/lighting_only/rgb_0170.png,lighting_only,train,SLOT_03,good,405,235,501,331
mvtec/cabbage/train/good/lighting_only_rgb_0170_SLOT_04.png,raw/lighting_only/rgb_0170.png,lighting_only,train,SLOT_04,good,118,332,214,428
mvtec/cabbage/train/good/lighting_only_rgb_0170_SLOT_05.png,raw/lighting_only/rgb_0170.png,lighting_only,train,SLOT_05,good,271,332,367,428
mvtec/cabbage/train/good/lighting_only_rgb_0170_SLOT_06.png,raw/lighting_only/rgb_0170.png,lighting_only,train,SLOT_06,good,426,332,522,428
mvtec/cabbage/train/good/lighting_only_rgb_0128_SLOT_01.png,raw/lighting_only/rgb_0128.png,lighting_only,train,SLOT_01,good,143,235,239,331
mvtec/cabbage/train/good/lighting_only_rgb_0128_SLOT_02.png,raw/lighting_only/rgb_0128.png,lighting_only,train,SLOT_02,good,271,235,367,331
mvtec/cabbage/train/good/lighting_only_rgb_0128_SLOT_03.png,raw/lighting_only/rgb_0128.png,lighting_only,train,SLOT_03,good,405,235,501,331
mvtec/cabbage/train/good/lighting_only_rgb_0128_SLOT_04.png,raw/lighting_only/rgb_0128.png,lighting_only,train,SLOT_04,good,118,332,214,428
mvtec/cabbage/train/good/lighting_only_rgb_0128_SLOT_05.png,raw/lighting_only/rgb_0128.png,lighting_only,train,SLOT_05,good,271,332,367,428
mvtec/cabbage/train/good/lighting_only_rgb_0128_SLOT_06.png,raw/lighting_only/rgb_0128.png,lighting_only,train,SLOT_06,good,426,332,522,428
mvtec/cabbage/train/good/lighting_only_rgb_0076_SLOT_01.png,raw/lighting_only/rgb_0076.png,lighting_only,train,SLOT_01,good,143,235,239,331
mvtec/cabbage/train/good/lighting_only_rgb_0076_SLOT_02.png,raw/lighting_only/rgb_0076.png,lighting_only,train,SLOT_02,good,271,235,367,331
mvtec/cabbage/train/good/lighting_only_rgb_0076_SLOT_03.png,raw/lighting_only/rgb_0076.png,lighting_only,train,SLOT_03,good,405,235,501,331
mvtec/cabbage/train/good/lighting_only_rgb_0076_SLOT_04.png,raw/lighting_only/rgb_0076.png,lighting_only,train,SLOT_04,good,118,332,214,428
mvtec/cabbage/train/good/lighting_only_rgb_0076_SLOT_05.png,raw/lighting_only/rgb_0076.png,lighting_only,train,SLOT_05,good,271,332,367,428
mvtec/cabbage/train/good/lighting_only_rgb_0076_SLOT_06.png,raw/lighting_only/rgb_0076.png,lighting_only,train,SLOT_06,good,426,332,522,428
mvtec/cabbage/train/good/lighting_only_rgb_0158_SLOT_01.png,raw/lighting_only/rgb_0158.png,lighting_only,train,SLOT_01,good,143,235,239,331
mvtec/cabbage/train/good/lighting_only_rgb_0158_SLOT_02.png,raw/lighting_only/rgb_0158.png,lighting_only,train,SLOT_02,good,271,235,367,331
mvtec/cabbage/train/good/lighting_only_rgb_0158_SLOT_03.png,raw/lighting_only/rgb_0158.png,lighting_only,train,SLOT_03,good,405,235,501,331
mvtec/cabbage/train/good/lighting_only_rgb_0158_SLOT_04.png,raw/lighting_only/rgb_0158.png,lighting_only,train,SLOT_04,good,118,332,214,428
mvtec/cabbage/train/good/lighting_only_rgb_0158_SLOT_05.png,raw/lighting_only/rgb_0158.png,lighting_only,train,SLOT_05,good,271,332,367,428
mvtec/cabbage/train/good/lighting_only_rgb_0158_SLOT_06.png,raw/lighting_only/rgb_0158.png,lighting_only,train,SLOT_06,good,426,332,522,428
mvtec/cabbage/train/good/lighting_only_rgb_0167_SLOT_01.png,raw/lighting_only/rgb_0167.png,lighting_only,train,SLOT_01,good,143,235,239,331
mvtec/cabbage/train/good/lighting_only_rgb_0167_SLOT_02.png,raw/lighting_only/rgb_0167.png,lighting_only,train,SLOT_02,good,271,235,367,331
mvtec/cabbage/train/good/lighting_only_rgb_0167_SLOT_03.png,raw/lighting_only/rgb_0167.png,lighting_only,train,SLOT_03,good,405,235,501,331
mvtec/cabbage/train/good/lighting_only_rgb_0167_SLOT_04.png,raw/lighting_only/rgb_0167.png,lighting_only,train,SLOT_04,good,118,332,214,428
mvtec/cabbage/train/good/lighting_only_rgb_0167_SLOT_05.png,raw/lighting_only/rgb_0167.png,lighting_only,train,SLOT_05,good,271,332,367,428
mvtec/cabbage/train/good/lighting_only_rgb_0167_SLOT_06.png,raw/lighting_only/rgb_0167.png,lighting_only,train,SLOT_06,good,426,332,522,428
mvtec/cabbage/train/good/lighting_only_rgb_0045_SLOT_01.png,raw/lighting_only/rgb_0045.png,lighting_only,train,SLOT_01,good,143,235,239,331
mvtec/cabbage/train/good/lighting_only_rgb_0045_SLOT_02.png,raw/lighting_only/rgb_0045.png,lighting_only,train,SLOT_02,good,271,235,367,331
mvtec/cabbage/train/good/lighting_only_rgb_0045_SLOT_03.png,raw/lighting_only/rgb_0045.png,lighting_only,train,SLOT_03,good,405,235,501,331
mvtec/cabbage/train/good/lighting_only_rgb_0045_SLOT_04.png,raw/lighting_only/rgb_0045.png,lighting_only,train,SLOT_04,good,118,332,214,428
mvtec/cabbage/train/good/lighting_only_rgb_0045_SLOT_05.png,raw/lighting_only/rgb_0045.png,lighting_only,train,SLOT_05,good,271,332,367,428
mvtec/cabbage/train/good/lighting_only_rgb_0045_SLOT_06.png,raw/lighting_only/rgb_0045.png,lighting_only,train,SLOT_06,good,426,332,522,428
mvtec/cabbage/train/good/lighting_only_rgb_0130_SLOT_01.png,raw/lighting_only/rgb_0130.png,lighting_only,train,SLOT_01,good,143,235,239,331
mvtec/cabbage/train/good/lighting_only_rgb_0130_SLOT_02.png,raw/lighting_only/rgb_0130.png,lighting_only,train,SLOT_02,good,271,235,367,331
mvtec/cabbage/train/good/lighting_only_rgb_0130_SLOT_03.png,raw/lighting_only/rgb_0130.png,lighting_only,train,SLOT_03,good,405,235,501,331
mvtec/cabbage/train/good/lighting_only_rgb_0130_SLOT_04.png,raw/lighting_only/rgb_0130.png,lighting_only,train,SLOT_04,good,118,332,214,428
mvtec/cabbage/train/good/lighting_only_rgb_0130_SLOT_05.png,raw/lighting_only/rgb_0130.png,lighting_only,train,SLOT_05,good,271,332,367,428
mvtec/cabbage/train/good/lighting_only_rgb_0130_SLOT_06.png,raw/lighting_only/rgb_0130.png,lighting_only,train,SLOT_06,good,426,332,522,428
mvtec/cabbage/train/good/lighting_only_rgb_0030_SLOT_01.png,raw/lighting_only/rgb_0030.png,lighting_only,train,SLOT_01,good,143,235,239,331
mvtec/cabbage/train/good/lighting_only_rgb_0030_SLOT_02.png,raw/lighting_only/rgb_0030.png,lighting_only,train,SLOT_02,good,271,235,367,331
mvtec/cabbage/train/good/lighting_only_rgb_0030_SLOT_03.png,raw/lighting_only/rgb_0030.png,lighting_only,train,SLOT_03,good,405,235,501,331
mvtec/cabbage/train/good/lighting_only_rgb_0030_SLOT_04.png,raw/lighting_only/rgb_0030.png,lighting_only,train,SLOT_04,good,118,332,214,428
mvtec/cabbage/train/good/lighting_only_rgb_0030_SLOT_05.png,raw/lighting_only/rgb_0030.png,lighting_only,train,SLOT_05,good,271,332,367,428
mvtec/cabbage/train/good/lighting_only_rgb_0030_SLOT_06.png,raw/lighting_only/rgb_0030.png,lighting_only,train,SLOT_06,good,426,332,522,428
mvtec/cabbage/train/good/lighting_only_rgb_0003_SLOT_01.png,raw/lighting_only/rgb_0003.png,lighting_only,train,SLOT_01,good,143,235,239,331
mvtec/cabbage/train/good/lighting_only_rgb_0003_SLOT_02.png,raw/lighting_only/rgb_0003.png,lighting_only,train,SLOT_02,good,271,235,367,331
mvtec/cabbage/train/good/lighting_only_rgb_0003_SLOT_03.png,raw/lighting_only/rgb_0003.png,lighting_only,train,SLOT_03,good,405,235,501,331
mvtec/cabbage/train/good/lighting_only_rgb_0003_SLOT_04.png,raw/lighting_only/rgb_0003.png,lighting_only,train,SLOT_04,good,118,332,214,428
mvtec/cabbage/train/good/lighting_only_rgb_0003_SLOT_05.png,raw/lighting_only/rgb_0003.png,lighting_only,train,SLOT_05,good,271,332,367,428
mvtec/cabbage/train/good/lighting_only_rgb_0003_SLOT_06.png,raw/lighting_only/rgb_0003.png,lighting_only,train,SLOT_06,good,426,332,522,428
mvtec/cabbage/train/good/lighting_only_rgb_0159_SLOT_01.png,raw/lighting_only/rgb_0159.png,lighting_only,train,SLOT_01,good,143,235,239,331
mvtec/cabbage/train/good/lighting_only_rgb_0159_SLOT_02.png,raw/lighting_only/rgb_0159.png,lighting_only,train,SLOT_02,good,271,235,367,331
mvtec/cabbage/train/good/lighting_only_rgb_0159_SLOT_03.png,raw/lighting_only/rgb_0159.png,lighting_only,train,SLOT_03,good,405,235,501,331
mvtec/cabbage/train/good/lighting_only_rgb_0159_SLOT_04.png,raw/lighting_only/rgb_0159.png,lighting_only,train,SLOT_04,good,118,332,214,428
mvtec/cabbage/train/good/lighting_only_rgb_0159_SLOT_05.png,raw/lighting_only/rgb_0159.png,lighting_only,train,SLOT_05,good,271,332,367,428
mvtec/cabbage/train/good/lighting_only_rgb_0159_SLOT_06.png,raw/lighting_only/rgb_0159.png,lighting_only,train,SLOT_06,good,426,332,522,428
mvtec/cabbage/train/good/lighting_only_rgb_0015_SLOT_01.png,raw/lighting_only/rgb_0015.png,lighting_only,train,SLOT_01,good,143,235,239,331
mvtec/cabbage/train/good/lighting_only_rgb_0015_SLOT_02.png,raw/lighting_only/rgb_0015.png,lighting_only,train,SLOT_02,good,271,235,367,331
mvtec/cabbage/train/good/lighting_only_rgb_0015_SLOT_03.png,raw/lighting_only/rgb_0015.png,lighting_only,train,SLOT_03,good,405,235,501,331
mvtec/cabbage/train/good/lighting_only_rgb_0015_SLOT_04.png,raw/lighting_only/rgb_0015.png,lighting_only,train,SLOT_04,good,118,332,214,428
mvtec/cabbage/train/good/lighting_only_rgb_0015_SLOT_05.png,raw/lighting_only/rgb_0015.png,lighting_only,train,SLOT_05,good,271,332,367,428
mvtec/cabbage/train/good/lighting_only_rgb_0015_SLOT_06.png,raw/lighting_only/rgb_0015.png,lighting_only,train,SLOT_06,good,426,332,522,428
mvtec/cabbage/train/good/lighting_only_rgb_0042_SLOT_01.png,raw/lighting_only/rgb_0042.png,lighting_only,train,SLOT_01,good,143,235,239,331
mvtec/cabbage/train/good/lighting_only_rgb_0042_SLOT_02.png,raw/lighting_only/rgb_0042.png,lighting_only,train,SLOT_02,good,271,235,367,331
mvtec/cabbage/train/good/lighting_only_rgb_0042_SLOT_03.png,raw/lighting_only/rgb_0042.png,lighting_only,train,SLOT_03,good,405,235,501,331
mvtec/cabbage/train/good/lighting_only_rgb_0042_SLOT_04.png,raw/lighting_only/rgb_0042.png,lighting_only,train,SLOT_04,good,118,332,214,428
mvtec/cabbage/train/good/lighting_only_rgb_0042_SLOT_05.png,raw/lighting_only/rgb_0042.png,lighting_only,train,SLOT_05,good,271,332,367,428
mvtec/cabbage/train/good/lighting_only_rgb_0042_SLOT_06.png,raw/lighting_only/rgb_0042.png,lighting_only,train,SLOT_06,good,426,332,522,428
mvtec/cabbage/train/good/lighting_only_rgb_0126_SLOT_01.png,raw/lighting_only/rgb_0126.png,lighting_only,train,SLOT_01,good,143,235,239,331
mvtec/cabbage/train/good/lighting_only_rgb_0126_SLOT_02.png,raw/lighting_only/rgb_0126.png,lighting_only,train,SLOT_02,good,271,235,367,331
mvtec/cabbage/train/good/lighting_only_rgb_0126_SLOT_03.png,raw/lighting_only/rgb_0126.png,lighting_only,train,SLOT_03,good,405,235,501,331
mvtec/cabbage/train/good/lighting_only_rgb_0126_SLOT_04.png,raw/lighting_only/rgb_0126.png,lighting_only,train,SLOT_04,good,118,332,214,428
mvtec/cabbage/train/good/lighting_only_rgb_0126_SLOT_05.png,raw/lighting_only/rgb_0126.png,lighting_only,train,SLOT_05,good,271,332,367,428
mvtec/cabbage/train/good/lighting_only_rgb_0126_SLOT_06.png,raw/lighting_only/rgb_0126.png,lighting_only,train,SLOT_06,good,426,332,522,428
mvtec/cabbage/train/good/lighting_only_rgb_0186_SLOT_01.png,raw/lighting_only/rgb_0186.png,lighting_only,train,SLOT_01,good,143,235,239,331
mvtec/cabbage/train/good/lighting_only_rgb_0186_SLOT_02.png,raw/lighting_only/rgb_0186.png,lighting_only,train,SLOT_02,good,271,235,367,331
mvtec/cabbage/train/good/lighting_only_rgb_0186_SLOT_03.png,raw/lighting_only/rgb_0186.png,lighting_only,train,SLOT_03,good,405,235,501,331
mvtec/cabbage/train/good/lighting_only_rgb_0186_SLOT_04.png,raw/lighting_only/rgb_0186.png,lighting_only,train,SLOT_04,good,118,332,214,428
mvtec/cabbage/train/good/lighting_only_rgb_0186_SLOT_05.png,raw/lighting_only/rgb_0186.png,lighting_only,train,SLOT_05,good,271,332,367,428
mvtec/cabbage/train/good/lighting_only_rgb_0186_SLOT_06.png,raw/lighting_only/rgb_0186.png,lighting_only,train,SLOT_06,good,426,332,522,428
mvtec/cabbage/train/good/lighting_only_rgb_0162_SLOT_01.png,raw/lighting_only/rgb_0162.png,lighting_only,train,SLOT_01,good,143,235,239,331
mvtec/cabbage/train/good/lighting_only_rgb_0162_SLOT_02.png,raw/lighting_only/rgb_0162.png,lighting_only,train,SLOT_02,good,271,235,367,331
mvtec/cabbage/train/good/lighting_only_rgb_0162_SLOT_03.png,raw/lighting_only/rgb_0162.png,lighting_only,train,SLOT_03,good,405,235,501,331
mvtec/cabbage/train/good/lighting_only_rgb_0162_SLOT_04.png,raw/lighting_only/rgb_0162.png,lighting_only,train,SLOT_04,good,118,332,214,428
mvtec/cabbage/train/good/lighting_only_rgb_0162_SLOT_05.png,raw/lighting_only/rgb_0162.png,lighting_only,train,SLOT_05,good,271,332,367,428
mvtec/cabbage/train/good/lighting_only_rgb_0162_SLOT_06.png,raw/lighting_only/rgb_0162.png,lighting_only,train,SLOT_06,good,426,332,522,428
mvtec/cabbage/train/good/lighting_only_rgb_0047_SLOT_01.png,raw/lighting_only/rgb_0047.png,lighting_only,train,SLOT_01,good,143,235,239,331
mvtec/cabbage/train/good/lighting_only_rgb_0047_SLOT_02.png,raw/lighting_only/rgb_0047.png,lighting_only,train,SLOT_02,good,271,235,367,331
mvtec/cabbage/train/good/lighting_only_rgb_0047_SLOT_03.png,raw/lighting_only/rgb_0047.png,lighting_only,train,SLOT_03,good,405,235,501,331
mvtec/cabbage/train/good/lighting_only_rgb_0047_SLOT_04.png,raw/lighting_only/rgb_0047.png,lighting_only,train,SLOT_04,good,118,332,214,428
mvtec/cabbage/train/good/lighting_only_rgb_0047_SLOT_05.png,raw/lighting_only/rgb_0047.png,lighting_only,train,SLOT_05,good,271,332,367,428
mvtec/cabbage/train/good/lighting_only_rgb_0047_SLOT_06.png,raw/lighting_only/rgb_0047.png,lighting_only,train,SLOT_06,good,426,332,522,428
mvtec/cabbage/train/good/lighting_only_rgb_0110_SLOT_01.png,raw/lighting_only/rgb_0110.png,lighting_only,train,SLOT_01,good,143,235,239,331
mvtec/cabbage/train/good/lighting_only_rgb_0110_SLOT_02.png,raw/lighting_only/rgb_0110.png,lighting_only,train,SLOT_02,good,271,235,367,331
mvtec/cabbage/train/good/lighting_only_rgb_0110_SLOT_03.png,raw/lighting_only/rgb_0110.png,lighting_only,train,SLOT_03,good,405,235,501,331
mvtec/cabbage/train/good/lighting_only_rgb_0110_SLOT_04.png,raw/lighting_only/rgb_0110.png,lighting_only,train,SLOT_04,good,118,332,214,428
mvtec/cabbage/train/good/lighting_only_rgb_0110_SLOT_05.png,raw/lighting_only/rgb_0110.png,lighting_only,train,SLOT_05,good,271,332,367,428
mvtec/cabbage/train/good/lighting_only_rgb_0110_SLOT_06.png,raw/lighting_only/rgb_0110.png,lighting_only,train,SLOT_06,good,426,332,522,428
mvtec/cabbage/train/good/lighting_only_rgb_0005_SLOT_01.png,raw/lighting_only/rgb_0005.png,lighting_only,train,SLOT_01,good,143,235,239,331
mvtec/cabbage/train/good/lighting_only_rgb_0005_SLOT_02.png,raw/lighting_only/rgb_0005.png,lighting_only,train,SLOT_02,good,271,235,367,331
mvtec/cabbage/train/good/lighting_only_rgb_0005_SLOT_03.png,raw/lighting_only/rgb_0005.png,lighting_only,train,SLOT_03,good,405,235,501,331
mvtec/cabbage/train/good/lighting_only_rgb_0005_SLOT_04.png,raw/lighting_only/rgb_0005.png,lighting_only,train,SLOT_04,good,118,332,214,428
mvtec/cabbage/train/good/lighting_only_rgb_0005_SLOT_05.png,raw/lighting_only/rgb_0005.png,lighting_only,train,SLOT_05,good,271,332,367,428
mvtec/cabbage/train/good/lighting_only_rgb_0005_SLOT_06.png,raw/lighting_only/rgb_0005.png,lighting_only,train,SLOT_06,good,426,332,522,428
mvtec/cabbage/train/good/lighting_only_rgb_0194_SLOT_01.png,raw/lighting_only/rgb_0194.png,lighting_only,train,SLOT_01,good,143,235,239,331
mvtec/cabbage/train/good/lighting_only_rgb_0194_SLOT_02.png,raw/lighting_only/rgb_0194.png,lighting_only,train,SLOT_02,good,271,235,367,331
mvtec/cabbage/train/good/lighting_only_rgb_0194_SLOT_03.png,raw/lighting_only/rgb_0194.png,lighting_only,train,SLOT_03,good,405,235,501,331
mvtec/cabbage/train/good/lighting_only_rgb_0194_SLOT_04.png,raw/lighting_only/rgb_0194.png,lighting_only,train,SLOT_04,good,118,332,214,428
mvtec/cabbage/train/good/lighting_only_rgb_0194_SLOT_05.png,raw/lighting_only/rgb_0194.png,lighting_only,train,SLOT_05,good,271,332,367,428
mvtec/cabbage/train/good/lighting_only_rgb_0194_SLOT_06.png,raw/lighting_only/rgb_0194.png,lighting_only,train,SLOT_06,good,426,332,522,428
mvtec/cabbage/train/good/lighting_only_rgb_0037_SLOT_01.png,raw/lighting_only/rgb_0037.png,lighting_only,train,SLOT_01,good,143,235,239,331
mvtec/cabbage/train/good/lighting_only_rgb_0037_SLOT_02.png,raw/lighting_only/rgb_0037.png,lighting_only,train,SLOT_02,good,271,235,367,331
mvtec/cabbage/train/good/lighting_only_rgb_0037_SLOT_03.png,raw/lighting_only/rgb_0037.png,lighting_only,train,SLOT_03,good,405,235,501,331
mvtec/cabbage/train/good/lighting_only_rgb_0037_SLOT_04.png,raw/lighting_only/rgb_0037.png,lighting_only,train,SLOT_04,good,118,332,214,428
mvtec/cabbage/train/good/lighting_only_rgb_0037_SLOT_05.png,raw/lighting_only/rgb_0037.png,lighting_only,train,SLOT_05,good,271,332,367,428
mvtec/cabbage/train/good/lighting_only_rgb_0037_SLOT_06.png,raw/lighting_only/rgb_0037.png,lighting_only,train,SLOT_06,good,426,332,522,428
mvtec/cabbage/train/good/lighting_only_rgb_0122_SLOT_01.png,raw/lighting_only/rgb_0122.png,lighting_only,train,SLOT_01,good,143,235,239,331
mvtec/cabbage/train/good/lighting_only_rgb_0122_SLOT_02.png,raw/lighting_only/rgb_0122.png,lighting_only,train,SLOT_02,good,271,235,367,331
mvtec/cabbage/train/good/lighting_only_rgb_0122_SLOT_03.png,raw/lighting_only/rgb_0122.png,lighting_only,train,SLOT_03,good,405,235,501,331
mvtec/cabbage/train/good/lighting_only_rgb_0122_SLOT_04.png,raw/lighting_only/rgb_0122.png,lighting_only,train,SLOT_04,good,118,332,214,428
mvtec/cabbage/train/good/lighting_only_rgb_0122_SLOT_05.png,raw/lighting_only/rgb_0122.png,lighting_only,train,SLOT_05,good,271,332,367,428
mvtec/cabbage/train/good/lighting_only_rgb_0122_SLOT_06.png,raw/lighting_only/rgb_0122.png,lighting_only,train,SLOT_06,good,426,332,522,428
mvtec/cabbage/train/good/lighting_only_rgb_0012_SLOT_01.png,raw/lighting_only/rgb_0012.png,lighting_only,train,SLOT_01,good,143,235,239,331
mvtec/cabbage/train/good/lighting_only_rgb_0012_SLOT_02.png,raw/lighting_only/rgb_0012.png,lighting_only,train,SLOT_02,good,271,235,367,331
mvtec/cabbage/train/good/lighting_only_rgb_0012_SLOT_03.png,raw/lighting_only/rgb_0012.png,lighting_only,train,SLOT_03,good,405,235,501,331
mvtec/cabbage/train/good/lighting_only_rgb_0012_SLOT_04.png,raw/lighting_only/rgb_0012.png,lighting_only,train,SLOT_04,good,118,332,214,428
mvtec/cabbage/train/good/lighting_only_rgb_0012_SLOT_05.png,raw/lighting_only/rgb_0012.png,lighting_only,train,SLOT_05,good,271,332,367,428
mvtec/cabbage/train/good/lighting_only_rgb_0012_SLOT_06.png,raw/lighting_only/rgb_0012.png,lighting_only,train,SLOT_06,good,426,332,522,428
mvtec/cabbage/train/good/lighting_only_rgb_0036_SLOT_01.png,raw/lighting_only/rgb_0036.png,lighting_only,train,SLOT_01,good,143,235,239,331
mvtec/cabbage/train/good/lighting_only_rgb_0036_SLOT_02.png,raw/lighting_only/rgb_0036.png,lighting_only,train,SLOT_02,good,271,235,367,331
mvtec/cabbage/train/good/lighting_only_rgb_0036_SLOT_03.png,raw/lighting_only/rgb_0036.png,lighting_only,train,SLOT_03,good,405,235,501,331
mvtec/cabbage/train/good/lighting_only_rgb_0036_SLOT_04.png,raw/lighting_only/rgb_0036.png,lighting_only,train,SLOT_04,good,118,332,214,428
mvtec/cabbage/train/good/lighting_only_rgb_0036_SLOT_05.png,raw/lighting_only/rgb_0036.png,lighting_only,train,SLOT_05,good,271,332,367,428
mvtec/cabbage/train/good/lighting_only_rgb_0036_SLOT_06.png,raw/lighting_only/rgb_0036.png,lighting_only,train,SLOT_06,good,426,332,522,428
mvtec/cabbage/train/good/lighting_only_rgb_0153_SLOT_01.png,raw/lighting_only/rgb_0153.png,lighting_only,train,SLOT_01,good,143,235,239,331
mvtec/cabbage/train/good/lighting_only_rgb_0153_SLOT_02.png,raw/lighting_only/rgb_0153.png,lighting_only,train,SLOT_02,good,271,235,367,331
mvtec/cabbage/train/good/lighting_only_rgb_0153_SLOT_03.png,raw/lighting_only/rgb_0153.png,lighting_only,train,SLOT_03,good,405,235,501,331
mvtec/cabbage/train/good/lighting_only_rgb_0153_SLOT_04.png,raw/lighting_only/rgb_0153.png,lighting_only,train,SLOT_04,good,118,332,214,428
mvtec/cabbage/train/good/lighting_only_rgb_0153_SLOT_05.png,raw/lighting_only/rgb_0153.png,lighting_only,train,SLOT_05,good,271,332,367,428
mvtec/cabbage/train/good/lighting_only_rgb_0153_SLOT_06.png,raw/lighting_only/rgb_0153.png,lighting_only,train,SLOT_06,good,426,332,522,428
mvtec/cabbage/train/good/lighting_only_rgb_0069_SLOT_01.png,raw/lighting_only/rgb_0069.png,lighting_only,train,SLOT_01,good,143,235,239,331
mvtec/cabbage/train/good/lighting_only_rgb_0069_SLOT_02.png,raw/lighting_only/rgb_0069.png,lighting_only,train,SLOT_02,good,271,235,367,331
mvtec/cabbage/train/good/lighting_only_rgb_0069_SLOT_03.png,raw/lighting_only/rgb_0069.png,lighting_only,train,SLOT_03,good,405,235,501,331
mvtec/cabbage/train/good/lighting_only_rgb_0069_SLOT_04.png,raw/lighting_only/rgb_0069.png,lighting_only,train,SLOT_04,good,118,332,214,428
mvtec/cabbage/train/good/lighting_only_rgb_0069_SLOT_05.png,raw/lighting_only/rgb_0069.png,lighting_only,train,SLOT_05,good,271,332,367,428
mvtec/cabbage/train/good/lighting_only_rgb_0069_SLOT_06.png,raw/lighting_only/rgb_0069.png,lighting_only,train,SLOT_06,good,426,332,522,428
mvtec/cabbage/train/good/lighting_only_rgb_0061_SLOT_01.png,raw/lighting_only/rgb_0061.png,lighting_only,train,SLOT_01,good,143,235,239,331
mvtec/cabbage/train/good/lighting_only_rgb_0061_SLOT_02.png,raw/lighting_only/rgb_0061.png,lighting_only,train,SLOT_02,good,271,235,367,331
mvtec/cabbage/train/good/lighting_only_rgb_0061_SLOT_03.png,raw/lighting_only/rgb_0061.png,lighting_only,train,SLOT_03,good,405,235,501,331
mvtec/cabbage/train/good/lighting_only_rgb_0061_SLOT_04.png,raw/lighting_only/rgb_0061.png,lighting_only,train,SLOT_04,good,118,332,214,428
mvtec/cabbage/train/good/lighting_only_rgb_0061_SLOT_05.png,raw/lighting_only/rgb_0061.png,lighting_only,train,SLOT_05,good,271,332,367,428
mvtec/cabbage/train/good/lighting_only_rgb_0061_SLOT_06.png,raw/lighting_only/rgb_0061.png,lighting_only,train,SLOT_06,good,426,332,522,428
mvtec/cabbage/train/good/lighting_only_rgb_0195_SLOT_01.png,raw/lighting_only/rgb_0195.png,lighting_only,train,SLOT_01,good,143,235,239,331
mvtec/cabbage/train/good/lighting_only_rgb_0195_SLOT_02.png,raw/lighting_only/rgb_0195.png,lighting_only,train,SLOT_02,good,271,235,367,331
mvtec/cabbage/train/good/lighting_only_rgb_0195_SLOT_03.png,raw/lighting_only/rgb_0195.png,lighting_only,train,SLOT_03,good,405,235,501,331
mvtec/cabbage/train/good/lighting_only_rgb_0195_SLOT_04.png,raw/lighting_only/rgb_0195.png,lighting_only,train,SLOT_04,good,118,332,214,428
mvtec/cabbage/train/good/lighting_only_rgb_0195_SLOT_05.png,raw/lighting_only/rgb_0195.png,lighting_only,train,SLOT_05,good,271,332,367,428
mvtec/cabbage/train/good/lighting_only_rgb_0195_SLOT_06.png,raw/lighting_only/rgb_0195.png,lighting_only,train,SLOT_06,good,426,332,522,428
mvtec/cabbage/train/good/lighting_only_rgb_0032_SLOT_01.png,raw/lighting_only/rgb_0032.png,lighting_only,train,SLOT_01,good,143,235,239,331
mvtec/cabbage/train/good/lighting_only_rgb_0032_SLOT_02.png,raw/lighting_only/rgb_0032.png,lighting_only,train,SLOT_02,good,271,235,367,331
mvtec/cabbage/train/good/lighting_only_rgb_0032_SLOT_03.png,raw/lighting_only/rgb_0032.png,lighting_only,train,SLOT_03,good,405,235,501,331
mvtec/cabbage/train/good/lighting_only_rgb_0032_SLOT_04.png,raw/lighting_only/rgb_0032.png,lighting_only,train,SLOT_04,good,118,332,214,428
mvtec/cabbage/train/good/lighting_only_rgb_0032_SLOT_05.png,raw/lighting_only/rgb_0032.png,lighting_only,train,SLOT_05,good,271,332,367,428
mvtec/cabbage/train/good/lighting_only_rgb_0032_SLOT_06.png,raw/lighting_only/rgb_0032.png,lighting_only,train,SLOT_06,good,426,332,522,428
mvtec/cabbage/train/good/lighting_only_rgb_0172_SLOT_01.png,raw/lighting_only/rgb_0172.png,lighting_only,train,SLOT_01,good,143,235,239,331
mvtec/cabbage/train/good/lighting_only_rgb_0172_SLOT_02.png,raw/lighting_only/rgb_0172.png,lighting_only,train,SLOT_02,good,271,235,367,331
mvtec/cabbage/train/good/lighting_only_rgb_0172_SLOT_03.png,raw/lighting_only/rgb_0172.png,lighting_only,train,SLOT_03,good,405,235,501,331
mvtec/cabbage/train/good/lighting_only_rgb_0172_SLOT_04.png,raw/lighting_only/rgb_0172.png,lighting_only,train,SLOT_04,good,118,332,214,428
mvtec/cabbage/train/good/lighting_only_rgb_0172_SLOT_05.png,raw/lighting_only/rgb_0172.png,lighting_only,train,SLOT_05,good,271,332,367,428
mvtec/cabbage/train/good/lighting_only_rgb_0172_SLOT_06.png,raw/lighting_only/rgb_0172.png,lighting_only,train,SLOT_06,good,426,332,522,428
mvtec/cabbage/train/good/lighting_only_rgb_0171_SLOT_01.png,raw/lighting_only/rgb_0171.png,lighting_only,train,SLOT_01,good,143,235,239,331
mvtec/cabbage/train/good/lighting_only_rgb_0171_SLOT_02.png,raw/lighting_only/rgb_0171.png,lighting_only,train,SLOT_02,good,271,235,367,331
mvtec/cabbage/train/good/lighting_only_rgb_0171_SLOT_03.png,raw/lighting_only/rgb_0171.png,lighting_only,train,SLOT_03,good,405,235,501,331
mvtec/cabbage/train/good/lighting_only_rgb_0171_SLOT_04.png,raw/lighting_only/rgb_0171.png,lighting_only,train,SLOT_04,good,118,332,214,428
mvtec/cabbage/train/good/lighting_only_rgb_0171_SLOT_05.png,raw/lighting_only/rgb_0171.png,lighting_only,train,SLOT_05,good,271,332,367,428
mvtec/cabbage/train/good/lighting_only_rgb_0171_SLOT_06.png,raw/lighting_only/rgb_0171.png,lighting_only,train,SLOT_06,good,426,332,522,428
mvtec/cabbage/train/good/lighting_only_rgb_0060_SLOT_01.png,raw/lighting_only/rgb_0060.png,lighting_only,train,SLOT_01,good,143,235,239,331
mvtec/cabbage/train/good/lighting_only_rgb_0060_SLOT_02.png,raw/lighting_only/rgb_0060.png,lighting_only,train,SLOT_02,good,271,235,367,331
mvtec/cabbage/train/good/lighting_only_rgb_0060_SLOT_03.png,raw/lighting_only/rgb_0060.png,lighting_only,train,SLOT_03,good,405,235,501,331
mvtec/cabbage/train/good/lighting_only_rgb_0060_SLOT_04.png,raw/lighting_only/rgb_0060.png,lighting_only,train,SLOT_04,good,118,332,214,428
mvtec/cabbage/train/good/lighting_only_rgb_0060_SLOT_05.png,raw/lighting_only/rgb_0060.png,lighting_only,train,SLOT_05,good,271,332,367,428
mvtec/cabbage/train/good/lighting_only_rgb_0060_SLOT_06.png,raw/lighting_only/rgb_0060.png,lighting_only,train,SLOT_06,good,426,332,522,428
mvtec/cabbage/train/good/lighting_only_rgb_0010_SLOT_01.png,raw/lighting_only/rgb_0010.png,lighting_only,train,SLOT_01,good,143,235,239,331
mvtec/cabbage/train/good/lighting_only_rgb_0010_SLOT_02.png,raw/lighting_only/rgb_0010.png,lighting_only,train,SLOT_02,good,271,235,367,331
mvtec/cabbage/train/good/lighting_only_rgb_0010_SLOT_03.png,raw/lighting_only/rgb_0010.png,lighting_only,train,SLOT_03,good,405,235,501,331
mvtec/cabbage/train/good/lighting_only_rgb_0010_SLOT_04.png,raw/lighting_only/rgb_0010.png,lighting_only,train,SLOT_04,good,118,332,214,428
mvtec/cabbage/train/good/lighting_only_rgb_0010_SLOT_05.png,raw/lighting_only/rgb_0010.png,lighting_only,train,SLOT_05,good,271,332,367,428
mvtec/cabbage/train/good/lighting_only_rgb_0010_SLOT_06.png,raw/lighting_only/rgb_0010.png,lighting_only,train,SLOT_06,good,426,332,522,428
mvtec/cabbage/train/good/lighting_only_rgb_0144_SLOT_01.png,raw/lighting_only/rgb_0144.png,lighting_only,train,SLOT_01,good,143,235,239,331
mvtec/cabbage/train/good/lighting_only_rgb_0144_SLOT_02.png,raw/lighting_only/rgb_0144.png,lighting_only,train,SLOT_02,good,271,235,367,331
mvtec/cabbage/train/good/lighting_only_rgb_0144_SLOT_03.png,raw/lighting_only/rgb_0144.png,lighting_only,train,SLOT_03,good,405,235,501,331
mvtec/cabbage/train/good/lighting_only_rgb_0144_SLOT_04.png,raw/lighting_only/rgb_0144.png,lighting_only,train,SLOT_04,good,118,332,214,428
mvtec/cabbage/train/good/lighting_only_rgb_0144_SLOT_05.png,raw/lighting_only/rgb_0144.png,lighting_only,train,SLOT_05,good,271,332,367,428
mvtec/cabbage/train/good/lighting_only_rgb_0144_SLOT_06.png,raw/lighting_only/rgb_0144.png,lighting_only,train,SLOT_06,good,426,332,522,428
mvtec/cabbage/train/good/lighting_only_rgb_0160_SLOT_01.png,raw/lighting_only/rgb_0160.png,lighting_only,train,SLOT_01,good,143,235,239,331
mvtec/cabbage/train/good/lighting_only_rgb_0160_SLOT_02.png,raw/lighting_only/rgb_0160.png,lighting_only,train,SLOT_02,good,271,235,367,331
mvtec/cabbage/train/good/lighting_only_rgb_0160_SLOT_03.png,raw/lighting_only/rgb_0160.png,lighting_only,train,SLOT_03,good,405,235,501,331
mvtec/cabbage/train/good/lighting_only_rgb_0160_SLOT_04.png,raw/lighting_only/rgb_0160.png,lighting_only,train,SLOT_04,good,118,332,214,428
mvtec/cabbage/train/good/lighting_only_rgb_0160_SLOT_05.png,raw/lighting_only/rgb_0160.png,lighting_only,train,SLOT_05,good,271,332,367,428
mvtec/cabbage/train/good/lighting_only_rgb_0160_SLOT_06.png,raw/lighting_only/rgb_0160.png,lighting_only,train,SLOT_06,good,426,332,522,428
mvtec/cabbage/train/good/lighting_only_rgb_0052_SLOT_01.png,raw/lighting_only/rgb_0052.png,lighting_only,train,SLOT_01,good,143,235,239,331
mvtec/cabbage/train/good/lighting_only_rgb_0052_SLOT_02.png,raw/lighting_only/rgb_0052.png,lighting_only,train,SLOT_02,good,271,235,367,331
mvtec/cabbage/train/good/lighting_only_rgb_0052_SLOT_03.png,raw/lighting_only/rgb_0052.png,lighting_only,train,SLOT_03,good,405,235,501,331
mvtec/cabbage/train/good/lighting_only_rgb_0052_SLOT_04.png,raw/lighting_only/rgb_0052.png,lighting_only,train,SLOT_04,good,118,332,214,428
mvtec/cabbage/train/good/lighting_only_rgb_0052_SLOT_05.png,raw/lighting_only/rgb_0052.png,lighting_only,train,SLOT_05,good,271,332,367,428
mvtec/cabbage/train/good/lighting_only_rgb_0052_SLOT_06.png,raw/lighting_only/rgb_0052.png,lighting_only,train,SLOT_06,good,426,332,522,428
mvtec/cabbage/train/good/lighting_only_rgb_0125_SLOT_01.png,raw/lighting_only/rgb_0125.png,lighting_only,train,SLOT_01,good,143,235,239,331
mvtec/cabbage/train/good/lighting_only_rgb_0125_SLOT_02.png,raw/lighting_only/rgb_0125.png,lighting_only,train,SLOT_02,good,271,235,367,331
mvtec/cabbage/train/good/lighting_only_rgb_0125_SLOT_03.png,raw/lighting_only/rgb_0125.png,lighting_only,train,SLOT_03,good,405,235,501,331
mvtec/cabbage/train/good/lighting_only_rgb_0125_SLOT_04.png,raw/lighting_only/rgb_0125.png,lighting_only,train,SLOT_04,good,118,332,214,428
mvtec/cabbage/train/good/lighting_only_rgb_0125_SLOT_05.png,raw/lighting_only/rgb_0125.png,lighting_only,train,SLOT_05,good,271,332,367,428
mvtec/cabbage/train/good/lighting_only_rgb_0125_SLOT_06.png,raw/lighting_only/rgb_0125.png,lighting_only,train,SLOT_06,good,426,332,522,428
mvtec/cabbage/train/good/lighting_only_rgb_0106_SLOT_01.png,raw/lighting_only/rgb_0106.png,lighting_only,train,SLOT_01,good,143,235,239,331
mvtec/cabbage/train/good/lighting_only_rgb_0106_SLOT_02.png,raw/lighting_only/rgb_0106.png,lighting_only,train,SLOT_02,good,271,235,367,331
mvtec/cabbage/train/good/lighting_only_rgb_0106_SLOT_03.png,raw/lighting_only/rgb_0106.png,lighting_only,train,SLOT_03,good,405,235,501,331
mvtec/cabbage/train/good/lighting_only_rgb_0106_SLOT_04.png,raw/lighting_only/rgb_0106.png,lighting_only,train,SLOT_04,good,118,332,214,428
mvtec/cabbage/train/good/lighting_only_rgb_0106_SLOT_05.png,raw/lighting_only/rgb_0106.png,lighting_only,train,SLOT_05,good,271,332,367,428
mvtec/cabbage/train/good/lighting_only_rgb_0106_SLOT_06.png,raw/lighting_only/rgb_0106.png,lighting_only,train,SLOT_06,good,426,332,522,428
mvtec/cabbage/train/good/lighting_only_rgb_0073_SLOT_01.png,raw/lighting_only/rgb_0073.png,lighting_only,train,SLOT_01,good,143,235,239,331
mvtec/cabbage/train/good/lighting_only_rgb_0073_SLOT_02.png,raw/lighting_only/rgb_0073.png,lighting_only,train,SLOT_02,good,271,235,367,331
mvtec/cabbage/train/good/lighting_only_rgb_0073_SLOT_03.png,raw/lighting_only/rgb_0073.png,lighting_only,train,SLOT_03,good,405,235,501,331
mvtec/cabbage/train/good/lighting_only_rgb_0073_SLOT_04.png,raw/lighting_only/rgb_0073.png,lighting_only,train,SLOT_04,good,118,332,214,428
mvtec/cabbage/train/good/lighting_only_rgb_0073_SLOT_05.png,raw/lighting_only/rgb_0073.png,lighting_only,train,SLOT_05,good,271,332,367,428
mvtec/cabbage/train/good/lighting_only_rgb_0073_SLOT_06.png,raw/lighting_only/rgb_0073.png,lighting_only,train,SLOT_06,good,426,332,522,428
mvtec/cabbage/train/good/lighting_only_rgb_0113_SLOT_01.png,raw/lighting_only/rgb_0113.png,lighting_only,train,SLOT_01,good,143,235,239,331
mvtec/cabbage/train/good/lighting_only_rgb_0113_SLOT_02.png,raw/lighting_only/rgb_0113.png,lighting_only,train,SLOT_02,good,271,235,367,331
mvtec/cabbage/train/good/lighting_only_rgb_0113_SLOT_03.png,raw/lighting_only/rgb_0113.png,lighting_only,train,SLOT_03,good,405,235,501,331
mvtec/cabbage/train/good/lighting_only_rgb_0113_SLOT_04.png,raw/lighting_only/rgb_0113.png,lighting_only,train,SLOT_04,good,118,332,214,428
mvtec/cabbage/train/good/lighting_only_rgb_0113_SLOT_05.png,raw/lighting_only/rgb_0113.png,lighting_only,train,SLOT_05,good,271,332,367,428
mvtec/cabbage/train/good/lighting_only_rgb_0113_SLOT_06.png,raw/lighting_only/rgb_0113.png,lighting_only,train,SLOT_06,good,426,332,522,428
mvtec/cabbage/train/good/lighting_only_rgb_0105_SLOT_01.png,raw/lighting_only/rgb_0105.png,lighting_only,train,SLOT_01,good,143,235,239,331
mvtec/cabbage/train/good/lighting_only_rgb_0105_SLOT_02.png,raw/lighting_only/rgb_0105.png,lighting_only,train,SLOT_02,good,271,235,367,331
mvtec/cabbage/train/good/lighting_only_rgb_0105_SLOT_03.png,raw/lighting_only/rgb_0105.png,lighting_only,train,SLOT_03,good,405,235,501,331
mvtec/cabbage/train/good/lighting_only_rgb_0105_SLOT_04.png,raw/lighting_only/rgb_0105.png,lighting_only,train,SLOT_04,good,118,332,214,428
mvtec/cabbage/train/good/lighting_only_rgb_0105_SLOT_05.png,raw/lighting_only/rgb_0105.png,lighting_only,train,SLOT_05,good,271,332,367,428
mvtec/cabbage/train/good/lighting_only_rgb_0105_SLOT_06.png,raw/lighting_only/rgb_0105.png,lighting_only,train,SLOT_06,good,426,332,522,428
mvtec/cabbage/train/good/lighting_only_rgb_0095_SLOT_01.png,raw/lighting_only/rgb_0095.png,lighting_only,train,SLOT_01,good,143,235,239,331
mvtec/cabbage/train/good/lighting_only_rgb_0095_SLOT_02.png,raw/lighting_only/rgb_0095.png,lighting_only,train,SLOT_02,good,271,235,367,331
mvtec/cabbage/train/good/lighting_only_rgb_0095_SLOT_03.png,raw/lighting_only/rgb_0095.png,lighting_only,train,SLOT_03,good,405,235,501,331
mvtec/cabbage/train/good/lighting_only_rgb_0095_SLOT_04.png,raw/lighting_only/rgb_0095.png,lighting_only,train,SLOT_04,good,118,332,214,428
mvtec/cabbage/train/good/lighting_only_rgb_0095_SLOT_05.png,raw/lighting_only/rgb_0095.png,lighting_only,train,SLOT_05,good,271,332,367,428
mvtec/cabbage/train/good/lighting_only_rgb_0095_SLOT_06.png,raw/lighting_only/rgb_0095.png,lighting_only,train,SLOT_06,good,426,332,522,428
mvtec/cabbage/train/good/lighting_only_rgb_0103_SLOT_01.png,raw/lighting_only/rgb_0103.png,lighting_only,train,SLOT_01,good,143,235,239,331
mvtec/cabbage/train/good/lighting_only_rgb_0103_SLOT_02.png,raw/lighting_only/rgb_0103.png,lighting_only,train,SLOT_02,good,271,235,367,331
mvtec/cabbage/train/good/lighting_only_rgb_0103_SLOT_03.png,raw/lighting_only/rgb_0103.png,lighting_only,train,SLOT_03,good,405,235,501,331
mvtec/cabbage/train/good/lighting_only_rgb_0103_SLOT_04.png,raw/lighting_only/rgb_0103.png,lighting_only,train,SLOT_04,good,118,332,214,428
mvtec/cabbage/train/good/lighting_only_rgb_0103_SLOT_05.png,raw/lighting_only/rgb_0103.png,lighting_only,train,SLOT_05,good,271,332,367,428
mvtec/cabbage/train/good/lighting_only_rgb_0103_SLOT_06.png,raw/lighting_only/rgb_0103.png,lighting_only,train,SLOT_06,good,426,332,522,428
mvtec/cabbage/train/good/lighting_only_rgb_0145_SLOT_01.png,raw/lighting_only/rgb_0145.png,lighting_only,train,SLOT_01,good,143,235,239,331
mvtec/cabbage/train/good/lighting_only_rgb_0145_SLOT_02.png,raw/lighting_only/rgb_0145.png,lighting_only,train,SLOT_02,good,271,235,367,331
mvtec/cabbage/train/good/lighting_only_rgb_0145_SLOT_03.png,raw/lighting_only/rgb_0145.png,lighting_only,train,SLOT_03,good,405,235,501,331
mvtec/cabbage/train/good/lighting_only_rgb_0145_SLOT_04.png,raw/lighting_only/rgb_0145.png,lighting_only,train,SLOT_04,good,118,332,214,428
mvtec/cabbage/train/good/lighting_only_rgb_0145_SLOT_05.png,raw/lighting_only/rgb_0145.png,lighting_only,train,SLOT_05,good,271,332,367,428
mvtec/cabbage/train/good/lighting_only_rgb_0145_SLOT_06.png,raw/lighting_only/rgb_0145.png,lighting_only,train,SLOT_06,good,426,332,522,428
mvtec/cabbage/train/good/lighting_only_rgb_0043_SLOT_01.png,raw/lighting_only/rgb_0043.png,lighting_only,train,SLOT_01,good,143,235,239,331
mvtec/cabbage/train/good/lighting_only_rgb_0043_SLOT_02.png,raw/lighting_only/rgb_0043.png,lighting_only,train,SLOT_02,good,271,235,367,331
mvtec/cabbage/train/good/lighting_only_rgb_0043_SLOT_03.png,raw/lighting_only/rgb_0043.png,lighting_only,train,SLOT_03,good,405,235,501,331
mvtec/cabbage/train/good/lighting_only_rgb_0043_SLOT_04.png,raw/lighting_only/rgb_0043.png,lighting_only,train,SLOT_04,good,118,332,214,428
mvtec/cabbage/train/good/lighting_only_rgb_0043_SLOT_05.png,raw/lighting_only/rgb_0043.png,lighting_only,train,SLOT_05,good,271,332,367,428
mvtec/cabbage/train/good/lighting_only_rgb_0043_SLOT_06.png,raw/lighting_only/rgb_0043.png,lighting_only,train,SLOT_06,good,426,332,522,428
mvtec/cabbage/train/good/lighting_only_rgb_0000_SLOT_01.png,raw/lighting_only/rgb_0000.png,lighting_only,train,SLOT_01,good,143,235,239,331
mvtec/cabbage/train/good/lighting_only_rgb_0000_SLOT_02.png,raw/lighting_only/rgb_0000.png,lighting_only,train,SLOT_02,good,271,235,367,331
mvtec/cabbage/train/good/lighting_only_rgb_0000_SLOT_03.png,raw/lighting_only/rgb_0000.png,lighting_only,train,SLOT_03,good,405,235,501,331
mvtec/cabbage/train/good/lighting_only_rgb_0000_SLOT_04.png,raw/lighting_only/rgb_0000.png,lighting_only,train,SLOT_04,good,118,332,214,428
mvtec/cabbage/train/good/lighting_only_rgb_0000_SLOT_05.png,raw/lighting_only/rgb_0000.png,lighting_only,train,SLOT_05,good,271,332,367,428
mvtec/cabbage/train/good/lighting_only_rgb_0000_SLOT_06.png,raw/lighting_only/rgb_0000.png,lighting_only,train,SLOT_06,good,426,332,522,428
mvtec/cabbage/train/good/lighting_only_rgb_0161_SLOT_01.png,raw/lighting_only/rgb_0161.png,lighting_only,train,SLOT_01,good,143,235,239,331
mvtec/cabbage/train/good/lighting_only_rgb_0161_SLOT_02.png,raw/lighting_only/rgb_0161.png,lighting_only,train,SLOT_02,good,271,235,367,331
mvtec/cabbage/train/good/lighting_only_rgb_0161_SLOT_03.png,raw/lighting_only/rgb_0161.png,lighting_only,train,SLOT_03,good,405,235,501,331
mvtec/cabbage/train/good/lighting_only_rgb_0161_SLOT_04.png,raw/lighting_only/rgb_0161.png,lighting_only,train,SLOT_04,good,118,332,214,428
mvtec/cabbage/train/good/lighting_only_rgb_0161_SLOT_05.png,raw/lighting_only/rgb_0161.png,lighting_only,train,SLOT_05,good,271,332,367,428
mvtec/cabbage/train/good/lighting_only_rgb_0161_SLOT_06.png,raw/lighting_only/rgb_0161.png,lighting_only,train,SLOT_06,good,426,332,522,428
mvtec/cabbage/train/good/lighting_only_rgb_0192_SLOT_01.png,raw/lighting_only/rgb_0192.png,lighting_only,train,SLOT_01,good,143,235,239,331
mvtec/cabbage/train/good/lighting_only_rgb_0192_SLOT_02.png,raw/lighting_only/rgb_0192.png,lighting_only,train,SLOT_02,good,271,235,367,331
mvtec/cabbage/train/good/lighting_only_rgb_0192_SLOT_03.png,raw/lighting_only/rgb_0192.png,lighting_only,train,SLOT_03,good,405,235,501,331
mvtec/cabbage/train/good/lighting_only_rgb_0192_SLOT_04.png,raw/lighting_only/rgb_0192.png,lighting_only,train,SLOT_04,good,118,332,214,428
mvtec/cabbage/train/good/lighting_only_rgb_0192_SLOT_05.png,raw/lighting_only/rgb_0192.png,lighting_only,train,SLOT_05,good,271,332,367,428
mvtec/cabbage/train/good/lighting_only_rgb_0192_SLOT_06.png,raw/lighting_only/rgb_0192.png,lighting_only,train,SLOT_06,good,426,332,522,428
mvtec/cabbage/train/good/lighting_only_rgb_0016_SLOT_01.png,raw/lighting_only/rgb_0016.png,lighting_only,train,SLOT_01,good,143,235,239,331
mvtec/cabbage/train/good/lighting_only_rgb_0016_SLOT_02.png,raw/lighting_only/rgb_0016.png,lighting_only,train,SLOT_02,good,271,235,367,331
mvtec/cabbage/train/good/lighting_only_rgb_0016_SLOT_03.png,raw/lighting_only/rgb_0016.png,lighting_only,train,SLOT_03,good,405,235,501,331
mvtec/cabbage/train/good/lighting_only_rgb_0016_SLOT_04.png,raw/lighting_only/rgb_0016.png,lighting_only,train,SLOT_04,good,118,332,214,428
mvtec/cabbage/train/good/lighting_only_rgb_0016_SLOT_05.png,raw/lighting_only/rgb_0016.png,lighting_only,train,SLOT_05,good,271,332,367,428
mvtec/cabbage/train/good/lighting_only_rgb_0016_SLOT_06.png,raw/lighting_only/rgb_0016.png,lighting_only,train,SLOT_06,good,426,332,522,428
mvtec/cabbage/train/good/lighting_only_rgb_0080_SLOT_01.png,raw/lighting_only/rgb_0080.png,lighting_only,train,SLOT_01,good,143,235,239,331
mvtec/cabbage/train/good/lighting_only_rgb_0080_SLOT_02.png,raw/lighting_only/rgb_0080.png,lighting_only,train,SLOT_02,good,271,235,367,331
mvtec/cabbage/train/good/lighting_only_rgb_0080_SLOT_03.png,raw/lighting_only/rgb_0080.png,lighting_only,train,SLOT_03,good,405,235,501,331
mvtec/cabbage/train/good/lighting_only_rgb_0080_SLOT_04.png,raw/lighting_only/rgb_0080.png,lighting_only,train,SLOT_04,good,118,332,214,428
mvtec/cabbage/train/good/lighting_only_rgb_0080_SLOT_05.png,raw/lighting_only/rgb_0080.png,lighting_only,train,SLOT_05,good,271,332,367,428
mvtec/cabbage/train/good/lighting_only_rgb_0080_SLOT_06.png,raw/lighting_only/rgb_0080.png,lighting_only,train,SLOT_06,good,426,332,522,428
mvtec/cabbage/train/good/lighting_only_rgb_0102_SLOT_01.png,raw/lighting_only/rgb_0102.png,lighting_only,train,SLOT_01,good,143,235,239,331
mvtec/cabbage/train/good/lighting_only_rgb_0102_SLOT_02.png,raw/lighting_only/rgb_0102.png,lighting_only,train,SLOT_02,good,271,235,367,331
mvtec/cabbage/train/good/lighting_only_rgb_0102_SLOT_03.png,raw/lighting_only/rgb_0102.png,lighting_only,train,SLOT_03,good,405,235,501,331
mvtec/cabbage/train/good/lighting_only_rgb_0102_SLOT_04.png,raw/lighting_only/rgb_0102.png,lighting_only,train,SLOT_04,good,118,332,214,428
mvtec/cabbage/train/good/lighting_only_rgb_0102_SLOT_05.png,raw/lighting_only/rgb_0102.png,lighting_only,train,SLOT_05,good,271,332,367,428
mvtec/cabbage/train/good/lighting_only_rgb_0102_SLOT_06.png,raw/lighting_only/rgb_0102.png,lighting_only,train,SLOT_06,good,426,332,522,428
mvtec/cabbage/train/good/lighting_only_rgb_0038_SLOT_01.png,raw/lighting_only/rgb_0038.png,lighting_only,train,SLOT_01,good,143,235,239,331
mvtec/cabbage/train/good/lighting_only_rgb_0038_SLOT_02.png,raw/lighting_only/rgb_0038.png,lighting_only,train,SLOT_02,good,271,235,367,331
mvtec/cabbage/train/good/lighting_only_rgb_0038_SLOT_03.png,raw/lighting_only/rgb_0038.png,lighting_only,train,SLOT_03,good,405,235,501,331
mvtec/cabbage/train/good/lighting_only_rgb_0038_SLOT_04.png,raw/lighting_only/rgb_0038.png,lighting_only,train,SLOT_04,good,118,332,214,428
mvtec/cabbage/train/good/lighting_only_rgb_0038_SLOT_05.png,raw/lighting_only/rgb_0038.png,lighting_only,train,SLOT_05,good,271,332,367,428
mvtec/cabbage/train/good/lighting_only_rgb_0038_SLOT_06.png,raw/lighting_only/rgb_0038.png,lighting_only,train,SLOT_06,good,426,332,522,428
mvtec/cabbage/train/good/lighting_only_rgb_0156_SLOT_01.png,raw/lighting_only/rgb_0156.png,lighting_only,train,SLOT_01,good,143,235,239,331
mvtec/cabbage/train/good/lighting_only_rgb_0156_SLOT_02.png,raw/lighting_only/rgb_0156.png,lighting_only,train,SLOT_02,good,271,235,367,331
mvtec/cabbage/train/good/lighting_only_rgb_0156_SLOT_03.png,raw/lighting_only/rgb_0156.png,lighting_only,train,SLOT_03,good,405,235,501,331
mvtec/cabbage/train/good/lighting_only_rgb_0156_SLOT_04.png,raw/lighting_only/rgb_0156.png,lighting_only,train,SLOT_04,good,118,332,214,428
mvtec/cabbage/train/good/lighting_only_rgb_0156_SLOT_05.png,raw/lighting_only/rgb_0156.png,lighting_only,train,SLOT_05,good,271,332,367,428
mvtec/cabbage/train/good/lighting_only_rgb_0156_SLOT_06.png,raw/lighting_only/rgb_0156.png,lighting_only,train,SLOT_06,good,426,332,522,428
mvtec/cabbage/train/good/lighting_only_rgb_0176_SLOT_01.png,raw/lighting_only/rgb_0176.png,lighting_only,train,SLOT_01,good,143,235,239,331
mvtec/cabbage/train/good/lighting_only_rgb_0176_SLOT_02.png,raw/lighting_only/rgb_0176.png,lighting_only,train,SLOT_02,good,271,235,367,331
mvtec/cabbage/train/good/lighting_only_rgb_0176_SLOT_03.png,raw/lighting_only/rgb_0176.png,lighting_only,train,SLOT_03,good,405,235,501,331
mvtec/cabbage/train/good/lighting_only_rgb_0176_SLOT_04.png,raw/lighting_only/rgb_0176.png,lighting_only,train,SLOT_04,good,118,332,214,428
mvtec/cabbage/train/good/lighting_only_rgb_0176_SLOT_05.png,raw/lighting_only/rgb_0176.png,lighting_only,train,SLOT_05,good,271,332,367,428
mvtec/cabbage/train/good/lighting_only_rgb_0176_SLOT_06.png,raw/lighting_only/rgb_0176.png,lighting_only,train,SLOT_06,good,426,332,522,428
mvtec/cabbage/train/good/lighting_only_rgb_0135_SLOT_01.png,raw/lighting_only/rgb_0135.png,lighting_only,train,SLOT_01,good,143,235,239,331
mvtec/cabbage/train/good/lighting_only_rgb_0135_SLOT_02.png,raw/lighting_only/rgb_0135.png,lighting_only,train,SLOT_02,good,271,235,367,331
mvtec/cabbage/train/good/lighting_only_rgb_0135_SLOT_03.png,raw/lighting_only/rgb_0135.png,lighting_only,train,SLOT_03,good,405,235,501,331
mvtec/cabbage/train/good/lighting_only_rgb_0135_SLOT_04.png,raw/lighting_only/rgb_0135.png,lighting_only,train,SLOT_04,good,118,332,214,428
mvtec/cabbage/train/good/lighting_only_rgb_0135_SLOT_05.png,raw/lighting_only/rgb_0135.png,lighting_only,train,SLOT_05,good,271,332,367,428
mvtec/cabbage/train/good/lighting_only_rgb_0135_SLOT_06.png,raw/lighting_only/rgb_0135.png,lighting_only,train,SLOT_06,good,426,332,522,428
mvtec/cabbage/train/good/lighting_only_rgb_0078_SLOT_01.png,raw/lighting_only/rgb_0078.png,lighting_only,train,SLOT_01,good,143,235,239,331
mvtec/cabbage/train/good/lighting_only_rgb_0078_SLOT_02.png,raw/lighting_only/rgb_0078.png,lighting_only,train,SLOT_02,good,271,235,367,331
mvtec/cabbage/train/good/lighting_only_rgb_0078_SLOT_03.png,raw/lighting_only/rgb_0078.png,lighting_only,train,SLOT_03,good,405,235,501,331
mvtec/cabbage/train/good/lighting_only_rgb_0078_SLOT_04.png,raw/lighting_only/rgb_0078.png,lighting_only,train,SLOT_04,good,118,332,214,428
mvtec/cabbage/train/good/lighting_only_rgb_0078_SLOT_05.png,raw/lighting_only/rgb_0078.png,lighting_only,train,SLOT_05,good,271,332,367,428
mvtec/cabbage/train/good/lighting_only_rgb_0078_SLOT_06.png,raw/lighting_only/rgb_0078.png,lighting_only,train,SLOT_06,good,426,332,522,428
mvtec/cabbage/train/good/lighting_only_rgb_0115_SLOT_01.png,raw/lighting_only/rgb_0115.png,lighting_only,train,SLOT_01,good,143,235,239,331
mvtec/cabbage/train/good/lighting_only_rgb_0115_SLOT_02.png,raw/lighting_only/rgb_0115.png,lighting_only,train,SLOT_02,good,271,235,367,331
mvtec/cabbage/train/good/lighting_only_rgb_0115_SLOT_03.png,raw/lighting_only/rgb_0115.png,lighting_only,train,SLOT_03,good,405,235,501,331
mvtec/cabbage/train/good/lighting_only_rgb_0115_SLOT_04.png,raw/lighting_only/rgb_0115.png,lighting_only,train,SLOT_04,good,118,332,214,428
mvtec/cabbage/train/good/lighting_only_rgb_0115_SLOT_05.png,raw/lighting_only/rgb_0115.png,lighting_only,train,SLOT_05,good,271,332,367,428
mvtec/cabbage/train/good/lighting_only_rgb_0115_SLOT_06.png,raw/lighting_only/rgb_0115.png,lighting_only,train,SLOT_06,good,426,332,522,428
mvtec/cabbage/train/good/lighting_only_rgb_0019_SLOT_01.png,raw/lighting_only/rgb_0019.png,lighting_only,train,SLOT_01,good,143,235,239,331
mvtec/cabbage/train/good/lighting_only_rgb_0019_SLOT_02.png,raw/lighting_only/rgb_0019.png,lighting_only,train,SLOT_02,good,271,235,367,331
mvtec/cabbage/train/good/lighting_only_rgb_0019_SLOT_03.png,raw/lighting_only/rgb_0019.png,lighting_only,train,SLOT_03,good,405,235,501,331
mvtec/cabbage/train/good/lighting_only_rgb_0019_SLOT_04.png,raw/lighting_only/rgb_0019.png,lighting_only,train,SLOT_04,good,118,332,214,428
mvtec/cabbage/train/good/lighting_only_rgb_0019_SLOT_05.png,raw/lighting_only/rgb_0019.png,lighting_only,train,SLOT_05,good,271,332,367,428
mvtec/cabbage/train/good/lighting_only_rgb_0019_SLOT_06.png,raw/lighting_only/rgb_0019.png,lighting_only,train,SLOT_06,good,426,332,522,428
mvtec/cabbage/train/good/lighting_only_rgb_0014_SLOT_01.png,raw/lighting_only/rgb_0014.png,lighting_only,train,SLOT_01,good,143,235,239,331
mvtec/cabbage/train/good/lighting_only_rgb_0014_SLOT_02.png,raw/lighting_only/rgb_0014.png,lighting_only,train,SLOT_02,good,271,235,367,331
mvtec/cabbage/train/good/lighting_only_rgb_0014_SLOT_03.png,raw/lighting_only/rgb_0014.png,lighting_only,train,SLOT_03,good,405,235,501,331
mvtec/cabbage/train/good/lighting_only_rgb_0014_SLOT_04.png,raw/lighting_only/rgb_0014.png,lighting_only,train,SLOT_04,good,118,332,214,428
mvtec/cabbage/train/good/lighting_only_rgb_0014_SLOT_05.png,raw/lighting_only/rgb_0014.png,lighting_only,train,SLOT_05,good,271,332,367,428
mvtec/cabbage/train/good/lighting_only_rgb_0014_SLOT_06.png,raw/lighting_only/rgb_0014.png,lighting_only,train,SLOT_06,good,426,332,522,428
mvtec/cabbage/train/good/lighting_only_rgb_0177_SLOT_01.png,raw/lighting_only/rgb_0177.png,lighting_only,train,SLOT_01,good,143,235,239,331
mvtec/cabbage/train/good/lighting_only_rgb_0177_SLOT_02.png,raw/lighting_only/rgb_0177.png,lighting_only,train,SLOT_02,good,271,235,367,331
mvtec/cabbage/train/good/lighting_only_rgb_0177_SLOT_03.png,raw/lighting_only/rgb_0177.png,lighting_only,train,SLOT_03,good,405,235,501,331
mvtec/cabbage/train/good/lighting_only_rgb_0177_SLOT_04.png,raw/lighting_only/rgb_0177.png,lighting_only,train,SLOT_04,good,118,332,214,428
mvtec/cabbage/train/good/lighting_only_rgb_0177_SLOT_05.png,raw/lighting_only/rgb_0177.png,lighting_only,train,SLOT_05,good,271,332,367,428
mvtec/cabbage/train/good/lighting_only_rgb_0177_SLOT_06.png,raw/lighting_only/rgb_0177.png,lighting_only,train,SLOT_06,good,426,332,522,428
mvtec/cabbage/train/good/lighting_only_rgb_0146_SLOT_01.png,raw/lighting_only/rgb_0146.png,lighting_only,train,SLOT_01,good,143,235,239,331
mvtec/cabbage/train/good/lighting_only_rgb_0146_SLOT_02.png,raw/lighting_only/rgb_0146.png,lighting_only,train,SLOT_02,good,271,235,367,331
mvtec/cabbage/train/good/lighting_only_rgb_0146_SLOT_03.png,raw/lighting_only/rgb_0146.png,lighting_only,train,SLOT_03,good,405,235,501,331
mvtec/cabbage/train/good/lighting_only_rgb_0146_SLOT_04.png,raw/lighting_only/rgb_0146.png,lighting_only,train,SLOT_04,good,118,332,214,428
mvtec/cabbage/train/good/lighting_only_rgb_0146_SLOT_05.png,raw/lighting_only/rgb_0146.png,lighting_only,train,SLOT_05,good,271,332,367,428
mvtec/cabbage/train/good/lighting_only_rgb_0146_SLOT_06.png,raw/lighting_only/rgb_0146.png,lighting_only,train,SLOT_06,good,426,332,522,428
mvtec/cabbage/train/good/lighting_only_rgb_0179_SLOT_01.png,raw/lighting_only/rgb_0179.png,lighting_only,train,SLOT_01,good,143,235,239,331
mvtec/cabbage/train/good/lighting_only_rgb_0179_SLOT_02.png,raw/lighting_only/rgb_0179.png,lighting_only,train,SLOT_02,good,271,235,367,331
mvtec/cabbage/train/good/lighting_only_rgb_0179_SLOT_03.png,raw/lighting_only/rgb_0179.png,lighting_only,train,SLOT_03,good,405,235,501,331
mvtec/cabbage/train/good/lighting_only_rgb_0179_SLOT_04.png,raw/lighting_only/rgb_0179.png,lighting_only,train,SLOT_04,good,118,332,214,428
mvtec/cabbage/train/good/lighting_only_rgb_0179_SLOT_05.png,raw/lighting_only/rgb_0179.png,lighting_only,train,SLOT_05,good,271,332,367,428
mvtec/cabbage/train/good/lighting_only_rgb_0179_SLOT_06.png,raw/lighting_only/rgb_0179.png,lighting_only,train,SLOT_06,good,426,332,522,428
mvtec/cabbage/train/good/lighting_only_rgb_0065_SLOT_01.png,raw/lighting_only/rgb_0065.png,lighting_only,train,SLOT_01,good,143,235,239,331
mvtec/cabbage/train/good/lighting_only_rgb_0065_SLOT_02.png,raw/lighting_only/rgb_0065.png,lighting_only,train,SLOT_02,good,271,235,367,331
mvtec/cabbage/train/good/lighting_only_rgb_0065_SLOT_03.png,raw/lighting_only/rgb_0065.png,lighting_only,train,SLOT_03,good,405,235,501,331
mvtec/cabbage/train/good/lighting_only_rgb_0065_SLOT_04.png,raw/lighting_only/rgb_0065.png,lighting_only,train,SLOT_04,good,118,332,214,428
mvtec/cabbage/train/good/lighting_only_rgb_0065_SLOT_05.png,raw/lighting_only/rgb_0065.png,lighting_only,train,SLOT_05,good,271,332,367,428
mvtec/cabbage/train/good/lighting_only_rgb_0065_SLOT_06.png,raw/lighting_only/rgb_0065.png,lighting_only,train,SLOT_06,good,426,332,522,428
mvtec/cabbage/train/good/lighting_only_rgb_0084_SLOT_01.png,raw/lighting_only/rgb_0084.png,lighting_only,train,SLOT_01,good,143,235,239,331
mvtec/cabbage/train/good/lighting_only_rgb_0084_SLOT_02.png,raw/lighting_only/rgb_0084.png,lighting_only,train,SLOT_02,good,271,235,367,331
mvtec/cabbage/train/good/lighting_only_rgb_0084_SLOT_03.png,raw/lighting_only/rgb_0084.png,lighting_only,train,SLOT_03,good,405,235,501,331
mvtec/cabbage/train/good/lighting_only_rgb_0084_SLOT_04.png,raw/lighting_only/rgb_0084.png,lighting_only,train,SLOT_04,good,118,332,214,428
mvtec/cabbage/train/good/lighting_only_rgb_0084_SLOT_05.png,raw/lighting_only/rgb_0084.png,lighting_only,train,SLOT_05,good,271,332,367,428
mvtec/cabbage/train/good/lighting_only_rgb_0084_SLOT_06.png,raw/lighting_only/rgb_0084.png,lighting_only,train,SLOT_06,good,426,332,522,428
mvtec/cabbage/train/good/lighting_only_rgb_0165_SLOT_01.png,raw/lighting_only/rgb_0165.png,lighting_only,train,SLOT_01,good,143,235,239,331
mvtec/cabbage/train/good/lighting_only_rgb_0165_SLOT_02.png,raw/lighting_only/rgb_0165.png,lighting_only,train,SLOT_02,good,271,235,367,331
mvtec/cabbage/train/good/lighting_only_rgb_0165_SLOT_03.png,raw/lighting_only/rgb_0165.png,lighting_only,train,SLOT_03,good,405,235,501,331
mvtec/cabbage/train/good/lighting_only_rgb_0165_SLOT_04.png,raw/lighting_only/rgb_0165.png,lighting_only,train,SLOT_04,good,118,332,214,428
mvtec/cabbage/train/good/lighting_only_rgb_0165_SLOT_05.png,raw/lighting_only/rgb_0165.png,lighting_only,train,SLOT_05,good,271,332,367,428
mvtec/cabbage/train/good/lighting_only_rgb_0165_SLOT_06.png,raw/lighting_only/rgb_0165.png,lighting_only,train,SLOT_06,good,426,332,522,428
mvtec/cabbage/train/good/lighting_only_rgb_0046_SLOT_01.png,raw/lighting_only/rgb_0046.png,lighting_only,train,SLOT_01,good,143,235,239,331
mvtec/cabbage/train/good/lighting_only_rgb_0046_SLOT_02.png,raw/lighting_only/rgb_0046.png,lighting_only,train,SLOT_02,good,271,235,367,331
mvtec/cabbage/train/good/lighting_only_rgb_0046_SLOT_03.png,raw/lighting_only/rgb_0046.png,lighting_only,train,SLOT_03,good,405,235,501,331
mvtec/cabbage/train/good/lighting_only_rgb_0046_SLOT_04.png,raw/lighting_only/rgb_0046.png,lighting_only,train,SLOT_04,good,118,332,214,428
mvtec/cabbage/train/good/lighting_only_rgb_0046_SLOT_05.png,raw/lighting_only/rgb_0046.png,lighting_only,train,SLOT_05,good,271,332,367,428
mvtec/cabbage/train/good/lighting_only_rgb_0046_SLOT_06.png,raw/lighting_only/rgb_0046.png,lighting_only,train,SLOT_06,good,426,332,522,428
mvtec/cabbage/train/good/lighting_only_rgb_0104_SLOT_01.png,raw/lighting_only/rgb_0104.png,lighting_only,train,SLOT_01,good,143,235,239,331
mvtec/cabbage/train/good/lighting_only_rgb_0104_SLOT_02.png,raw/lighting_only/rgb_0104.png,lighting_only,train,SLOT_02,good,271,235,367,331
mvtec/cabbage/train/good/lighting_only_rgb_0104_SLOT_03.png,raw/lighting_only/rgb_0104.png,lighting_only,train,SLOT_03,good,405,235,501,331
mvtec/cabbage/train/good/lighting_only_rgb_0104_SLOT_04.png,raw/lighting_only/rgb_0104.png,lighting_only,train,SLOT_04,good,118,332,214,428
mvtec/cabbage/train/good/lighting_only_rgb_0104_SLOT_05.png,raw/lighting_only/rgb_0104.png,lighting_only,train,SLOT_05,good,271,332,367,428
mvtec/cabbage/train/good/lighting_only_rgb_0104_SLOT_06.png,raw/lighting_only/rgb_0104.png,lighting_only,train,SLOT_06,good,426,332,522,428
mvtec/cabbage/train/good/lighting_only_rgb_0079_SLOT_01.png,raw/lighting_only/rgb_0079.png,lighting_only,train,SLOT_01,good,143,235,239,331
mvtec/cabbage/train/good/lighting_only_rgb_0079_SLOT_02.png,raw/lighting_only/rgb_0079.png,lighting_only,train,SLOT_02,good,271,235,367,331
mvtec/cabbage/train/good/lighting_only_rgb_0079_SLOT_03.png,raw/lighting_only/rgb_0079.png,lighting_only,train,SLOT_03,good,405,235,501,331
mvtec/cabbage/train/good/lighting_only_rgb_0079_SLOT_04.png,raw/lighting_only/rgb_0079.png,lighting_only,train,SLOT_04,good,118,332,214,428
mvtec/cabbage/train/good/lighting_only_rgb_0079_SLOT_05.png,raw/lighting_only/rgb_0079.png,lighting_only,train,SLOT_05,good,271,332,367,428
mvtec/cabbage/train/good/lighting_only_rgb_0079_SLOT_06.png,raw/lighting_only/rgb_0079.png,lighting_only,train,SLOT_06,good,426,332,522,428
mvtec/cabbage/train/good/lighting_only_rgb_0054_SLOT_01.png,raw/lighting_only/rgb_0054.png,lighting_only,train,SLOT_01,good,143,235,239,331
mvtec/cabbage/train/good/lighting_only_rgb_0054_SLOT_02.png,raw/lighting_only/rgb_0054.png,lighting_only,train,SLOT_02,good,271,235,367,331
mvtec/cabbage/train/good/lighting_only_rgb_0054_SLOT_03.png,raw/lighting_only/rgb_0054.png,lighting_only,train,SLOT_03,good,405,235,501,331
mvtec/cabbage/train/good/lighting_only_rgb_0054_SLOT_04.png,raw/lighting_only/rgb_0054.png,lighting_only,train,SLOT_04,good,118,332,214,428
mvtec/cabbage/train/good/lighting_only_rgb_0054_SLOT_05.png,raw/lighting_only/rgb_0054.png,lighting_only,train,SLOT_05,good,271,332,367,428
mvtec/cabbage/train/good/lighting_only_rgb_0054_SLOT_06.png,raw/lighting_only/rgb_0054.png,lighting_only,train,SLOT_06,good,426,332,522,428
mvtec/cabbage/train/good/lighting_only_rgb_0196_SLOT_01.png,raw/lighting_only/rgb_0196.png,lighting_only,train,SLOT_01,good,143,235,239,331
mvtec/cabbage/train/good/lighting_only_rgb_0196_SLOT_02.png,raw/lighting_only/rgb_0196.png,lighting_only,train,SLOT_02,good,271,235,367,331
mvtec/cabbage/train/good/lighting_only_rgb_0196_SLOT_03.png,raw/lighting_only/rgb_0196.png,lighting_only,train,SLOT_03,good,405,235,501,331
mvtec/cabbage/train/good/lighting_only_rgb_0196_SLOT_04.png,raw/lighting_only/rgb_0196.png,lighting_only,train,SLOT_04,good,118,332,214,428
mvtec/cabbage/train/good/lighting_only_rgb_0196_SLOT_05.png,raw/lighting_only/rgb_0196.png,lighting_only,train,SLOT_05,good,271,332,367,428
mvtec/cabbage/train/good/lighting_only_rgb_0196_SLOT_06.png,raw/lighting_only/rgb_0196.png,lighting_only,train,SLOT_06,good,426,332,522,428
mvtec/cabbage/train/good/lighting_only_rgb_0085_SLOT_01.png,raw/lighting_only/rgb_0085.png,lighting_only,train,SLOT_01,good,143,235,239,331
mvtec/cabbage/train/good/lighting_only_rgb_0085_SLOT_02.png,raw/lighting_only/rgb_0085.png,lighting_only,train,SLOT_02,good,271,235,367,331
mvtec/cabbage/train/good/lighting_only_rgb_0085_SLOT_03.png,raw/lighting_only/rgb_0085.png,lighting_only,train,SLOT_03,good,405,235,501,331
mvtec/cabbage/train/good/lighting_only_rgb_0085_SLOT_04.png,raw/lighting_only/rgb_0085.png,lighting_only,train,SLOT_04,good,118,332,214,428
mvtec/cabbage/train/good/lighting_only_rgb_0085_SLOT_05.png,raw/lighting_only/rgb_0085.png,lighting_only,train,SLOT_05,good,271,332,367,428
mvtec/cabbage/train/good/lighting_only_rgb_0085_SLOT_06.png,raw/lighting_only/rgb_0085.png,lighting_only,train,SLOT_06,good,426,332,522,428
mvtec/cabbage/train/good/lighting_only_rgb_0118_SLOT_01.png,raw/lighting_only/rgb_0118.png,lighting_only,train,SLOT_01,good,143,235,239,331
mvtec/cabbage/train/good/lighting_only_rgb_0118_SLOT_02.png,raw/lighting_only/rgb_0118.png,lighting_only,train,SLOT_02,good,271,235,367,331
mvtec/cabbage/train/good/lighting_only_rgb_0118_SLOT_03.png,raw/lighting_only/rgb_0118.png,lighting_only,train,SLOT_03,good,405,235,501,331
mvtec/cabbage/train/good/lighting_only_rgb_0118_SLOT_04.png,raw/lighting_only/rgb_0118.png,lighting_only,train,SLOT_04,good,118,332,214,428
mvtec/cabbage/train/good/lighting_only_rgb_0118_SLOT_05.png,raw/lighting_only/rgb_0118.png,lighting_only,train,SLOT_05,good,271,332,367,428
mvtec/cabbage/train/good/lighting_only_rgb_0118_SLOT_06.png,raw/lighting_only/rgb_0118.png,lighting_only,train,SLOT_06,good,426,332,522,428
mvtec/cabbage/train/good/lighting_only_rgb_0109_SLOT_01.png,raw/lighting_only/rgb_0109.png,lighting_only,train,SLOT_01,good,143,235,239,331
mvtec/cabbage/train/good/lighting_only_rgb_0109_SLOT_02.png,raw/lighting_only/rgb_0109.png,lighting_only,train,SLOT_02,good,271,235,367,331
mvtec/cabbage/train/good/lighting_only_rgb_0109_SLOT_03.png,raw/lighting_only/rgb_0109.png,lighting_only,train,SLOT_03,good,405,235,501,331
mvtec/cabbage/train/good/lighting_only_rgb_0109_SLOT_04.png,raw/lighting_only/rgb_0109.png,lighting_only,train,SLOT_04,good,118,332,214,428
mvtec/cabbage/train/good/lighting_only_rgb_0109_SLOT_05.png,raw/lighting_only/rgb_0109.png,lighting_only,train,SLOT_05,good,271,332,367,428
mvtec/cabbage/train/good/lighting_only_rgb_0109_SLOT_06.png,raw/lighting_only/rgb_0109.png,lighting_only,train,SLOT_06,good,426,332,522,428
mvtec/cabbage/train/good/lighting_only_rgb_0133_SLOT_01.png,raw/lighting_only/rgb_0133.png,lighting_only,train,SLOT_01,good,143,235,239,331
mvtec/cabbage/train/good/lighting_only_rgb_0133_SLOT_02.png,raw/lighting_only/rgb_0133.png,lighting_only,train,SLOT_02,good,271,235,367,331
mvtec/cabbage/train/good/lighting_only_rgb_0133_SLOT_03.png,raw/lighting_only/rgb_0133.png,lighting_only,train,SLOT_03,good,405,235,501,331
mvtec/cabbage/train/good/lighting_only_rgb_0133_SLOT_04.png,raw/lighting_only/rgb_0133.png,lighting_only,train,SLOT_04,good,118,332,214,428
mvtec/cabbage/train/good/lighting_only_rgb_0133_SLOT_05.png,raw/lighting_only/rgb_0133.png,lighting_only,train,SLOT_05,good,271,332,367,428
mvtec/cabbage/train/good/lighting_only_rgb_0133_SLOT_06.png,raw/lighting_only/rgb_0133.png,lighting_only,train,SLOT_06,good,426,332,522,428
mvtec/cabbage/train/good/lighting_only_rgb_0142_SLOT_01.png,raw/lighting_only/rgb_0142.png,lighting_only,train,SLOT_01,good,143,235,239,331
mvtec/cabbage/train/good/lighting_only_rgb_0142_SLOT_02.png,raw/lighting_only/rgb_0142.png,lighting_only,train,SLOT_02,good,271,235,367,331
mvtec/cabbage/train/good/lighting_only_rgb_0142_SLOT_03.png,raw/lighting_only/rgb_0142.png,lighting_only,train,SLOT_03,good,405,235,501,331
mvtec/cabbage/train/good/lighting_only_rgb_0142_SLOT_04.png,raw/lighting_only/rgb_0142.png,lighting_only,train,SLOT_04,good,118,332,214,428
mvtec/cabbage/train/good/lighting_only_rgb_0142_SLOT_05.png,raw/lighting_only/rgb_0142.png,lighting_only,train,SLOT_05,good,271,332,367,428
mvtec/cabbage/train/good/lighting_only_rgb_0142_SLOT_06.png,raw/lighting_only/rgb_0142.png,lighting_only,train,SLOT_06,good,426,332,522,428
mvtec/cabbage/train/good/lighting_only_rgb_0033_SLOT_01.png,raw/lighting_only/rgb_0033.png,lighting_only,train,SLOT_01,good,143,235,239,331
mvtec/cabbage/train/good/lighting_only_rgb_0033_SLOT_02.png,raw/lighting_only/rgb_0033.png,lighting_only,train,SLOT_02,good,271,235,367,331
mvtec/cabbage/train/good/lighting_only_rgb_0033_SLOT_03.png,raw/lighting_only/rgb_0033.png,lighting_only,train,SLOT_03,good,405,235,501,331
mvtec/cabbage/train/good/lighting_only_rgb_0033_SLOT_04.png,raw/lighting_only/rgb_0033.png,lighting_only,train,SLOT_04,good,118,332,214,428
mvtec/cabbage/train/good/lighting_only_rgb_0033_SLOT_05.png,raw/lighting_only/rgb_0033.png,lighting_only,train,SLOT_05,good,271,332,367,428
mvtec/cabbage/train/good/lighting_only_rgb_0033_SLOT_06.png,raw/lighting_only/rgb_0033.png,lighting_only,train,SLOT_06,good,426,332,522,428
mvtec/cabbage/train/good/lighting_only_rgb_0018_SLOT_01.png,raw/lighting_only/rgb_0018.png,lighting_only,train,SLOT_01,good,143,235,239,331
mvtec/cabbage/train/good/lighting_only_rgb_0018_SLOT_02.png,raw/lighting_only/rgb_0018.png,lighting_only,train,SLOT_02,good,271,235,367,331
mvtec/cabbage/train/good/lighting_only_rgb_0018_SLOT_03.png,raw/lighting_only/rgb_0018.png,lighting_only,train,SLOT_03,good,405,235,501,331
mvtec/cabbage/train/good/lighting_only_rgb_0018_SLOT_04.png,raw/lighting_only/rgb_0018.png,lighting_only,train,SLOT_04,good,118,332,214,428
mvtec/cabbage/train/good/lighting_only_rgb_0018_SLOT_05.png,raw/lighting_only/rgb_0018.png,lighting_only,train,SLOT_05,good,271,332,367,428
mvtec/cabbage/train/good/lighting_only_rgb_0018_SLOT_06.png,raw/lighting_only/rgb_0018.png,lighting_only,train,SLOT_06,good,426,332,522,428
mvtec/cabbage/train/good/lighting_only_rgb_0140_SLOT_01.png,raw/lighting_only/rgb_0140.png,lighting_only,train,SLOT_01,good,143,235,239,331
mvtec/cabbage/train/good/lighting_only_rgb_0140_SLOT_02.png,raw/lighting_only/rgb_0140.png,lighting_only,train,SLOT_02,good,271,235,367,331
mvtec/cabbage/train/good/lighting_only_rgb_0140_SLOT_03.png,raw/lighting_only/rgb_0140.png,lighting_only,train,SLOT_03,good,405,235,501,331
mvtec/cabbage/train/good/lighting_only_rgb_0140_SLOT_04.png,raw/lighting_only/rgb_0140.png,lighting_only,train,SLOT_04,good,118,332,214,428
mvtec/cabbage/train/good/lighting_only_rgb_0140_SLOT_05.png,raw/lighting_only/rgb_0140.png,lighting_only,train,SLOT_05,good,271,332,367,428
mvtec/cabbage/train/good/lighting_only_rgb_0140_SLOT_06.png,raw/lighting_only/rgb_0140.png,lighting_only,train,SLOT_06,good,426,332,522,428
mvtec/cabbage/train/good/lighting_only_rgb_0123_SLOT_01.png,raw/lighting_only/rgb_0123.png,lighting_only,train,SLOT_01,good,143,235,239,331
mvtec/cabbage/train/good/lighting_only_rgb_0123_SLOT_02.png,raw/lighting_only/rgb_0123.png,lighting_only,train,SLOT_02,good,271,235,367,331
mvtec/cabbage/train/good/lighting_only_rgb_0123_SLOT_03.png,raw/lighting_only/rgb_0123.png,lighting_only,train,SLOT_03,good,405,235,501,331
mvtec/cabbage/train/good/lighting_only_rgb_0123_SLOT_04.png,raw/lighting_only/rgb_0123.png,lighting_only,train,SLOT_04,good,118,332,214,428
mvtec/cabbage/train/good/lighting_only_rgb_0123_SLOT_05.png,raw/lighting_only/rgb_0123.png,lighting_only,train,SLOT_05,good,271,332,367,428
mvtec/cabbage/train/good/lighting_only_rgb_0123_SLOT_06.png,raw/lighting_only/rgb_0123.png,lighting_only,train,SLOT_06,good,426,332,522,428
mvtec/cabbage/train/good/lighting_only_rgb_0175_SLOT_01.png,raw/lighting_only/rgb_0175.png,lighting_only,train,SLOT_01,good,143,235,239,331
mvtec/cabbage/train/good/lighting_only_rgb_0175_SLOT_02.png,raw/lighting_only/rgb_0175.png,lighting_only,train,SLOT_02,good,271,235,367,331
mvtec/cabbage/train/good/lighting_only_rgb_0175_SLOT_03.png,raw/lighting_only/rgb_0175.png,lighting_only,train,SLOT_03,good,405,235,501,331
mvtec/cabbage/train/good/lighting_only_rgb_0175_SLOT_04.png,raw/lighting_only/rgb_0175.png,lighting_only,train,SLOT_04,good,118,332,214,428
mvtec/cabbage/train/good/lighting_only_rgb_0175_SLOT_05.png,raw/lighting_only/rgb_0175.png,lighting_only,train,SLOT_05,good,271,332,367,428
mvtec/cabbage/train/good/lighting_only_rgb_0175_SLOT_06.png,raw/lighting_only/rgb_0175.png,lighting_only,train,SLOT_06,good,426,332,522,428
mvtec/cabbage/train/good/lighting_only_rgb_0063_SLOT_01.png,raw/lighting_only/rgb_0063.png,lighting_only,train,SLOT_01,good,143,235,239,331
mvtec/cabbage/train/good/lighting_only_rgb_0063_SLOT_02.png,raw/lighting_only/rgb_0063.png,lighting_only,train,SLOT_02,good,271,235,367,331
mvtec/cabbage/train/good/lighting_only_rgb_0063_SLOT_03.png,raw/lighting_only/rgb_0063.png,lighting_only,train,SLOT_03,good,405,235,501,331
mvtec/cabbage/train/good/lighting_only_rgb_0063_SLOT_04.png,raw/lighting_only/rgb_0063.png,lighting_only,train,SLOT_04,good,118,332,214,428
mvtec/cabbage/train/good/lighting_only_rgb_0063_SLOT_05.png,raw/lighting_only/rgb_0063.png,lighting_only,train,SLOT_05,good,271,332,367,428
mvtec/cabbage/train/good/lighting_only_rgb_0063_SLOT_06.png,raw/lighting_only/rgb_0063.png,lighting_only,train,SLOT_06,good,426,332,522,428
mvtec/cabbage/train/good/lighting_only_rgb_0083_SLOT_01.png,raw/lighting_only/rgb_0083.png,lighting_only,train,SLOT_01,good,143,235,239,331
mvtec/cabbage/train/good/lighting_only_rgb_0083_SLOT_02.png,raw/lighting_only/rgb_0083.png,lighting_only,train,SLOT_02,good,271,235,367,331
mvtec/cabbage/train/good/lighting_only_rgb_0083_SLOT_03.png,raw/lighting_only/rgb_0083.png,lighting_only,train,SLOT_03,good,405,235,501,331
mvtec/cabbage/train/good/lighting_only_rgb_0083_SLOT_04.png,raw/lighting_only/rgb_0083.png,lighting_only,train,SLOT_04,good,118,332,214,428
mvtec/cabbage/train/good/lighting_only_rgb_0083_SLOT_05.png,raw/lighting_only/rgb_0083.png,lighting_only,train,SLOT_05,good,271,332,367,428
mvtec/cabbage/train/good/lighting_only_rgb_0083_SLOT_06.png,raw/lighting_only/rgb_0083.png,lighting_only,train,SLOT_06,good,426,332,522,428
mvtec/cabbage/train/good/lighting_only_rgb_0148_SLOT_01.png,raw/lighting_only/rgb_0148.png,lighting_only,train,SLOT_01,good,143,235,239,331
mvtec/cabbage/train/good/lighting_only_rgb_0148_SLOT_02.png,raw/lighting_only/rgb_0148.png,lighting_only,train,SLOT_02,good,271,235,367,331
mvtec/cabbage/train/good/lighting_only_rgb_0148_SLOT_03.png,raw/lighting_only/rgb_0148.png,lighting_only,train,SLOT_03,good,405,235,501,331
mvtec/cabbage/train/good/lighting_only_rgb_0148_SLOT_04.png,raw/lighting_only/rgb_0148.png,lighting_only,train,SLOT_04,good,118,332,214,428
mvtec/cabbage/train/good/lighting_only_rgb_0148_SLOT_05.png,raw/lighting_only/rgb_0148.png,lighting_only,train,SLOT_05,good,271,332,367,428
mvtec/cabbage/train/good/lighting_only_rgb_0148_SLOT_06.png,raw/lighting_only/rgb_0148.png,lighting_only,train,SLOT_06,good,426,332,522,428
mvtec/cabbage/train/good/lighting_only_rgb_0100_SLOT_01.png,raw/lighting_only/rgb_0100.png,lighting_only,train,SLOT_01,good,143,235,239,331
mvtec/cabbage/train/good/lighting_only_rgb_0100_SLOT_02.png,raw/lighting_only/rgb_0100.png,lighting_only,train,SLOT_02,good,271,235,367,331
mvtec/cabbage/train/good/lighting_only_rgb_0100_SLOT_03.png,raw/lighting_only/rgb_0100.png,lighting_only,train,SLOT_03,good,405,235,501,331
mvtec/cabbage/train/good/lighting_only_rgb_0100_SLOT_04.png,raw/lighting_only/rgb_0100.png,lighting_only,train,SLOT_04,good,118,332,214,428
mvtec/cabbage/train/good/lighting_only_rgb_0100_SLOT_05.png,raw/lighting_only/rgb_0100.png,lighting_only,train,SLOT_05,good,271,332,367,428
mvtec/cabbage/train/good/lighting_only_rgb_0100_SLOT_06.png,raw/lighting_only/rgb_0100.png,lighting_only,train,SLOT_06,good,426,332,522,428
mvtec/cabbage/train/good/lighting_only_rgb_0155_SLOT_01.png,raw/lighting_only/rgb_0155.png,lighting_only,train,SLOT_01,good,143,235,239,331
mvtec/cabbage/train/good/lighting_only_rgb_0155_SLOT_02.png,raw/lighting_only/rgb_0155.png,lighting_only,train,SLOT_02,good,271,235,367,331
mvtec/cabbage/train/good/lighting_only_rgb_0155_SLOT_03.png,raw/lighting_only/rgb_0155.png,lighting_only,train,SLOT_03,good,405,235,501,331
mvtec/cabbage/train/good/lighting_only_rgb_0155_SLOT_04.png,raw/lighting_only/rgb_0155.png,lighting_only,train,SLOT_04,good,118,332,214,428
mvtec/cabbage/train/good/lighting_only_rgb_0155_SLOT_05.png,raw/lighting_only/rgb_0155.png,lighting_only,train,SLOT_05,good,271,332,367,428
mvtec/cabbage/train/good/lighting_only_rgb_0155_SLOT_06.png,raw/lighting_only/rgb_0155.png,lighting_only,train,SLOT_06,good,426,332,522,428
mvtec/cabbage/train/good/lighting_only_rgb_0072_SLOT_01.png,raw/lighting_only/rgb_0072.png,lighting_only,train,SLOT_01,good,143,235,239,331
mvtec/cabbage/train/good/lighting_only_rgb_0072_SLOT_02.png,raw/lighting_only/rgb_0072.png,lighting_only,train,SLOT_02,good,271,235,367,331
mvtec/cabbage/train/good/lighting_only_rgb_0072_SLOT_03.png,raw/lighting_only/rgb_0072.png,lighting_only,train,SLOT_03,good,405,235,501,331
mvtec/cabbage/train/good/lighting_only_rgb_0072_SLOT_04.png,raw/lighting_only/rgb_0072.png,lighting_only,train,SLOT_04,good,118,332,214,428
mvtec/cabbage/train/good/lighting_only_rgb_0072_SLOT_05.png,raw/lighting_only/rgb_0072.png,lighting_only,train,SLOT_05,good,271,332,367,428
mvtec/cabbage/train/good/lighting_only_rgb_0072_SLOT_06.png,raw/lighting_only/rgb_0072.png,lighting_only,train,SLOT_06,good,426,332,522,428
mvtec/cabbage/train/good/lighting_only_rgb_0027_SLOT_01.png,raw/lighting_only/rgb_0027.png,lighting_only,train,SLOT_01,good,143,235,239,331
mvtec/cabbage/train/good/lighting_only_rgb_0027_SLOT_02.png,raw/lighting_only/rgb_0027.png,lighting_only,train,SLOT_02,good,271,235,367,331
mvtec/cabbage/train/good/lighting_only_rgb_0027_SLOT_03.png,raw/lighting_only/rgb_0027.png,lighting_only,train,SLOT_03,good,405,235,501,331
mvtec/cabbage/train/good/lighting_only_rgb_0027_SLOT_04.png,raw/lighting_only/rgb_0027.png,lighting_only,train,SLOT_04,good,118,332,214,428
mvtec/cabbage/train/good/lighting_only_rgb_0027_SLOT_05.png,raw/lighting_only/rgb_0027.png,lighting_only,train,SLOT_05,good,271,332,367,428
mvtec/cabbage/train/good/lighting_only_rgb_0027_SLOT_06.png,raw/lighting_only/rgb_0027.png,lighting_only,train,SLOT_06,good,426,332,522,428
mvtec/cabbage/train/good/lighting_only_rgb_0184_SLOT_01.png,raw/lighting_only/rgb_0184.png,lighting_only,train,SLOT_01,good,143,235,239,331
mvtec/cabbage/train/good/lighting_only_rgb_0184_SLOT_02.png,raw/lighting_only/rgb_0184.png,lighting_only,train,SLOT_02,good,271,235,367,331
mvtec/cabbage/train/good/lighting_only_rgb_0184_SLOT_03.png,raw/lighting_only/rgb_0184.png,lighting_only,train,SLOT_03,good,405,235,501,331
mvtec/cabbage/train/good/lighting_only_rgb_0184_SLOT_04.png,raw/lighting_only/rgb_0184.png,lighting_only,train,SLOT_04,good,118,332,214,428
mvtec/cabbage/train/good/lighting_only_rgb_0184_SLOT_05.png,raw/lighting_only/rgb_0184.png,lighting_only,train,SLOT_05,good,271,332,367,428
mvtec/cabbage/train/good/lighting_only_rgb_0184_SLOT_06.png,raw/lighting_only/rgb_0184.png,lighting_only,train,SLOT_06,good,426,332,522,428
mvtec/cabbage/train/good/lighting_only_rgb_0112_SLOT_01.png,raw/lighting_only/rgb_0112.png,lighting_only,train,SLOT_01,good,143,235,239,331
mvtec/cabbage/train/good/lighting_only_rgb_0112_SLOT_02.png,raw/lighting_only/rgb_0112.png,lighting_only,train,SLOT_02,good,271,235,367,331
mvtec/cabbage/train/good/lighting_only_rgb_0112_SLOT_03.png,raw/lighting_only/rgb_0112.png,lighting_only,train,SLOT_03,good,405,235,501,331
mvtec/cabbage/train/good/lighting_only_rgb_0112_SLOT_04.png,raw/lighting_only/rgb_0112.png,lighting_only,train,SLOT_04,good,118,332,214,428
mvtec/cabbage/train/good/lighting_only_rgb_0112_SLOT_05.png,raw/lighting_only/rgb_0112.png,lighting_only,train,SLOT_05,good,271,332,367,428
mvtec/cabbage/train/good/lighting_only_rgb_0112_SLOT_06.png,raw/lighting_only/rgb_0112.png,lighting_only,train,SLOT_06,good,426,332,522,428
mvtec/cabbage/train/good/lighting_only_rgb_0051_SLOT_01.png,raw/lighting_only/rgb_0051.png,lighting_only,train,SLOT_01,good,143,235,239,331
mvtec/cabbage/train/good/lighting_only_rgb_0051_SLOT_02.png,raw/lighting_only/rgb_0051.png,lighting_only,train,SLOT_02,good,271,235,367,331
mvtec/cabbage/train/good/lighting_only_rgb_0051_SLOT_03.png,raw/lighting_only/rgb_0051.png,lighting_only,train,SLOT_03,good,405,235,501,331
mvtec/cabbage/train/good/lighting_only_rgb_0051_SLOT_04.png,raw/lighting_only/rgb_0051.png,lighting_only,train,SLOT_04,good,118,332,214,428
mvtec/cabbage/train/good/lighting_only_rgb_0051_SLOT_05.png,raw/lighting_only/rgb_0051.png,lighting_only,train,SLOT_05,good,271,332,367,428
mvtec/cabbage/train/good/lighting_only_rgb_0051_SLOT_06.png,raw/lighting_only/rgb_0051.png,lighting_only,train,SLOT_06,good,426,332,522,428
validation/good/lighting_only_rgb_0174_SLOT_01.png,raw/lighting_only/rgb_0174.png,lighting_only,val,SLOT_01,good,143,235,239,331
validation/good/lighting_only_rgb_0174_SLOT_02.png,raw/lighting_only/rgb_0174.png,lighting_only,val,SLOT_02,good,271,235,367,331
validation/good/lighting_only_rgb_0174_SLOT_03.png,raw/lighting_only/rgb_0174.png,lighting_only,val,SLOT_03,good,405,235,501,331
validation/good/lighting_only_rgb_0174_SLOT_04.png,raw/lighting_only/rgb_0174.png,lighting_only,val,SLOT_04,good,118,332,214,428
validation/good/lighting_only_rgb_0174_SLOT_05.png,raw/lighting_only/rgb_0174.png,lighting_only,val,SLOT_05,good,271,332,367,428
validation/good/lighting_only_rgb_0174_SLOT_06.png,raw/lighting_only/rgb_0174.png,lighting_only,val,SLOT_06,good,426,332,522,428
validation/good/lighting_only_rgb_0004_SLOT_01.png,raw/lighting_only/rgb_0004.png,lighting_only,val,SLOT_01,good,143,235,239,331
validation/good/lighting_only_rgb_0004_SLOT_02.png,raw/lighting_only/rgb_0004.png,lighting_only,val,SLOT_02,good,271,235,367,331
validation/good/lighting_only_rgb_0004_SLOT_03.png,raw/lighting_only/rgb_0004.png,lighting_only,val,SLOT_03,good,405,235,501,331
validation/good/lighting_only_rgb_0004_SLOT_04.png,raw/lighting_only/rgb_0004.png,lighting_only,val,SLOT_04,good,118,332,214,428
validation/good/lighting_only_rgb_0004_SLOT_05.png,raw/lighting_only/rgb_0004.png,lighting_only,val,SLOT_05,good,271,332,367,428
validation/good/lighting_only_rgb_0004_SLOT_06.png,raw/lighting_only/rgb_0004.png,lighting_only,val,SLOT_06,good,426,332,522,428
validation/good/lighting_only_rgb_0029_SLOT_01.png,raw/lighting_only/rgb_0029.png,lighting_only,val,SLOT_01,good,143,235,239,331
validation/good/lighting_only_rgb_0029_SLOT_02.png,raw/lighting_only/rgb_0029.png,lighting_only,val,SLOT_02,good,271,235,367,331
validation/good/lighting_only_rgb_0029_SLOT_03.png,raw/lighting_only/rgb_0029.png,lighting_only,val,SLOT_03,good,405,235,501,331
validation/good/lighting_only_rgb_0029_SLOT_04.png,raw/lighting_only/rgb_0029.png,lighting_only,val,SLOT_04,good,118,332,214,428
validation/good/lighting_only_rgb_0029_SLOT_05.png,raw/lighting_only/rgb_0029.png,lighting_only,val,SLOT_05,good,271,332,367,428
validation/good/lighting_only_rgb_0029_SLOT_06.png,raw/lighting_only/rgb_0029.png,lighting_only,val,SLOT_06,good,426,332,522,428
validation/good/lighting_only_rgb_0183_SLOT_01.png,raw/lighting_only/rgb_0183.png,lighting_only,val,SLOT_01,good,143,235,239,331
validation/good/lighting_only_rgb_0183_SLOT_02.png,raw/lighting_only/rgb_0183.png,lighting_only,val,SLOT_02,good,271,235,367,331
validation/good/lighting_only_rgb_0183_SLOT_03.png,raw/lighting_only/rgb_0183.png,lighting_only,val,SLOT_03,good,405,235,501,331
validation/good/lighting_only_rgb_0183_SLOT_04.png,raw/lighting_only/rgb_0183.png,lighting_only,val,SLOT_04,good,118,332,214,428
validation/good/lighting_only_rgb_0183_SLOT_05.png,raw/lighting_only/rgb_0183.png,lighting_only,val,SLOT_05,good,271,332,367,428
validation/good/lighting_only_rgb_0183_SLOT_06.png,raw/lighting_only/rgb_0183.png,lighting_only,val,SLOT_06,good,426,332,522,428
validation/good/lighting_only_rgb_0099_SLOT_01.png,raw/lighting_only/rgb_0099.png,lighting_only,val,SLOT_01,good,143,235,239,331
validation/good/lighting_only_rgb_0099_SLOT_02.png,raw/lighting_only/rgb_0099.png,lighting_only,val,SLOT_02,good,271,235,367,331
validation/good/lighting_only_rgb_0099_SLOT_03.png,raw/lighting_only/rgb_0099.png,lighting_only,val,SLOT_03,good,405,235,501,331
validation/good/lighting_only_rgb_0099_SLOT_04.png,raw/lighting_only/rgb_0099.png,lighting_only,val,SLOT_04,good,118,332,214,428
validation/good/lighting_only_rgb_0099_SLOT_05.png,raw/lighting_only/rgb_0099.png,lighting_only,val,SLOT_05,good,271,332,367,428
validation/good/lighting_only_rgb_0099_SLOT_06.png,raw/lighting_only/rgb_0099.png,lighting_only,val,SLOT_06,good,426,332,522,428
validation/good/lighting_only_rgb_0098_SLOT_01.png,raw/lighting_only/rgb_0098.png,lighting_only,val,SLOT_01,good,143,235,239,331
validation/good/lighting_only_rgb_0098_SLOT_02.png,raw/lighting_only/rgb_0098.png,lighting_only,val,SLOT_02,good,271,235,367,331
validation/good/lighting_only_rgb_0098_SLOT_03.png,raw/lighting_only/rgb_0098.png,lighting_only,val,SLOT_03,good,405,235,501,331
validation/good/lighting_only_rgb_0098_SLOT_04.png,raw/lighting_only/rgb_0098.png,lighting_only,val,SLOT_04,good,118,332,214,428
validation/good/lighting_only_rgb_0098_SLOT_05.png,raw/lighting_only/rgb_0098.png,lighting_only,val,SLOT_05,good,271,332,367,428
validation/good/lighting_only_rgb_0098_SLOT_06.png,raw/lighting_only/rgb_0098.png,lighting_only,val,SLOT_06,good,426,332,522,428
validation/good/lighting_only_rgb_0131_SLOT_01.png,raw/lighting_only/rgb_0131.png,lighting_only,val,SLOT_01,good,143,235,239,331
validation/good/lighting_only_rgb_0131_SLOT_02.png,raw/lighting_only/rgb_0131.png,lighting_only,val,SLOT_02,good,271,235,367,331
validation/good/lighting_only_rgb_0131_SLOT_03.png,raw/lighting_only/rgb_0131.png,lighting_only,val,SLOT_03,good,405,235,501,331
validation/good/lighting_only_rgb_0131_SLOT_04.png,raw/lighting_only/rgb_0131.png,lighting_only,val,SLOT_04,good,118,332,214,428
validation/good/lighting_only_rgb_0131_SLOT_05.png,raw/lighting_only/rgb_0131.png,lighting_only,val,SLOT_05,good,271,332,367,428
validation/good/lighting_only_rgb_0131_SLOT_06.png,raw/lighting_only/rgb_0131.png,lighting_only,val,SLOT_06,good,426,332,522,428
validation/good/lighting_only_rgb_0124_SLOT_01.png,raw/lighting_only/rgb_0124.png,lighting_only,val,SLOT_01,good,143,235,239,331
validation/good/lighting_only_rgb_0124_SLOT_02.png,raw/lighting_only/rgb_0124.png,lighting_only,val,SLOT_02,good,271,235,367,331
validation/good/lighting_only_rgb_0124_SLOT_03.png,raw/lighting_only/rgb_0124.png,lighting_only,val,SLOT_03,good,405,235,501,331
validation/good/lighting_only_rgb_0124_SLOT_04.png,raw/lighting_only/rgb_0124.png,lighting_only,val,SLOT_04,good,118,332,214,428
validation/good/lighting_only_rgb_0124_SLOT_05.png,raw/lighting_only/rgb_0124.png,lighting_only,val,SLOT_05,good,271,332,367,428
validation/good/lighting_only_rgb_0124_SLOT_06.png,raw/lighting_only/rgb_0124.png,lighting_only,val,SLOT_06,good,426,332,522,428
validation/good/lighting_only_rgb_0198_SLOT_01.png,raw/lighting_only/rgb_0198.png,lighting_only,val,SLOT_01,good,143,235,239,331
validation/good/lighting_only_rgb_0198_SLOT_02.png,raw/lighting_only/rgb_0198.png,lighting_only,val,SLOT_02,good,271,235,367,331
validation/good/lighting_only_rgb_0198_SLOT_03.png,raw/lighting_only/rgb_0198.png,lighting_only,val,SLOT_03,good,405,235,501,331
validation/good/lighting_only_rgb_0198_SLOT_04.png,raw/lighting_only/rgb_0198.png,lighting_only,val,SLOT_04,good,118,332,214,428
validation/good/lighting_only_rgb_0198_SLOT_05.png,raw/lighting_only/rgb_0198.png,lighting_only,val,SLOT_05,good,271,332,367,428
validation/good/lighting_only_rgb_0198_SLOT_06.png,raw/lighting_only/rgb_0198.png,lighting_only,val,SLOT_06,good,426,332,522,428
validation/good/lighting_only_rgb_0134_SLOT_01.png,raw/lighting_only/rgb_0134.png,lighting_only,val,SLOT_01,good,143,235,239,331
validation/good/lighting_only_rgb_0134_SLOT_02.png,raw/lighting_only/rgb_0134.png,lighting_only,val,SLOT_02,good,271,235,367,331
validation/good/lighting_only_rgb_0134_SLOT_03.png,raw/lighting_only/rgb_0134.png,lighting_only,val,SLOT_03,good,405,235,501,331
validation/good/lighting_only_rgb_0134_SLOT_04.png,raw/lighting_only/rgb_0134.png,lighting_only,val,SLOT_04,good,118,332,214,428
validation/good/lighting_only_rgb_0134_SLOT_05.png,raw/lighting_only/rgb_0134.png,lighting_only,val,SLOT_05,good,271,332,367,428
validation/good/lighting_only_rgb_0134_SLOT_06.png,raw/lighting_only/rgb_0134.png,lighting_only,val,SLOT_06,good,426,332,522,428
validation/good/lighting_only_rgb_0178_SLOT_01.png,raw/lighting_only/rgb_0178.png,lighting_only,val,SLOT_01,good,143,235,239,331
validation/good/lighting_only_rgb_0178_SLOT_02.png,raw/lighting_only/rgb_0178.png,lighting_only,val,SLOT_02,good,271,235,367,331
validation/good/lighting_only_rgb_0178_SLOT_03.png,raw/lighting_only/rgb_0178.png,lighting_only,val,SLOT_03,good,405,235,501,331
validation/good/lighting_only_rgb_0178_SLOT_04.png,raw/lighting_only/rgb_0178.png,lighting_only,val,SLOT_04,good,118,332,214,428
validation/good/lighting_only_rgb_0178_SLOT_05.png,raw/lighting_only/rgb_0178.png,lighting_only,val,SLOT_05,good,271,332,367,428
validation/good/lighting_only_rgb_0178_SLOT_06.png,raw/lighting_only/rgb_0178.png,lighting_only,val,SLOT_06,good,426,332,522,428
validation/good/lighting_only_rgb_0120_SLOT_01.png,raw/lighting_only/rgb_0120.png,lighting_only,val,SLOT_01,good,143,235,239,331
validation/good/lighting_only_rgb_0120_SLOT_02.png,raw/lighting_only/rgb_0120.png,lighting_only,val,SLOT_02,good,271,235,367,331
validation/good/lighting_only_rgb_0120_SLOT_03.png,raw/lighting_only/rgb_0120.png,lighting_only,val,SLOT_03,good,405,235,501,331
validation/good/lighting_only_rgb_0120_SLOT_04.png,raw/lighting_only/rgb_0120.png,lighting_only,val,SLOT_04,good,118,332,214,428
validation/good/lighting_only_rgb_0120_SLOT_05.png,raw/lighting_only/rgb_0120.png,lighting_only,val,SLOT_05,good,271,332,367,428
validation/good/lighting_only_rgb_0120_SLOT_06.png,raw/lighting_only/rgb_0120.png,lighting_only,val,SLOT_06,good,426,332,522,428
validation/good/lighting_only_rgb_0034_SLOT_01.png,raw/lighting_only/rgb_0034.png,lighting_only,val,SLOT_01,good,143,235,239,331
validation/good/lighting_only_rgb_0034_SLOT_02.png,raw/lighting_only/rgb_0034.png,lighting_only,val,SLOT_02,good,271,235,367,331
validation/good/lighting_only_rgb_0034_SLOT_03.png,raw/lighting_only/rgb_0034.png,lighting_only,val,SLOT_03,good,405,235,501,331
validation/good/lighting_only_rgb_0034_SLOT_04.png,raw/lighting_only/rgb_0034.png,lighting_only,val,SLOT_04,good,118,332,214,428
validation/good/lighting_only_rgb_0034_SLOT_05.png,raw/lighting_only/rgb_0034.png,lighting_only,val,SLOT_05,good,271,332,367,428
validation/good/lighting_only_rgb_0034_SLOT_06.png,raw/lighting_only/rgb_0034.png,lighting_only,val,SLOT_06,good,426,332,522,428
validation/good/lighting_only_rgb_0048_SLOT_01.png,raw/lighting_only/rgb_0048.png,lighting_only,val,SLOT_01,good,143,235,239,331
validation/good/lighting_only_rgb_0048_SLOT_02.png,raw/lighting_only/rgb_0048.png,lighting_only,val,SLOT_02,good,271,235,367,331
validation/good/lighting_only_rgb_0048_SLOT_03.png,raw/lighting_only/rgb_0048.png,lighting_only,val,SLOT_03,good,405,235,501,331
validation/good/lighting_only_rgb_0048_SLOT_04.png,raw/lighting_only/rgb_0048.png,lighting_only,val,SLOT_04,good,118,332,214,428
validation/good/lighting_only_rgb_0048_SLOT_05.png,raw/lighting_only/rgb_0048.png,lighting_only,val,SLOT_05,good,271,332,367,428
validation/good/lighting_only_rgb_0048_SLOT_06.png,raw/lighting_only/rgb_0048.png,lighting_only,val,SLOT_06,good,426,332,522,428
validation/good/lighting_only_rgb_0169_SLOT_01.png,raw/lighting_only/rgb_0169.png,lighting_only,val,SLOT_01,good,143,235,239,331
validation/good/lighting_only_rgb_0169_SLOT_02.png,raw/lighting_only/rgb_0169.png,lighting_only,val,SLOT_02,good,271,235,367,331
validation/good/lighting_only_rgb_0169_SLOT_03.png,raw/lighting_only/rgb_0169.png,lighting_only,val,SLOT_03,good,405,235,501,331
validation/good/lighting_only_rgb_0169_SLOT_04.png,raw/lighting_only/rgb_0169.png,lighting_only,val,SLOT_04,good,118,332,214,428
validation/good/lighting_only_rgb_0169_SLOT_05.png,raw/lighting_only/rgb_0169.png,lighting_only,val,SLOT_05,good,271,332,367,428
validation/good/lighting_only_rgb_0169_SLOT_06.png,raw/lighting_only/rgb_0169.png,lighting_only,val,SLOT_06,good,426,332,522,428
validation/good/lighting_only_rgb_0138_SLOT_01.png,raw/lighting_only/rgb_0138.png,lighting_only,val,SLOT_01,good,143,235,239,331
validation/good/lighting_only_rgb_0138_SLOT_02.png,raw/lighting_only/rgb_0138.png,lighting_only,val,SLOT_02,good,271,235,367,331
validation/good/lighting_only_rgb_0138_SLOT_03.png,raw/lighting_only/rgb_0138.png,lighting_only,val,SLOT_03,good,405,235,501,331
validation/good/lighting_only_rgb_0138_SLOT_04.png,raw/lighting_only/rgb_0138.png,lighting_only,val,SLOT_04,good,118,332,214,428
validation/good/lighting_only_rgb_0138_SLOT_05.png,raw/lighting_only/rgb_0138.png,lighting_only,val,SLOT_05,good,271,332,367,428
validation/good/lighting_only_rgb_0138_SLOT_06.png,raw/lighting_only/rgb_0138.png,lighting_only,val,SLOT_06,good,426,332,522,428
validation/good/lighting_only_rgb_0149_SLOT_01.png,raw/lighting_only/rgb_0149.png,lighting_only,val,SLOT_01,good,143,235,239,331
validation/good/lighting_only_rgb_0149_SLOT_02.png,raw/lighting_only/rgb_0149.png,lighting_only,val,SLOT_02,good,271,235,367,331
validation/good/lighting_only_rgb_0149_SLOT_03.png,raw/lighting_only/rgb_0149.png,lighting_only,val,SLOT_03,good,405,235,501,331
validation/good/lighting_only_rgb_0149_SLOT_04.png,raw/lighting_only/rgb_0149.png,lighting_only,val,SLOT_04,good,118,332,214,428
validation/good/lighting_only_rgb_0149_SLOT_05.png,raw/lighting_only/rgb_0149.png,lighting_only,val,SLOT_05,good,271,332,367,428
validation/good/lighting_only_rgb_0149_SLOT_06.png,raw/lighting_only/rgb_0149.png,lighting_only,val,SLOT_06,good,426,332,522,428
validation/good/lighting_only_rgb_0132_SLOT_01.png,raw/lighting_only/rgb_0132.png,lighting_only,val,SLOT_01,good,143,235,239,331
validation/good/lighting_only_rgb_0132_SLOT_02.png,raw/lighting_only/rgb_0132.png,lighting_only,val,SLOT_02,good,271,235,367,331
validation/good/lighting_only_rgb_0132_SLOT_03.png,raw/lighting_only/rgb_0132.png,lighting_only,val,SLOT_03,good,405,235,501,331
validation/good/lighting_only_rgb_0132_SLOT_04.png,raw/lighting_only/rgb_0132.png,lighting_only,val,SLOT_04,good,118,332,214,428
validation/good/lighting_only_rgb_0132_SLOT_05.png,raw/lighting_only/rgb_0132.png,lighting_only,val,SLOT_05,good,271,332,367,428
validation/good/lighting_only_rgb_0132_SLOT_06.png,raw/lighting_only/rgb_0132.png,lighting_only,val,SLOT_06,good,426,332,522,428
validation/good/lighting_only_rgb_0127_SLOT_01.png,raw/lighting_only/rgb_0127.png,lighting_only,val,SLOT_01,good,143,235,239,331
validation/good/lighting_only_rgb_0127_SLOT_02.png,raw/lighting_only/rgb_0127.png,lighting_only,val,SLOT_02,good,271,235,367,331
validation/good/lighting_only_rgb_0127_SLOT_03.png,raw/lighting_only/rgb_0127.png,lighting_only,val,SLOT_03,good,405,235,501,331
validation/good/lighting_only_rgb_0127_SLOT_04.png,raw/lighting_only/rgb_0127.png,lighting_only,val,SLOT_04,good,118,332,214,428
validation/good/lighting_only_rgb_0127_SLOT_05.png,raw/lighting_only/rgb_0127.png,lighting_only,val,SLOT_05,good,271,332,367,428
validation/good/lighting_only_rgb_0127_SLOT_06.png,raw/lighting_only/rgb_0127.png,lighting_only,val,SLOT_06,good,426,332,522,428
validation/good/lighting_only_rgb_0021_SLOT_01.png,raw/lighting_only/rgb_0021.png,lighting_only,val,SLOT_01,good,143,235,239,331
validation/good/lighting_only_rgb_0021_SLOT_02.png,raw/lighting_only/rgb_0021.png,lighting_only,val,SLOT_02,good,271,235,367,331
validation/good/lighting_only_rgb_0021_SLOT_03.png,raw/lighting_only/rgb_0021.png,lighting_only,val,SLOT_03,good,405,235,501,331
validation/good/lighting_only_rgb_0021_SLOT_04.png,raw/lighting_only/rgb_0021.png,lighting_only,val,SLOT_04,good,118,332,214,428
validation/good/lighting_only_rgb_0021_SLOT_05.png,raw/lighting_only/rgb_0021.png,lighting_only,val,SLOT_05,good,271,332,367,428
validation/good/lighting_only_rgb_0021_SLOT_06.png,raw/lighting_only/rgb_0021.png,lighting_only,val,SLOT_06,good,426,332,522,428
validation/good/lighting_only_rgb_0081_SLOT_01.png,raw/lighting_only/rgb_0081.png,lighting_only,val,SLOT_01,good,143,235,239,331
validation/good/lighting_only_rgb_0081_SLOT_02.png,raw/lighting_only/rgb_0081.png,lighting_only,val,SLOT_02,good,271,235,367,331
validation/good/lighting_only_rgb_0081_SLOT_03.png,raw/lighting_only/rgb_0081.png,lighting_only,val,SLOT_03,good,405,235,501,331
validation/good/lighting_only_rgb_0081_SLOT_04.png,raw/lighting_only/rgb_0081.png,lighting_only,val,SLOT_04,good,118,332,214,428
validation/good/lighting_only_rgb_0081_SLOT_05.png,raw/lighting_only/rgb_0081.png,lighting_only,val,SLOT_05,good,271,332,367,428
validation/good/lighting_only_rgb_0081_SLOT_06.png,raw/lighting_only/rgb_0081.png,lighting_only,val,SLOT_06,good,426,332,522,428
validation/good/lighting_only_rgb_0077_SLOT_01.png,raw/lighting_only/rgb_0077.png,lighting_only,val,SLOT_01,good,143,235,239,331
validation/good/lighting_only_rgb_0077_SLOT_02.png,raw/lighting_only/rgb_0077.png,lighting_only,val,SLOT_02,good,271,235,367,331
validation/good/lighting_only_rgb_0077_SLOT_03.png,raw/lighting_only/rgb_0077.png,lighting_only,val,SLOT_03,good,405,235,501,331
validation/good/lighting_only_rgb_0077_SLOT_04.png,raw/lighting_only/rgb_0077.png,lighting_only,val,SLOT_04,good,118,332,214,428
validation/good/lighting_only_rgb_0077_SLOT_05.png,raw/lighting_only/rgb_0077.png,lighting_only,val,SLOT_05,good,271,332,367,428
validation/good/lighting_only_rgb_0077_SLOT_06.png,raw/lighting_only/rgb_0077.png,lighting_only,val,SLOT_06,good,426,332,522,428
validation/good/lighting_only_rgb_0009_SLOT_01.png,raw/lighting_only/rgb_0009.png,lighting_only,val,SLOT_01,good,143,235,239,331
validation/good/lighting_only_rgb_0009_SLOT_02.png,raw/lighting_only/rgb_0009.png,lighting_only,val,SLOT_02,good,271,235,367,331
validation/good/lighting_only_rgb_0009_SLOT_03.png,raw/lighting_only/rgb_0009.png,lighting_only,val,SLOT_03,good,405,235,501,331
validation/good/lighting_only_rgb_0009_SLOT_04.png,raw/lighting_only/rgb_0009.png,lighting_only,val,SLOT_04,good,118,332,214,428
validation/good/lighting_only_rgb_0009_SLOT_05.png,raw/lighting_only/rgb_0009.png,lighting_only,val,SLOT_05,good,271,332,367,428
validation/good/lighting_only_rgb_0009_SLOT_06.png,raw/lighting_only/rgb_0009.png,lighting_only,val,SLOT_06,good,426,332,522,428
validation/good/lighting_only_rgb_0082_SLOT_01.png,raw/lighting_only/rgb_0082.png,lighting_only,val,SLOT_01,good,143,235,239,331
validation/good/lighting_only_rgb_0082_SLOT_02.png,raw/lighting_only/rgb_0082.png,lighting_only,val,SLOT_02,good,271,235,367,331
validation/good/lighting_only_rgb_0082_SLOT_03.png,raw/lighting_only/rgb_0082.png,lighting_only,val,SLOT_03,good,405,235,501,331
validation/good/lighting_only_rgb_0082_SLOT_04.png,raw/lighting_only/rgb_0082.png,lighting_only,val,SLOT_04,good,118,332,214,428
validation/good/lighting_only_rgb_0082_SLOT_05.png,raw/lighting_only/rgb_0082.png,lighting_only,val,SLOT_05,good,271,332,367,428
validation/good/lighting_only_rgb_0082_SLOT_06.png,raw/lighting_only/rgb_0082.png,lighting_only,val,SLOT_06,good,426,332,522,428
validation/good/lighting_only_rgb_0164_SLOT_01.png,raw/lighting_only/rgb_0164.png,lighting_only,val,SLOT_01,good,143,235,239,331
validation/good/lighting_only_rgb_0164_SLOT_02.png,raw/lighting_only/rgb_0164.png,lighting_only,val,SLOT_02,good,271,235,367,331
validation/good/lighting_only_rgb_0164_SLOT_03.png,raw/lighting_only/rgb_0164.png,lighting_only,val,SLOT_03,good,405,235,501,331
validation/good/lighting_only_rgb_0164_SLOT_04.png,raw/lighting_only/rgb_0164.png,lighting_only,val,SLOT_04,good,118,332,214,428
validation/good/lighting_only_rgb_0164_SLOT_05.png,raw/lighting_only/rgb_0164.png,lighting_only,val,SLOT_05,good,271,332,367,428
validation/good/lighting_only_rgb_0164_SLOT_06.png,raw/lighting_only/rgb_0164.png,lighting_only,val,SLOT_06,good,426,332,522,428
validation/good/lighting_only_rgb_0119_SLOT_01.png,raw/lighting_only/rgb_0119.png,lighting_only,val,SLOT_01,good,143,235,239,331
validation/good/lighting_only_rgb_0119_SLOT_02.png,raw/lighting_only/rgb_0119.png,lighting_only,val,SLOT_02,good,271,235,367,331
validation/good/lighting_only_rgb_0119_SLOT_03.png,raw/lighting_only/rgb_0119.png,lighting_only,val,SLOT_03,good,405,235,501,331
validation/good/lighting_only_rgb_0119_SLOT_04.png,raw/lighting_only/rgb_0119.png,lighting_only,val,SLOT_04,good,118,332,214,428
validation/good/lighting_only_rgb_0119_SLOT_05.png,raw/lighting_only/rgb_0119.png,lighting_only,val,SLOT_05,good,271,332,367,428
validation/good/lighting_only_rgb_0119_SLOT_06.png,raw/lighting_only/rgb_0119.png,lighting_only,val,SLOT_06,good,426,332,522,428
validation/good/lighting_only_rgb_0089_SLOT_01.png,raw/lighting_only/rgb_0089.png,lighting_only,val,SLOT_01,good,143,235,239,331
validation/good/lighting_only_rgb_0089_SLOT_02.png,raw/lighting_only/rgb_0089.png,lighting_only,val,SLOT_02,good,271,235,367,331
validation/good/lighting_only_rgb_0089_SLOT_03.png,raw/lighting_only/rgb_0089.png,lighting_only,val,SLOT_03,good,405,235,501,331
validation/good/lighting_only_rgb_0089_SLOT_04.png,raw/lighting_only/rgb_0089.png,lighting_only,val,SLOT_04,good,118,332,214,428
validation/good/lighting_only_rgb_0089_SLOT_05.png,raw/lighting_only/rgb_0089.png,lighting_only,val,SLOT_05,good,271,332,367,428
validation/good/lighting_only_rgb_0089_SLOT_06.png,raw/lighting_only/rgb_0089.png,lighting_only,val,SLOT_06,good,426,332,522,428
validation/good/lighting_only_rgb_0068_SLOT_01.png,raw/lighting_only/rgb_0068.png,lighting_only,val,SLOT_01,good,143,235,239,331
validation/good/lighting_only_rgb_0068_SLOT_02.png,raw/lighting_only/rgb_0068.png,lighting_only,val,SLOT_02,good,271,235,367,331
validation/good/lighting_only_rgb_0068_SLOT_03.png,raw/lighting_only/rgb_0068.png,lighting_only,val,SLOT_03,good,405,235,501,331
validation/good/lighting_only_rgb_0068_SLOT_04.png,raw/lighting_only/rgb_0068.png,lighting_only,val,SLOT_04,good,118,332,214,428
validation/good/lighting_only_rgb_0068_SLOT_05.png,raw/lighting_only/rgb_0068.png,lighting_only,val,SLOT_05,good,271,332,367,428
validation/good/lighting_only_rgb_0068_SLOT_06.png,raw/lighting_only/rgb_0068.png,lighting_only,val,SLOT_06,good,426,332,522,428
validation/good/lighting_only_rgb_0053_SLOT_01.png,raw/lighting_only/rgb_0053.png,lighting_only,val,SLOT_01,good,143,235,239,331
validation/good/lighting_only_rgb_0053_SLOT_02.png,raw/lighting_only/rgb_0053.png,lighting_only,val,SLOT_02,good,271,235,367,331
validation/good/lighting_only_rgb_0053_SLOT_03.png,raw/lighting_only/rgb_0053.png,lighting_only,val,SLOT_03,good,405,235,501,331
validation/good/lighting_only_rgb_0053_SLOT_04.png,raw/lighting_only/rgb_0053.png,lighting_only,val,SLOT_04,good,118,332,214,428
validation/good/lighting_only_rgb_0053_SLOT_05.png,raw/lighting_only/rgb_0053.png,lighting_only,val,SLOT_05,good,271,332,367,428
validation/good/lighting_only_rgb_0053_SLOT_06.png,raw/lighting_only/rgb_0053.png,lighting_only,val,SLOT_06,good,426,332,522,428
validation/good/lighting_only_rgb_0090_SLOT_01.png,raw/lighting_only/rgb_0090.png,lighting_only,val,SLOT_01,good,143,235,239,331
validation/good/lighting_only_rgb_0090_SLOT_02.png,raw/lighting_only/rgb_0090.png,lighting_only,val,SLOT_02,good,271,235,367,331
validation/good/lighting_only_rgb_0090_SLOT_03.png,raw/lighting_only/rgb_0090.png,lighting_only,val,SLOT_03,good,405,235,501,331
validation/good/lighting_only_rgb_0090_SLOT_04.png,raw/lighting_only/rgb_0090.png,lighting_only,val,SLOT_04,good,118,332,214,428
validation/good/lighting_only_rgb_0090_SLOT_05.png,raw/lighting_only/rgb_0090.png,lighting_only,val,SLOT_05,good,271,332,367,428
validation/good/lighting_only_rgb_0090_SLOT_06.png,raw/lighting_only/rgb_0090.png,lighting_only,val,SLOT_06,good,426,332,522,428
mvtec/cabbage/test/good/lighting_only_rgb_0094_SLOT_01.png,raw/lighting_only/rgb_0094.png,lighting_only,test,SLOT_01,good,143,235,239,331
mvtec/cabbage/test/good/lighting_only_rgb_0094_SLOT_02.png,raw/lighting_only/rgb_0094.png,lighting_only,test,SLOT_02,good,271,235,367,331
mvtec/cabbage/test/good/lighting_only_rgb_0094_SLOT_03.png,raw/lighting_only/rgb_0094.png,lighting_only,test,SLOT_03,good,405,235,501,331
mvtec/cabbage/test/good/lighting_only_rgb_0094_SLOT_04.png,raw/lighting_only/rgb_0094.png,lighting_only,test,SLOT_04,good,118,332,214,428
mvtec/cabbage/test/good/lighting_only_rgb_0094_SLOT_05.png,raw/lighting_only/rgb_0094.png,lighting_only,test,SLOT_05,good,271,332,367,428
mvtec/cabbage/test/good/lighting_only_rgb_0094_SLOT_06.png,raw/lighting_only/rgb_0094.png,lighting_only,test,SLOT_06,good,426,332,522,428
mvtec/cabbage/test/good/lighting_only_rgb_0041_SLOT_01.png,raw/lighting_only/rgb_0041.png,lighting_only,test,SLOT_01,good,143,235,239,331
mvtec/cabbage/test/good/lighting_only_rgb_0041_SLOT_02.png,raw/lighting_only/rgb_0041.png,lighting_only,test,SLOT_02,good,271,235,367,331
mvtec/cabbage/test/good/lighting_only_rgb_0041_SLOT_03.png,raw/lighting_only/rgb_0041.png,lighting_only,test,SLOT_03,good,405,235,501,331
mvtec/cabbage/test/good/lighting_only_rgb_0041_SLOT_04.png,raw/lighting_only/rgb_0041.png,lighting_only,test,SLOT_04,good,118,332,214,428
mvtec/cabbage/test/good/lighting_only_rgb_0041_SLOT_05.png,raw/lighting_only/rgb_0041.png,lighting_only,test,SLOT_05,good,271,332,367,428
mvtec/cabbage/test/good/lighting_only_rgb_0041_SLOT_06.png,raw/lighting_only/rgb_0041.png,lighting_only,test,SLOT_06,good,426,332,522,428
mvtec/cabbage/test/good/lighting_only_rgb_0093_SLOT_01.png,raw/lighting_only/rgb_0093.png,lighting_only,test,SLOT_01,good,143,235,239,331
mvtec/cabbage/test/good/lighting_only_rgb_0093_SLOT_02.png,raw/lighting_only/rgb_0093.png,lighting_only,test,SLOT_02,good,271,235,367,331
mvtec/cabbage/test/good/lighting_only_rgb_0093_SLOT_03.png,raw/lighting_only/rgb_0093.png,lighting_only,test,SLOT_03,good,405,235,501,331
mvtec/cabbage/test/good/lighting_only_rgb_0093_SLOT_04.png,raw/lighting_only/rgb_0093.png,lighting_only,test,SLOT_04,good,118,332,214,428
mvtec/cabbage/test/good/lighting_only_rgb_0093_SLOT_05.png,raw/lighting_only/rgb_0093.png,lighting_only,test,SLOT_05,good,271,332,367,428
mvtec/cabbage/test/good/lighting_only_rgb_0093_SLOT_06.png,raw/lighting_only/rgb_0093.png,lighting_only,test,SLOT_06,good,426,332,522,428
mvtec/cabbage/test/good/lighting_only_rgb_0116_SLOT_01.png,raw/lighting_only/rgb_0116.png,lighting_only,test,SLOT_01,good,143,235,239,331
mvtec/cabbage/test/good/lighting_only_rgb_0116_SLOT_02.png,raw/lighting_only/rgb_0116.png,lighting_only,test,SLOT_02,good,271,235,367,331
mvtec/cabbage/test/good/lighting_only_rgb_0116_SLOT_03.png,raw/lighting_only/rgb_0116.png,lighting_only,test,SLOT_03,good,405,235,501,331
mvtec/cabbage/test/good/lighting_only_rgb_0116_SLOT_04.png,raw/lighting_only/rgb_0116.png,lighting_only,test,SLOT_04,good,118,332,214,428
mvtec/cabbage/test/good/lighting_only_rgb_0116_SLOT_05.png,raw/lighting_only/rgb_0116.png,lighting_only,test,SLOT_05,good,271,332,367,428
mvtec/cabbage/test/good/lighting_only_rgb_0116_SLOT_06.png,raw/lighting_only/rgb_0116.png,lighting_only,test,SLOT_06,good,426,332,522,428
mvtec/cabbage/test/good/lighting_only_rgb_0199_SLOT_01.png,raw/lighting_only/rgb_0199.png,lighting_only,test,SLOT_01,good,143,235,239,331
mvtec/cabbage/test/good/lighting_only_rgb_0199_SLOT_02.png,raw/lighting_only/rgb_0199.png,lighting_only,test,SLOT_02,good,271,235,367,331
mvtec/cabbage/test/good/lighting_only_rgb_0199_SLOT_03.png,raw/lighting_only/rgb_0199.png,lighting_only,test,SLOT_03,good,405,235,501,331
mvtec/cabbage/test/good/lighting_only_rgb_0199_SLOT_04.png,raw/lighting_only/rgb_0199.png,lighting_only,test,SLOT_04,good,118,332,214,428
mvtec/cabbage/test/good/lighting_only_rgb_0199_SLOT_05.png,raw/lighting_only/rgb_0199.png,lighting_only,test,SLOT_05,good,271,332,367,428
mvtec/cabbage/test/good/lighting_only_rgb_0199_SLOT_06.png,raw/lighting_only/rgb_0199.png,lighting_only,test,SLOT_06,good,426,332,522,428
mvtec/cabbage/test/good/lighting_only_rgb_0157_SLOT_01.png,raw/lighting_only/rgb_0157.png,lighting_only,test,SLOT_01,good,143,235,239,331
mvtec/cabbage/test/good/lighting_only_rgb_0157_SLOT_02.png,raw/lighting_only/rgb_0157.png,lighting_only,test,SLOT_02,good,271,235,367,331
mvtec/cabbage/test/good/lighting_only_rgb_0157_SLOT_03.png,raw/lighting_only/rgb_0157.png,lighting_only,test,SLOT_03,good,405,235,501,331
mvtec/cabbage/test/good/lighting_only_rgb_0157_SLOT_04.png,raw/lighting_only/rgb_0157.png,lighting_only,test,SLOT_04,good,118,332,214,428
mvtec/cabbage/test/good/lighting_only_rgb_0157_SLOT_05.png,raw/lighting_only/rgb_0157.png,lighting_only,test,SLOT_05,good,271,332,367,428
mvtec/cabbage/test/good/lighting_only_rgb_0157_SLOT_06.png,raw/lighting_only/rgb_0157.png,lighting_only,test,SLOT_06,good,426,332,522,428
mvtec/cabbage/test/good/lighting_only_rgb_0025_SLOT_01.png,raw/lighting_only/rgb_0025.png,lighting_only,test,SLOT_01,good,143,235,239,331
mvtec/cabbage/test/good/lighting_only_rgb_0025_SLOT_02.png,raw/lighting_only/rgb_0025.png,lighting_only,test,SLOT_02,good,271,235,367,331
mvtec/cabbage/test/good/lighting_only_rgb_0025_SLOT_03.png,raw/lighting_only/rgb_0025.png,lighting_only,test,SLOT_03,good,405,235,501,331
mvtec/cabbage/test/good/lighting_only_rgb_0025_SLOT_04.png,raw/lighting_only/rgb_0025.png,lighting_only,test,SLOT_04,good,118,332,214,428
mvtec/cabbage/test/good/lighting_only_rgb_0025_SLOT_05.png,raw/lighting_only/rgb_0025.png,lighting_only,test,SLOT_05,good,271,332,367,428
mvtec/cabbage/test/good/lighting_only_rgb_0025_SLOT_06.png,raw/lighting_only/rgb_0025.png,lighting_only,test,SLOT_06,good,426,332,522,428
mvtec/cabbage/test/good/lighting_only_rgb_0180_SLOT_01.png,raw/lighting_only/rgb_0180.png,lighting_only,test,SLOT_01,good,143,235,239,331
mvtec/cabbage/test/good/lighting_only_rgb_0180_SLOT_02.png,raw/lighting_only/rgb_0180.png,lighting_only,test,SLOT_02,good,271,235,367,331
mvtec/cabbage/test/good/lighting_only_rgb_0180_SLOT_03.png,raw/lighting_only/rgb_0180.png,lighting_only,test,SLOT_03,good,405,235,501,331
mvtec/cabbage/test/good/lighting_only_rgb_0180_SLOT_04.png,raw/lighting_only/rgb_0180.png,lighting_only,test,SLOT_04,good,118,332,214,428
mvtec/cabbage/test/good/lighting_only_rgb_0180_SLOT_05.png,raw/lighting_only/rgb_0180.png,lighting_only,test,SLOT_05,good,271,332,367,428
mvtec/cabbage/test/good/lighting_only_rgb_0180_SLOT_06.png,raw/lighting_only/rgb_0180.png,lighting_only,test,SLOT_06,good,426,332,522,428
mvtec/cabbage/test/good/lighting_only_rgb_0147_SLOT_01.png,raw/lighting_only/rgb_0147.png,lighting_only,test,SLOT_01,good,143,235,239,331
mvtec/cabbage/test/good/lighting_only_rgb_0147_SLOT_02.png,raw/lighting_only/rgb_0147.png,lighting_only,test,SLOT_02,good,271,235,367,331
mvtec/cabbage/test/good/lighting_only_rgb_0147_SLOT_03.png,raw/lighting_only/rgb_0147.png,lighting_only,test,SLOT_03,good,405,235,501,331
mvtec/cabbage/test/good/lighting_only_rgb_0147_SLOT_04.png,raw/lighting_only/rgb_0147.png,lighting_only,test,SLOT_04,good,118,332,214,428
mvtec/cabbage/test/good/lighting_only_rgb_0147_SLOT_05.png,raw/lighting_only/rgb_0147.png,lighting_only,test,SLOT_05,good,271,332,367,428
mvtec/cabbage/test/good/lighting_only_rgb_0147_SLOT_06.png,raw/lighting_only/rgb_0147.png,lighting_only,test,SLOT_06,good,426,332,522,428
mvtec/cabbage/test/good/lighting_only_rgb_0074_SLOT_01.png,raw/lighting_only/rgb_0074.png,lighting_only,test,SLOT_01,good,143,235,239,331
mvtec/cabbage/test/good/lighting_only_rgb_0074_SLOT_02.png,raw/lighting_only/rgb_0074.png,lighting_only,test,SLOT_02,good,271,235,367,331
mvtec/cabbage/test/good/lighting_only_rgb_0074_SLOT_03.png,raw/lighting_only/rgb_0074.png,lighting_only,test,SLOT_03,good,405,235,501,331
mvtec/cabbage/test/good/lighting_only_rgb_0074_SLOT_04.png,raw/lighting_only/rgb_0074.png,lighting_only,test,SLOT_04,good,118,332,214,428
mvtec/cabbage/test/good/lighting_only_rgb_0074_SLOT_05.png,raw/lighting_only/rgb_0074.png,lighting_only,test,SLOT_05,good,271,332,367,428
mvtec/cabbage/test/good/lighting_only_rgb_0074_SLOT_06.png,raw/lighting_only/rgb_0074.png,lighting_only,test,SLOT_06,good,426,332,522,428
mvtec/cabbage/test/good/lighting_only_rgb_0058_SLOT_01.png,raw/lighting_only/rgb_0058.png,lighting_only,test,SLOT_01,good,143,235,239,331
mvtec/cabbage/test/good/lighting_only_rgb_0058_SLOT_02.png,raw/lighting_only/rgb_0058.png,lighting_only,test,SLOT_02,good,271,235,367,331
mvtec/cabbage/test/good/lighting_only_rgb_0058_SLOT_03.png,raw/lighting_only/rgb_0058.png,lighting_only,test,SLOT_03,good,405,235,501,331
mvtec/cabbage/test/good/lighting_only_rgb_0058_SLOT_04.png,raw/lighting_only/rgb_0058.png,lighting_only,test,SLOT_04,good,118,332,214,428
mvtec/cabbage/test/good/lighting_only_rgb_0058_SLOT_05.png,raw/lighting_only/rgb_0058.png,lighting_only,test,SLOT_05,good,271,332,367,428
mvtec/cabbage/test/good/lighting_only_rgb_0058_SLOT_06.png,raw/lighting_only/rgb_0058.png,lighting_only,test,SLOT_06,good,426,332,522,428
mvtec/cabbage/test/good/lighting_only_rgb_0152_SLOT_01.png,raw/lighting_only/rgb_0152.png,lighting_only,test,SLOT_01,good,143,235,239,331
mvtec/cabbage/test/good/lighting_only_rgb_0152_SLOT_02.png,raw/lighting_only/rgb_0152.png,lighting_only,test,SLOT_02,good,271,235,367,331
mvtec/cabbage/test/good/lighting_only_rgb_0152_SLOT_03.png,raw/lighting_only/rgb_0152.png,lighting_only,test,SLOT_03,good,405,235,501,331
mvtec/cabbage/test/good/lighting_only_rgb_0152_SLOT_04.png,raw/lighting_only/rgb_0152.png,lighting_only,test,SLOT_04,good,118,332,214,428
mvtec/cabbage/test/good/lighting_only_rgb_0152_SLOT_05.png,raw/lighting_only/rgb_0152.png,lighting_only,test,SLOT_05,good,271,332,367,428
mvtec/cabbage/test/good/lighting_only_rgb_0152_SLOT_06.png,raw/lighting_only/rgb_0152.png,lighting_only,test,SLOT_06,good,426,332,522,428
mvtec/cabbage/test/good/lighting_only_rgb_0017_SLOT_01.png,raw/lighting_only/rgb_0017.png,lighting_only,test,SLOT_01,good,143,235,239,331
mvtec/cabbage/test/good/lighting_only_rgb_0017_SLOT_02.png,raw/lighting_only/rgb_0017.png,lighting_only,test,SLOT_02,good,271,235,367,331
mvtec/cabbage/test/good/lighting_only_rgb_0017_SLOT_03.png,raw/lighting_only/rgb_0017.png,lighting_only,test,SLOT_03,good,405,235,501,331
mvtec/cabbage/test/good/lighting_only_rgb_0017_SLOT_04.png,raw/lighting_only/rgb_0017.png,lighting_only,test,SLOT_04,good,118,332,214,428
mvtec/cabbage/test/good/lighting_only_rgb_0017_SLOT_05.png,raw/lighting_only/rgb_0017.png,lighting_only,test,SLOT_05,good,271,332,367,428
mvtec/cabbage/test/good/lighting_only_rgb_0017_SLOT_06.png,raw/lighting_only/rgb_0017.png,lighting_only,test,SLOT_06,good,426,332,522,428
mvtec/cabbage/test/good/lighting_only_rgb_0049_SLOT_01.png,raw/lighting_only/rgb_0049.png,lighting_only,test,SLOT_01,good,143,235,239,331
mvtec/cabbage/test/good/lighting_only_rgb_0049_SLOT_02.png,raw/lighting_only/rgb_0049.png,lighting_only,test,SLOT_02,good,271,235,367,331
mvtec/cabbage/test/good/lighting_only_rgb_0049_SLOT_03.png,raw/lighting_only/rgb_0049.png,lighting_only,test,SLOT_03,good,405,235,501,331
mvtec/cabbage/test/good/lighting_only_rgb_0049_SLOT_04.png,raw/lighting_only/rgb_0049.png,lighting_only,test,SLOT_04,good,118,332,214,428
mvtec/cabbage/test/good/lighting_only_rgb_0049_SLOT_05.png,raw/lighting_only/rgb_0049.png,lighting_only,test,SLOT_05,good,271,332,367,428
mvtec/cabbage/test/good/lighting_only_rgb_0049_SLOT_06.png,raw/lighting_only/rgb_0049.png,lighting_only,test,SLOT_06,good,426,332,522,428
mvtec/cabbage/test/good/lighting_only_rgb_0092_SLOT_01.png,raw/lighting_only/rgb_0092.png,lighting_only,test,SLOT_01,good,143,235,239,331
mvtec/cabbage/test/good/lighting_only_rgb_0092_SLOT_02.png,raw/lighting_only/rgb_0092.png,lighting_only,test,SLOT_02,good,271,235,367,331
mvtec/cabbage/test/good/lighting_only_rgb_0092_SLOT_03.png,raw/lighting_only/rgb_0092.png,lighting_only,test,SLOT_03,good,405,235,501,331
mvtec/cabbage/test/good/lighting_only_rgb_0092_SLOT_04.png,raw/lighting_only/rgb_0092.png,lighting_only,test,SLOT_04,good,118,332,214,428
mvtec/cabbage/test/good/lighting_only_rgb_0092_SLOT_05.png,raw/lighting_only/rgb_0092.png,lighting_only,test,SLOT_05,good,271,332,367,428
mvtec/cabbage/test/good/lighting_only_rgb_0092_SLOT_06.png,raw/lighting_only/rgb_0092.png,lighting_only,test,SLOT_06,good,426,332,522,428
mvtec/cabbage/test/good/lighting_only_rgb_0075_SLOT_01.png,raw/lighting_only/rgb_0075.png,lighting_only,test,SLOT_01,good,143,235,239,331
mvtec/cabbage/test/good/lighting_only_rgb_0075_SLOT_02.png,raw/lighting_only/rgb_0075.png,lighting_only,test,SLOT_02,good,271,235,367,331
mvtec/cabbage/test/good/lighting_only_rgb_0075_SLOT_03.png,raw/lighting_only/rgb_0075.png,lighting_only,test,SLOT_03,good,405,235,501,331
mvtec/cabbage/test/good/lighting_only_rgb_0075_SLOT_04.png,raw/lighting_only/rgb_0075.png,lighting_only,test,SLOT_04,good,118,332,214,428
mvtec/cabbage/test/good/lighting_only_rgb_0075_SLOT_05.png,raw/lighting_only/rgb_0075.png,lighting_only,test,SLOT_05,good,271,332,367,428
mvtec/cabbage/test/good/lighting_only_rgb_0075_SLOT_06.png,raw/lighting_only/rgb_0075.png,lighting_only,test,SLOT_06,good,426,332,522,428
mvtec/cabbage/test/good/lighting_only_rgb_0141_SLOT_01.png,raw/lighting_only/rgb_0141.png,lighting_only,test,SLOT_01,good,143,235,239,331
mvtec/cabbage/test/good/lighting_only_rgb_0141_SLOT_02.png,raw/lighting_only/rgb_0141.png,lighting_only,test,SLOT_02,good,271,235,367,331
mvtec/cabbage/test/good/lighting_only_rgb_0141_SLOT_03.png,raw/lighting_only/rgb_0141.png,lighting_only,test,SLOT_03,good,405,235,501,331
mvtec/cabbage/test/good/lighting_only_rgb_0141_SLOT_04.png,raw/lighting_only/rgb_0141.png,lighting_only,test,SLOT_04,good,118,332,214,428
mvtec/cabbage/test/good/lighting_only_rgb_0141_SLOT_05.png,raw/lighting_only/rgb_0141.png,lighting_only,test,SLOT_05,good,271,332,367,428
mvtec/cabbage/test/good/lighting_only_rgb_0141_SLOT_06.png,raw/lighting_only/rgb_0141.png,lighting_only,test,SLOT_06,good,426,332,522,428
mvtec/cabbage/test/good/lighting_only_rgb_0020_SLOT_01.png,raw/lighting_only/rgb_0020.png,lighting_only,test,SLOT_01,good,143,235,239,331
mvtec/cabbage/test/good/lighting_only_rgb_0020_SLOT_02.png,raw/lighting_only/rgb_0020.png,lighting_only,test,SLOT_02,good,271,235,367,331
mvtec/cabbage/test/good/lighting_only_rgb_0020_SLOT_03.png,raw/lighting_only/rgb_0020.png,lighting_only,test,SLOT_03,good,405,235,501,331
mvtec/cabbage/test/good/lighting_only_rgb_0020_SLOT_04.png,raw/lighting_only/rgb_0020.png,lighting_only,test,SLOT_04,good,118,332,214,428
mvtec/cabbage/test/good/lighting_only_rgb_0020_SLOT_05.png,raw/lighting_only/rgb_0020.png,lighting_only,test,SLOT_05,good,271,332,367,428
mvtec/cabbage/test/good/lighting_only_rgb_0020_SLOT_06.png,raw/lighting_only/rgb_0020.png,lighting_only,test,SLOT_06,good,426,332,522,428
mvtec/cabbage/test/good/lighting_only_rgb_0096_SLOT_01.png,raw/lighting_only/rgb_0096.png,lighting_only,test,SLOT_01,good,143,235,239,331
mvtec/cabbage/test/good/lighting_only_rgb_0096_SLOT_02.png,raw/lighting_only/rgb_0096.png,lighting_only,test,SLOT_02,good,271,235,367,331
mvtec/cabbage/test/good/lighting_only_rgb_0096_SLOT_03.png,raw/lighting_only/rgb_0096.png,lighting_only,test,SLOT_03,good,405,235,501,331
mvtec/cabbage/test/good/lighting_only_rgb_0096_SLOT_04.png,raw/lighting_only/rgb_0096.png,lighting_only,test,SLOT_04,good,118,332,214,428
mvtec/cabbage/test/good/lighting_only_rgb_0096_SLOT_05.png,raw/lighting_only/rgb_0096.png,lighting_only,test,SLOT_05,good,271,332,367,428
mvtec/cabbage/test/good/lighting_only_rgb_0096_SLOT_06.png,raw/lighting_only/rgb_0096.png,lighting_only,test,SLOT_06,good,426,332,522,428
mvtec/cabbage/test/good/lighting_only_rgb_0031_SLOT_01.png,raw/lighting_only/rgb_0031.png,lighting_only,test,SLOT_01,good,143,235,239,331
mvtec/cabbage/test/good/lighting_only_rgb_0031_SLOT_02.png,raw/lighting_only/rgb_0031.png,lighting_only,test,SLOT_02,good,271,235,367,331
mvtec/cabbage/test/good/lighting_only_rgb_0031_SLOT_03.png,raw/lighting_only/rgb_0031.png,lighting_only,test,SLOT_03,good,405,235,501,331
mvtec/cabbage/test/good/lighting_only_rgb_0031_SLOT_04.png,raw/lighting_only/rgb_0031.png,lighting_only,test,SLOT_04,good,118,332,214,428
mvtec/cabbage/test/good/lighting_only_rgb_0031_SLOT_05.png,raw/lighting_only/rgb_0031.png,lighting_only,test,SLOT_05,good,271,332,367,428
mvtec/cabbage/test/good/lighting_only_rgb_0031_SLOT_06.png,raw/lighting_only/rgb_0031.png,lighting_only,test,SLOT_06,good,426,332,522,428
mvtec/cabbage/test/good/lighting_only_rgb_0137_SLOT_01.png,raw/lighting_only/rgb_0137.png,lighting_only,test,SLOT_01,good,143,235,239,331
mvtec/cabbage/test/good/lighting_only_rgb_0137_SLOT_02.png,raw/lighting_only/rgb_0137.png,lighting_only,test,SLOT_02,good,271,235,367,331
mvtec/cabbage/test/good/lighting_only_rgb_0137_SLOT_03.png,raw/lighting_only/rgb_0137.png,lighting_only,test,SLOT_03,good,405,235,501,331
mvtec/cabbage/test/good/lighting_only_rgb_0137_SLOT_04.png,raw/lighting_only/rgb_0137.png,lighting_only,test,SLOT_04,good,118,332,214,428
mvtec/cabbage/test/good/lighting_only_rgb_0137_SLOT_05.png,raw/lighting_only/rgb_0137.png,lighting_only,test,SLOT_05,good,271,332,367,428
mvtec/cabbage/test/good/lighting_only_rgb_0137_SLOT_06.png,raw/lighting_only/rgb_0137.png,lighting_only,test,SLOT_06,good,426,332,522,428
mvtec/cabbage/test/good/lighting_only_rgb_0117_SLOT_01.png,raw/lighting_only/rgb_0117.png,lighting_only,test,SLOT_01,good,143,235,239,331
mvtec/cabbage/test/good/lighting_only_rgb_0117_SLOT_02.png,raw/lighting_only/rgb_0117.png,lighting_only,test,SLOT_02,good,271,235,367,331
mvtec/cabbage/test/good/lighting_only_rgb_0117_SLOT_03.png,raw/lighting_only/rgb_0117.png,lighting_only,test,SLOT_03,good,405,235,501,331
mvtec/cabbage/test/good/lighting_only_rgb_0117_SLOT_04.png,raw/lighting_only/rgb_0117.png,lighting_only,test,SLOT_04,good,118,332,214,428
mvtec/cabbage/test/good/lighting_only_rgb_0117_SLOT_05.png,raw/lighting_only/rgb_0117.png,lighting_only,test,SLOT_05,good,271,332,367,428
mvtec/cabbage/test/good/lighting_only_rgb_0117_SLOT_06.png,raw/lighting_only/rgb_0117.png,lighting_only,test,SLOT_06,good,426,332,522,428
mvtec/cabbage/test/good/lighting_only_rgb_0011_SLOT_01.png,raw/lighting_only/rgb_0011.png,lighting_only,test,SLOT_01,good,143,235,239,331
mvtec/cabbage/test/good/lighting_only_rgb_0011_SLOT_02.png,raw/lighting_only/rgb_0011.png,lighting_only,test,SLOT_02,good,271,235,367,331
mvtec/cabbage/test/good/lighting_only_rgb_0011_SLOT_03.png,raw/lighting_only/rgb_0011.png,lighting_only,test,SLOT_03,good,405,235,501,331
mvtec/cabbage/test/good/lighting_only_rgb_0011_SLOT_04.png,raw/lighting_only/rgb_0011.png,lighting_only,test,SLOT_04,good,118,332,214,428
mvtec/cabbage/test/good/lighting_only_rgb_0011_SLOT_05.png,raw/lighting_only/rgb_0011.png,lighting_only,test,SLOT_05,good,271,332,367,428
mvtec/cabbage/test/good/lighting_only_rgb_0011_SLOT_06.png,raw/lighting_only/rgb_0011.png,lighting_only,test,SLOT_06,good,426,332,522,428
mvtec/cabbage/test/good/lighting_only_rgb_0067_SLOT_01.png,raw/lighting_only/rgb_0067.png,lighting_only,test,SLOT_01,good,143,235,239,331
mvtec/cabbage/test/good/lighting_only_rgb_0067_SLOT_02.png,raw/lighting_only/rgb_0067.png,lighting_only,test,SLOT_02,good,271,235,367,331
mvtec/cabbage/test/good/lighting_only_rgb_0067_SLOT_03.png,raw/lighting_only/rgb_0067.png,lighting_only,test,SLOT_03,good,405,235,501,331
mvtec/cabbage/test/good/lighting_only_rgb_0067_SLOT_04.png,raw/lighting_only/rgb_0067.png,lighting_only,test,SLOT_04,good,118,332,214,428
mvtec/cabbage/test/good/lighting_only_rgb_0067_SLOT_05.png,raw/lighting_only/rgb_0067.png,lighting_only,test,SLOT_05,good,271,332,367,428
mvtec/cabbage/test/good/lighting_only_rgb_0067_SLOT_06.png,raw/lighting_only/rgb_0067.png,lighting_only,test,SLOT_06,good,426,332,522,428
mvtec/cabbage/test/good/lighting_only_rgb_0088_SLOT_01.png,raw/lighting_only/rgb_0088.png,lighting_only,test,SLOT_01,good,143,235,239,331
mvtec/cabbage/test/good/lighting_only_rgb_0088_SLOT_02.png,raw/lighting_only/rgb_0088.png,lighting_only,test,SLOT_02,good,271,235,367,331
mvtec/cabbage/test/good/lighting_only_rgb_0088_SLOT_03.png,raw/lighting_only/rgb_0088.png,lighting_only,test,SLOT_03,good,405,235,501,331
mvtec/cabbage/test/good/lighting_only_rgb_0088_SLOT_04.png,raw/lighting_only/rgb_0088.png,lighting_only,test,SLOT_04,good,118,332,214,428
mvtec/cabbage/test/good/lighting_only_rgb_0088_SLOT_05.png,raw/lighting_only/rgb_0088.png,lighting_only,test,SLOT_05,good,271,332,367,428
mvtec/cabbage/test/good/lighting_only_rgb_0088_SLOT_06.png,raw/lighting_only/rgb_0088.png,lighting_only,test,SLOT_06,good,426,332,522,428
mvtec/cabbage/test/good/lighting_only_rgb_0091_SLOT_01.png,raw/lighting_only/rgb_0091.png,lighting_only,test,SLOT_01,good,143,235,239,331
mvtec/cabbage/test/good/lighting_only_rgb_0091_SLOT_02.png,raw/lighting_only/rgb_0091.png,lighting_only,test,SLOT_02,good,271,235,367,331
mvtec/cabbage/test/good/lighting_only_rgb_0091_SLOT_03.png,raw/lighting_only/rgb_0091.png,lighting_only,test,SLOT_03,good,405,235,501,331
mvtec/cabbage/test/good/lighting_only_rgb_0091_SLOT_04.png,raw/lighting_only/rgb_0091.png,lighting_only,test,SLOT_04,good,118,332,214,428
mvtec/cabbage/test/good/lighting_only_rgb_0091_SLOT_05.png,raw/lighting_only/rgb_0091.png,lighting_only,test,SLOT_05,good,271,332,367,428
mvtec/cabbage/test/good/lighting_only_rgb_0091_SLOT_06.png,raw/lighting_only/rgb_0091.png,lighting_only,test,SLOT_06,good,426,332,522,428
mvtec/cabbage/test/good/lighting_only_rgb_0024_SLOT_01.png,raw/lighting_only/rgb_0024.png,lighting_only,test,SLOT_01,good,143,235,239,331
mvtec/cabbage/test/good/lighting_only_rgb_0024_SLOT_02.png,raw/lighting_only/rgb_0024.png,lighting_only,test,SLOT_02,good,271,235,367,331
mvtec/cabbage/test/good/lighting_only_rgb_0024_SLOT_03.png,raw/lighting_only/rgb_0024.png,lighting_only,test,SLOT_03,good,405,235,501,331
mvtec/cabbage/test/good/lighting_only_rgb_0024_SLOT_04.png,raw/lighting_only/rgb_0024.png,lighting_only,test,SLOT_04,good,118,332,214,428
mvtec/cabbage/test/good/lighting_only_rgb_0024_SLOT_05.png,raw/lighting_only/rgb_0024.png,lighting_only,test,SLOT_05,good,271,332,367,428
mvtec/cabbage/test/good/lighting_only_rgb_0024_SLOT_06.png,raw/lighting_only/rgb_0024.png,lighting_only,test,SLOT_06,good,426,332,522,428
mvtec/cabbage/test/good/lighting_only_rgb_0097_SLOT_01.png,raw/lighting_only/rgb_0097.png,lighting_only,test,SLOT_01,good,143,235,239,331
mvtec/cabbage/test/good/lighting_only_rgb_0097_SLOT_02.png,raw/lighting_only/rgb_0097.png,lighting_only,test,SLOT_02,good,271,235,367,331
mvtec/cabbage/test/good/lighting_only_rgb_0097_SLOT_03.png,raw/lighting_only/rgb_0097.png,lighting_only,test,SLOT_03,good,405,235,501,331
mvtec/cabbage/test/good/lighting_only_rgb_0097_SLOT_04.png,raw/lighting_only/rgb_0097.png,lighting_only,test,SLOT_04,good,118,332,214,428
mvtec/cabbage/test/good/lighting_only_rgb_0097_SLOT_05.png,raw/lighting_only/rgb_0097.png,lighting_only,test,SLOT_05,good,271,332,367,428
mvtec/cabbage/test/good/lighting_only_rgb_0097_SLOT_06.png,raw/lighting_only/rgb_0097.png,lighting_only,test,SLOT_06,good,426,332,522,428
mvtec/cabbage/test/good/lighting_only_rgb_0182_SLOT_01.png,raw/lighting_only/rgb_0182.png,lighting_only,test,SLOT_01,good,143,235,239,331
mvtec/cabbage/test/good/lighting_only_rgb_0182_SLOT_02.png,raw/lighting_only/rgb_0182.png,lighting_only,test,SLOT_02,good,271,235,367,331
mvtec/cabbage/test/good/lighting_only_rgb_0182_SLOT_03.png,raw/lighting_only/rgb_0182.png,lighting_only,test,SLOT_03,good,405,235,501,331
mvtec/cabbage/test/good/lighting_only_rgb_0182_SLOT_04.png,raw/lighting_only/rgb_0182.png,lighting_only,test,SLOT_04,good,118,332,214,428
mvtec/cabbage/test/good/lighting_only_rgb_0182_SLOT_05.png,raw/lighting_only/rgb_0182.png,lighting_only,test,SLOT_05,good,271,332,367,428
mvtec/cabbage/test/good/lighting_only_rgb_0182_SLOT_06.png,raw/lighting_only/rgb_0182.png,lighting_only,test,SLOT_06,good,426,332,522,428
mvtec/cabbage/test/good/lighting_only_rgb_0190_SLOT_01.png,raw/lighting_only/rgb_0190.png,lighting_only,test,SLOT_01,good,143,235,239,331
mvtec/cabbage/test/good/lighting_only_rgb_0190_SLOT_02.png,raw/lighting_only/rgb_0190.png,lighting_only,test,SLOT_02,good,271,235,367,331
mvtec/cabbage/test/good/lighting_only_rgb_0190_SLOT_03.png,raw/lighting_only/rgb_0190.png,lighting_only,test,SLOT_03,good,405,235,501,331
mvtec/cabbage/test/good/lighting_only_rgb_0190_SLOT_04.png,raw/lighting_only/rgb_0190.png,lighting_only,test,SLOT_04,good,118,332,214,428
mvtec/cabbage/test/good/lighting_only_rgb_0190_SLOT_05.png,raw/lighting_only/rgb_0190.png,lighting_only,test,SLOT_05,good,271,332,367,428
mvtec/cabbage/test/good/lighting_only_rgb_0190_SLOT_06.png,raw/lighting_only/rgb_0190.png,lighting_only,test,SLOT_06,good,426,332,522,428
mvtec/cabbage/train/good/prim_rotation_rgb_0011_SLOT_01.png,raw/prim_rotation/rgb_0011.png,prim_rotation,train,SLOT_01,good,143,235,239,331
mvtec/cabbage/train/good/prim_rotation_rgb_0011_SLOT_02.png,raw/prim_rotation/rgb_0011.png,prim_rotation,train,SLOT_02,good,271,235,367,331
mvtec/cabbage/train/good/prim_rotation_rgb_0011_SLOT_03.png,raw/prim_rotation/rgb_0011.png,prim_rotation,train,SLOT_03,good,405,235,501,331
mvtec/cabbage/train/good/prim_rotation_rgb_0011_SLOT_04.png,raw/prim_rotation/rgb_0011.png,prim_rotation,train,SLOT_04,good,118,332,214,428
mvtec/cabbage/train/good/prim_rotation_rgb_0011_SLOT_05.png,raw/prim_rotation/rgb_0011.png,prim_rotation,train,SLOT_05,good,271,332,367,428
mvtec/cabbage/train/good/prim_rotation_rgb_0011_SLOT_06.png,raw/prim_rotation/rgb_0011.png,prim_rotation,train,SLOT_06,good,426,332,522,428
mvtec/cabbage/train/good/prim_rotation_rgb_0074_SLOT_01.png,raw/prim_rotation/rgb_0074.png,prim_rotation,train,SLOT_01,good,143,235,239,331
mvtec/cabbage/train/good/prim_rotation_rgb_0074_SLOT_02.png,raw/prim_rotation/rgb_0074.png,prim_rotation,train,SLOT_02,good,271,235,367,331
mvtec/cabbage/train/good/prim_rotation_rgb_0074_SLOT_03.png,raw/prim_rotation/rgb_0074.png,prim_rotation,train,SLOT_03,good,405,235,501,331
mvtec/cabbage/train/good/prim_rotation_rgb_0074_SLOT_04.png,raw/prim_rotation/rgb_0074.png,prim_rotation,train,SLOT_04,good,118,332,214,428
mvtec/cabbage/train/good/prim_rotation_rgb_0074_SLOT_05.png,raw/prim_rotation/rgb_0074.png,prim_rotation,train,SLOT_05,good,271,332,367,428
mvtec/cabbage/train/good/prim_rotation_rgb_0074_SLOT_06.png,raw/prim_rotation/rgb_0074.png,prim_rotation,train,SLOT_06,good,426,332,522,428
mvtec/cabbage/train/good/prim_rotation_rgb_0041_SLOT_01.png,raw/prim_rotation/rgb_0041.png,prim_rotation,train,SLOT_01,good,143,235,239,331
mvtec/cabbage/train/good/prim_rotation_rgb_0041_SLOT_02.png,raw/prim_rotation/rgb_0041.png,prim_rotation,train,SLOT_02,good,271,235,367,331
mvtec/cabbage/train/good/prim_rotation_rgb_0041_SLOT_03.png,raw/prim_rotation/rgb_0041.png,prim_rotation,train,SLOT_03,good,405,235,501,331
mvtec/cabbage/train/good/prim_rotation_rgb_0041_SLOT_04.png,raw/prim_rotation/rgb_0041.png,prim_rotation,train,SLOT_04,good,118,332,214,428
mvtec/cabbage/train/good/prim_rotation_rgb_0041_SLOT_05.png,raw/prim_rotation/rgb_0041.png,prim_rotation,train,SLOT_05,good,271,332,367,428
mvtec/cabbage/train/good/prim_rotation_rgb_0041_SLOT_06.png,raw/prim_rotation/rgb_0041.png,prim_rotation,train,SLOT_06,good,426,332,522,428
mvtec/cabbage/train/good/prim_rotation_rgb_0018_SLOT_01.png,raw/prim_rotation/rgb_0018.png,prim_rotation,train,SLOT_01,good,143,235,239,331
mvtec/cabbage/train/good/prim_rotation_rgb_0018_SLOT_02.png,raw/prim_rotation/rgb_0018.png,prim_rotation,train,SLOT_02,good,271,235,367,331
mvtec/cabbage/train/good/prim_rotation_rgb_0018_SLOT_03.png,raw/prim_rotation/rgb_0018.png,prim_rotation,train,SLOT_03,good,405,235,501,331
mvtec/cabbage/train/good/prim_rotation_rgb_0018_SLOT_04.png,raw/prim_rotation/rgb_0018.png,prim_rotation,train,SLOT_04,good,118,332,214,428
mvtec/cabbage/train/good/prim_rotation_rgb_0018_SLOT_05.png,raw/prim_rotation/rgb_0018.png,prim_rotation,train,SLOT_05,good,271,332,367,428
mvtec/cabbage/train/good/prim_rotation_rgb_0018_SLOT_06.png,raw/prim_rotation/rgb_0018.png,prim_rotation,train,SLOT_06,good,426,332,522,428
mvtec/cabbage/train/good/prim_rotation_rgb_0016_SLOT_01.png,raw/prim_rotation/rgb_0016.png,prim_rotation,train,SLOT_01,good,143,235,239,331
mvtec/cabbage/train/good/prim_rotation_rgb_0016_SLOT_02.png,raw/prim_rotation/rgb_0016.png,prim_rotation,train,SLOT_02,good,271,235,367,331
mvtec/cabbage/train/good/prim_rotation_rgb_0016_SLOT_03.png,raw/prim_rotation/rgb_0016.png,prim_rotation,train,SLOT_03,good,405,235,501,331
mvtec/cabbage/train/good/prim_rotation_rgb_0016_SLOT_04.png,raw/prim_rotation/rgb_0016.png,prim_rotation,train,SLOT_04,good,118,332,214,428
mvtec/cabbage/train/good/prim_rotation_rgb_0016_SLOT_05.png,raw/prim_rotation/rgb_0016.png,prim_rotation,train,SLOT_05,good,271,332,367,428
mvtec/cabbage/train/good/prim_rotation_rgb_0016_SLOT_06.png,raw/prim_rotation/rgb_0016.png,prim_rotation,train,SLOT_06,good,426,332,522,428
mvtec/cabbage/train/good/prim_rotation_rgb_0054_SLOT_01.png,raw/prim_rotation/rgb_0054.png,prim_rotation,train,SLOT_01,good,143,235,239,331
mvtec/cabbage/train/good/prim_rotation_rgb_0054_SLOT_02.png,raw/prim_rotation/rgb_0054.png,prim_rotation,train,SLOT_02,good,271,235,367,331
mvtec/cabbage/train/good/prim_rotation_rgb_0054_SLOT_03.png,raw/prim_rotation/rgb_0054.png,prim_rotation,train,SLOT_03,good,405,235,501,331
mvtec/cabbage/train/good/prim_rotation_rgb_0054_SLOT_04.png,raw/prim_rotation/rgb_0054.png,prim_rotation,train,SLOT_04,good,118,332,214,428
mvtec/cabbage/train/good/prim_rotation_rgb_0054_SLOT_05.png,raw/prim_rotation/rgb_0054.png,prim_rotation,train,SLOT_05,good,271,332,367,428
mvtec/cabbage/train/good/prim_rotation_rgb_0054_SLOT_06.png,raw/prim_rotation/rgb_0054.png,prim_rotation,train,SLOT_06,good,426,332,522,428
mvtec/cabbage/train/good/prim_rotation_rgb_0010_SLOT_01.png,raw/prim_rotation/rgb_0010.png,prim_rotation,train,SLOT_01,good,143,235,239,331
mvtec/cabbage/train/good/prim_rotation_rgb_0010_SLOT_02.png,raw/prim_rotation/rgb_0010.png,prim_rotation,train,SLOT_02,good,271,235,367,331
mvtec/cabbage/train/good/prim_rotation_rgb_0010_SLOT_03.png,raw/prim_rotation/rgb_0010.png,prim_rotation,train,SLOT_03,good,405,235,501,331
mvtec/cabbage/train/good/prim_rotation_rgb_0010_SLOT_04.png,raw/prim_rotation/rgb_0010.png,prim_rotation,train,SLOT_04,good,118,332,214,428
mvtec/cabbage/train/good/prim_rotation_rgb_0010_SLOT_05.png,raw/prim_rotation/rgb_0010.png,prim_rotation,train,SLOT_05,good,271,332,367,428
mvtec/cabbage/train/good/prim_rotation_rgb_0010_SLOT_06.png,raw/prim_rotation/rgb_0010.png,prim_rotation,train,SLOT_06,good,426,332,522,428
mvtec/cabbage/train/good/prim_rotation_rgb_0045_SLOT_01.png,raw/prim_rotation/rgb_0045.png,prim_rotation,train,SLOT_01,good,143,235,239,331
mvtec/cabbage/train/good/prim_rotation_rgb_0045_SLOT_02.png,raw/prim_rotation/rgb_0045.png,prim_rotation,train,SLOT_02,good,271,235,367,331
mvtec/cabbage/train/good/prim_rotation_rgb_0045_SLOT_03.png,raw/prim_rotation/rgb_0045.png,prim_rotation,train,SLOT_03,good,405,235,501,331
mvtec/cabbage/train/good/prim_rotation_rgb_0045_SLOT_04.png,raw/prim_rotation/rgb_0045.png,prim_rotation,train,SLOT_04,good,118,332,214,428
mvtec/cabbage/train/good/prim_rotation_rgb_0045_SLOT_05.png,raw/prim_rotation/rgb_0045.png,prim_rotation,train,SLOT_05,good,271,332,367,428
mvtec/cabbage/train/good/prim_rotation_rgb_0045_SLOT_06.png,raw/prim_rotation/rgb_0045.png,prim_rotation,train,SLOT_06,good,426,332,522,428
mvtec/cabbage/train/good/prim_rotation_rgb_0086_SLOT_01.png,raw/prim_rotation/rgb_0086.png,prim_rotation,train,SLOT_01,good,143,235,239,331
mvtec/cabbage/train/good/prim_rotation_rgb_0086_SLOT_02.png,raw/prim_rotation/rgb_0086.png,prim_rotation,train,SLOT_02,good,271,235,367,331
mvtec/cabbage/train/good/prim_rotation_rgb_0086_SLOT_03.png,raw/prim_rotation/rgb_0086.png,prim_rotation,train,SLOT_03,good,405,235,501,331
mvtec/cabbage/train/good/prim_rotation_rgb_0086_SLOT_04.png,raw/prim_rotation/rgb_0086.png,prim_rotation,train,SLOT_04,good,118,332,214,428
mvtec/cabbage/train/good/prim_rotation_rgb_0086_SLOT_05.png,raw/prim_rotation/rgb_0086.png,prim_rotation,train,SLOT_05,good,271,332,367,428
mvtec/cabbage/train/good/prim_rotation_rgb_0086_SLOT_06.png,raw/prim_rotation/rgb_0086.png,prim_rotation,train,SLOT_06,good,426,332,522,428
mvtec/cabbage/train/good/prim_rotation_rgb_0023_SLOT_01.png,raw/prim_rotation/rgb_0023.png,prim_rotation,train,SLOT_01,good,143,235,239,331
mvtec/cabbage/train/good/prim_rotation_rgb_0023_SLOT_02.png,raw/prim_rotation/rgb_0023.png,prim_rotation,train,SLOT_02,good,271,235,367,331
mvtec/cabbage/train/good/prim_rotation_rgb_0023_SLOT_03.png,raw/prim_rotation/rgb_0023.png,prim_rotation,train,SLOT_03,good,405,235,501,331
mvtec/cabbage/train/good/prim_rotation_rgb_0023_SLOT_04.png,raw/prim_rotation/rgb_0023.png,prim_rotation,train,SLOT_04,good,118,332,214,428
mvtec/cabbage/train/good/prim_rotation_rgb_0023_SLOT_05.png,raw/prim_rotation/rgb_0023.png,prim_rotation,train,SLOT_05,good,271,332,367,428
mvtec/cabbage/train/good/prim_rotation_rgb_0023_SLOT_06.png,raw/prim_rotation/rgb_0023.png,prim_rotation,train,SLOT_06,good,426,332,522,428
mvtec/cabbage/train/good/prim_rotation_rgb_0059_SLOT_01.png,raw/prim_rotation/rgb_0059.png,prim_rotation,train,SLOT_01,good,143,235,239,331
mvtec/cabbage/train/good/prim_rotation_rgb_0059_SLOT_02.png,raw/prim_rotation/rgb_0059.png,prim_rotation,train,SLOT_02,good,271,235,367,331
mvtec/cabbage/train/good/prim_rotation_rgb_0059_SLOT_03.png,raw/prim_rotation/rgb_0059.png,prim_rotation,train,SLOT_03,good,405,235,501,331
mvtec/cabbage/train/good/prim_rotation_rgb_0059_SLOT_04.png,raw/prim_rotation/rgb_0059.png,prim_rotation,train,SLOT_04,good,118,332,214,428
mvtec/cabbage/train/good/prim_rotation_rgb_0059_SLOT_05.png,raw/prim_rotation/rgb_0059.png,prim_rotation,train,SLOT_05,good,271,332,367,428
mvtec/cabbage/train/good/prim_rotation_rgb_0059_SLOT_06.png,raw/prim_rotation/rgb_0059.png,prim_rotation,train,SLOT_06,good,426,332,522,428
mvtec/cabbage/train/good/prim_rotation_rgb_0033_SLOT_01.png,raw/prim_rotation/rgb_0033.png,prim_rotation,train,SLOT_01,good,143,235,239,331
mvtec/cabbage/train/good/prim_rotation_rgb_0033_SLOT_02.png,raw/prim_rotation/rgb_0033.png,prim_rotation,train,SLOT_02,good,271,235,367,331
mvtec/cabbage/train/good/prim_rotation_rgb_0033_SLOT_03.png,raw/prim_rotation/rgb_0033.png,prim_rotation,train,SLOT_03,good,405,235,501,331
mvtec/cabbage/train/good/prim_rotation_rgb_0033_SLOT_04.png,raw/prim_rotation/rgb_0033.png,prim_rotation,train,SLOT_04,good,118,332,214,428
mvtec/cabbage/train/good/prim_rotation_rgb_0033_SLOT_05.png,raw/prim_rotation/rgb_0033.png,prim_rotation,train,SLOT_05,good,271,332,367,428
mvtec/cabbage/train/good/prim_rotation_rgb_0033_SLOT_06.png,raw/prim_rotation/rgb_0033.png,prim_rotation,train,SLOT_06,good,426,332,522,428
mvtec/cabbage/train/good/prim_rotation_rgb_0019_SLOT_01.png,raw/prim_rotation/rgb_0019.png,prim_rotation,train,SLOT_01,good,143,235,239,331
mvtec/cabbage/train/good/prim_rotation_rgb_0019_SLOT_02.png,raw/prim_rotation/rgb_0019.png,prim_rotation,train,SLOT_02,good,271,235,367,331
mvtec/cabbage/train/good/prim_rotation_rgb_0019_SLOT_03.png,raw/prim_rotation/rgb_0019.png,prim_rotation,train,SLOT_03,good,405,235,501,331
mvtec/cabbage/train/good/prim_rotation_rgb_0019_SLOT_04.png,raw/prim_rotation/rgb_0019.png,prim_rotation,train,SLOT_04,good,118,332,214,428
mvtec/cabbage/train/good/prim_rotation_rgb_0019_SLOT_05.png,raw/prim_rotation/rgb_0019.png,prim_rotation,train,SLOT_05,good,271,332,367,428
mvtec/cabbage/train/good/prim_rotation_rgb_0019_SLOT_06.png,raw/prim_rotation/rgb_0019.png,prim_rotation,train,SLOT_06,good,426,332,522,428
mvtec/cabbage/train/good/prim_rotation_rgb_0061_SLOT_01.png,raw/prim_rotation/rgb_0061.png,prim_rotation,train,SLOT_01,good,143,235,239,331
mvtec/cabbage/train/good/prim_rotation_rgb_0061_SLOT_02.png,raw/prim_rotation/rgb_0061.png,prim_rotation,train,SLOT_02,good,271,235,367,331
mvtec/cabbage/train/good/prim_rotation_rgb_0061_SLOT_03.png,raw/prim_rotation/rgb_0061.png,prim_rotation,train,SLOT_03,good,405,235,501,331
mvtec/cabbage/train/good/prim_rotation_rgb_0061_SLOT_04.png,raw/prim_rotation/rgb_0061.png,prim_rotation,train,SLOT_04,good,118,332,214,428
mvtec/cabbage/train/good/prim_rotation_rgb_0061_SLOT_05.png,raw/prim_rotation/rgb_0061.png,prim_rotation,train,SLOT_05,good,271,332,367,428
mvtec/cabbage/train/good/prim_rotation_rgb_0061_SLOT_06.png,raw/prim_rotation/rgb_0061.png,prim_rotation,train,SLOT_06,good,426,332,522,428
mvtec/cabbage/train/good/prim_rotation_rgb_0063_SLOT_01.png,raw/prim_rotation/rgb_0063.png,prim_rotation,train,SLOT_01,good,143,235,239,331
mvtec/cabbage/train/good/prim_rotation_rgb_0063_SLOT_02.png,raw/prim_rotation/rgb_0063.png,prim_rotation,train,SLOT_02,good,271,235,367,331
mvtec/cabbage/train/good/prim_rotation_rgb_0063_SLOT_03.png,raw/prim_rotation/rgb_0063.png,prim_rotation,train,SLOT_03,good,405,235,501,331
mvtec/cabbage/train/good/prim_rotation_rgb_0063_SLOT_04.png,raw/prim_rotation/rgb_0063.png,prim_rotation,train,SLOT_04,good,118,332,214,428
mvtec/cabbage/train/good/prim_rotation_rgb_0063_SLOT_05.png,raw/prim_rotation/rgb_0063.png,prim_rotation,train,SLOT_05,good,271,332,367,428
mvtec/cabbage/train/good/prim_rotation_rgb_0063_SLOT_06.png,raw/prim_rotation/rgb_0063.png,prim_rotation,train,SLOT_06,good,426,332,522,428
mvtec/cabbage/train/good/prim_rotation_rgb_0080_SLOT_01.png,raw/prim_rotation/rgb_0080.png,prim_rotation,train,SLOT_01,good,143,235,239,331
mvtec/cabbage/train/good/prim_rotation_rgb_0080_SLOT_02.png,raw/prim_rotation/rgb_0080.png,prim_rotation,train,SLOT_02,good,271,235,367,331
mvtec/cabbage/train/good/prim_rotation_rgb_0080_SLOT_03.png,raw/prim_rotation/rgb_0080.png,prim_rotation,train,SLOT_03,good,405,235,501,331
mvtec/cabbage/train/good/prim_rotation_rgb_0080_SLOT_04.png,raw/prim_rotation/rgb_0080.png,prim_rotation,train,SLOT_04,good,118,332,214,428
mvtec/cabbage/train/good/prim_rotation_rgb_0080_SLOT_05.png,raw/prim_rotation/rgb_0080.png,prim_rotation,train,SLOT_05,good,271,332,367,428
mvtec/cabbage/train/good/prim_rotation_rgb_0080_SLOT_06.png,raw/prim_rotation/rgb_0080.png,prim_rotation,train,SLOT_06,good,426,332,522,428
mvtec/cabbage/train/good/prim_rotation_rgb_0073_SLOT_01.png,raw/prim_rotation/rgb_0073.png,prim_rotation,train,SLOT_01,good,143,235,239,331
mvtec/cabbage/train/good/prim_rotation_rgb_0073_SLOT_02.png,raw/prim_rotation/rgb_0073.png,prim_rotation,train,SLOT_02,good,271,235,367,331
mvtec/cabbage/train/good/prim_rotation_rgb_0073_SLOT_03.png,raw/prim_rotation/rgb_0073.png,prim_rotation,train,SLOT_03,good,405,235,501,331
mvtec/cabbage/train/good/prim_rotation_rgb_0073_SLOT_04.png,raw/prim_rotation/rgb_0073.png,prim_rotation,train,SLOT_04,good,118,332,214,428
mvtec/cabbage/train/good/prim_rotation_rgb_0073_SLOT_05.png,raw/prim_rotation/rgb_0073.png,prim_rotation,train,SLOT_05,good,271,332,367,428
mvtec/cabbage/train/good/prim_rotation_rgb_0073_SLOT_06.png,raw/prim_rotation/rgb_0073.png,prim_rotation,train,SLOT_06,good,426,332,522,428
mvtec/cabbage/train/good/prim_rotation_rgb_0020_SLOT_01.png,raw/prim_rotation/rgb_0020.png,prim_rotation,train,SLOT_01,good,143,235,239,331
mvtec/cabbage/train/good/prim_rotation_rgb_0020_SLOT_02.png,raw/prim_rotation/rgb_0020.png,prim_rotation,train,SLOT_02,good,271,235,367,331
mvtec/cabbage/train/good/prim_rotation_rgb_0020_SLOT_03.png,raw/prim_rotation/rgb_0020.png,prim_rotation,train,SLOT_03,good,405,235,501,331
mvtec/cabbage/train/good/prim_rotation_rgb_0020_SLOT_04.png,raw/prim_rotation/rgb_0020.png,prim_rotation,train,SLOT_04,good,118,332,214,428
mvtec/cabbage/train/good/prim_rotation_rgb_0020_SLOT_05.png,raw/prim_rotation/rgb_0020.png,prim_rotation,train,SLOT_05,good,271,332,367,428
mvtec/cabbage/train/good/prim_rotation_rgb_0020_SLOT_06.png,raw/prim_rotation/rgb_0020.png,prim_rotation,train,SLOT_06,good,426,332,522,428
mvtec/cabbage/train/good/prim_rotation_rgb_0001_SLOT_01.png,raw/prim_rotation/rgb_0001.png,prim_rotation,train,SLOT_01,good,143,235,239,331
mvtec/cabbage/train/good/prim_rotation_rgb_0001_SLOT_02.png,raw/prim_rotation/rgb_0001.png,prim_rotation,train,SLOT_02,good,271,235,367,331
mvtec/cabbage/train/good/prim_rotation_rgb_0001_SLOT_03.png,raw/prim_rotation/rgb_0001.png,prim_rotation,train,SLOT_03,good,405,235,501,331
mvtec/cabbage/train/good/prim_rotation_rgb_0001_SLOT_04.png,raw/prim_rotation/rgb_0001.png,prim_rotation,train,SLOT_04,good,118,332,214,428
mvtec/cabbage/train/good/prim_rotation_rgb_0001_SLOT_05.png,raw/prim_rotation/rgb_0001.png,prim_rotation,train,SLOT_05,good,271,332,367,428
mvtec/cabbage/train/good/prim_rotation_rgb_0001_SLOT_06.png,raw/prim_rotation/rgb_0001.png,prim_rotation,train,SLOT_06,good,426,332,522,428
mvtec/cabbage/train/good/prim_rotation_rgb_0037_SLOT_01.png,raw/prim_rotation/rgb_0037.png,prim_rotation,train,SLOT_01,good,143,235,239,331
mvtec/cabbage/train/good/prim_rotation_rgb_0037_SLOT_02.png,raw/prim_rotation/rgb_0037.png,prim_rotation,train,SLOT_02,good,271,235,367,331
mvtec/cabbage/train/good/prim_rotation_rgb_0037_SLOT_03.png,raw/prim_rotation/rgb_0037.png,prim_rotation,train,SLOT_03,good,405,235,501,331
mvtec/cabbage/train/good/prim_rotation_rgb_0037_SLOT_04.png,raw/prim_rotation/rgb_0037.png,prim_rotation,train,SLOT_04,good,118,332,214,428
mvtec/cabbage/train/good/prim_rotation_rgb_0037_SLOT_05.png,raw/prim_rotation/rgb_0037.png,prim_rotation,train,SLOT_05,good,271,332,367,428
mvtec/cabbage/train/good/prim_rotation_rgb_0037_SLOT_06.png,raw/prim_rotation/rgb_0037.png,prim_rotation,train,SLOT_06,good,426,332,522,428
mvtec/cabbage/train/good/prim_rotation_rgb_0097_SLOT_01.png,raw/prim_rotation/rgb_0097.png,prim_rotation,train,SLOT_01,good,143,235,239,331
mvtec/cabbage/train/good/prim_rotation_rgb_0097_SLOT_02.png,raw/prim_rotation/rgb_0097.png,prim_rotation,train,SLOT_02,good,271,235,367,331
mvtec/cabbage/train/good/prim_rotation_rgb_0097_SLOT_03.png,raw/prim_rotation/rgb_0097.png,prim_rotation,train,SLOT_03,good,405,235,501,331
mvtec/cabbage/train/good/prim_rotation_rgb_0097_SLOT_04.png,raw/prim_rotation/rgb_0097.png,prim_rotation,train,SLOT_04,good,118,332,214,428
mvtec/cabbage/train/good/prim_rotation_rgb_0097_SLOT_05.png,raw/prim_rotation/rgb_0097.png,prim_rotation,train,SLOT_05,good,271,332,367,428
mvtec/cabbage/train/good/prim_rotation_rgb_0097_SLOT_06.png,raw/prim_rotation/rgb_0097.png,prim_rotation,train,SLOT_06,good,426,332,522,428
mvtec/cabbage/train/good/prim_rotation_rgb_0024_SLOT_01.png,raw/prim_rotation/rgb_0024.png,prim_rotation,train,SLOT_01,good,143,235,239,331
mvtec/cabbage/train/good/prim_rotation_rgb_0024_SLOT_02.png,raw/prim_rotation/rgb_0024.png,prim_rotation,train,SLOT_02,good,271,235,367,331
mvtec/cabbage/train/good/prim_rotation_rgb_0024_SLOT_03.png,raw/prim_rotation/rgb_0024.png,prim_rotation,train,SLOT_03,good,405,235,501,331
mvtec/cabbage/train/good/prim_rotation_rgb_0024_SLOT_04.png,raw/prim_rotation/rgb_0024.png,prim_rotation,train,SLOT_04,good,118,332,214,428
mvtec/cabbage/train/good/prim_rotation_rgb_0024_SLOT_05.png,raw/prim_rotation/rgb_0024.png,prim_rotation,train,SLOT_05,good,271,332,367,428
mvtec/cabbage/train/good/prim_rotation_rgb_0024_SLOT_06.png,raw/prim_rotation/rgb_0024.png,prim_rotation,train,SLOT_06,good,426,332,522,428
mvtec/cabbage/train/good/prim_rotation_rgb_0079_SLOT_01.png,raw/prim_rotation/rgb_0079.png,prim_rotation,train,SLOT_01,good,143,235,239,331
mvtec/cabbage/train/good/prim_rotation_rgb_0079_SLOT_02.png,raw/prim_rotation/rgb_0079.png,prim_rotation,train,SLOT_02,good,271,235,367,331
mvtec/cabbage/train/good/prim_rotation_rgb_0079_SLOT_03.png,raw/prim_rotation/rgb_0079.png,prim_rotation,train,SLOT_03,good,405,235,501,331
mvtec/cabbage/train/good/prim_rotation_rgb_0079_SLOT_04.png,raw/prim_rotation/rgb_0079.png,prim_rotation,train,SLOT_04,good,118,332,214,428
mvtec/cabbage/train/good/prim_rotation_rgb_0079_SLOT_05.png,raw/prim_rotation/rgb_0079.png,prim_rotation,train,SLOT_05,good,271,332,367,428
mvtec/cabbage/train/good/prim_rotation_rgb_0079_SLOT_06.png,raw/prim_rotation/rgb_0079.png,prim_rotation,train,SLOT_06,good,426,332,522,428
mvtec/cabbage/train/good/prim_rotation_rgb_0071_SLOT_01.png,raw/prim_rotation/rgb_0071.png,prim_rotation,train,SLOT_01,good,143,235,239,331
mvtec/cabbage/train/good/prim_rotation_rgb_0071_SLOT_02.png,raw/prim_rotation/rgb_0071.png,prim_rotation,train,SLOT_02,good,271,235,367,331
mvtec/cabbage/train/good/prim_rotation_rgb_0071_SLOT_03.png,raw/prim_rotation/rgb_0071.png,prim_rotation,train,SLOT_03,good,405,235,501,331
mvtec/cabbage/train/good/prim_rotation_rgb_0071_SLOT_04.png,raw/prim_rotation/rgb_0071.png,prim_rotation,train,SLOT_04,good,118,332,214,428
mvtec/cabbage/train/good/prim_rotation_rgb_0071_SLOT_05.png,raw/prim_rotation/rgb_0071.png,prim_rotation,train,SLOT_05,good,271,332,367,428
mvtec/cabbage/train/good/prim_rotation_rgb_0071_SLOT_06.png,raw/prim_rotation/rgb_0071.png,prim_rotation,train,SLOT_06,good,426,332,522,428
mvtec/cabbage/train/good/prim_rotation_rgb_0040_SLOT_01.png,raw/prim_rotation/rgb_0040.png,prim_rotation,train,SLOT_01,good,143,235,239,331
mvtec/cabbage/train/good/prim_rotation_rgb_0040_SLOT_02.png,raw/prim_rotation/rgb_0040.png,prim_rotation,train,SLOT_02,good,271,235,367,331
mvtec/cabbage/train/good/prim_rotation_rgb_0040_SLOT_03.png,raw/prim_rotation/rgb_0040.png,prim_rotation,train,SLOT_03,good,405,235,501,331
mvtec/cabbage/train/good/prim_rotation_rgb_0040_SLOT_04.png,raw/prim_rotation/rgb_0040.png,prim_rotation,train,SLOT_04,good,118,332,214,428
mvtec/cabbage/train/good/prim_rotation_rgb_0040_SLOT_05.png,raw/prim_rotation/rgb_0040.png,prim_rotation,train,SLOT_05,good,271,332,367,428
mvtec/cabbage/train/good/prim_rotation_rgb_0040_SLOT_06.png,raw/prim_rotation/rgb_0040.png,prim_rotation,train,SLOT_06,good,426,332,522,428
mvtec/cabbage/train/good/prim_rotation_rgb_0058_SLOT_01.png,raw/prim_rotation/rgb_0058.png,prim_rotation,train,SLOT_01,good,143,235,239,331
mvtec/cabbage/train/good/prim_rotation_rgb_0058_SLOT_02.png,raw/prim_rotation/rgb_0058.png,prim_rotation,train,SLOT_02,good,271,235,367,331
mvtec/cabbage/train/good/prim_rotation_rgb_0058_SLOT_03.png,raw/prim_rotation/rgb_0058.png,prim_rotation,train,SLOT_03,good,405,235,501,331
mvtec/cabbage/train/good/prim_rotation_rgb_0058_SLOT_04.png,raw/prim_rotation/rgb_0058.png,prim_rotation,train,SLOT_04,good,118,332,214,428
mvtec/cabbage/train/good/prim_rotation_rgb_0058_SLOT_05.png,raw/prim_rotation/rgb_0058.png,prim_rotation,train,SLOT_05,good,271,332,367,428
mvtec/cabbage/train/good/prim_rotation_rgb_0058_SLOT_06.png,raw/prim_rotation/rgb_0058.png,prim_rotation,train,SLOT_06,good,426,332,522,428
mvtec/cabbage/train/good/prim_rotation_rgb_0005_SLOT_01.png,raw/prim_rotation/rgb_0005.png,prim_rotation,train,SLOT_01,good,143,235,239,331
mvtec/cabbage/train/good/prim_rotation_rgb_0005_SLOT_02.png,raw/prim_rotation/rgb_0005.png,prim_rotation,train,SLOT_02,good,271,235,367,331
mvtec/cabbage/train/good/prim_rotation_rgb_0005_SLOT_03.png,raw/prim_rotation/rgb_0005.png,prim_rotation,train,SLOT_03,good,405,235,501,331
mvtec/cabbage/train/good/prim_rotation_rgb_0005_SLOT_04.png,raw/prim_rotation/rgb_0005.png,prim_rotation,train,SLOT_04,good,118,332,214,428
mvtec/cabbage/train/good/prim_rotation_rgb_0005_SLOT_05.png,raw/prim_rotation/rgb_0005.png,prim_rotation,train,SLOT_05,good,271,332,367,428
mvtec/cabbage/train/good/prim_rotation_rgb_0005_SLOT_06.png,raw/prim_rotation/rgb_0005.png,prim_rotation,train,SLOT_06,good,426,332,522,428
mvtec/cabbage/train/good/prim_rotation_rgb_0060_SLOT_01.png,raw/prim_rotation/rgb_0060.png,prim_rotation,train,SLOT_01,good,143,235,239,331
mvtec/cabbage/train/good/prim_rotation_rgb_0060_SLOT_02.png,raw/prim_rotation/rgb_0060.png,prim_rotation,train,SLOT_02,good,271,235,367,331
mvtec/cabbage/train/good/prim_rotation_rgb_0060_SLOT_03.png,raw/prim_rotation/rgb_0060.png,prim_rotation,train,SLOT_03,good,405,235,501,331
mvtec/cabbage/train/good/prim_rotation_rgb_0060_SLOT_04.png,raw/prim_rotation/rgb_0060.png,prim_rotation,train,SLOT_04,good,118,332,214,428
mvtec/cabbage/train/good/prim_rotation_rgb_0060_SLOT_05.png,raw/prim_rotation/rgb_0060.png,prim_rotation,train,SLOT_05,good,271,332,367,428
mvtec/cabbage/train/good/prim_rotation_rgb_0060_SLOT_06.png,raw/prim_rotation/rgb_0060.png,prim_rotation,train,SLOT_06,good,426,332,522,428
mvtec/cabbage/train/good/prim_rotation_rgb_0068_SLOT_01.png,raw/prim_rotation/rgb_0068.png,prim_rotation,train,SLOT_01,good,143,235,239,331
mvtec/cabbage/train/good/prim_rotation_rgb_0068_SLOT_02.png,raw/prim_rotation/rgb_0068.png,prim_rotation,train,SLOT_02,good,271,235,367,331
mvtec/cabbage/train/good/prim_rotation_rgb_0068_SLOT_03.png,raw/prim_rotation/rgb_0068.png,prim_rotation,train,SLOT_03,good,405,235,501,331
mvtec/cabbage/train/good/prim_rotation_rgb_0068_SLOT_04.png,raw/prim_rotation/rgb_0068.png,prim_rotation,train,SLOT_04,good,118,332,214,428
mvtec/cabbage/train/good/prim_rotation_rgb_0068_SLOT_05.png,raw/prim_rotation/rgb_0068.png,prim_rotation,train,SLOT_05,good,271,332,367,428
mvtec/cabbage/train/good/prim_rotation_rgb_0068_SLOT_06.png,raw/prim_rotation/rgb_0068.png,prim_rotation,train,SLOT_06,good,426,332,522,428
mvtec/cabbage/train/good/prim_rotation_rgb_0014_SLOT_01.png,raw/prim_rotation/rgb_0014.png,prim_rotation,train,SLOT_01,good,143,235,239,331
mvtec/cabbage/train/good/prim_rotation_rgb_0014_SLOT_02.png,raw/prim_rotation/rgb_0014.png,prim_rotation,train,SLOT_02,good,271,235,367,331
mvtec/cabbage/train/good/prim_rotation_rgb_0014_SLOT_03.png,raw/prim_rotation/rgb_0014.png,prim_rotation,train,SLOT_03,good,405,235,501,331
mvtec/cabbage/train/good/prim_rotation_rgb_0014_SLOT_04.png,raw/prim_rotation/rgb_0014.png,prim_rotation,train,SLOT_04,good,118,332,214,428
mvtec/cabbage/train/good/prim_rotation_rgb_0014_SLOT_05.png,raw/prim_rotation/rgb_0014.png,prim_rotation,train,SLOT_05,good,271,332,367,428
mvtec/cabbage/train/good/prim_rotation_rgb_0014_SLOT_06.png,raw/prim_rotation/rgb_0014.png,prim_rotation,train,SLOT_06,good,426,332,522,428
mvtec/cabbage/train/good/prim_rotation_rgb_0017_SLOT_01.png,raw/prim_rotation/rgb_0017.png,prim_rotation,train,SLOT_01,good,143,235,239,331
mvtec/cabbage/train/good/prim_rotation_rgb_0017_SLOT_02.png,raw/prim_rotation/rgb_0017.png,prim_rotation,train,SLOT_02,good,271,235,367,331
mvtec/cabbage/train/good/prim_rotation_rgb_0017_SLOT_03.png,raw/prim_rotation/rgb_0017.png,prim_rotation,train,SLOT_03,good,405,235,501,331
mvtec/cabbage/train/good/prim_rotation_rgb_0017_SLOT_04.png,raw/prim_rotation/rgb_0017.png,prim_rotation,train,SLOT_04,good,118,332,214,428
mvtec/cabbage/train/good/prim_rotation_rgb_0017_SLOT_05.png,raw/prim_rotation/rgb_0017.png,prim_rotation,train,SLOT_05,good,271,332,367,428
mvtec/cabbage/train/good/prim_rotation_rgb_0017_SLOT_06.png,raw/prim_rotation/rgb_0017.png,prim_rotation,train,SLOT_06,good,426,332,522,428
mvtec/cabbage/train/good/prim_rotation_rgb_0032_SLOT_01.png,raw/prim_rotation/rgb_0032.png,prim_rotation,train,SLOT_01,good,143,235,239,331
mvtec/cabbage/train/good/prim_rotation_rgb_0032_SLOT_02.png,raw/prim_rotation/rgb_0032.png,prim_rotation,train,SLOT_02,good,271,235,367,331
mvtec/cabbage/train/good/prim_rotation_rgb_0032_SLOT_03.png,raw/prim_rotation/rgb_0032.png,prim_rotation,train,SLOT_03,good,405,235,501,331
mvtec/cabbage/train/good/prim_rotation_rgb_0032_SLOT_04.png,raw/prim_rotation/rgb_0032.png,prim_rotation,train,SLOT_04,good,118,332,214,428
mvtec/cabbage/train/good/prim_rotation_rgb_0032_SLOT_05.png,raw/prim_rotation/rgb_0032.png,prim_rotation,train,SLOT_05,good,271,332,367,428
mvtec/cabbage/train/good/prim_rotation_rgb_0032_SLOT_06.png,raw/prim_rotation/rgb_0032.png,prim_rotation,train,SLOT_06,good,426,332,522,428
mvtec/cabbage/train/good/prim_rotation_rgb_0048_SLOT_01.png,raw/prim_rotation/rgb_0048.png,prim_rotation,train,SLOT_01,good,143,235,239,331
mvtec/cabbage/train/good/prim_rotation_rgb_0048_SLOT_02.png,raw/prim_rotation/rgb_0048.png,prim_rotation,train,SLOT_02,good,271,235,367,331
mvtec/cabbage/train/good/prim_rotation_rgb_0048_SLOT_03.png,raw/prim_rotation/rgb_0048.png,prim_rotation,train,SLOT_03,good,405,235,501,331
mvtec/cabbage/train/good/prim_rotation_rgb_0048_SLOT_04.png,raw/prim_rotation/rgb_0048.png,prim_rotation,train,SLOT_04,good,118,332,214,428
mvtec/cabbage/train/good/prim_rotation_rgb_0048_SLOT_05.png,raw/prim_rotation/rgb_0048.png,prim_rotation,train,SLOT_05,good,271,332,367,428
mvtec/cabbage/train/good/prim_rotation_rgb_0048_SLOT_06.png,raw/prim_rotation/rgb_0048.png,prim_rotation,train,SLOT_06,good,426,332,522,428
mvtec/cabbage/train/good/prim_rotation_rgb_0052_SLOT_01.png,raw/prim_rotation/rgb_0052.png,prim_rotation,train,SLOT_01,good,143,235,239,331
mvtec/cabbage/train/good/prim_rotation_rgb_0052_SLOT_02.png,raw/prim_rotation/rgb_0052.png,prim_rotation,train,SLOT_02,good,271,235,367,331
mvtec/cabbage/train/good/prim_rotation_rgb_0052_SLOT_03.png,raw/prim_rotation/rgb_0052.png,prim_rotation,train,SLOT_03,good,405,235,501,331
mvtec/cabbage/train/good/prim_rotation_rgb_0052_SLOT_04.png,raw/prim_rotation/rgb_0052.png,prim_rotation,train,SLOT_04,good,118,332,214,428
mvtec/cabbage/train/good/prim_rotation_rgb_0052_SLOT_05.png,raw/prim_rotation/rgb_0052.png,prim_rotation,train,SLOT_05,good,271,332,367,428
mvtec/cabbage/train/good/prim_rotation_rgb_0052_SLOT_06.png,raw/prim_rotation/rgb_0052.png,prim_rotation,train,SLOT_06,good,426,332,522,428
mvtec/cabbage/train/good/prim_rotation_rgb_0038_SLOT_01.png,raw/prim_rotation/rgb_0038.png,prim_rotation,train,SLOT_01,good,143,235,239,331
mvtec/cabbage/train/good/prim_rotation_rgb_0038_SLOT_02.png,raw/prim_rotation/rgb_0038.png,prim_rotation,train,SLOT_02,good,271,235,367,331
mvtec/cabbage/train/good/prim_rotation_rgb_0038_SLOT_03.png,raw/prim_rotation/rgb_0038.png,prim_rotation,train,SLOT_03,good,405,235,501,331
mvtec/cabbage/train/good/prim_rotation_rgb_0038_SLOT_04.png,raw/prim_rotation/rgb_0038.png,prim_rotation,train,SLOT_04,good,118,332,214,428
mvtec/cabbage/train/good/prim_rotation_rgb_0038_SLOT_05.png,raw/prim_rotation/rgb_0038.png,prim_rotation,train,SLOT_05,good,271,332,367,428
mvtec/cabbage/train/good/prim_rotation_rgb_0038_SLOT_06.png,raw/prim_rotation/rgb_0038.png,prim_rotation,train,SLOT_06,good,426,332,522,428
mvtec/cabbage/train/good/prim_rotation_rgb_0021_SLOT_01.png,raw/prim_rotation/rgb_0021.png,prim_rotation,train,SLOT_01,good,143,235,239,331
mvtec/cabbage/train/good/prim_rotation_rgb_0021_SLOT_02.png,raw/prim_rotation/rgb_0021.png,prim_rotation,train,SLOT_02,good,271,235,367,331
mvtec/cabbage/train/good/prim_rotation_rgb_0021_SLOT_03.png,raw/prim_rotation/rgb_0021.png,prim_rotation,train,SLOT_03,good,405,235,501,331
mvtec/cabbage/train/good/prim_rotation_rgb_0021_SLOT_04.png,raw/prim_rotation/rgb_0021.png,prim_rotation,train,SLOT_04,good,118,332,214,428
mvtec/cabbage/train/good/prim_rotation_rgb_0021_SLOT_05.png,raw/prim_rotation/rgb_0021.png,prim_rotation,train,SLOT_05,good,271,332,367,428
mvtec/cabbage/train/good/prim_rotation_rgb_0021_SLOT_06.png,raw/prim_rotation/rgb_0021.png,prim_rotation,train,SLOT_06,good,426,332,522,428
mvtec/cabbage/train/good/prim_rotation_rgb_0094_SLOT_01.png,raw/prim_rotation/rgb_0094.png,prim_rotation,train,SLOT_01,good,143,235,239,331
mvtec/cabbage/train/good/prim_rotation_rgb_0094_SLOT_02.png,raw/prim_rotation/rgb_0094.png,prim_rotation,train,SLOT_02,good,271,235,367,331
mvtec/cabbage/train/good/prim_rotation_rgb_0094_SLOT_03.png,raw/prim_rotation/rgb_0094.png,prim_rotation,train,SLOT_03,good,405,235,501,331
mvtec/cabbage/train/good/prim_rotation_rgb_0094_SLOT_04.png,raw/prim_rotation/rgb_0094.png,prim_rotation,train,SLOT_04,good,118,332,214,428
mvtec/cabbage/train/good/prim_rotation_rgb_0094_SLOT_05.png,raw/prim_rotation/rgb_0094.png,prim_rotation,train,SLOT_05,good,271,332,367,428
mvtec/cabbage/train/good/prim_rotation_rgb_0094_SLOT_06.png,raw/prim_rotation/rgb_0094.png,prim_rotation,train,SLOT_06,good,426,332,522,428
mvtec/cabbage/train/good/prim_rotation_rgb_0092_SLOT_01.png,raw/prim_rotation/rgb_0092.png,prim_rotation,train,SLOT_01,good,143,235,239,331
mvtec/cabbage/train/good/prim_rotation_rgb_0092_SLOT_02.png,raw/prim_rotation/rgb_0092.png,prim_rotation,train,SLOT_02,good,271,235,367,331
mvtec/cabbage/train/good/prim_rotation_rgb_0092_SLOT_03.png,raw/prim_rotation/rgb_0092.png,prim_rotation,train,SLOT_03,good,405,235,501,331
mvtec/cabbage/train/good/prim_rotation_rgb_0092_SLOT_04.png,raw/prim_rotation/rgb_0092.png,prim_rotation,train,SLOT_04,good,118,332,214,428
mvtec/cabbage/train/good/prim_rotation_rgb_0092_SLOT_05.png,raw/prim_rotation/rgb_0092.png,prim_rotation,train,SLOT_05,good,271,332,367,428
mvtec/cabbage/train/good/prim_rotation_rgb_0092_SLOT_06.png,raw/prim_rotation/rgb_0092.png,prim_rotation,train,SLOT_06,good,426,332,522,428
mvtec/cabbage/train/good/prim_rotation_rgb_0090_SLOT_01.png,raw/prim_rotation/rgb_0090.png,prim_rotation,train,SLOT_01,good,143,235,239,331
mvtec/cabbage/train/good/prim_rotation_rgb_0090_SLOT_02.png,raw/prim_rotation/rgb_0090.png,prim_rotation,train,SLOT_02,good,271,235,367,331
mvtec/cabbage/train/good/prim_rotation_rgb_0090_SLOT_03.png,raw/prim_rotation/rgb_0090.png,prim_rotation,train,SLOT_03,good,405,235,501,331
mvtec/cabbage/train/good/prim_rotation_rgb_0090_SLOT_04.png,raw/prim_rotation/rgb_0090.png,prim_rotation,train,SLOT_04,good,118,332,214,428
mvtec/cabbage/train/good/prim_rotation_rgb_0090_SLOT_05.png,raw/prim_rotation/rgb_0090.png,prim_rotation,train,SLOT_05,good,271,332,367,428
mvtec/cabbage/train/good/prim_rotation_rgb_0090_SLOT_06.png,raw/prim_rotation/rgb_0090.png,prim_rotation,train,SLOT_06,good,426,332,522,428
mvtec/cabbage/train/good/prim_rotation_rgb_0003_SLOT_01.png,raw/prim_rotation/rgb_0003.png,prim_rotation,train,SLOT_01,good,143,235,239,331
mvtec/cabbage/train/good/prim_rotation_rgb_0003_SLOT_02.png,raw/prim_rotation/rgb_0003.png,prim_rotation,train,SLOT_02,good,271,235,367,331
mvtec/cabbage/train/good/prim_rotation_rgb_0003_SLOT_03.png,raw/prim_rotation/rgb_0003.png,prim_rotation,train,SLOT_03,good,405,235,501,331
mvtec/cabbage/train/good/prim_rotation_rgb_0003_SLOT_04.png,raw/prim_rotation/rgb_0003.png,prim_rotation,train,SLOT_04,good,118,332,214,428
mvtec/cabbage/train/good/prim_rotation_rgb_0003_SLOT_05.png,raw/prim_rotation/rgb_0003.png,prim_rotation,train,SLOT_05,good,271,332,367,428
mvtec/cabbage/train/good/prim_rotation_rgb_0003_SLOT_06.png,raw/prim_rotation/rgb_0003.png,prim_rotation,train,SLOT_06,good,426,332,522,428
mvtec/cabbage/train/good/prim_rotation_rgb_0077_SLOT_01.png,raw/prim_rotation/rgb_0077.png,prim_rotation,train,SLOT_01,good,143,235,239,331
mvtec/cabbage/train/good/prim_rotation_rgb_0077_SLOT_02.png,raw/prim_rotation/rgb_0077.png,prim_rotation,train,SLOT_02,good,271,235,367,331
mvtec/cabbage/train/good/prim_rotation_rgb_0077_SLOT_03.png,raw/prim_rotation/rgb_0077.png,prim_rotation,train,SLOT_03,good,405,235,501,331
mvtec/cabbage/train/good/prim_rotation_rgb_0077_SLOT_04.png,raw/prim_rotation/rgb_0077.png,prim_rotation,train,SLOT_04,good,118,332,214,428
mvtec/cabbage/train/good/prim_rotation_rgb_0077_SLOT_05.png,raw/prim_rotation/rgb_0077.png,prim_rotation,train,SLOT_05,good,271,332,367,428
mvtec/cabbage/train/good/prim_rotation_rgb_0077_SLOT_06.png,raw/prim_rotation/rgb_0077.png,prim_rotation,train,SLOT_06,good,426,332,522,428
mvtec/cabbage/train/good/prim_rotation_rgb_0049_SLOT_01.png,raw/prim_rotation/rgb_0049.png,prim_rotation,train,SLOT_01,good,143,235,239,331
mvtec/cabbage/train/good/prim_rotation_rgb_0049_SLOT_02.png,raw/prim_rotation/rgb_0049.png,prim_rotation,train,SLOT_02,good,271,235,367,331
mvtec/cabbage/train/good/prim_rotation_rgb_0049_SLOT_03.png,raw/prim_rotation/rgb_0049.png,prim_rotation,train,SLOT_03,good,405,235,501,331
mvtec/cabbage/train/good/prim_rotation_rgb_0049_SLOT_04.png,raw/prim_rotation/rgb_0049.png,prim_rotation,train,SLOT_04,good,118,332,214,428
mvtec/cabbage/train/good/prim_rotation_rgb_0049_SLOT_05.png,raw/prim_rotation/rgb_0049.png,prim_rotation,train,SLOT_05,good,271,332,367,428
mvtec/cabbage/train/good/prim_rotation_rgb_0049_SLOT_06.png,raw/prim_rotation/rgb_0049.png,prim_rotation,train,SLOT_06,good,426,332,522,428
mvtec/cabbage/train/good/prim_rotation_rgb_0044_SLOT_01.png,raw/prim_rotation/rgb_0044.png,prim_rotation,train,SLOT_01,good,143,235,239,331
mvtec/cabbage/train/good/prim_rotation_rgb_0044_SLOT_02.png,raw/prim_rotation/rgb_0044.png,prim_rotation,train,SLOT_02,good,271,235,367,331
mvtec/cabbage/train/good/prim_rotation_rgb_0044_SLOT_03.png,raw/prim_rotation/rgb_0044.png,prim_rotation,train,SLOT_03,good,405,235,501,331
mvtec/cabbage/train/good/prim_rotation_rgb_0044_SLOT_04.png,raw/prim_rotation/rgb_0044.png,prim_rotation,train,SLOT_04,good,118,332,214,428
mvtec/cabbage/train/good/prim_rotation_rgb_0044_SLOT_05.png,raw/prim_rotation/rgb_0044.png,prim_rotation,train,SLOT_05,good,271,332,367,428
mvtec/cabbage/train/good/prim_rotation_rgb_0044_SLOT_06.png,raw/prim_rotation/rgb_0044.png,prim_rotation,train,SLOT_06,good,426,332,522,428
mvtec/cabbage/train/good/prim_rotation_rgb_0022_SLOT_01.png,raw/prim_rotation/rgb_0022.png,prim_rotation,train,SLOT_01,good,143,235,239,331
mvtec/cabbage/train/good/prim_rotation_rgb_0022_SLOT_02.png,raw/prim_rotation/rgb_0022.png,prim_rotation,train,SLOT_02,good,271,235,367,331
mvtec/cabbage/train/good/prim_rotation_rgb_0022_SLOT_03.png,raw/prim_rotation/rgb_0022.png,prim_rotation,train,SLOT_03,good,405,235,501,331
mvtec/cabbage/train/good/prim_rotation_rgb_0022_SLOT_04.png,raw/prim_rotation/rgb_0022.png,prim_rotation,train,SLOT_04,good,118,332,214,428
mvtec/cabbage/train/good/prim_rotation_rgb_0022_SLOT_05.png,raw/prim_rotation/rgb_0022.png,prim_rotation,train,SLOT_05,good,271,332,367,428
mvtec/cabbage/train/good/prim_rotation_rgb_0022_SLOT_06.png,raw/prim_rotation/rgb_0022.png,prim_rotation,train,SLOT_06,good,426,332,522,428
mvtec/cabbage/train/good/prim_rotation_rgb_0099_SLOT_01.png,raw/prim_rotation/rgb_0099.png,prim_rotation,train,SLOT_01,good,143,235,239,331
mvtec/cabbage/train/good/prim_rotation_rgb_0099_SLOT_02.png,raw/prim_rotation/rgb_0099.png,prim_rotation,train,SLOT_02,good,271,235,367,331
mvtec/cabbage/train/good/prim_rotation_rgb_0099_SLOT_03.png,raw/prim_rotation/rgb_0099.png,prim_rotation,train,SLOT_03,good,405,235,501,331
mvtec/cabbage/train/good/prim_rotation_rgb_0099_SLOT_04.png,raw/prim_rotation/rgb_0099.png,prim_rotation,train,SLOT_04,good,118,332,214,428
mvtec/cabbage/train/good/prim_rotation_rgb_0099_SLOT_05.png,raw/prim_rotation/rgb_0099.png,prim_rotation,train,SLOT_05,good,271,332,367,428
mvtec/cabbage/train/good/prim_rotation_rgb_0099_SLOT_06.png,raw/prim_rotation/rgb_0099.png,prim_rotation,train,SLOT_06,good,426,332,522,428
mvtec/cabbage/train/good/prim_rotation_rgb_0062_SLOT_01.png,raw/prim_rotation/rgb_0062.png,prim_rotation,train,SLOT_01,good,143,235,239,331
mvtec/cabbage/train/good/prim_rotation_rgb_0062_SLOT_02.png,raw/prim_rotation/rgb_0062.png,prim_rotation,train,SLOT_02,good,271,235,367,331
mvtec/cabbage/train/good/prim_rotation_rgb_0062_SLOT_03.png,raw/prim_rotation/rgb_0062.png,prim_rotation,train,SLOT_03,good,405,235,501,331
mvtec/cabbage/train/good/prim_rotation_rgb_0062_SLOT_04.png,raw/prim_rotation/rgb_0062.png,prim_rotation,train,SLOT_04,good,118,332,214,428
mvtec/cabbage/train/good/prim_rotation_rgb_0062_SLOT_05.png,raw/prim_rotation/rgb_0062.png,prim_rotation,train,SLOT_05,good,271,332,367,428
mvtec/cabbage/train/good/prim_rotation_rgb_0062_SLOT_06.png,raw/prim_rotation/rgb_0062.png,prim_rotation,train,SLOT_06,good,426,332,522,428
mvtec/cabbage/train/good/prim_rotation_rgb_0095_SLOT_01.png,raw/prim_rotation/rgb_0095.png,prim_rotation,train,SLOT_01,good,143,235,239,331
mvtec/cabbage/train/good/prim_rotation_rgb_0095_SLOT_02.png,raw/prim_rotation/rgb_0095.png,prim_rotation,train,SLOT_02,good,271,235,367,331
mvtec/cabbage/train/good/prim_rotation_rgb_0095_SLOT_03.png,raw/prim_rotation/rgb_0095.png,prim_rotation,train,SLOT_03,good,405,235,501,331
mvtec/cabbage/train/good/prim_rotation_rgb_0095_SLOT_04.png,raw/prim_rotation/rgb_0095.png,prim_rotation,train,SLOT_04,good,118,332,214,428
mvtec/cabbage/train/good/prim_rotation_rgb_0095_SLOT_05.png,raw/prim_rotation/rgb_0095.png,prim_rotation,train,SLOT_05,good,271,332,367,428
mvtec/cabbage/train/good/prim_rotation_rgb_0095_SLOT_06.png,raw/prim_rotation/rgb_0095.png,prim_rotation,train,SLOT_06,good,426,332,522,428
mvtec/cabbage/train/good/prim_rotation_rgb_0006_SLOT_01.png,raw/prim_rotation/rgb_0006.png,prim_rotation,train,SLOT_01,good,143,235,239,331
mvtec/cabbage/train/good/prim_rotation_rgb_0006_SLOT_02.png,raw/prim_rotation/rgb_0006.png,prim_rotation,train,SLOT_02,good,271,235,367,331
mvtec/cabbage/train/good/prim_rotation_rgb_0006_SLOT_03.png,raw/prim_rotation/rgb_0006.png,prim_rotation,train,SLOT_03,good,405,235,501,331
mvtec/cabbage/train/good/prim_rotation_rgb_0006_SLOT_04.png,raw/prim_rotation/rgb_0006.png,prim_rotation,train,SLOT_04,good,118,332,214,428
mvtec/cabbage/train/good/prim_rotation_rgb_0006_SLOT_05.png,raw/prim_rotation/rgb_0006.png,prim_rotation,train,SLOT_05,good,271,332,367,428
mvtec/cabbage/train/good/prim_rotation_rgb_0006_SLOT_06.png,raw/prim_rotation/rgb_0006.png,prim_rotation,train,SLOT_06,good,426,332,522,428
mvtec/cabbage/train/good/prim_rotation_rgb_0012_SLOT_01.png,raw/prim_rotation/rgb_0012.png,prim_rotation,train,SLOT_01,good,143,235,239,331
mvtec/cabbage/train/good/prim_rotation_rgb_0012_SLOT_02.png,raw/prim_rotation/rgb_0012.png,prim_rotation,train,SLOT_02,good,271,235,367,331
mvtec/cabbage/train/good/prim_rotation_rgb_0012_SLOT_03.png,raw/prim_rotation/rgb_0012.png,prim_rotation,train,SLOT_03,good,405,235,501,331
mvtec/cabbage/train/good/prim_rotation_rgb_0012_SLOT_04.png,raw/prim_rotation/rgb_0012.png,prim_rotation,train,SLOT_04,good,118,332,214,428
mvtec/cabbage/train/good/prim_rotation_rgb_0012_SLOT_05.png,raw/prim_rotation/rgb_0012.png,prim_rotation,train,SLOT_05,good,271,332,367,428
mvtec/cabbage/train/good/prim_rotation_rgb_0012_SLOT_06.png,raw/prim_rotation/rgb_0012.png,prim_rotation,train,SLOT_06,good,426,332,522,428
mvtec/cabbage/train/good/prim_rotation_rgb_0026_SLOT_01.png,raw/prim_rotation/rgb_0026.png,prim_rotation,train,SLOT_01,good,143,235,239,331
mvtec/cabbage/train/good/prim_rotation_rgb_0026_SLOT_02.png,raw/prim_rotation/rgb_0026.png,prim_rotation,train,SLOT_02,good,271,235,367,331
mvtec/cabbage/train/good/prim_rotation_rgb_0026_SLOT_03.png,raw/prim_rotation/rgb_0026.png,prim_rotation,train,SLOT_03,good,405,235,501,331
mvtec/cabbage/train/good/prim_rotation_rgb_0026_SLOT_04.png,raw/prim_rotation/rgb_0026.png,prim_rotation,train,SLOT_04,good,118,332,214,428
mvtec/cabbage/train/good/prim_rotation_rgb_0026_SLOT_05.png,raw/prim_rotation/rgb_0026.png,prim_rotation,train,SLOT_05,good,271,332,367,428
mvtec/cabbage/train/good/prim_rotation_rgb_0026_SLOT_06.png,raw/prim_rotation/rgb_0026.png,prim_rotation,train,SLOT_06,good,426,332,522,428
mvtec/cabbage/train/good/prim_rotation_rgb_0053_SLOT_01.png,raw/prim_rotation/rgb_0053.png,prim_rotation,train,SLOT_01,good,143,235,239,331
mvtec/cabbage/train/good/prim_rotation_rgb_0053_SLOT_02.png,raw/prim_rotation/rgb_0053.png,prim_rotation,train,SLOT_02,good,271,235,367,331
mvtec/cabbage/train/good/prim_rotation_rgb_0053_SLOT_03.png,raw/prim_rotation/rgb_0053.png,prim_rotation,train,SLOT_03,good,405,235,501,331
mvtec/cabbage/train/good/prim_rotation_rgb_0053_SLOT_04.png,raw/prim_rotation/rgb_0053.png,prim_rotation,train,SLOT_04,good,118,332,214,428
mvtec/cabbage/train/good/prim_rotation_rgb_0053_SLOT_05.png,raw/prim_rotation/rgb_0053.png,prim_rotation,train,SLOT_05,good,271,332,367,428
mvtec/cabbage/train/good/prim_rotation_rgb_0053_SLOT_06.png,raw/prim_rotation/rgb_0053.png,prim_rotation,train,SLOT_06,good,426,332,522,428
mvtec/cabbage/train/good/prim_rotation_rgb_0050_SLOT_01.png,raw/prim_rotation/rgb_0050.png,prim_rotation,train,SLOT_01,good,143,235,239,331
mvtec/cabbage/train/good/prim_rotation_rgb_0050_SLOT_02.png,raw/prim_rotation/rgb_0050.png,prim_rotation,train,SLOT_02,good,271,235,367,331
mvtec/cabbage/train/good/prim_rotation_rgb_0050_SLOT_03.png,raw/prim_rotation/rgb_0050.png,prim_rotation,train,SLOT_03,good,405,235,501,331
mvtec/cabbage/train/good/prim_rotation_rgb_0050_SLOT_04.png,raw/prim_rotation/rgb_0050.png,prim_rotation,train,SLOT_04,good,118,332,214,428
mvtec/cabbage/train/good/prim_rotation_rgb_0050_SLOT_05.png,raw/prim_rotation/rgb_0050.png,prim_rotation,train,SLOT_05,good,271,332,367,428
mvtec/cabbage/train/good/prim_rotation_rgb_0050_SLOT_06.png,raw/prim_rotation/rgb_0050.png,prim_rotation,train,SLOT_06,good,426,332,522,428
mvtec/cabbage/train/good/prim_rotation_rgb_0084_SLOT_01.png,raw/prim_rotation/rgb_0084.png,prim_rotation,train,SLOT_01,good,143,235,239,331
mvtec/cabbage/train/good/prim_rotation_rgb_0084_SLOT_02.png,raw/prim_rotation/rgb_0084.png,prim_rotation,train,SLOT_02,good,271,235,367,331
mvtec/cabbage/train/good/prim_rotation_rgb_0084_SLOT_03.png,raw/prim_rotation/rgb_0084.png,prim_rotation,train,SLOT_03,good,405,235,501,331
mvtec/cabbage/train/good/prim_rotation_rgb_0084_SLOT_04.png,raw/prim_rotation/rgb_0084.png,prim_rotation,train,SLOT_04,good,118,332,214,428
mvtec/cabbage/train/good/prim_rotation_rgb_0084_SLOT_05.png,raw/prim_rotation/rgb_0084.png,prim_rotation,train,SLOT_05,good,271,332,367,428
mvtec/cabbage/train/good/prim_rotation_rgb_0084_SLOT_06.png,raw/prim_rotation/rgb_0084.png,prim_rotation,train,SLOT_06,good,426,332,522,428
mvtec/cabbage/train/good/prim_rotation_rgb_0064_SLOT_01.png,raw/prim_rotation/rgb_0064.png,prim_rotation,train,SLOT_01,good,143,235,239,331
mvtec/cabbage/train/good/prim_rotation_rgb_0064_SLOT_02.png,raw/prim_rotation/rgb_0064.png,prim_rotation,train,SLOT_02,good,271,235,367,331
mvtec/cabbage/train/good/prim_rotation_rgb_0064_SLOT_03.png,raw/prim_rotation/rgb_0064.png,prim_rotation,train,SLOT_03,good,405,235,501,331
mvtec/cabbage/train/good/prim_rotation_rgb_0064_SLOT_04.png,raw/prim_rotation/rgb_0064.png,prim_rotation,train,SLOT_04,good,118,332,214,428
mvtec/cabbage/train/good/prim_rotation_rgb_0064_SLOT_05.png,raw/prim_rotation/rgb_0064.png,prim_rotation,train,SLOT_05,good,271,332,367,428
mvtec/cabbage/train/good/prim_rotation_rgb_0064_SLOT_06.png,raw/prim_rotation/rgb_0064.png,prim_rotation,train,SLOT_06,good,426,332,522,428
mvtec/cabbage/train/good/prim_rotation_rgb_0055_SLOT_01.png,raw/prim_rotation/rgb_0055.png,prim_rotation,train,SLOT_01,good,143,235,239,331
mvtec/cabbage/train/good/prim_rotation_rgb_0055_SLOT_02.png,raw/prim_rotation/rgb_0055.png,prim_rotation,train,SLOT_02,good,271,235,367,331
mvtec/cabbage/train/good/prim_rotation_rgb_0055_SLOT_03.png,raw/prim_rotation/rgb_0055.png,prim_rotation,train,SLOT_03,good,405,235,501,331
mvtec/cabbage/train/good/prim_rotation_rgb_0055_SLOT_04.png,raw/prim_rotation/rgb_0055.png,prim_rotation,train,SLOT_04,good,118,332,214,428
mvtec/cabbage/train/good/prim_rotation_rgb_0055_SLOT_05.png,raw/prim_rotation/rgb_0055.png,prim_rotation,train,SLOT_05,good,271,332,367,428
mvtec/cabbage/train/good/prim_rotation_rgb_0055_SLOT_06.png,raw/prim_rotation/rgb_0055.png,prim_rotation,train,SLOT_06,good,426,332,522,428
mvtec/cabbage/train/good/prim_rotation_rgb_0036_SLOT_01.png,raw/prim_rotation/rgb_0036.png,prim_rotation,train,SLOT_01,good,143,235,239,331
mvtec/cabbage/train/good/prim_rotation_rgb_0036_SLOT_02.png,raw/prim_rotation/rgb_0036.png,prim_rotation,train,SLOT_02,good,271,235,367,331
mvtec/cabbage/train/good/prim_rotation_rgb_0036_SLOT_03.png,raw/prim_rotation/rgb_0036.png,prim_rotation,train,SLOT_03,good,405,235,501,331
mvtec/cabbage/train/good/prim_rotation_rgb_0036_SLOT_04.png,raw/prim_rotation/rgb_0036.png,prim_rotation,train,SLOT_04,good,118,332,214,428
mvtec/cabbage/train/good/prim_rotation_rgb_0036_SLOT_05.png,raw/prim_rotation/rgb_0036.png,prim_rotation,train,SLOT_05,good,271,332,367,428
mvtec/cabbage/train/good/prim_rotation_rgb_0036_SLOT_06.png,raw/prim_rotation/rgb_0036.png,prim_rotation,train,SLOT_06,good,426,332,522,428
mvtec/cabbage/train/good/prim_rotation_rgb_0087_SLOT_01.png,raw/prim_rotation/rgb_0087.png,prim_rotation,train,SLOT_01,good,143,235,239,331
mvtec/cabbage/train/good/prim_rotation_rgb_0087_SLOT_02.png,raw/prim_rotation/rgb_0087.png,prim_rotation,train,SLOT_02,good,271,235,367,331
mvtec/cabbage/train/good/prim_rotation_rgb_0087_SLOT_03.png,raw/prim_rotation/rgb_0087.png,prim_rotation,train,SLOT_03,good,405,235,501,331
mvtec/cabbage/train/good/prim_rotation_rgb_0087_SLOT_04.png,raw/prim_rotation/rgb_0087.png,prim_rotation,train,SLOT_04,good,118,332,214,428
mvtec/cabbage/train/good/prim_rotation_rgb_0087_SLOT_05.png,raw/prim_rotation/rgb_0087.png,prim_rotation,train,SLOT_05,good,271,332,367,428
mvtec/cabbage/train/good/prim_rotation_rgb_0087_SLOT_06.png,raw/prim_rotation/rgb_0087.png,prim_rotation,train,SLOT_06,good,426,332,522,428
mvtec/cabbage/train/good/prim_rotation_rgb_0046_SLOT_01.png,raw/prim_rotation/rgb_0046.png,prim_rotation,train,SLOT_01,good,143,235,239,331
mvtec/cabbage/train/good/prim_rotation_rgb_0046_SLOT_02.png,raw/prim_rotation/rgb_0046.png,prim_rotation,train,SLOT_02,good,271,235,367,331
mvtec/cabbage/train/good/prim_rotation_rgb_0046_SLOT_03.png,raw/prim_rotation/rgb_0046.png,prim_rotation,train,SLOT_03,good,405,235,501,331
mvtec/cabbage/train/good/prim_rotation_rgb_0046_SLOT_04.png,raw/prim_rotation/rgb_0046.png,prim_rotation,train,SLOT_04,good,118,332,214,428
mvtec/cabbage/train/good/prim_rotation_rgb_0046_SLOT_05.png,raw/prim_rotation/rgb_0046.png,prim_rotation,train,SLOT_05,good,271,332,367,428
mvtec/cabbage/train/good/prim_rotation_rgb_0046_SLOT_06.png,raw/prim_rotation/rgb_0046.png,prim_rotation,train,SLOT_06,good,426,332,522,428
mvtec/cabbage/train/good/prim_rotation_rgb_0098_SLOT_01.png,raw/prim_rotation/rgb_0098.png,prim_rotation,train,SLOT_01,good,143,235,239,331
mvtec/cabbage/train/good/prim_rotation_rgb_0098_SLOT_02.png,raw/prim_rotation/rgb_0098.png,prim_rotation,train,SLOT_02,good,271,235,367,331
mvtec/cabbage/train/good/prim_rotation_rgb_0098_SLOT_03.png,raw/prim_rotation/rgb_0098.png,prim_rotation,train,SLOT_03,good,405,235,501,331
mvtec/cabbage/train/good/prim_rotation_rgb_0098_SLOT_04.png,raw/prim_rotation/rgb_0098.png,prim_rotation,train,SLOT_04,good,118,332,214,428
mvtec/cabbage/train/good/prim_rotation_rgb_0098_SLOT_05.png,raw/prim_rotation/rgb_0098.png,prim_rotation,train,SLOT_05,good,271,332,367,428
mvtec/cabbage/train/good/prim_rotation_rgb_0098_SLOT_06.png,raw/prim_rotation/rgb_0098.png,prim_rotation,train,SLOT_06,good,426,332,522,428
mvtec/cabbage/train/good/prim_rotation_rgb_0034_SLOT_01.png,raw/prim_rotation/rgb_0034.png,prim_rotation,train,SLOT_01,good,143,235,239,331
mvtec/cabbage/train/good/prim_rotation_rgb_0034_SLOT_02.png,raw/prim_rotation/rgb_0034.png,prim_rotation,train,SLOT_02,good,271,235,367,331
mvtec/cabbage/train/good/prim_rotation_rgb_0034_SLOT_03.png,raw/prim_rotation/rgb_0034.png,prim_rotation,train,SLOT_03,good,405,235,501,331
mvtec/cabbage/train/good/prim_rotation_rgb_0034_SLOT_04.png,raw/prim_rotation/rgb_0034.png,prim_rotation,train,SLOT_04,good,118,332,214,428
mvtec/cabbage/train/good/prim_rotation_rgb_0034_SLOT_05.png,raw/prim_rotation/rgb_0034.png,prim_rotation,train,SLOT_05,good,271,332,367,428
mvtec/cabbage/train/good/prim_rotation_rgb_0034_SLOT_06.png,raw/prim_rotation/rgb_0034.png,prim_rotation,train,SLOT_06,good,426,332,522,428
mvtec/cabbage/train/good/prim_rotation_rgb_0013_SLOT_01.png,raw/prim_rotation/rgb_0013.png,prim_rotation,train,SLOT_01,good,143,235,239,331
mvtec/cabbage/train/good/prim_rotation_rgb_0013_SLOT_02.png,raw/prim_rotation/rgb_0013.png,prim_rotation,train,SLOT_02,good,271,235,367,331
mvtec/cabbage/train/good/prim_rotation_rgb_0013_SLOT_03.png,raw/prim_rotation/rgb_0013.png,prim_rotation,train,SLOT_03,good,405,235,501,331
mvtec/cabbage/train/good/prim_rotation_rgb_0013_SLOT_04.png,raw/prim_rotation/rgb_0013.png,prim_rotation,train,SLOT_04,good,118,332,214,428
mvtec/cabbage/train/good/prim_rotation_rgb_0013_SLOT_05.png,raw/prim_rotation/rgb_0013.png,prim_rotation,train,SLOT_05,good,271,332,367,428
mvtec/cabbage/train/good/prim_rotation_rgb_0013_SLOT_06.png,raw/prim_rotation/rgb_0013.png,prim_rotation,train,SLOT_06,good,426,332,522,428
mvtec/cabbage/train/good/prim_rotation_rgb_0089_SLOT_01.png,raw/prim_rotation/rgb_0089.png,prim_rotation,train,SLOT_01,good,143,235,239,331
mvtec/cabbage/train/good/prim_rotation_rgb_0089_SLOT_02.png,raw/prim_rotation/rgb_0089.png,prim_rotation,train,SLOT_02,good,271,235,367,331
mvtec/cabbage/train/good/prim_rotation_rgb_0089_SLOT_03.png,raw/prim_rotation/rgb_0089.png,prim_rotation,train,SLOT_03,good,405,235,501,331
mvtec/cabbage/train/good/prim_rotation_rgb_0089_SLOT_04.png,raw/prim_rotation/rgb_0089.png,prim_rotation,train,SLOT_04,good,118,332,214,428
mvtec/cabbage/train/good/prim_rotation_rgb_0089_SLOT_05.png,raw/prim_rotation/rgb_0089.png,prim_rotation,train,SLOT_05,good,271,332,367,428
mvtec/cabbage/train/good/prim_rotation_rgb_0089_SLOT_06.png,raw/prim_rotation/rgb_0089.png,prim_rotation,train,SLOT_06,good,426,332,522,428
mvtec/cabbage/train/good/prim_rotation_rgb_0067_SLOT_01.png,raw/prim_rotation/rgb_0067.png,prim_rotation,train,SLOT_01,good,143,235,239,331
mvtec/cabbage/train/good/prim_rotation_rgb_0067_SLOT_02.png,raw/prim_rotation/rgb_0067.png,prim_rotation,train,SLOT_02,good,271,235,367,331
mvtec/cabbage/train/good/prim_rotation_rgb_0067_SLOT_03.png,raw/prim_rotation/rgb_0067.png,prim_rotation,train,SLOT_03,good,405,235,501,331
mvtec/cabbage/train/good/prim_rotation_rgb_0067_SLOT_04.png,raw/prim_rotation/rgb_0067.png,prim_rotation,train,SLOT_04,good,118,332,214,428
mvtec/cabbage/train/good/prim_rotation_rgb_0067_SLOT_05.png,raw/prim_rotation/rgb_0067.png,prim_rotation,train,SLOT_05,good,271,332,367,428
mvtec/cabbage/train/good/prim_rotation_rgb_0067_SLOT_06.png,raw/prim_rotation/rgb_0067.png,prim_rotation,train,SLOT_06,good,426,332,522,428
mvtec/cabbage/train/good/prim_rotation_rgb_0035_SLOT_01.png,raw/prim_rotation/rgb_0035.png,prim_rotation,train,SLOT_01,good,143,235,239,331
mvtec/cabbage/train/good/prim_rotation_rgb_0035_SLOT_02.png,raw/prim_rotation/rgb_0035.png,prim_rotation,train,SLOT_02,good,271,235,367,331
mvtec/cabbage/train/good/prim_rotation_rgb_0035_SLOT_03.png,raw/prim_rotation/rgb_0035.png,prim_rotation,train,SLOT_03,good,405,235,501,331
mvtec/cabbage/train/good/prim_rotation_rgb_0035_SLOT_04.png,raw/prim_rotation/rgb_0035.png,prim_rotation,train,SLOT_04,good,118,332,214,428
mvtec/cabbage/train/good/prim_rotation_rgb_0035_SLOT_05.png,raw/prim_rotation/rgb_0035.png,prim_rotation,train,SLOT_05,good,271,332,367,428
mvtec/cabbage/train/good/prim_rotation_rgb_0035_SLOT_06.png,raw/prim_rotation/rgb_0035.png,prim_rotation,train,SLOT_06,good,426,332,522,428
mvtec/cabbage/train/good/prim_rotation_rgb_0030_SLOT_01.png,raw/prim_rotation/rgb_0030.png,prim_rotation,train,SLOT_01,good,143,235,239,331
mvtec/cabbage/train/good/prim_rotation_rgb_0030_SLOT_02.png,raw/prim_rotation/rgb_0030.png,prim_rotation,train,SLOT_02,good,271,235,367,331
mvtec/cabbage/train/good/prim_rotation_rgb_0030_SLOT_03.png,raw/prim_rotation/rgb_0030.png,prim_rotation,train,SLOT_03,good,405,235,501,331
mvtec/cabbage/train/good/prim_rotation_rgb_0030_SLOT_04.png,raw/prim_rotation/rgb_0030.png,prim_rotation,train,SLOT_04,good,118,332,214,428
mvtec/cabbage/train/good/prim_rotation_rgb_0030_SLOT_05.png,raw/prim_rotation/rgb_0030.png,prim_rotation,train,SLOT_05,good,271,332,367,428
mvtec/cabbage/train/good/prim_rotation_rgb_0030_SLOT_06.png,raw/prim_rotation/rgb_0030.png,prim_rotation,train,SLOT_06,good,426,332,522,428
mvtec/cabbage/train/good/prim_rotation_rgb_0065_SLOT_01.png,raw/prim_rotation/rgb_0065.png,prim_rotation,train,SLOT_01,good,143,235,239,331
mvtec/cabbage/train/good/prim_rotation_rgb_0065_SLOT_02.png,raw/prim_rotation/rgb_0065.png,prim_rotation,train,SLOT_02,good,271,235,367,331
mvtec/cabbage/train/good/prim_rotation_rgb_0065_SLOT_03.png,raw/prim_rotation/rgb_0065.png,prim_rotation,train,SLOT_03,good,405,235,501,331
mvtec/cabbage/train/good/prim_rotation_rgb_0065_SLOT_04.png,raw/prim_rotation/rgb_0065.png,prim_rotation,train,SLOT_04,good,118,332,214,428
mvtec/cabbage/train/good/prim_rotation_rgb_0065_SLOT_05.png,raw/prim_rotation/rgb_0065.png,prim_rotation,train,SLOT_05,good,271,332,367,428
mvtec/cabbage/train/good/prim_rotation_rgb_0065_SLOT_06.png,raw/prim_rotation/rgb_0065.png,prim_rotation,train,SLOT_06,good,426,332,522,428
mvtec/cabbage/train/good/prim_rotation_rgb_0072_SLOT_01.png,raw/prim_rotation/rgb_0072.png,prim_rotation,train,SLOT_01,good,143,235,239,331
mvtec/cabbage/train/good/prim_rotation_rgb_0072_SLOT_02.png,raw/prim_rotation/rgb_0072.png,prim_rotation,train,SLOT_02,good,271,235,367,331
mvtec/cabbage/train/good/prim_rotation_rgb_0072_SLOT_03.png,raw/prim_rotation/rgb_0072.png,prim_rotation,train,SLOT_03,good,405,235,501,331
mvtec/cabbage/train/good/prim_rotation_rgb_0072_SLOT_04.png,raw/prim_rotation/rgb_0072.png,prim_rotation,train,SLOT_04,good,118,332,214,428
mvtec/cabbage/train/good/prim_rotation_rgb_0072_SLOT_05.png,raw/prim_rotation/rgb_0072.png,prim_rotation,train,SLOT_05,good,271,332,367,428
mvtec/cabbage/train/good/prim_rotation_rgb_0072_SLOT_06.png,raw/prim_rotation/rgb_0072.png,prim_rotation,train,SLOT_06,good,426,332,522,428
mvtec/cabbage/train/good/prim_rotation_rgb_0042_SLOT_01.png,raw/prim_rotation/rgb_0042.png,prim_rotation,train,SLOT_01,good,143,235,239,331
mvtec/cabbage/train/good/prim_rotation_rgb_0042_SLOT_02.png,raw/prim_rotation/rgb_0042.png,prim_rotation,train,SLOT_02,good,271,235,367,331
mvtec/cabbage/train/good/prim_rotation_rgb_0042_SLOT_03.png,raw/prim_rotation/rgb_0042.png,prim_rotation,train,SLOT_03,good,405,235,501,331
mvtec/cabbage/train/good/prim_rotation_rgb_0042_SLOT_04.png,raw/prim_rotation/rgb_0042.png,prim_rotation,train,SLOT_04,good,118,332,214,428
mvtec/cabbage/train/good/prim_rotation_rgb_0042_SLOT_05.png,raw/prim_rotation/rgb_0042.png,prim_rotation,train,SLOT_05,good,271,332,367,428
mvtec/cabbage/train/good/prim_rotation_rgb_0042_SLOT_06.png,raw/prim_rotation/rgb_0042.png,prim_rotation,train,SLOT_06,good,426,332,522,428
mvtec/cabbage/train/good/prim_rotation_rgb_0004_SLOT_01.png,raw/prim_rotation/rgb_0004.png,prim_rotation,train,SLOT_01,good,143,235,239,331
mvtec/cabbage/train/good/prim_rotation_rgb_0004_SLOT_02.png,raw/prim_rotation/rgb_0004.png,prim_rotation,train,SLOT_02,good,271,235,367,331
mvtec/cabbage/train/good/prim_rotation_rgb_0004_SLOT_03.png,raw/prim_rotation/rgb_0004.png,prim_rotation,train,SLOT_03,good,405,235,501,331
mvtec/cabbage/train/good/prim_rotation_rgb_0004_SLOT_04.png,raw/prim_rotation/rgb_0004.png,prim_rotation,train,SLOT_04,good,118,332,214,428
mvtec/cabbage/train/good/prim_rotation_rgb_0004_SLOT_05.png,raw/prim_rotation/rgb_0004.png,prim_rotation,train,SLOT_05,good,271,332,367,428
mvtec/cabbage/train/good/prim_rotation_rgb_0004_SLOT_06.png,raw/prim_rotation/rgb_0004.png,prim_rotation,train,SLOT_06,good,426,332,522,428
mvtec/cabbage/train/good/prim_rotation_rgb_0081_SLOT_01.png,raw/prim_rotation/rgb_0081.png,prim_rotation,train,SLOT_01,good,143,235,239,331
mvtec/cabbage/train/good/prim_rotation_rgb_0081_SLOT_02.png,raw/prim_rotation/rgb_0081.png,prim_rotation,train,SLOT_02,good,271,235,367,331
mvtec/cabbage/train/good/prim_rotation_rgb_0081_SLOT_03.png,raw/prim_rotation/rgb_0081.png,prim_rotation,train,SLOT_03,good,405,235,501,331
mvtec/cabbage/train/good/prim_rotation_rgb_0081_SLOT_04.png,raw/prim_rotation/rgb_0081.png,prim_rotation,train,SLOT_04,good,118,332,214,428
mvtec/cabbage/train/good/prim_rotation_rgb_0081_SLOT_05.png,raw/prim_rotation/rgb_0081.png,prim_rotation,train,SLOT_05,good,271,332,367,428
mvtec/cabbage/train/good/prim_rotation_rgb_0081_SLOT_06.png,raw/prim_rotation/rgb_0081.png,prim_rotation,train,SLOT_06,good,426,332,522,428
validation/good/prim_rotation_rgb_0076_SLOT_01.png,raw/prim_rotation/rgb_0076.png,prim_rotation,val,SLOT_01,good,143,235,239,331
validation/good/prim_rotation_rgb_0076_SLOT_02.png,raw/prim_rotation/rgb_0076.png,prim_rotation,val,SLOT_02,good,271,235,367,331
validation/good/prim_rotation_rgb_0076_SLOT_03.png,raw/prim_rotation/rgb_0076.png,prim_rotation,val,SLOT_03,good,405,235,501,331
validation/good/prim_rotation_rgb_0076_SLOT_04.png,raw/prim_rotation/rgb_0076.png,prim_rotation,val,SLOT_04,good,118,332,214,428
validation/good/prim_rotation_rgb_0076_SLOT_05.png,raw/prim_rotation/rgb_0076.png,prim_rotation,val,SLOT_05,good,271,332,367,428
validation/good/prim_rotation_rgb_0076_SLOT_06.png,raw/prim_rotation/rgb_0076.png,prim_rotation,val,SLOT_06,good,426,332,522,428
validation/good/prim_rotation_rgb_0007_SLOT_01.png,raw/prim_rotation/rgb_0007.png,prim_rotation,val,SLOT_01,good,143,235,239,331
validation/good/prim_rotation_rgb_0007_SLOT_02.png,raw/prim_rotation/rgb_0007.png,prim_rotation,val,SLOT_02,good,271,235,367,331
validation/good/prim_rotation_rgb_0007_SLOT_03.png,raw/prim_rotation/rgb_0007.png,prim_rotation,val,SLOT_03,good,405,235,501,331
validation/good/prim_rotation_rgb_0007_SLOT_04.png,raw/prim_rotation/rgb_0007.png,prim_rotation,val,SLOT_04,good,118,332,214,428
validation/good/prim_rotation_rgb_0007_SLOT_05.png,raw/prim_rotation/rgb_0007.png,prim_rotation,val,SLOT_05,good,271,332,367,428
validation/good/prim_rotation_rgb_0007_SLOT_06.png,raw/prim_rotation/rgb_0007.png,prim_rotation,val,SLOT_06,good,426,332,522,428
validation/good/prim_rotation_rgb_0009_SLOT_01.png,raw/prim_rotation/rgb_0009.png,prim_rotation,val,SLOT_01,good,143,235,239,331
validation/good/prim_rotation_rgb_0009_SLOT_02.png,raw/prim_rotation/rgb_0009.png,prim_rotation,val,SLOT_02,good,271,235,367,331
validation/good/prim_rotation_rgb_0009_SLOT_03.png,raw/prim_rotation/rgb_0009.png,prim_rotation,val,SLOT_03,good,405,235,501,331
validation/good/prim_rotation_rgb_0009_SLOT_04.png,raw/prim_rotation/rgb_0009.png,prim_rotation,val,SLOT_04,good,118,332,214,428
validation/good/prim_rotation_rgb_0009_SLOT_05.png,raw/prim_rotation/rgb_0009.png,prim_rotation,val,SLOT_05,good,271,332,367,428
validation/good/prim_rotation_rgb_0009_SLOT_06.png,raw/prim_rotation/rgb_0009.png,prim_rotation,val,SLOT_06,good,426,332,522,428
validation/good/prim_rotation_rgb_0000_SLOT_01.png,raw/prim_rotation/rgb_0000.png,prim_rotation,val,SLOT_01,good,143,235,239,331
validation/good/prim_rotation_rgb_0000_SLOT_02.png,raw/prim_rotation/rgb_0000.png,prim_rotation,val,SLOT_02,good,271,235,367,331
validation/good/prim_rotation_rgb_0000_SLOT_03.png,raw/prim_rotation/rgb_0000.png,prim_rotation,val,SLOT_03,good,405,235,501,331
validation/good/prim_rotation_rgb_0000_SLOT_04.png,raw/prim_rotation/rgb_0000.png,prim_rotation,val,SLOT_04,good,118,332,214,428
validation/good/prim_rotation_rgb_0000_SLOT_05.png,raw/prim_rotation/rgb_0000.png,prim_rotation,val,SLOT_05,good,271,332,367,428
validation/good/prim_rotation_rgb_0000_SLOT_06.png,raw/prim_rotation/rgb_0000.png,prim_rotation,val,SLOT_06,good,426,332,522,428
validation/good/prim_rotation_rgb_0082_SLOT_01.png,raw/prim_rotation/rgb_0082.png,prim_rotation,val,SLOT_01,good,143,235,239,331
validation/good/prim_rotation_rgb_0082_SLOT_02.png,raw/prim_rotation/rgb_0082.png,prim_rotation,val,SLOT_02,good,271,235,367,331
validation/good/prim_rotation_rgb_0082_SLOT_03.png,raw/prim_rotation/rgb_0082.png,prim_rotation,val,SLOT_03,good,405,235,501,331
validation/good/prim_rotation_rgb_0082_SLOT_04.png,raw/prim_rotation/rgb_0082.png,prim_rotation,val,SLOT_04,good,118,332,214,428
validation/good/prim_rotation_rgb_0082_SLOT_05.png,raw/prim_rotation/rgb_0082.png,prim_rotation,val,SLOT_05,good,271,332,367,428
validation/good/prim_rotation_rgb_0082_SLOT_06.png,raw/prim_rotation/rgb_0082.png,prim_rotation,val,SLOT_06,good,426,332,522,428
validation/good/prim_rotation_rgb_0078_SLOT_01.png,raw/prim_rotation/rgb_0078.png,prim_rotation,val,SLOT_01,good,143,235,239,331
validation/good/prim_rotation_rgb_0078_SLOT_02.png,raw/prim_rotation/rgb_0078.png,prim_rotation,val,SLOT_02,good,271,235,367,331
validation/good/prim_rotation_rgb_0078_SLOT_03.png,raw/prim_rotation/rgb_0078.png,prim_rotation,val,SLOT_03,good,405,235,501,331
validation/good/prim_rotation_rgb_0078_SLOT_04.png,raw/prim_rotation/rgb_0078.png,prim_rotation,val,SLOT_04,good,118,332,214,428
validation/good/prim_rotation_rgb_0078_SLOT_05.png,raw/prim_rotation/rgb_0078.png,prim_rotation,val,SLOT_05,good,271,332,367,428
validation/good/prim_rotation_rgb_0078_SLOT_06.png,raw/prim_rotation/rgb_0078.png,prim_rotation,val,SLOT_06,good,426,332,522,428
validation/good/prim_rotation_rgb_0029_SLOT_01.png,raw/prim_rotation/rgb_0029.png,prim_rotation,val,SLOT_01,good,143,235,239,331
validation/good/prim_rotation_rgb_0029_SLOT_02.png,raw/prim_rotation/rgb_0029.png,prim_rotation,val,SLOT_02,good,271,235,367,331
validation/good/prim_rotation_rgb_0029_SLOT_03.png,raw/prim_rotation/rgb_0029.png,prim_rotation,val,SLOT_03,good,405,235,501,331
validation/good/prim_rotation_rgb_0029_SLOT_04.png,raw/prim_rotation/rgb_0029.png,prim_rotation,val,SLOT_04,good,118,332,214,428
validation/good/prim_rotation_rgb_0029_SLOT_05.png,raw/prim_rotation/rgb_0029.png,prim_rotation,val,SLOT_05,good,271,332,367,428
validation/good/prim_rotation_rgb_0029_SLOT_06.png,raw/prim_rotation/rgb_0029.png,prim_rotation,val,SLOT_06,good,426,332,522,428
validation/good/prim_rotation_rgb_0070_SLOT_01.png,raw/prim_rotation/rgb_0070.png,prim_rotation,val,SLOT_01,good,143,235,239,331
validation/good/prim_rotation_rgb_0070_SLOT_02.png,raw/prim_rotation/rgb_0070.png,prim_rotation,val,SLOT_02,good,271,235,367,331
validation/good/prim_rotation_rgb_0070_SLOT_03.png,raw/prim_rotation/rgb_0070.png,prim_rotation,val,SLOT_03,good,405,235,501,331
validation/good/prim_rotation_rgb_0070_SLOT_04.png,raw/prim_rotation/rgb_0070.png,prim_rotation,val,SLOT_04,good,118,332,214,428
validation/good/prim_rotation_rgb_0070_SLOT_05.png,raw/prim_rotation/rgb_0070.png,prim_rotation,val,SLOT_05,good,271,332,367,428
validation/good/prim_rotation_rgb_0070_SLOT_06.png,raw/prim_rotation/rgb_0070.png,prim_rotation,val,SLOT_06,good,426,332,522,428
validation/good/prim_rotation_rgb_0075_SLOT_01.png,raw/prim_rotation/rgb_0075.png,prim_rotation,val,SLOT_01,good,143,235,239,331
validation/good/prim_rotation_rgb_0075_SLOT_02.png,raw/prim_rotation/rgb_0075.png,prim_rotation,val,SLOT_02,good,271,235,367,331
validation/good/prim_rotation_rgb_0075_SLOT_03.png,raw/prim_rotation/rgb_0075.png,prim_rotation,val,SLOT_03,good,405,235,501,331
validation/good/prim_rotation_rgb_0075_SLOT_04.png,raw/prim_rotation/rgb_0075.png,prim_rotation,val,SLOT_04,good,118,332,214,428
validation/good/prim_rotation_rgb_0075_SLOT_05.png,raw/prim_rotation/rgb_0075.png,prim_rotation,val,SLOT_05,good,271,332,367,428
validation/good/prim_rotation_rgb_0075_SLOT_06.png,raw/prim_rotation/rgb_0075.png,prim_rotation,val,SLOT_06,good,426,332,522,428
validation/good/prim_rotation_rgb_0002_SLOT_01.png,raw/prim_rotation/rgb_0002.png,prim_rotation,val,SLOT_01,good,143,235,239,331
validation/good/prim_rotation_rgb_0002_SLOT_02.png,raw/prim_rotation/rgb_0002.png,prim_rotation,val,SLOT_02,good,271,235,367,331
validation/good/prim_rotation_rgb_0002_SLOT_03.png,raw/prim_rotation/rgb_0002.png,prim_rotation,val,SLOT_03,good,405,235,501,331
validation/good/prim_rotation_rgb_0002_SLOT_04.png,raw/prim_rotation/rgb_0002.png,prim_rotation,val,SLOT_04,good,118,332,214,428
validation/good/prim_rotation_rgb_0002_SLOT_05.png,raw/prim_rotation/rgb_0002.png,prim_rotation,val,SLOT_05,good,271,332,367,428
validation/good/prim_rotation_rgb_0002_SLOT_06.png,raw/prim_rotation/rgb_0002.png,prim_rotation,val,SLOT_06,good,426,332,522,428
validation/good/prim_rotation_rgb_0043_SLOT_01.png,raw/prim_rotation/rgb_0043.png,prim_rotation,val,SLOT_01,good,143,235,239,331
validation/good/prim_rotation_rgb_0043_SLOT_02.png,raw/prim_rotation/rgb_0043.png,prim_rotation,val,SLOT_02,good,271,235,367,331
validation/good/prim_rotation_rgb_0043_SLOT_03.png,raw/prim_rotation/rgb_0043.png,prim_rotation,val,SLOT_03,good,405,235,501,331
validation/good/prim_rotation_rgb_0043_SLOT_04.png,raw/prim_rotation/rgb_0043.png,prim_rotation,val,SLOT_04,good,118,332,214,428
validation/good/prim_rotation_rgb_0043_SLOT_05.png,raw/prim_rotation/rgb_0043.png,prim_rotation,val,SLOT_05,good,271,332,367,428
validation/good/prim_rotation_rgb_0043_SLOT_06.png,raw/prim_rotation/rgb_0043.png,prim_rotation,val,SLOT_06,good,426,332,522,428
validation/good/prim_rotation_rgb_0008_SLOT_01.png,raw/prim_rotation/rgb_0008.png,prim_rotation,val,SLOT_01,good,143,235,239,331
validation/good/prim_rotation_rgb_0008_SLOT_02.png,raw/prim_rotation/rgb_0008.png,prim_rotation,val,SLOT_02,good,271,235,367,331
validation/good/prim_rotation_rgb_0008_SLOT_03.png,raw/prim_rotation/rgb_0008.png,prim_rotation,val,SLOT_03,good,405,235,501,331
validation/good/prim_rotation_rgb_0008_SLOT_04.png,raw/prim_rotation/rgb_0008.png,prim_rotation,val,SLOT_04,good,118,332,214,428
validation/good/prim_rotation_rgb_0008_SLOT_05.png,raw/prim_rotation/rgb_0008.png,prim_rotation,val,SLOT_05,good,271,332,367,428
validation/good/prim_rotation_rgb_0008_SLOT_06.png,raw/prim_rotation/rgb_0008.png,prim_rotation,val,SLOT_06,good,426,332,522,428
validation/good/prim_rotation_rgb_0028_SLOT_01.png,raw/prim_rotation/rgb_0028.png,prim_rotation,val,SLOT_01,good,143,235,239,331
validation/good/prim_rotation_rgb_0028_SLOT_02.png,raw/prim_rotation/rgb_0028.png,prim_rotation,val,SLOT_02,good,271,235,367,331
validation/good/prim_rotation_rgb_0028_SLOT_03.png,raw/prim_rotation/rgb_0028.png,prim_rotation,val,SLOT_03,good,405,235,501,331
validation/good/prim_rotation_rgb_0028_SLOT_04.png,raw/prim_rotation/rgb_0028.png,prim_rotation,val,SLOT_04,good,118,332,214,428
validation/good/prim_rotation_rgb_0028_SLOT_05.png,raw/prim_rotation/rgb_0028.png,prim_rotation,val,SLOT_05,good,271,332,367,428
validation/good/prim_rotation_rgb_0028_SLOT_06.png,raw/prim_rotation/rgb_0028.png,prim_rotation,val,SLOT_06,good,426,332,522,428
validation/good/prim_rotation_rgb_0031_SLOT_01.png,raw/prim_rotation/rgb_0031.png,prim_rotation,val,SLOT_01,good,143,235,239,331
validation/good/prim_rotation_rgb_0031_SLOT_02.png,raw/prim_rotation/rgb_0031.png,prim_rotation,val,SLOT_02,good,271,235,367,331
validation/good/prim_rotation_rgb_0031_SLOT_03.png,raw/prim_rotation/rgb_0031.png,prim_rotation,val,SLOT_03,good,405,235,501,331
validation/good/prim_rotation_rgb_0031_SLOT_04.png,raw/prim_rotation/rgb_0031.png,prim_rotation,val,SLOT_04,good,118,332,214,428
validation/good/prim_rotation_rgb_0031_SLOT_05.png,raw/prim_rotation/rgb_0031.png,prim_rotation,val,SLOT_05,good,271,332,367,428
validation/good/prim_rotation_rgb_0031_SLOT_06.png,raw/prim_rotation/rgb_0031.png,prim_rotation,val,SLOT_06,good,426,332,522,428
validation/good/prim_rotation_rgb_0015_SLOT_01.png,raw/prim_rotation/rgb_0015.png,prim_rotation,val,SLOT_01,good,143,235,239,331
validation/good/prim_rotation_rgb_0015_SLOT_02.png,raw/prim_rotation/rgb_0015.png,prim_rotation,val,SLOT_02,good,271,235,367,331
validation/good/prim_rotation_rgb_0015_SLOT_03.png,raw/prim_rotation/rgb_0015.png,prim_rotation,val,SLOT_03,good,405,235,501,331
validation/good/prim_rotation_rgb_0015_SLOT_04.png,raw/prim_rotation/rgb_0015.png,prim_rotation,val,SLOT_04,good,118,332,214,428
validation/good/prim_rotation_rgb_0015_SLOT_05.png,raw/prim_rotation/rgb_0015.png,prim_rotation,val,SLOT_05,good,271,332,367,428
validation/good/prim_rotation_rgb_0015_SLOT_06.png,raw/prim_rotation/rgb_0015.png,prim_rotation,val,SLOT_06,good,426,332,522,428
mvtec/cabbage/test/good/prim_rotation_rgb_0057_SLOT_01.png,raw/prim_rotation/rgb_0057.png,prim_rotation,test,SLOT_01,good,143,235,239,331
mvtec/cabbage/test/good/prim_rotation_rgb_0057_SLOT_02.png,raw/prim_rotation/rgb_0057.png,prim_rotation,test,SLOT_02,good,271,235,367,331
mvtec/cabbage/test/good/prim_rotation_rgb_0057_SLOT_03.png,raw/prim_rotation/rgb_0057.png,prim_rotation,test,SLOT_03,good,405,235,501,331
mvtec/cabbage/test/good/prim_rotation_rgb_0057_SLOT_04.png,raw/prim_rotation/rgb_0057.png,prim_rotation,test,SLOT_04,good,118,332,214,428
mvtec/cabbage/test/good/prim_rotation_rgb_0057_SLOT_05.png,raw/prim_rotation/rgb_0057.png,prim_rotation,test,SLOT_05,good,271,332,367,428
mvtec/cabbage/test/good/prim_rotation_rgb_0057_SLOT_06.png,raw/prim_rotation/rgb_0057.png,prim_rotation,test,SLOT_06,good,426,332,522,428
mvtec/cabbage/test/good/prim_rotation_rgb_0066_SLOT_01.png,raw/prim_rotation/rgb_0066.png,prim_rotation,test,SLOT_01,good,143,235,239,331
mvtec/cabbage/test/good/prim_rotation_rgb_0066_SLOT_02.png,raw/prim_rotation/rgb_0066.png,prim_rotation,test,SLOT_02,good,271,235,367,331
mvtec/cabbage/test/good/prim_rotation_rgb_0066_SLOT_03.png,raw/prim_rotation/rgb_0066.png,prim_rotation,test,SLOT_03,good,405,235,501,331
mvtec/cabbage/test/good/prim_rotation_rgb_0066_SLOT_04.png,raw/prim_rotation/rgb_0066.png,prim_rotation,test,SLOT_04,good,118,332,214,428
mvtec/cabbage/test/good/prim_rotation_rgb_0066_SLOT_05.png,raw/prim_rotation/rgb_0066.png,prim_rotation,test,SLOT_05,good,271,332,367,428
mvtec/cabbage/test/good/prim_rotation_rgb_0066_SLOT_06.png,raw/prim_rotation/rgb_0066.png,prim_rotation,test,SLOT_06,good,426,332,522,428
mvtec/cabbage/test/good/prim_rotation_rgb_0056_SLOT_01.png,raw/prim_rotation/rgb_0056.png,prim_rotation,test,SLOT_01,good,143,235,239,331
mvtec/cabbage/test/good/prim_rotation_rgb_0056_SLOT_02.png,raw/prim_rotation/rgb_0056.png,prim_rotation,test,SLOT_02,good,271,235,367,331
mvtec/cabbage/test/good/prim_rotation_rgb_0056_SLOT_03.png,raw/prim_rotation/rgb_0056.png,prim_rotation,test,SLOT_03,good,405,235,501,331
mvtec/cabbage/test/good/prim_rotation_rgb_0056_SLOT_04.png,raw/prim_rotation/rgb_0056.png,prim_rotation,test,SLOT_04,good,118,332,214,428
mvtec/cabbage/test/good/prim_rotation_rgb_0056_SLOT_05.png,raw/prim_rotation/rgb_0056.png,prim_rotation,test,SLOT_05,good,271,332,367,428
mvtec/cabbage/test/good/prim_rotation_rgb_0056_SLOT_06.png,raw/prim_rotation/rgb_0056.png,prim_rotation,test,SLOT_06,good,426,332,522,428
mvtec/cabbage/test/good/prim_rotation_rgb_0047_SLOT_01.png,raw/prim_rotation/rgb_0047.png,prim_rotation,test,SLOT_01,good,143,235,239,331
mvtec/cabbage/test/good/prim_rotation_rgb_0047_SLOT_02.png,raw/prim_rotation/rgb_0047.png,prim_rotation,test,SLOT_02,good,271,235,367,331
mvtec/cabbage/test/good/prim_rotation_rgb_0047_SLOT_03.png,raw/prim_rotation/rgb_0047.png,prim_rotation,test,SLOT_03,good,405,235,501,331
mvtec/cabbage/test/good/prim_rotation_rgb_0047_SLOT_04.png,raw/prim_rotation/rgb_0047.png,prim_rotation,test,SLOT_04,good,118,332,214,428
mvtec/cabbage/test/good/prim_rotation_rgb_0047_SLOT_05.png,raw/prim_rotation/rgb_0047.png,prim_rotation,test,SLOT_05,good,271,332,367,428
mvtec/cabbage/test/good/prim_rotation_rgb_0047_SLOT_06.png,raw/prim_rotation/rgb_0047.png,prim_rotation,test,SLOT_06,good,426,332,522,428
mvtec/cabbage/test/good/prim_rotation_rgb_0083_SLOT_01.png,raw/prim_rotation/rgb_0083.png,prim_rotation,test,SLOT_01,good,143,235,239,331
mvtec/cabbage/test/good/prim_rotation_rgb_0083_SLOT_02.png,raw/prim_rotation/rgb_0083.png,prim_rotation,test,SLOT_02,good,271,235,367,331
mvtec/cabbage/test/good/prim_rotation_rgb_0083_SLOT_03.png,raw/prim_rotation/rgb_0083.png,prim_rotation,test,SLOT_03,good,405,235,501,331
mvtec/cabbage/test/good/prim_rotation_rgb_0083_SLOT_04.png,raw/prim_rotation/rgb_0083.png,prim_rotation,test,SLOT_04,good,118,332,214,428
mvtec/cabbage/test/good/prim_rotation_rgb_0083_SLOT_05.png,raw/prim_rotation/rgb_0083.png,prim_rotation,test,SLOT_05,good,271,332,367,428
mvtec/cabbage/test/good/prim_rotation_rgb_0083_SLOT_06.png,raw/prim_rotation/rgb_0083.png,prim_rotation,test,SLOT_06,good,426,332,522,428
mvtec/cabbage/test/good/prim_rotation_rgb_0085_SLOT_01.png,raw/prim_rotation/rgb_0085.png,prim_rotation,test,SLOT_01,good,143,235,239,331
mvtec/cabbage/test/good/prim_rotation_rgb_0085_SLOT_02.png,raw/prim_rotation/rgb_0085.png,prim_rotation,test,SLOT_02,good,271,235,367,331
mvtec/cabbage/test/good/prim_rotation_rgb_0085_SLOT_03.png,raw/prim_rotation/rgb_0085.png,prim_rotation,test,SLOT_03,good,405,235,501,331
mvtec/cabbage/test/good/prim_rotation_rgb_0085_SLOT_04.png,raw/prim_rotation/rgb_0085.png,prim_rotation,test,SLOT_04,good,118,332,214,428
mvtec/cabbage/test/good/prim_rotation_rgb_0085_SLOT_05.png,raw/prim_rotation/rgb_0085.png,prim_rotation,test,SLOT_05,good,271,332,367,428
mvtec/cabbage/test/good/prim_rotation_rgb_0085_SLOT_06.png,raw/prim_rotation/rgb_0085.png,prim_rotation,test,SLOT_06,good,426,332,522,428
mvtec/cabbage/test/good/prim_rotation_rgb_0051_SLOT_01.png,raw/prim_rotation/rgb_0051.png,prim_rotation,test,SLOT_01,good,143,235,239,331
mvtec/cabbage/test/good/prim_rotation_rgb_0051_SLOT_02.png,raw/prim_rotation/rgb_0051.png,prim_rotation,test,SLOT_02,good,271,235,367,331
mvtec/cabbage/test/good/prim_rotation_rgb_0051_SLOT_03.png,raw/prim_rotation/rgb_0051.png,prim_rotation,test,SLOT_03,good,405,235,501,331
mvtec/cabbage/test/good/prim_rotation_rgb_0051_SLOT_04.png,raw/prim_rotation/rgb_0051.png,prim_rotation,test,SLOT_04,good,118,332,214,428
mvtec/cabbage/test/good/prim_rotation_rgb_0051_SLOT_05.png,raw/prim_rotation/rgb_0051.png,prim_rotation,test,SLOT_05,good,271,332,367,428
mvtec/cabbage/test/good/prim_rotation_rgb_0051_SLOT_06.png,raw/prim_rotation/rgb_0051.png,prim_rotation,test,SLOT_06,good,426,332,522,428
mvtec/cabbage/test/good/prim_rotation_rgb_0039_SLOT_01.png,raw/prim_rotation/rgb_0039.png,prim_rotation,test,SLOT_01,good,143,235,239,331
mvtec/cabbage/test/good/prim_rotation_rgb_0039_SLOT_02.png,raw/prim_rotation/rgb_0039.png,prim_rotation,test,SLOT_02,good,271,235,367,331
mvtec/cabbage/test/good/prim_rotation_rgb_0039_SLOT_03.png,raw/prim_rotation/rgb_0039.png,prim_rotation,test,SLOT_03,good,405,235,501,331
mvtec/cabbage/test/good/prim_rotation_rgb_0039_SLOT_04.png,raw/prim_rotation/rgb_0039.png,prim_rotation,test,SLOT_04,good,118,332,214,428
mvtec/cabbage/test/good/prim_rotation_rgb_0039_SLOT_05.png,raw/prim_rotation/rgb_0039.png,prim_rotation,test,SLOT_05,good,271,332,367,428
mvtec/cabbage/test/good/prim_rotation_rgb_0039_SLOT_06.png,raw/prim_rotation/rgb_0039.png,prim_rotation,test,SLOT_06,good,426,332,522,428
mvtec/cabbage/test/good/prim_rotation_rgb_0091_SLOT_01.png,raw/prim_rotation/rgb_0091.png,prim_rotation,test,SLOT_01,good,143,235,239,331
mvtec/cabbage/test/good/prim_rotation_rgb_0091_SLOT_02.png,raw/prim_rotation/rgb_0091.png,prim_rotation,test,SLOT_02,good,271,235,367,331
mvtec/cabbage/test/good/prim_rotation_rgb_0091_SLOT_03.png,raw/prim_rotation/rgb_0091.png,prim_rotation,test,SLOT_03,good,405,235,501,331
mvtec/cabbage/test/good/prim_rotation_rgb_0091_SLOT_04.png,raw/prim_rotation/rgb_0091.png,prim_rotation,test,SLOT_04,good,118,332,214,428
mvtec/cabbage/test/good/prim_rotation_rgb_0091_SLOT_05.png,raw/prim_rotation/rgb_0091.png,prim_rotation,test,SLOT_05,good,271,332,367,428
mvtec/cabbage/test/good/prim_rotation_rgb_0091_SLOT_06.png,raw/prim_rotation/rgb_0091.png,prim_rotation,test,SLOT_06,good,426,332,522,428
mvtec/cabbage/test/good/prim_rotation_rgb_0025_SLOT_01.png,raw/prim_rotation/rgb_0025.png,prim_rotation,test,SLOT_01,good,143,235,239,331
mvtec/cabbage/test/good/prim_rotation_rgb_0025_SLOT_02.png,raw/prim_rotation/rgb_0025.png,prim_rotation,test,SLOT_02,good,271,235,367,331
mvtec/cabbage/test/good/prim_rotation_rgb_0025_SLOT_03.png,raw/prim_rotation/rgb_0025.png,prim_rotation,test,SLOT_03,good,405,235,501,331
mvtec/cabbage/test/good/prim_rotation_rgb_0025_SLOT_04.png,raw/prim_rotation/rgb_0025.png,prim_rotation,test,SLOT_04,good,118,332,214,428
mvtec/cabbage/test/good/prim_rotation_rgb_0025_SLOT_05.png,raw/prim_rotation/rgb_0025.png,prim_rotation,test,SLOT_05,good,271,332,367,428
mvtec/cabbage/test/good/prim_rotation_rgb_0025_SLOT_06.png,raw/prim_rotation/rgb_0025.png,prim_rotation,test,SLOT_06,good,426,332,522,428
mvtec/cabbage/test/good/prim_rotation_rgb_0088_SLOT_01.png,raw/prim_rotation/rgb_0088.png,prim_rotation,test,SLOT_01,good,143,235,239,331
mvtec/cabbage/test/good/prim_rotation_rgb_0088_SLOT_02.png,raw/prim_rotation/rgb_0088.png,prim_rotation,test,SLOT_02,good,271,235,367,331
mvtec/cabbage/test/good/prim_rotation_rgb_0088_SLOT_03.png,raw/prim_rotation/rgb_0088.png,prim_rotation,test,SLOT_03,good,405,235,501,331
mvtec/cabbage/test/good/prim_rotation_rgb_0088_SLOT_04.png,raw/prim_rotation/rgb_0088.png,prim_rotation,test,SLOT_04,good,118,332,214,428
mvtec/cabbage/test/good/prim_rotation_rgb_0088_SLOT_05.png,raw/prim_rotation/rgb_0088.png,prim_rotation,test,SLOT_05,good,271,332,367,428
mvtec/cabbage/test/good/prim_rotation_rgb_0088_SLOT_06.png,raw/prim_rotation/rgb_0088.png,prim_rotation,test,SLOT_06,good,426,332,522,428
mvtec/cabbage/test/good/prim_rotation_rgb_0093_SLOT_01.png,raw/prim_rotation/rgb_0093.png,prim_rotation,test,SLOT_01,good,143,235,239,331
mvtec/cabbage/test/good/prim_rotation_rgb_0093_SLOT_02.png,raw/prim_rotation/rgb_0093.png,prim_rotation,test,SLOT_02,good,271,235,367,331
mvtec/cabbage/test/good/prim_rotation_rgb_0093_SLOT_03.png,raw/prim_rotation/rgb_0093.png,prim_rotation,test,SLOT_03,good,405,235,501,331
mvtec/cabbage/test/good/prim_rotation_rgb_0093_SLOT_04.png,raw/prim_rotation/rgb_0093.png,prim_rotation,test,SLOT_04,good,118,332,214,428
mvtec/cabbage/test/good/prim_rotation_rgb_0093_SLOT_05.png,raw/prim_rotation/rgb_0093.png,prim_rotation,test,SLOT_05,good,271,332,367,428
mvtec/cabbage/test/good/prim_rotation_rgb_0093_SLOT_06.png,raw/prim_rotation/rgb_0093.png,prim_rotation,test,SLOT_06,good,426,332,522,428
mvtec/cabbage/test/good/prim_rotation_rgb_0096_SLOT_01.png,raw/prim_rotation/rgb_0096.png,prim_rotation,test,SLOT_01,good,143,235,239,331
mvtec/cabbage/test/good/prim_rotation_rgb_0096_SLOT_02.png,raw/prim_rotation/rgb_0096.png,prim_rotation,test,SLOT_02,good,271,235,367,331
mvtec/cabbage/test/good/prim_rotation_rgb_0096_SLOT_03.png,raw/prim_rotation/rgb_0096.png,prim_rotation,test,SLOT_03,good,405,235,501,331
mvtec/cabbage/test/good/prim_rotation_rgb_0096_SLOT_04.png,raw/prim_rotation/rgb_0096.png,prim_rotation,test,SLOT_04,good,118,332,214,428
mvtec/cabbage/test/good/prim_rotation_rgb_0096_SLOT_05.png,raw/prim_rotation/rgb_0096.png,prim_rotation,test,SLOT_05,good,271,332,367,428
mvtec/cabbage/test/good/prim_rotation_rgb_0096_SLOT_06.png,raw/prim_rotation/rgb_0096.png,prim_rotation,test,SLOT_06,good,426,332,522,428
mvtec/cabbage/test/good/prim_rotation_rgb_0069_SLOT_01.png,raw/prim_rotation/rgb_0069.png,prim_rotation,test,SLOT_01,good,143,235,239,331
mvtec/cabbage/test/good/prim_rotation_rgb_0069_SLOT_02.png,raw/prim_rotation/rgb_0069.png,prim_rotation,test,SLOT_02,good,271,235,367,331
mvtec/cabbage/test/good/prim_rotation_rgb_0069_SLOT_03.png,raw/prim_rotation/rgb_0069.png,prim_rotation,test,SLOT_03,good,405,235,501,331
mvtec/cabbage/test/good/prim_rotation_rgb_0069_SLOT_04.png,raw/prim_rotation/rgb_0069.png,prim_rotation,test,SLOT_04,good,118,332,214,428
mvtec/cabbage/test/good/prim_rotation_rgb_0069_SLOT_05.png,raw/prim_rotation/rgb_0069.png,prim_rotation,test,SLOT_05,good,271,332,367,428
mvtec/cabbage/test/good/prim_rotation_rgb_0069_SLOT_06.png,raw/prim_rotation/rgb_0069.png,prim_rotation,test,SLOT_06,good,426,332,522,428
mvtec/cabbage/test/good/prim_rotation_rgb_0027_SLOT_01.png,raw/prim_rotation/rgb_0027.png,prim_rotation,test,SLOT_01,good,143,235,239,331
mvtec/cabbage/test/good/prim_rotation_rgb_0027_SLOT_02.png,raw/prim_rotation/rgb_0027.png,prim_rotation,test,SLOT_02,good,271,235,367,331
mvtec/cabbage/test/good/prim_rotation_rgb_0027_SLOT_03.png,raw/prim_rotation/rgb_0027.png,prim_rotation,test,SLOT_03,good,405,235,501,331
mvtec/cabbage/test/good/prim_rotation_rgb_0027_SLOT_04.png,raw/prim_rotation/rgb_0027.png,prim_rotation,test,SLOT_04,good,118,332,214,428
mvtec/cabbage/test/good/prim_rotation_rgb_0027_SLOT_05.png,raw/prim_rotation/rgb_0027.png,prim_rotation,test,SLOT_05,good,271,332,367,428
mvtec/cabbage/test/good/prim_rotation_rgb_0027_SLOT_06.png,raw/prim_rotation/rgb_0027.png,prim_rotation,test,SLOT_06,good,426,332,522,428
validation/yellow/synthetic_defect_rgb_0023_SLOT_03.png,raw/synthetic_defect/rgb_0023.png,synthetic_defect,val,SLOT_03,yellow,405,235,501,331
validation/yellow/synthetic_defect_rgb_0023_SLOT_04.png,raw/synthetic_defect/rgb_0023.png,synthetic_defect,val,SLOT_04,yellow,118,332,214,428
validation/brown/synthetic_defect_rgb_0023_SLOT_05.png,raw/synthetic_defect/rgb_0023.png,synthetic_defect,val,SLOT_05,brown,271,332,367,428
validation/yellow/synthetic_defect_rgb_0010_SLOT_03.png,raw/synthetic_defect/rgb_0010.png,synthetic_defect,val,SLOT_03,yellow,405,235,501,331
validation/yellow/synthetic_defect_rgb_0010_SLOT_04.png,raw/synthetic_defect/rgb_0010.png,synthetic_defect,val,SLOT_04,yellow,118,332,214,428
validation/brown/synthetic_defect_rgb_0010_SLOT_05.png,raw/synthetic_defect/rgb_0010.png,synthetic_defect,val,SLOT_05,brown,271,332,367,428
validation/yellow/synthetic_defect_rgb_0008_SLOT_03.png,raw/synthetic_defect/rgb_0008.png,synthetic_defect,val,SLOT_03,yellow,405,235,501,331
validation/yellow/synthetic_defect_rgb_0008_SLOT_04.png,raw/synthetic_defect/rgb_0008.png,synthetic_defect,val,SLOT_04,yellow,118,332,214,428
validation/brown/synthetic_defect_rgb_0008_SLOT_05.png,raw/synthetic_defect/rgb_0008.png,synthetic_defect,val,SLOT_05,brown,271,332,367,428
validation/yellow/synthetic_defect_rgb_0030_SLOT_03.png,raw/synthetic_defect/rgb_0030.png,synthetic_defect,val,SLOT_03,yellow,405,235,501,331
validation/yellow/synthetic_defect_rgb_0030_SLOT_04.png,raw/synthetic_defect/rgb_0030.png,synthetic_defect,val,SLOT_04,yellow,118,332,214,428
validation/brown/synthetic_defect_rgb_0030_SLOT_05.png,raw/synthetic_defect/rgb_0030.png,synthetic_defect,val,SLOT_05,brown,271,332,367,428
validation/yellow/synthetic_defect_rgb_0017_SLOT_03.png,raw/synthetic_defect/rgb_0017.png,synthetic_defect,val,SLOT_03,yellow,405,235,501,331
validation/yellow/synthetic_defect_rgb_0017_SLOT_04.png,raw/synthetic_defect/rgb_0017.png,synthetic_defect,val,SLOT_04,yellow,118,332,214,428
validation/brown/synthetic_defect_rgb_0017_SLOT_05.png,raw/synthetic_defect/rgb_0017.png,synthetic_defect,val,SLOT_05,brown,271,332,367,428
validation/yellow/synthetic_defect_rgb_0004_SLOT_03.png,raw/synthetic_defect/rgb_0004.png,synthetic_defect,val,SLOT_03,yellow,405,235,501,331
validation/yellow/synthetic_defect_rgb_0004_SLOT_04.png,raw/synthetic_defect/rgb_0004.png,synthetic_defect,val,SLOT_04,yellow,118,332,214,428
validation/brown/synthetic_defect_rgb_0004_SLOT_05.png,raw/synthetic_defect/rgb_0004.png,synthetic_defect,val,SLOT_05,brown,271,332,367,428
validation/yellow/synthetic_defect_rgb_0021_SLOT_03.png,raw/synthetic_defect/rgb_0021.png,synthetic_defect,val,SLOT_03,yellow,405,235,501,331
validation/yellow/synthetic_defect_rgb_0021_SLOT_04.png,raw/synthetic_defect/rgb_0021.png,synthetic_defect,val,SLOT_04,yellow,118,332,214,428
validation/brown/synthetic_defect_rgb_0021_SLOT_05.png,raw/synthetic_defect/rgb_0021.png,synthetic_defect,val,SLOT_05,brown,271,332,367,428
validation/yellow/synthetic_defect_rgb_0006_SLOT_03.png,raw/synthetic_defect/rgb_0006.png,synthetic_defect,val,SLOT_03,yellow,405,235,501,331
validation/yellow/synthetic_defect_rgb_0006_SLOT_04.png,raw/synthetic_defect/rgb_0006.png,synthetic_defect,val,SLOT_04,yellow,118,332,214,428
validation/brown/synthetic_defect_rgb_0006_SLOT_05.png,raw/synthetic_defect/rgb_0006.png,synthetic_defect,val,SLOT_05,brown,271,332,367,428
validation/yellow/synthetic_defect_rgb_0049_SLOT_03.png,raw/synthetic_defect/rgb_0049.png,synthetic_defect,val,SLOT_03,yellow,405,235,501,331
validation/yellow/synthetic_defect_rgb_0049_SLOT_04.png,raw/synthetic_defect/rgb_0049.png,synthetic_defect,val,SLOT_04,yellow,118,332,214,428
validation/brown/synthetic_defect_rgb_0049_SLOT_05.png,raw/synthetic_defect/rgb_0049.png,synthetic_defect,val,SLOT_05,brown,271,332,367,428
validation/yellow/synthetic_defect_rgb_0000_SLOT_03.png,raw/synthetic_defect/rgb_0000.png,synthetic_defect,val,SLOT_03,yellow,405,235,501,331
validation/yellow/synthetic_defect_rgb_0000_SLOT_04.png,raw/synthetic_defect/rgb_0000.png,synthetic_defect,val,SLOT_04,yellow,118,332,214,428
validation/brown/synthetic_defect_rgb_0000_SLOT_05.png,raw/synthetic_defect/rgb_0000.png,synthetic_defect,val,SLOT_05,brown,271,332,367,428
validation/yellow/synthetic_defect_rgb_0011_SLOT_03.png,raw/synthetic_defect/rgb_0011.png,synthetic_defect,val,SLOT_03,yellow,405,235,501,331
validation/yellow/synthetic_defect_rgb_0011_SLOT_04.png,raw/synthetic_defect/rgb_0011.png,synthetic_defect,val,SLOT_04,yellow,118,332,214,428
validation/brown/synthetic_defect_rgb_0011_SLOT_05.png,raw/synthetic_defect/rgb_0011.png,synthetic_defect,val,SLOT_05,brown,271,332,367,428
validation/yellow/synthetic_defect_rgb_0037_SLOT_03.png,raw/synthetic_defect/rgb_0037.png,synthetic_defect,val,SLOT_03,yellow,405,235,501,331
validation/yellow/synthetic_defect_rgb_0037_SLOT_04.png,raw/synthetic_defect/rgb_0037.png,synthetic_defect,val,SLOT_04,yellow,118,332,214,428
validation/brown/synthetic_defect_rgb_0037_SLOT_05.png,raw/synthetic_defect/rgb_0037.png,synthetic_defect,val,SLOT_05,brown,271,332,367,428
validation/yellow/synthetic_defect_rgb_0047_SLOT_03.png,raw/synthetic_defect/rgb_0047.png,synthetic_defect,val,SLOT_03,yellow,405,235,501,331
validation/yellow/synthetic_defect_rgb_0047_SLOT_04.png,raw/synthetic_defect/rgb_0047.png,synthetic_defect,val,SLOT_04,yellow,118,332,214,428
validation/brown/synthetic_defect_rgb_0047_SLOT_05.png,raw/synthetic_defect/rgb_0047.png,synthetic_defect,val,SLOT_05,brown,271,332,367,428
validation/yellow/synthetic_defect_rgb_0040_SLOT_03.png,raw/synthetic_defect/rgb_0040.png,synthetic_defect,val,SLOT_03,yellow,405,235,501,331
validation/yellow/synthetic_defect_rgb_0040_SLOT_04.png,raw/synthetic_defect/rgb_0040.png,synthetic_defect,val,SLOT_04,yellow,118,332,214,428
validation/brown/synthetic_defect_rgb_0040_SLOT_05.png,raw/synthetic_defect/rgb_0040.png,synthetic_defect,val,SLOT_05,brown,271,332,367,428
validation/yellow/synthetic_defect_rgb_0014_SLOT_03.png,raw/synthetic_defect/rgb_0014.png,synthetic_defect,val,SLOT_03,yellow,405,235,501,331
validation/yellow/synthetic_defect_rgb_0014_SLOT_04.png,raw/synthetic_defect/rgb_0014.png,synthetic_defect,val,SLOT_04,yellow,118,332,214,428
validation/brown/synthetic_defect_rgb_0014_SLOT_05.png,raw/synthetic_defect/rgb_0014.png,synthetic_defect,val,SLOT_05,brown,271,332,367,428
validation/yellow/synthetic_defect_rgb_0041_SLOT_03.png,raw/synthetic_defect/rgb_0041.png,synthetic_defect,val,SLOT_03,yellow,405,235,501,331
validation/yellow/synthetic_defect_rgb_0041_SLOT_04.png,raw/synthetic_defect/rgb_0041.png,synthetic_defect,val,SLOT_04,yellow,118,332,214,428
validation/brown/synthetic_defect_rgb_0041_SLOT_05.png,raw/synthetic_defect/rgb_0041.png,synthetic_defect,val,SLOT_05,brown,271,332,367,428
validation/yellow/synthetic_defect_rgb_0039_SLOT_03.png,raw/synthetic_defect/rgb_0039.png,synthetic_defect,val,SLOT_03,yellow,405,235,501,331
validation/yellow/synthetic_defect_rgb_0039_SLOT_04.png,raw/synthetic_defect/rgb_0039.png,synthetic_defect,val,SLOT_04,yellow,118,332,214,428
validation/brown/synthetic_defect_rgb_0039_SLOT_05.png,raw/synthetic_defect/rgb_0039.png,synthetic_defect,val,SLOT_05,brown,271,332,367,428
validation/yellow/synthetic_defect_rgb_0007_SLOT_03.png,raw/synthetic_defect/rgb_0007.png,synthetic_defect,val,SLOT_03,yellow,405,235,501,331
validation/yellow/synthetic_defect_rgb_0007_SLOT_04.png,raw/synthetic_defect/rgb_0007.png,synthetic_defect,val,SLOT_04,yellow,118,332,214,428
validation/brown/synthetic_defect_rgb_0007_SLOT_05.png,raw/synthetic_defect/rgb_0007.png,synthetic_defect,val,SLOT_05,brown,271,332,367,428
validation/yellow/synthetic_defect_rgb_0033_SLOT_03.png,raw/synthetic_defect/rgb_0033.png,synthetic_defect,val,SLOT_03,yellow,405,235,501,331
validation/yellow/synthetic_defect_rgb_0033_SLOT_04.png,raw/synthetic_defect/rgb_0033.png,synthetic_defect,val,SLOT_04,yellow,118,332,214,428
validation/brown/synthetic_defect_rgb_0033_SLOT_05.png,raw/synthetic_defect/rgb_0033.png,synthetic_defect,val,SLOT_05,brown,271,332,367,428
validation/yellow/synthetic_defect_rgb_0019_SLOT_03.png,raw/synthetic_defect/rgb_0019.png,synthetic_defect,val,SLOT_03,yellow,405,235,501,331
validation/yellow/synthetic_defect_rgb_0019_SLOT_04.png,raw/synthetic_defect/rgb_0019.png,synthetic_defect,val,SLOT_04,yellow,118,332,214,428
validation/brown/synthetic_defect_rgb_0019_SLOT_05.png,raw/synthetic_defect/rgb_0019.png,synthetic_defect,val,SLOT_05,brown,271,332,367,428
validation/yellow/synthetic_defect_rgb_0022_SLOT_03.png,raw/synthetic_defect/rgb_0022.png,synthetic_defect,val,SLOT_03,yellow,405,235,501,331
validation/yellow/synthetic_defect_rgb_0022_SLOT_04.png,raw/synthetic_defect/rgb_0022.png,synthetic_defect,val,SLOT_04,yellow,118,332,214,428
validation/brown/synthetic_defect_rgb_0022_SLOT_05.png,raw/synthetic_defect/rgb_0022.png,synthetic_defect,val,SLOT_05,brown,271,332,367,428
validation/yellow/synthetic_defect_rgb_0025_SLOT_03.png,raw/synthetic_defect/rgb_0025.png,synthetic_defect,val,SLOT_03,yellow,405,235,501,331
validation/yellow/synthetic_defect_rgb_0025_SLOT_04.png,raw/synthetic_defect/rgb_0025.png,synthetic_defect,val,SLOT_04,yellow,118,332,214,428
validation/brown/synthetic_defect_rgb_0025_SLOT_05.png,raw/synthetic_defect/rgb_0025.png,synthetic_defect,val,SLOT_05,brown,271,332,367,428
validation/yellow/synthetic_defect_rgb_0002_SLOT_03.png,raw/synthetic_defect/rgb_0002.png,synthetic_defect,val,SLOT_03,yellow,405,235,501,331
validation/yellow/synthetic_defect_rgb_0002_SLOT_04.png,raw/synthetic_defect/rgb_0002.png,synthetic_defect,val,SLOT_04,yellow,118,332,214,428
validation/brown/synthetic_defect_rgb_0002_SLOT_05.png,raw/synthetic_defect/rgb_0002.png,synthetic_defect,val,SLOT_05,brown,271,332,367,428
validation/yellow/synthetic_defect_rgb_0026_SLOT_03.png,raw/synthetic_defect/rgb_0026.png,synthetic_defect,val,SLOT_03,yellow,405,235,501,331
validation/yellow/synthetic_defect_rgb_0026_SLOT_04.png,raw/synthetic_defect/rgb_0026.png,synthetic_defect,val,SLOT_04,yellow,118,332,214,428
validation/brown/synthetic_defect_rgb_0026_SLOT_05.png,raw/synthetic_defect/rgb_0026.png,synthetic_defect,val,SLOT_05,brown,271,332,367,428
validation/yellow/synthetic_defect_rgb_0001_SLOT_03.png,raw/synthetic_defect/rgb_0001.png,synthetic_defect,val,SLOT_03,yellow,405,235,501,331
validation/yellow/synthetic_defect_rgb_0001_SLOT_04.png,raw/synthetic_defect/rgb_0001.png,synthetic_defect,val,SLOT_04,yellow,118,332,214,428
validation/brown/synthetic_defect_rgb_0001_SLOT_05.png,raw/synthetic_defect/rgb_0001.png,synthetic_defect,val,SLOT_05,brown,271,332,367,428
mvtec/cabbage/test/yellow/synthetic_defect_rgb_0005_SLOT_03.png,raw/synthetic_defect/rgb_0005.png,synthetic_defect,test,SLOT_03,yellow,405,235,501,331
mvtec/cabbage/test/yellow/synthetic_defect_rgb_0005_SLOT_04.png,raw/synthetic_defect/rgb_0005.png,synthetic_defect,test,SLOT_04,yellow,118,332,214,428
mvtec/cabbage/test/brown/synthetic_defect_rgb_0005_SLOT_05.png,raw/synthetic_defect/rgb_0005.png,synthetic_defect,test,SLOT_05,brown,271,332,367,428
mvtec/cabbage/test/yellow/synthetic_defect_rgb_0028_SLOT_03.png,raw/synthetic_defect/rgb_0028.png,synthetic_defect,test,SLOT_03,yellow,405,235,501,331
mvtec/cabbage/test/yellow/synthetic_defect_rgb_0028_SLOT_04.png,raw/synthetic_defect/rgb_0028.png,synthetic_defect,test,SLOT_04,yellow,118,332,214,428
mvtec/cabbage/test/brown/synthetic_defect_rgb_0028_SLOT_05.png,raw/synthetic_defect/rgb_0028.png,synthetic_defect,test,SLOT_05,brown,271,332,367,428
mvtec/cabbage/test/yellow/synthetic_defect_rgb_0045_SLOT_03.png,raw/synthetic_defect/rgb_0045.png,synthetic_defect,test,SLOT_03,yellow,405,235,501,331
mvtec/cabbage/test/yellow/synthetic_defect_rgb_0045_SLOT_04.png,raw/synthetic_defect/rgb_0045.png,synthetic_defect,test,SLOT_04,yellow,118,332,214,428
mvtec/cabbage/test/brown/synthetic_defect_rgb_0045_SLOT_05.png,raw/synthetic_defect/rgb_0045.png,synthetic_defect,test,SLOT_05,brown,271,332,367,428
mvtec/cabbage/test/yellow/synthetic_defect_rgb_0048_SLOT_03.png,raw/synthetic_defect/rgb_0048.png,synthetic_defect,test,SLOT_03,yellow,405,235,501,331
mvtec/cabbage/test/yellow/synthetic_defect_rgb_0048_SLOT_04.png,raw/synthetic_defect/rgb_0048.png,synthetic_defect,test,SLOT_04,yellow,118,332,214,428
mvtec/cabbage/test/brown/synthetic_defect_rgb_0048_SLOT_05.png,raw/synthetic_defect/rgb_0048.png,synthetic_defect,test,SLOT_05,brown,271,332,367,428
mvtec/cabbage/test/yellow/synthetic_defect_rgb_0015_SLOT_03.png,raw/synthetic_defect/rgb_0015.png,synthetic_defect,test,SLOT_03,yellow,405,235,501,331
mvtec/cabbage/test/yellow/synthetic_defect_rgb_0015_SLOT_04.png,raw/synthetic_defect/rgb_0015.png,synthetic_defect,test,SLOT_04,yellow,118,332,214,428
mvtec/cabbage/test/brown/synthetic_defect_rgb_0015_SLOT_05.png,raw/synthetic_defect/rgb_0015.png,synthetic_defect,test,SLOT_05,brown,271,332,367,428
mvtec/cabbage/test/yellow/synthetic_defect_rgb_0038_SLOT_03.png,raw/synthetic_defect/rgb_0038.png,synthetic_defect,test,SLOT_03,yellow,405,235,501,331
mvtec/cabbage/test/yellow/synthetic_defect_rgb_0038_SLOT_04.png,raw/synthetic_defect/rgb_0038.png,synthetic_defect,test,SLOT_04,yellow,118,332,214,428
mvtec/cabbage/test/brown/synthetic_defect_rgb_0038_SLOT_05.png,raw/synthetic_defect/rgb_0038.png,synthetic_defect,test,SLOT_05,brown,271,332,367,428
mvtec/cabbage/test/yellow/synthetic_defect_rgb_0032_SLOT_03.png,raw/synthetic_defect/rgb_0032.png,synthetic_defect,test,SLOT_03,yellow,405,235,501,331
mvtec/cabbage/test/yellow/synthetic_defect_rgb_0032_SLOT_04.png,raw/synthetic_defect/rgb_0032.png,synthetic_defect,test,SLOT_04,yellow,118,332,214,428
mvtec/cabbage/test/brown/synthetic_defect_rgb_0032_SLOT_05.png,raw/synthetic_defect/rgb_0032.png,synthetic_defect,test,SLOT_05,brown,271,332,367,428
mvtec/cabbage/test/yellow/synthetic_defect_rgb_0043_SLOT_03.png,raw/synthetic_defect/rgb_0043.png,synthetic_defect,test,SLOT_03,yellow,405,235,501,331
mvtec/cabbage/test/yellow/synthetic_defect_rgb_0043_SLOT_04.png,raw/synthetic_defect/rgb_0043.png,synthetic_defect,test,SLOT_04,yellow,118,332,214,428
mvtec/cabbage/test/brown/synthetic_defect_rgb_0043_SLOT_05.png,raw/synthetic_defect/rgb_0043.png,synthetic_defect,test,SLOT_05,brown,271,332,367,428
mvtec/cabbage/test/yellow/synthetic_defect_rgb_0020_SLOT_03.png,raw/synthetic_defect/rgb_0020.png,synthetic_defect,test,SLOT_03,yellow,405,235,501,331
mvtec/cabbage/test/yellow/synthetic_defect_rgb_0020_SLOT_04.png,raw/synthetic_defect/rgb_0020.png,synthetic_defect,test,SLOT_04,yellow,118,332,214,428
mvtec/cabbage/test/brown/synthetic_defect_rgb_0020_SLOT_05.png,raw/synthetic_defect/rgb_0020.png,synthetic_defect,test,SLOT_05,brown,271,332,367,428
mvtec/cabbage/test/yellow/synthetic_defect_rgb_0036_SLOT_03.png,raw/synthetic_defect/rgb_0036.png,synthetic_defect,test,SLOT_03,yellow,405,235,501,331
mvtec/cabbage/test/yellow/synthetic_defect_rgb_0036_SLOT_04.png,raw/synthetic_defect/rgb_0036.png,synthetic_defect,test,SLOT_04,yellow,118,332,214,428
mvtec/cabbage/test/brown/synthetic_defect_rgb_0036_SLOT_05.png,raw/synthetic_defect/rgb_0036.png,synthetic_defect,test,SLOT_05,brown,271,332,367,428
mvtec/cabbage/test/yellow/synthetic_defect_rgb_0034_SLOT_03.png,raw/synthetic_defect/rgb_0034.png,synthetic_defect,test,SLOT_03,yellow,405,235,501,331
mvtec/cabbage/test/yellow/synthetic_defect_rgb_0034_SLOT_04.png,raw/synthetic_defect/rgb_0034.png,synthetic_defect,test,SLOT_04,yellow,118,332,214,428
mvtec/cabbage/test/brown/synthetic_defect_rgb_0034_SLOT_05.png,raw/synthetic_defect/rgb_0034.png,synthetic_defect,test,SLOT_05,brown,271,332,367,428
mvtec/cabbage/test/yellow/synthetic_defect_rgb_0003_SLOT_03.png,raw/synthetic_defect/rgb_0003.png,synthetic_defect,test,SLOT_03,yellow,405,235,501,331
mvtec/cabbage/test/yellow/synthetic_defect_rgb_0003_SLOT_04.png,raw/synthetic_defect/rgb_0003.png,synthetic_defect,test,SLOT_04,yellow,118,332,214,428
mvtec/cabbage/test/brown/synthetic_defect_rgb_0003_SLOT_05.png,raw/synthetic_defect/rgb_0003.png,synthetic_defect,test,SLOT_05,brown,271,332,367,428
mvtec/cabbage/test/yellow/synthetic_defect_rgb_0013_SLOT_03.png,raw/synthetic_defect/rgb_0013.png,synthetic_defect,test,SLOT_03,yellow,405,235,501,331
mvtec/cabbage/test/yellow/synthetic_defect_rgb_0013_SLOT_04.png,raw/synthetic_defect/rgb_0013.png,synthetic_defect,test,SLOT_04,yellow,118,332,214,428
mvtec/cabbage/test/brown/synthetic_defect_rgb_0013_SLOT_05.png,raw/synthetic_defect/rgb_0013.png,synthetic_defect,test,SLOT_05,brown,271,332,367,428
mvtec/cabbage/test/yellow/synthetic_defect_rgb_0046_SLOT_03.png,raw/synthetic_defect/rgb_0046.png,synthetic_defect,test,SLOT_03,yellow,405,235,501,331
mvtec/cabbage/test/yellow/synthetic_defect_rgb_0046_SLOT_04.png,raw/synthetic_defect/rgb_0046.png,synthetic_defect,test,SLOT_04,yellow,118,332,214,428
mvtec/cabbage/test/brown/synthetic_defect_rgb_0046_SLOT_05.png,raw/synthetic_defect/rgb_0046.png,synthetic_defect,test,SLOT_05,brown,271,332,367,428
mvtec/cabbage/test/yellow/synthetic_defect_rgb_0012_SLOT_03.png,raw/synthetic_defect/rgb_0012.png,synthetic_defect,test,SLOT_03,yellow,405,235,501,331
mvtec/cabbage/test/yellow/synthetic_defect_rgb_0012_SLOT_04.png,raw/synthetic_defect/rgb_0012.png,synthetic_defect,test,SLOT_04,yellow,118,332,214,428
mvtec/cabbage/test/brown/synthetic_defect_rgb_0012_SLOT_05.png,raw/synthetic_defect/rgb_0012.png,synthetic_defect,test,SLOT_05,brown,271,332,367,428
mvtec/cabbage/test/yellow/synthetic_defect_rgb_0009_SLOT_03.png,raw/synthetic_defect/rgb_0009.png,synthetic_defect,test,SLOT_03,yellow,405,235,501,331
mvtec/cabbage/test/yellow/synthetic_defect_rgb_0009_SLOT_04.png,raw/synthetic_defect/rgb_0009.png,synthetic_defect,test,SLOT_04,yellow,118,332,214,428
mvtec/cabbage/test/brown/synthetic_defect_rgb_0009_SLOT_05.png,raw/synthetic_defect/rgb_0009.png,synthetic_defect,test,SLOT_05,brown,271,332,367,428
mvtec/cabbage/test/yellow/synthetic_defect_rgb_0031_SLOT_03.png,raw/synthetic_defect/rgb_0031.png,synthetic_defect,test,SLOT_03,yellow,405,235,501,331
mvtec/cabbage/test/yellow/synthetic_defect_rgb_0031_SLOT_04.png,raw/synthetic_defect/rgb_0031.png,synthetic_defect,test,SLOT_04,yellow,118,332,214,428
mvtec/cabbage/test/brown/synthetic_defect_rgb_0031_SLOT_05.png,raw/synthetic_defect/rgb_0031.png,synthetic_defect,test,SLOT_05,brown,271,332,367,428
mvtec/cabbage/test/yellow/synthetic_defect_rgb_0042_SLOT_03.png,raw/synthetic_defect/rgb_0042.png,synthetic_defect,test,SLOT_03,yellow,405,235,501,331
mvtec/cabbage/test/yellow/synthetic_defect_rgb_0042_SLOT_04.png,raw/synthetic_defect/rgb_0042.png,synthetic_defect,test,SLOT_04,yellow,118,332,214,428
mvtec/cabbage/test/brown/synthetic_defect_rgb_0042_SLOT_05.png,raw/synthetic_defect/rgb_0042.png,synthetic_defect,test,SLOT_05,brown,271,332,367,428
mvtec/cabbage/test/yellow/synthetic_defect_rgb_0035_SLOT_03.png,raw/synthetic_defect/rgb_0035.png,synthetic_defect,test,SLOT_03,yellow,405,235,501,331
mvtec/cabbage/test/yellow/synthetic_defect_rgb_0035_SLOT_04.png,raw/synthetic_defect/rgb_0035.png,synthetic_defect,test,SLOT_04,yellow,118,332,214,428
mvtec/cabbage/test/brown/synthetic_defect_rgb_0035_SLOT_05.png,raw/synthetic_defect/rgb_0035.png,synthetic_defect,test,SLOT_05,brown,271,332,367,428
mvtec/cabbage/test/yellow/synthetic_defect_rgb_0044_SLOT_03.png,raw/synthetic_defect/rgb_0044.png,synthetic_defect,test,SLOT_03,yellow,405,235,501,331
mvtec/cabbage/test/yellow/synthetic_defect_rgb_0044_SLOT_04.png,raw/synthetic_defect/rgb_0044.png,synthetic_defect,test,SLOT_04,yellow,118,332,214,428
mvtec/cabbage/test/brown/synthetic_defect_rgb_0044_SLOT_05.png,raw/synthetic_defect/rgb_0044.png,synthetic_defect,test,SLOT_05,brown,271,332,367,428
mvtec/cabbage/test/yellow/synthetic_defect_rgb_0027_SLOT_03.png,raw/synthetic_defect/rgb_0027.png,synthetic_defect,test,SLOT_03,yellow,405,235,501,331
mvtec/cabbage/test/yellow/synthetic_defect_rgb_0027_SLOT_04.png,raw/synthetic_defect/rgb_0027.png,synthetic_defect,test,SLOT_04,yellow,118,332,214,428
mvtec/cabbage/test/brown/synthetic_defect_rgb_0027_SLOT_05.png,raw/synthetic_defect/rgb_0027.png,synthetic_defect,test,SLOT_05,brown,271,332,367,428
mvtec/cabbage/test/yellow/synthetic_defect_rgb_0018_SLOT_03.png,raw/synthetic_defect/rgb_0018.png,synthetic_defect,test,SLOT_03,yellow,405,235,501,331
mvtec/cabbage/test/yellow/synthetic_defect_rgb_0018_SLOT_04.png,raw/synthetic_defect/rgb_0018.png,synthetic_defect,test,SLOT_04,yellow,118,332,214,428
mvtec/cabbage/test/brown/synthetic_defect_rgb_0018_SLOT_05.png,raw/synthetic_defect/rgb_0018.png,synthetic_defect,test,SLOT_05,brown,271,332,367,428
mvtec/cabbage/test/yellow/synthetic_defect_rgb_0029_SLOT_03.png,raw/synthetic_defect/rgb_0029.png,synthetic_defect,test,SLOT_03,yellow,405,235,501,331
mvtec/cabbage/test/yellow/synthetic_defect_rgb_0029_SLOT_04.png,raw/synthetic_defect/rgb_0029.png,synthetic_defect,test,SLOT_04,yellow,118,332,214,428
mvtec/cabbage/test/brown/synthetic_defect_rgb_0029_SLOT_05.png,raw/synthetic_defect/rgb_0029.png,synthetic_defect,test,SLOT_05,brown,271,332,367,428
mvtec/cabbage/test/yellow/synthetic_defect_rgb_0016_SLOT_03.png,raw/synthetic_defect/rgb_0016.png,synthetic_defect,test,SLOT_03,yellow,405,235,501,331
mvtec/cabbage/test/yellow/synthetic_defect_rgb_0016_SLOT_04.png,raw/synthetic_defect/rgb_0016.png,synthetic_defect,test,SLOT_04,yellow,118,332,214,428
mvtec/cabbage/test/brown/synthetic_defect_rgb_0016_SLOT_05.png,raw/synthetic_defect/rgb_0016.png,synthetic_defect,test,SLOT_05,brown,271,332,367,428
mvtec/cabbage/test/yellow/synthetic_defect_rgb_0024_SLOT_03.png,raw/synthetic_defect/rgb_0024.png,synthetic_defect,test,SLOT_03,yellow,405,235,501,331
mvtec/cabbage/test/yellow/synthetic_defect_rgb_0024_SLOT_04.png,raw/synthetic_defect/rgb_0024.png,synthetic_defect,test,SLOT_04,yellow,118,332,214,428
mvtec/cabbage/test/brown/synthetic_defect_rgb_0024_SLOT_05.png,raw/synthetic_defect/rgb_0024.png,synthetic_defect,test,SLOT_05,brown,271,332,367,428
